System Tag,Date,Portfolio Value,Cash In/Out,NAV,Prev NAV,PnL,Daily P/L %,Exposure Value,Prev Portfolio Value,Prev Exposure Value,Prev Pnl,Drawdown %
NPSAR1,2026-01-16,1253993.07,1252316.07,100.03,100.00,1677.00,0.03,5009264.29,0.00,0.00,0.00,0.00
NPSAR10,2026-01-16,2787768.13,2817711.14,99.73,100.00,-29943.01,-0.27,11270844.56,0.00,0.00,0.00,-0.27
NPSAR11,2026-01-16,2828944.32,2817711.14,100.10,100.00,11233.18,0.10,11270844.56,0.00,0.00,0.00,0.00
NPSAR12,2026-01-16,2869661.25,2817711.14,100.46,100.00,51950.11,0.46,11270844.56,0.00,0.00,0.00,0.00
NPSAR13,2026-01-16,2863232.08,2817711.14,100.40,100.00,45520.94,0.40,11270844.56,0.00,0.00,0.00,0.00
NPSAR2,2026-01-16,1253993.07,1252316.07,100.03,100.00,1677.00,0.03,5009264.29,0.00,0.00,0.00,0.00
NPSAR3,2026-01-16,1253993.07,1252316.07,100.03,100.00,1677.00,0.03,5009264.29,0.00,0.00,0.00,0.00
NPSAR4,2026-01-16,1177372.42,1252316.07,98.50,100.00,-74943.65,-1.50,5009264.29,0.00,0.00,0.00,-1.50
NPSAR5,2026-01-16,1183652.97,1252316.07,98.63,100.00,-68663.10,-1.37,5009264.29,0.00,0.00,0.00,-1.37
NPSAR6,2026-01-16,1232791.59,1252316.07,99.61,100.00,-19524.48,-0.39,5009264.29,0.00,0.00,0.00,-0.39
NPSAR7,2026-01-16,1267506.57,1252316.07,100.30,100.00,15190.50,0.30,5009264.29,0.00,0.00,0.00,0.00
NPSAR8,2026-01-16,1169188.54,1252316.07,98.34,100.00,-83127.53,-1.66,5009264.29,0.00,0.00,0.00,-1.66
NPSAR9,2026-01-16,1172791.61,1252316.07,98.41,100.00,-79524.46,-1.59,5009264.29,0.00,0.00,0.00,-1.59
SPSAR1,2026-01-16,1242464.07,1252316.07,99.80,100.00,-9852.00,-0.20,5009264.29,0.00,0.00,0.00,-0.20
SPSAR10,2026-01-16,2808676.43,2817711.14,99.92,100.00,-9034.71,-0.08,11270844.56,0.00,0.00,0.00,-0.08
SPSAR11,2026-01-16,2822202.20,2817711.14,100.04,100.00,4491.06,0.04,11270844.56,0.00,0.00,0.00,0.00
SPSAR12,2026-01-16,2837825.45,2817711.14,100.18,100.00,20114.31,0.18,11270844.56,0.00,0.00,0.00,0.00
SPSAR13,2026-01-16,2859934.87,2817711.14,100.37,100.00,42223.73,0.37,11270844.56,0.00,0.00,0.00,0.00
SPSAR2,2026-01-16,1242464.07,1252316.07,99.80,100.00,-9852.00,-0.20,5009264.29,0.00,0.00,0.00,-0.20
SPSAR3,2026-01-16,1242464.07,1252316.07,99.80,100.00,-9852.00,-0.20,5009264.29,0.00,0.00,0.00,-0.20
SPSAR4,2026-01-16,1178396.30,1252316.07,98.52,100.00,-73919.77,-1.48,5009264.29,0.00,0.00,0.00,-1.48
SPSAR5,2026-01-16,1183372.22,1252316.07,98.62,100.00,-68943.85,-1.38,5009264.29,0.00,0.00,0.00,-1.38
SPSAR6,2026-01-16,1242270.96,1252316.07,99.80,100.00,-10045.11,-0.20,5009264.29,0.00,0.00,0.00,-0.20
SPSAR7,2026-01-16,1171510.15,1252316.07,98.39,100.00,-80805.92,-1.61,5009264.29,0.00,0.00,0.00,-1.61
SPSAR8,2026-01-16,1170355.60,1252316.07,98.36,100.00,-81960.47,-1.64,5009264.29,0.00,0.00,0.00,-1.64
SPSAR9,2026-01-16,1183372.22,1252316.07,98.62,100.00,-68943.85,-1.38,5009264.29,0.00,0.00,0.00,-1.38
NLONG1,2026-01-16,-31427.14,0.00,99.16,100.00,-31427.14,-0.84,3756948.19,0.00,0.00,0.00,-0.84
NLONG10,2026-01-16,0.00,0.00,100.00,100.00,0.00,0.00,3756948.19,0.00,0.00,0.00,0.00
NLONG11,2026-01-16,-25427.66,0.00,99.32,100.00,-25427.66,-0.68,3756948.19,0.00,0.00,0.00,-0.68
NLONG12,2026-01-16,0.00,0.00,100.00,100.00,0.00,0.00,3756948.19,0.00,0.00,0.00,0.00
NLONG13,2026-01-16,4748.41,0.00,100.13,100.00,4748.41,0.13,3756948.19,0.00,0.00,0.00,0.00
NLONG14,2026-01-16,4748.41,0.00,100.13,100.00,4748.41,0.13,3756948.19,0.00,0.00,0.00,0.00
NLONG15,2026-01-16,4748.41,0.00,100.13,100.00,4748.41,0.13,3756948.19,0.00,0.00,0.00,0.00
NLONG16,2026-01-16,4748.41,0.00,100.13,100.00,4748.41,0.13,3756948.19,0.00,0.00,0.00,0.00
NLONG17,2026-01-16,4748.41,0.00,100.13,100.00,4748.41,0.13,3756948.19,0.00,0.00,0.00,0.00
NLONG18,2026-01-16,4748.41,0.00,100.13,100.00,4748.41,0.13,3756948.19,0.00,0.00,0.00,0.00
NLONG19,2026-01-16,1229.73,0.00,100.03,100.00,1229.73,0.03,3756948.19,0.00,0.00,0.00,0.00
NLONG2,2026-01-16,-23996.99,0.00,99.36,100.00,-23996.99,-0.64,3756948.19,0.00,0.00,0.00,-0.64
NLONG20,2026-01-16,1229.73,0.00,100.03,100.00,1229.73,0.03,3756948.19,0.00,0.00,0.00,0.00
NLONG21,2026-01-16,-254.71,0.00,99.99,100.00,-254.71,-0.01,3756948.19,0.00,0.00,0.00,-0.01
NLONG22,2026-01-16,-254.71,0.00,99.99,100.00,-254.71,-0.01,3756948.19,0.00,0.00,0.00,-0.01
NLONG23,2026-01-16,817.39,0.00,100.02,100.00,817.39,0.02,3756948.19,0.00,0.00,0.00,0.00
NLONG24,2026-01-16,817.39,0.00,100.02,100.00,817.39,0.02,3756948.19,0.00,0.00,0.00,0.00
NLONG3,2026-01-16,-31427.14,0.00,99.16,100.00,-31427.14,-0.84,3756948.19,0.00,0.00,0.00,-0.84
NLONG4,2026-01-16,-23996.99,0.00,99.36,100.00,-23996.99,-0.64,3756948.19,0.00,0.00,0.00,-0.64
NLONG5,2026-01-16,-31097.65,0.00,99.17,100.00,-31097.65,-0.83,3756948.19,0.00,0.00,0.00,-0.83
NLONG6,2026-01-16,-22627.03,0.00,99.40,100.00,-22627.03,-0.60,3756948.19,0.00,0.00,0.00,-0.60
NLONG7,2026-01-16,-28540.73,0.00,99.24,100.00,-28540.73,-0.76,3756948.19,0.00,0.00,0.00,-0.76
NLONG8,2026-01-16,0.00,0.00,100.00,100.00,0.00,0.00,3756948.19,0.00,0.00,0.00,0.00
NLONG9,2026-01-16,-29905.66,0.00,99.20,100.00,-29905.66,-0.80,3756948.19,0.00,0.00,0.00,-0.80
SLONG1,2026-01-16,-22940.12,0.00,99.39,100.00,-22940.12,-0.61,3756948.19,0.00,0.00,0.00,-0.61
SLONG10,2026-01-16,0.00,0.00,100.00,100.00,0.00,0.00,3756948.19,0.00,0.00,0.00,0.00
SLONG11,2026-01-16,-17583.16,0.00,99.53,100.00,-17583.16,-0.47,3756948.19,0.00,0.00,0.00,-0.47
SLONG12,2026-01-16,0.00,0.00,100.00,100.00,0.00,0.00,3756948.19,0.00,0.00,0.00,0.00
SLONG13,2026-01-16,3039.83,0.00,100.08,100.00,3039.83,0.08,3756948.19,0.00,0.00,0.00,0.00
SLONG14,2026-01-16,3039.83,0.00,100.08,100.00,3039.83,0.08,3756948.19,0.00,0.00,0.00,0.00
SLONG15,2026-01-16,3039.83,0.00,100.08,100.00,3039.83,0.08,3756948.19,0.00,0.00,0.00,0.00
SLONG16,2026-01-16,3039.83,0.00,100.08,100.00,3039.83,0.08,3756948.19,0.00,0.00,0.00,0.00
SLONG17,2026-01-16,3039.83,0.00,100.08,100.00,3039.83,0.08,3756948.19,0.00,0.00,0.00,0.00
SLONG18,2026-01-16,3039.83,0.00,100.08,100.00,3039.83,0.08,3756948.19,0.00,0.00,0.00,0.00
SLONG19,2026-01-16,902.33,0.00,100.02,100.00,902.33,0.02,3756948.19,0.00,0.00,0.00,0.00
SLONG2,2026-01-16,-22832.92,0.00,99.39,100.00,-22832.92,-0.61,3756948.19,0.00,0.00,0.00,-0.61
SLONG20,2026-01-16,902.33,0.00,100.02,100.00,902.33,0.02,3756948.19,0.00,0.00,0.00,0.00
SLONG21,2026-01-16,-180.34,0.00,100.00,100.00,-180.34,0.00,3756948.19,0.00,0.00,0.00,0.00
SLONG22,2026-01-16,-180.34,0.00,100.00,100.00,-180.34,0.00,3756948.19,0.00,0.00,0.00,0.00
SLONG23,2026-01-16,1743.82,0.00,100.05,100.00,1743.82,0.05,3756948.19,0.00,0.00,0.00,0.00
SLONG24,2026-01-16,1743.82,0.00,100.05,100.00,1743.82,0.05,3756948.19,0.00,0.00,0.00,0.00
SLONG3,2026-01-16,-22940.12,0.00,99.39,100.00,-22940.12,-0.61,3756948.19,0.00,0.00,0.00,-0.61
SLONG4,2026-01-16,-22832.92,0.00,99.39,100.00,-22832.92,-0.61,3756948.19,0.00,0.00,0.00,-0.61
SLONG5,2026-01-16,-23555.11,0.00,99.37,100.00,-23555.11,-0.63,3756948.19,0.00,0.00,0.00,-0.63
SLONG6,2026-01-16,-24431.07,0.00,99.35,100.00,-24431.07,-0.65,3756948.19,0.00,0.00,0.00,-0.65
SLONG7,2026-01-16,-19631.96,0.00,99.48,100.00,-19631.96,-0.52,3756948.19,0.00,0.00,0.00,-0.52
SLONG8,2026-01-16,0.00,0.00,100.00,100.00,0.00,0.00,3756948.19,0.00,0.00,0.00,0.00
SLONG9,2026-01-16,-17583.16,0.00,99.53,100.00,-17583.16,-0.47,3756948.19,0.00,0.00,0.00,-0.47
Liquidcase Stock Holdings,2026-01-16,36077382.60,36026449.30,100.14,100.00,50933.30,0.14,36026449.30,0.00,0.00,0.00,0.00
QYE++ Liquidcase Stock Holdings,2026-01-16,36077382.60,36026449.30,100.14,100.00,50933.30,0.14,36026449.30,0.00,0.00,0.00,0.00
QYE++ Debt Stock Holdings,2026-01-16,36077382.60,36026449.30,100.14,100.00,50933.30,0.14,36026449.30,0.00,0.00,0.00,0.00
Debt Stock Holdings,2026-01-16,36077382.60,36026449.30,100.14,100.00,50933.30,0.14,36026449.30,0.00,0.00,0.00,0.00
QYE++ Stock Holdings,2026-01-16,36077382.60,36026449.30,100.14,100.00,50933.30,0.14,36026449.30,0.00,0.00,0.00,0.00
Stock Holdings,2026-01-16,36077382.60,36026449.30,100.14,100.00,50933.30,0.14,36026449.30,0.00,0.00,0.00,0.00
Small Cap Mutual Funds,2026-01-16,125681240.13,126233513.47,99.56,100.00,-552273.34,-0.44,126233513.47,0.00,0.00,0.00,-0.44
QYE++ Small Cap Mutual Funds,2026-01-16,125681240.13,126233513.47,99.56,100.00,-552273.34,-0.44,126233513.47,0.00,0.00,0.00,-0.44
QYE++ Mutual Funds,2026-01-16,125681240.13,126233513.47,99.56,100.00,-552273.34,-0.44,126233513.47,0.00,0.00,0.00,-0.44
QYE++ Equity Mutual Funds,2026-01-16,125681240.13,126233513.47,99.56,100.00,-552273.34,-0.44,126233513.47,0.00,0.00,0.00,-0.44
Equity Mutual Funds,2026-01-16,125681240.13,126233513.47,99.56,100.00,-552273.34,-0.44,126233513.47,0.00,0.00,0.00,-0.44
Mutual Funds,2026-01-16,125681240.13,126233513.47,99.56,100.00,-552273.34,-0.44,126233513.47,0.00,0.00,0.00,-0.44
QYE++ Miscellaneous P&L,2026-01-16,0.00,0.00,100.00,100.00,0.00,0.00,0.00,0.00,0.00,0.00,0.00
Miscellaneous P&L,2026-01-16,0.00,0.00,100.00,100.00,0.00,0.00,0.00,0.00,0.00,0.00,0.00
QYE++ Equity Holdings Tax,2026-01-16,-1140.49,0.00,100.00,100.00,-1140.49,0.00,0.00,0.00,0.00,0.00,0.00
QAW++ Equity Holdings Tax,2026-01-16,0.00,0.00,100.00,100.00,0.00,0.00,0.00,0.00,0.00,0.00,0.00
Equity Holdings Tax,2026-01-16,-1140.49,0.00,100.00,100.00,-1140.49,0.00,0.00,0.00,0.00,0.00,0.00
QYE++ Total Tax,2026-01-16,-12103.81,0.00,100.00,100.00,-12103.81,0.00,0.00,0.00,0.00,0.00,0.00
Total Tax,2026-01-16,-12103.81,0.00,100.00,100.00,-12103.81,0.00,0.00,0.00,0.00,0.00,0.00
QYE++ F&O Tax,2026-01-16,-10963.32,0.00,100.00,100.00,-10963.32,0.00,0.00,0.00,0.00,0.00,0.00
F&O Tax,2026-01-16,-10963.32,0.00,100.00,100.00,-10963.32,0.00,0.00,0.00,0.00,0.00,0.00
Equity Intraday Tax,2026-01-16,0.00,0.00,100.00,100.00,0.00,0.00,0.00,0.00,0.00,0.00,0.00
MCX Tax,2026-01-16,0.00,0.00,100.00,100.00,0.00,0.00,0.00,0.00,0.00,0.00,0.00
QYE++ Total Other Debits and Credits,2026-01-16,-6524.08,0.00,100.00,100.00,-6524.08,0.00,0.00,0.00,0.00,0.00,0.00
Total Other Debits and Credits,2026-01-16,-6524.08,0.00,100.00,100.00,-6524.08,0.00,0.00,0.00,0.00,0.00,0.00
QYE++ Equity Other Debits and Credits,2026-01-16,-6524.08,0.00,100.00,100.00,-6524.08,0.00,0.00,0.00,0.00,0.00,0.00
Equity Other Debits and Credits,2026-01-16,-6524.08,0.00,100.00,100.00,-6524.08,0.00,0.00,0.00,0.00,0.00,0.00
QYE++ NPSAR,2026-01-16,22314888.71,22541689.21,99.75,100.00,-226800.50,-0.25,90166756.85,0.00,0.00,0.00,-0.25
NPSAR,2026-01-16,22314888.71,22541689.21,99.75,100.00,-226800.50,-0.25,90166756.85,0.00,0.00,0.00,-0.25
QYE++ SPSAR,2026-01-16,22185308.63,22541689.21,99.60,100.00,-356380.58,-0.40,90166756.85,0.00,0.00,0.00,-0.40
SPSAR,2026-01-16,22185308.63,22541689.21,99.60,100.00,-356380.58,-0.40,90166756.85,0.00,0.00,0.00,-0.40
QYE++ NLONG,2026-01-16,-216371.71,0.00,99.76,100.00,-216371.71,-0.24,90166756.56,0.00,0.00,0.00,-0.24
NLONG,2026-01-16,-216371.71,0.00,99.76,100.00,-216371.71,-0.24,90166756.56,0.00,0.00,0.00,-0.24
QYE++ SLONG,2026-01-16,-171159.94,0.00,99.81,100.00,-171159.94,-0.19,90166756.56,0.00,0.00,0.00,-0.19
SLONG,2026-01-16,-171159.94,0.00,99.81,100.00,-171159.94,-0.19,90166756.56,0.00,0.00,0.00,-0.19
QYE++ PSAR,2026-01-16,44500197.35,45083378.43,99.68,100.00,-583181.08,-0.32,180333513.70,0.00,0.00,0.00,-0.32
PSAR,2026-01-16,44500197.35,45083378.43,99.68,100.00,-583181.08,-0.32,180333513.70,0.00,0.00,0.00,-0.32
QYE++ LONG,2026-01-16,-387531.65,0.00,99.79,100.00,-387531.65,-0.21,180333513.12,0.00,0.00,0.00,-0.21
LONG,2026-01-16,-387531.65,0.00,99.79,100.00,-387531.65,-0.21,180333513.12,0.00,0.00,0.00,-0.21
QYE++ Total Portfolio Value,2026-01-16,44101702.37,45083378.42,99.46,100.00,-981676.05,-0.54,180333513.00,0.00,0.00,0.00,-0.54
Total Portfolio Value,2026-01-16,44101702.37,45083378.42,99.46,100.00,-981676.05,-0.54,180333513.00,0.00,0.00,0.00,-0.54
QYE++ Zerodha Total Portfolio,2026-01-16,178842744.31,180333424.97,99.17,100.00,-1490680.66,-0.83,180333424.97,0.00,0.00,0.00,-0.83
Zerodha Total Portfolio,2026-01-16,178842744.31,180333424.97,99.17,100.00,-1490680.66,-0.83,180333424.97,0.00,0.00,0.00,-0.83
NPSAR1,2026-01-19,1280271.62,-8626.45,100.73,100.03,34905.00,0.70,4981466.48,1253993.07,5009264.29,1677.00,0.00
NPSAR10,2026-01-19,2877702.38,14306.75,100.40,99.73,75627.50,0.67,11208299.50,2787768.13,11270844.56,-29943.01,0.00
NPSAR11,2026-01-19,2839516.45,-26869.44,100.43,100.10,37441.57,0.33,11208299.50,2828944.32,11270844.56,11233.18,0.00
NPSAR12,2026-01-19,2850599.68,-67586.38,100.89,100.46,48524.80,0.43,11208299.50,2869661.25,11270844.56,51950.11,0.00
NPSAR13,2026-01-19,2876659.70,-61157.21,101.07,100.40,74584.82,0.67,11208299.50,2863232.08,11270844.56,45520.94,0.00
NPSAR2,2026-01-19,1280271.62,-8626.45,100.73,100.03,34905.00,0.70,4981466.48,1253993.07,5009264.29,1677.00,0.00
NPSAR3,2026-01-19,1280271.62,-8626.45,100.73,100.03,34905.00,0.70,4981466.48,1253993.07,5009264.29,1677.00,0.00
NPSAR4,2026-01-19,1213361.05,67994.20,97.87,98.50,-32005.57,-0.64,4981466.48,1177372.42,5009264.29,-74943.65,-2.13
NPSAR5,2026-01-19,1213361.05,61713.65,98.00,98.63,-32005.57,-0.64,4981466.48,1183652.97,5009264.29,-68663.10,-2.00
NPSAR6,2026-01-19,1222934.64,12575.03,99.16,99.61,-22431.98,-0.45,4981466.48,1232791.59,5009264.29,-19524.48,-0.84
NPSAR7,2026-01-19,1222934.64,-22139.95,99.85,100.30,-22431.98,-0.45,4981466.48,1267506.57,5009264.29,15190.50,-0.45
NPSAR8,2026-01-19,1199920.55,76178.08,97.44,98.34,-45446.07,-0.91,4981466.48,1169188.54,5009264.29,-83127.53,-2.56
NPSAR9,2026-01-19,1199920.55,72575.01,97.51,98.41,-45446.07,-0.91,4981466.48,1172791.61,5009264.29,-79524.46,-2.49
SPSAR1,2026-01-19,1280328.62,2902.55,100.50,99.80,34962.00,0.70,4981466.48,1242464.07,5009264.29,-9852.00,0.00
SPSAR10,2026-01-19,2872313.88,-6601.56,100.55,99.92,70239.00,0.63,11208299.50,2808676.43,11270844.56,-9034.71,0.00
SPSAR11,2026-01-19,2836722.06,-20127.33,100.35,100.04,34647.18,0.31,11208299.50,2822202.20,11270844.56,4491.06,0.00
SPSAR12,2026-01-19,2852540.20,-35750.58,100.63,100.18,50465.32,0.45,11208299.50,2837825.45,11270844.56,20114.31,0.00
SPSAR13,2026-01-19,2875056.44,-57860.00,101.02,100.37,72981.56,0.65,11208299.50,2859934.87,11270844.56,42223.73,0.00
SPSAR2,2026-01-19,1280328.62,2902.55,100.50,99.80,34962.00,0.70,4981466.48,1242464.07,5009264.29,-9852.00,0.00
SPSAR3,2026-01-19,1280328.62,2902.55,100.50,99.80,34962.00,0.70,4981466.48,1242464.07,5009264.29,-9852.00,0.00
SPSAR4,2026-01-19,1220972.76,66970.32,98.04,98.52,-24393.86,-0.49,4981466.48,1178396.30,5009264.29,-73919.77,-1.96
SPSAR5,2026-01-19,1220972.76,61994.40,98.14,98.62,-24393.86,-0.49,4981466.48,1183372.22,5009264.29,-68943.85,-1.86
SPSAR6,2026-01-19,1229519.11,3095.66,99.48,99.80,-15847.51,-0.32,4981466.48,1242270.96,5009264.29,-10045.11,-0.52
SPSAR7,2026-01-19,1218029.38,73856.47,97.85,98.39,-27337.24,-0.55,4981466.48,1171510.15,5009264.29,-80805.92,-2.15
SPSAR8,2026-01-19,1218029.38,75011.02,97.82,98.36,-27337.24,-0.55,4981466.48,1170355.60,5009264.29,-81960.47,-2.18
SPSAR9,2026-01-19,1220972.76,61994.40,98.14,98.62,-24393.86,-0.49,4981466.48,1183372.22,5009264.29,-68943.85,-1.86
NLONG1,2026-01-19,-47058.06,31427.14,97.91,99.16,-47058.06,-1.26,3736099.83,-31427.14,3756948.19,-31427.14,-2.09
NLONG10,2026-01-19,0.00,0.00,100.00,100.00,0.00,0.00,3736099.83,0.00,3756948.19,0.00,0.00
NLONG11,2026-01-19,-18637.92,25427.66,98.82,99.32,-18637.92,-0.50,3736099.83,-25427.66,3756948.19,-25427.66,-1.18
NLONG12,2026-01-19,0.00,0.00,100.00,100.00,0.00,0.00,3736099.83,0.00,3756948.19,0.00,0.00
NLONG13,2026-01-19,22308.20,-4748.41,100.73,100.13,22308.20,0.60,3736099.83,4748.41,3756948.19,4748.41,0.00
NLONG14,2026-01-19,22097.34,-4748.41,100.72,100.13,22097.34,0.59,3736099.83,4748.41,3756948.19,4748.41,0.00
NLONG15,2026-01-19,29832.21,-4748.41,100.93,100.13,29832.21,0.80,3736099.83,4748.41,3756948.19,4748.41,0.00
NLONG16,2026-01-19,21751.41,-4748.41,100.71,100.13,21751.41,0.58,3736099.83,4748.41,3756948.19,4748.41,0.00
NLONG17,2026-01-19,22308.20,-4748.41,100.73,100.13,22308.20,0.60,3736099.83,4748.41,3756948.19,4748.41,0.00
NLONG18,2026-01-19,22097.34,-4748.41,100.72,100.13,22097.34,0.59,3736099.83,4748.41,3756948.19,4748.41,0.00
NLONG19,2026-01-19,29832.21,-1229.73,100.83,100.03,29832.21,0.80,3736099.83,1229.73,3756948.19,1229.73,0.00
NLONG2,2026-01-19,0.00,23996.99,99.36,99.36,0.00,0.00,3736099.83,-23996.99,3756948.19,-23996.99,-0.64
NLONG20,2026-01-19,21751.41,-1229.73,100.61,100.03,21751.41,0.58,3736099.83,1229.73,3756948.19,1229.73,0.00
NLONG21,2026-01-19,22308.20,254.71,100.59,99.99,22308.20,0.60,3736099.83,-254.71,3756948.19,-254.71,0.00
NLONG22,2026-01-19,22097.34,254.71,100.58,99.99,22097.34,0.59,3736099.83,-254.71,3756948.19,-254.71,0.00
NLONG23,2026-01-19,33595.84,-817.39,100.92,100.02,33595.84,0.90,3736099.83,817.39,3756948.19,817.39,0.00
NLONG24,2026-01-19,22295.41,-817.39,100.62,100.02,22295.41,0.60,3736099.83,817.39,3756948.19,817.39,0.00
NLONG3,2026-01-19,-47528.91,31427.14,97.90,99.16,-47528.91,-1.27,3736099.83,-31427.14,3756948.19,-31427.14,-2.10
NLONG4,2026-01-19,0.00,23996.99,99.36,99.36,0.00,0.00,3736099.83,-23996.99,3756948.19,-23996.99,-0.64
NLONG5,2026-01-19,-13700.83,31097.65,98.81,99.17,-13700.83,-0.37,3736099.83,-31097.65,3756948.19,-31097.65,-1.19
NLONG6,2026-01-19,0.00,22627.03,99.40,99.40,0.00,0.00,3736099.83,-22627.03,3756948.19,-22627.03,-0.60
NLONG7,2026-01-19,-16455.15,28540.73,98.80,99.24,-16455.15,-0.44,3736099.83,-28540.73,3756948.19,-28540.73,-1.20
NLONG8,2026-01-19,0.00,0.00,100.00,100.00,0.00,0.00,3736099.83,0.00,3756948.19,0.00,0.00
NLONG9,2026-01-19,-18267.77,29905.66,98.71,99.20,-18267.77,-0.49,3736099.83,-29905.66,3756948.19,-29905.66,-1.29
SLONG1,2026-01-19,-17096.59,22940.12,98.94,99.39,-17096.59,-0.46,3736099.83,-22940.12,3756948.19,-22940.12,-1.06
SLONG10,2026-01-19,0.00,0.00,100.00,100.00,0.00,0.00,3736099.83,0.00,3756948.19,0.00,0.00
SLONG11,2026-01-19,-18910.02,17583.16,99.03,99.53,-18910.02,-0.51,3736099.83,-17583.16,3756948.19,-17583.16,-0.97
SLONG12,2026-01-19,0.00,0.00,100.00,100.00,0.00,0.00,3736099.83,0.00,3756948.19,0.00,0.00
SLONG13,2026-01-19,18511.11,-3039.83,100.58,100.08,18511.11,0.50,3736099.83,3039.83,3756948.19,3039.83,0.00
SLONG14,2026-01-19,16721.36,-3039.83,100.53,100.08,16721.36,0.45,3736099.83,3039.83,3756948.19,3039.83,0.00
SLONG15,2026-01-19,29563.17,-3039.83,100.87,100.08,29563.17,0.79,3736099.83,3039.83,3756948.19,3039.83,0.00
SLONG16,2026-01-19,17528.54,-3039.83,100.55,100.08,17528.54,0.47,3736099.83,3039.83,3756948.19,3039.83,0.00
SLONG17,2026-01-19,18511.11,-3039.83,100.58,100.08,18511.11,0.50,3736099.83,3039.83,3756948.19,3039.83,0.00
SLONG18,2026-01-19,16721.36,-3039.83,100.53,100.08,16721.36,0.45,3736099.83,3039.83,3756948.19,3039.83,0.00
SLONG19,2026-01-19,30602.12,-902.33,100.84,100.02,30602.12,0.82,3736099.83,902.33,3756948.19,902.33,0.00
SLONG2,2026-01-19,0.00,22832.92,99.39,99.39,0.00,0.00,3736099.83,-22832.92,3756948.19,-22832.92,-0.61
SLONG20,2026-01-19,18968.60,-902.33,100.53,100.02,18968.60,0.51,3736099.83,902.33,3756948.19,902.33,0.00
SLONG21,2026-01-19,19674.23,180.34,100.53,100.00,19674.23,0.53,3736099.83,-180.34,3756948.19,-180.34,0.00
SLONG22,2026-01-19,17366.35,180.34,100.46,100.00,17366.35,0.46,3736099.83,-180.34,3756948.19,-180.34,0.00
SLONG23,2026-01-19,31654.35,-1743.82,100.90,100.05,31654.35,0.85,3736099.83,1743.82,3756948.19,1743.82,0.00
SLONG24,2026-01-19,16690.61,-1743.82,100.50,100.05,16690.61,0.45,3736099.83,1743.82,3756948.19,1743.82,0.00
SLONG3,2026-01-19,-18910.02,22940.12,98.89,99.39,-18910.02,-0.51,3736099.83,-22940.12,3756948.19,-22940.12,-1.11
SLONG4,2026-01-19,0.00,22832.92,99.39,99.39,0.00,0.00,3736099.83,-22832.92,3756948.19,-22832.92,-0.61
SLONG5,2026-01-19,-15452.06,23555.11,98.96,99.37,-15452.06,-0.41,3736099.83,-23555.11,3756948.19,-23555.11,-1.04
SLONG6,2026-01-19,0.00,24431.07,99.35,99.35,0.00,0.00,3736099.83,-24431.07,3756948.19,-24431.07,-0.65
SLONG7,2026-01-19,-18910.02,19631.96,98.98,99.48,-18910.02,-0.51,3736099.83,-19631.96,3756948.19,-19631.96,-1.02
SLONG8,2026-01-19,0.00,0.00,100.00,100.00,0.00,0.00,3736099.83,0.00,3756948.19,0.00,0.00
SLONG9,2026-01-19,-17096.59,17583.16,99.07,99.53,-17096.59,-0.46,3736099.83,-17583.16,3756948.19,-17583.16,-0.93
Liquidcase Stock Holdings,2026-01-19,36083804.92,0.00,100.16,100.14,6422.32,0.02,36077382.60,36077382.60,36026449.30,50933.30,0.00
QYE++ Liquidcase Stock Holdings,2026-01-19,36083804.92,0.00,100.16,100.14,6422.32,0.02,36077382.60,36077382.60,36026449.30,50933.30,0.00
QYE++ Debt Stock Holdings,2026-01-19,36083804.92,0.00,100.16,100.14,6422.32,0.02,36077382.60,36077382.60,36026449.30,50933.30,0.00
Debt Stock Holdings,2026-01-19,36083804.92,0.00,100.16,100.14,6422.32,0.02,36077382.60,36077382.60,36026449.30,50933.30,0.00
QYE++ Stock Holdings,2026-01-19,36083804.92,0.00,100.16,100.14,6422.32,0.02,36077382.60,36077382.60,36026449.30,50933.30,0.00
Stock Holdings,2026-01-19,36083804.92,0.00,100.16,100.14,6422.32,0.02,36077382.60,36077382.60,36026449.30,50933.30,0.00
Small Cap Mutual Funds,2026-01-19,123931094.83,0.00,98.18,99.56,-1750145.30,-1.39,125681240.13,125681240.13,126233513.47,-552273.34,-1.82
QYE++ Small Cap Mutual Funds,2026-01-19,123931094.83,0.00,98.18,99.56,-1750145.30,-1.39,125681240.13,125681240.13,126233513.47,-552273.34,-1.82
QYE++ Mutual Funds,2026-01-19,123931094.83,0.00,98.18,99.56,-1750145.30,-1.39,125681240.13,125681240.13,126233513.47,-552273.34,-1.82
QYE++ Equity Mutual Funds,2026-01-19,123931094.83,0.00,98.18,99.56,-1750145.30,-1.39,125681240.13,125681240.13,126233513.47,-552273.34,-1.82
Equity Mutual Funds,2026-01-19,123931094.83,0.00,98.18,99.56,-1750145.30,-1.39,125681240.13,125681240.13,126233513.47,-552273.34,-1.82
Mutual Funds,2026-01-19,123931094.83,0.00,98.18,99.56,-1750145.30,-1.39,125681240.13,125681240.13,126233513.47,-552273.34,-1.82
QYE++ Miscellaneous P&L,2026-01-19,0.00,0.00,100.00,100.00,0.00,0.00,0.00,0.00,0.00,0.00,0.00
Miscellaneous P&L,2026-01-19,0.00,0.00,100.00,100.00,0.00,0.00,0.00,0.00,0.00,0.00,0.00
QYE++ Equity Holdings Tax,2026-01-19,0.00,1140.49,100.00,100.00,0.00,0.00,0.00,-1140.49,0.00,-1140.49,0.00
QAW++ Equity Holdings Tax,2026-01-19,0.00,0.00,100.00,100.00,0.00,0.00,0.00,0.00,0.00,0.00,0.00
Equity Holdings Tax,2026-01-19,0.00,1140.49,100.00,100.00,0.00,0.00,0.00,-1140.49,0.00,0.00,0.00
QYE++ Total Tax,2026-01-19,-6991.96,12103.81,100.00,100.00,-6991.96,0.00,0.00,-12103.81,0.00,0.00,0.00
Total Tax,2026-01-19,-6991.96,12103.81,100.00,100.00,-6991.96,0.00,0.00,-12103.81,0.00,0.00,0.00
QYE++ F&O Tax,2026-01-19,-6991.96,10963.32,100.00,100.00,-6991.96,0.00,0.00,-10963.32,0.00,0.00,0.00
F&O Tax,2026-01-19,-6991.96,10963.32,100.00,100.00,-6991.96,0.00,0.00,-10963.32,0.00,0.00,0.00
Equity Intraday Tax,2026-01-19,0.00,0.00,100.00,100.00,0.00,0.00,0.00,0.00,0.00,0.00,0.00
MCX Tax,2026-01-19,0.00,0.00,100.00,100.00,0.00,0.00,0.00,0.00,0.00,0.00,0.00
QYE++ Total Other Debits and Credits,2026-01-19,0.00,6524.08,100.00,100.00,0.00,0.00,0.00,-6524.08,0.00,-6524.08,0.00
Total Other Debits and Credits,2026-01-19,0.00,6524.08,100.00,100.00,0.00,0.00,0.00,-6524.08,0.00,0.00,0.00
QYE++ Equity Other Debits and Credits,2026-01-19,0.00,6524.08,100.00,100.00,0.00,0.00,0.00,-6524.08,0.00,-6524.08,0.00
Equity Other Debits and Credits,2026-01-19,0.00,6524.08,100.00,100.00,0.00,0.00,0.00,-6524.08,0.00,0.00,0.00
QYE++ NPSAR,2026-01-19,22557725.53,101710.39,99.91,99.75,141126.45,0.16,89666396.32,22314888.71,90166756.85,-226800.50,-0.09
NPSAR,2026-01-19,22557725.53,101710.39,99.91,99.75,141126.45,0.16,89666396.32,22314888.71,90166756.85,-226800.50,-0.09
QYE++ SPSAR,2026-01-19,22606114.57,231290.47,99.82,99.60,189515.49,0.21,89666396.32,22185308.63,90166756.85,-356380.58,-0.18
SPSAR,2026-01-19,22606114.57,231290.47,99.82,99.60,189515.49,0.21,89666396.32,22185308.63,90166756.85,-356380.58,-0.18
QYE++ NLONG,2026-01-19,130626.47,216371.71,99.91,99.76,130626.47,0.15,89666395.92,-216371.71,90166756.56,-216371.71,-0.09
NLONG,2026-01-19,130626.47,216371.71,99.91,99.76,130626.47,0.15,89666395.92,-216371.71,90166756.56,-216371.71,-0.09
QYE++ SLONG,2026-01-19,146137.61,171159.94,99.97,99.81,146137.61,0.16,89666395.92,-171159.94,90166756.56,-171159.94,-0.03
SLONG,2026-01-19,146137.61,171159.94,99.97,99.81,146137.61,0.16,89666395.92,-171159.94,90166756.56,-171159.94,-0.03
QYE++ PSAR,2026-01-19,45163840.10,333000.86,99.86,99.68,330641.94,0.18,179332792.64,44500197.35,180333513.70,-583181.08,-0.14
PSAR,2026-01-19,45163840.10,333000.86,99.86,99.68,330641.94,0.18,179332792.64,44500197.34,180333513.70,-583181.08,-0.14
QYE++ LONG,2026-01-19,276764.08,387531.65,99.94,99.79,276764.08,0.15,179332791.84,-387531.65,180333513.12,-387531.65,-0.06
LONG,2026-01-19,276764.08,387531.65,99.94,99.79,276764.08,0.15,179332791.84,-387531.65,180333513.12,-387531.65,-0.06
QYE++ Total Portfolio Value,2026-01-19,45433612.22,731495.83,99.79,99.46,600414.06,0.33,179332792.00,44101702.37,180333513.00,-981676.05,-0.21
Total Portfolio Value,2026-01-19,45433612.22,731495.83,99.79,99.46,600414.06,0.33,179332792.00,44101702.37,180333513.00,-981676.05,-0.21
QYE++ Zerodha Total Portfolio,2026-01-19,177699435.39,0.00,98.54,99.17,-1143308.92,-0.64,178842744.31,178842744.31,180333424.97,-1490680.66,-1.46
Zerodha Total Portfolio,2026-01-19,177699435.39,0.00,98.54,99.17,-1143308.92,-0.64,178842744.31,178842744.31,180333424.97,-1490680.66,-1.46
NPSAR1,2026-01-20,1268949.54,-35056.30,101.21,100.73,23734.22,0.48,4980861.29,1280271.62,4981466.48,34905.00,0.00
NPSAR10,2026-01-20,2840325.33,-75967.93,100.75,100.40,38590.88,0.34,11206937.81,2877702.38,11208299.50,75627.50,0.00
NPSAR11,2026-01-20,2849098.27,-37781.99,100.85,100.43,47363.82,0.42,11206937.81,2839516.44,11208299.50,37441.57,0.00
NPSAR12,2026-01-20,2860329.12,-48865.23,101.42,100.89,58594.67,0.52,11206937.81,2850599.68,11208299.50,48524.80,0.00
NPSAR13,2026-01-20,2858979.55,-74925.25,101.59,101.07,57245.10,0.51,11206937.81,2876659.70,11208299.50,74584.82,0.00
NPSAR2,2026-01-20,1268289.43,-35056.30,101.20,100.73,23074.11,0.46,4980861.29,1280271.62,4981466.48,34905.00,0.00
NPSAR3,2026-01-20,1268406.25,-35056.30,101.20,100.73,23190.93,0.47,4980861.29,1280271.62,4981466.48,34905.00,0.00
NPSAR4,2026-01-20,1281196.26,31854.27,98.58,97.87,35980.94,0.72,4980861.29,1213361.05,4981466.48,-32005.57,-1.42
NPSAR5,2026-01-20,1281332.32,31854.27,98.71,98.00,36117.00,0.73,4980861.29,1213361.05,4981466.48,-32005.57,-1.29
NPSAR6,2026-01-20,1280536.71,22280.68,99.86,99.16,35321.39,0.71,4980861.29,1222934.64,4981466.48,-22431.98,-0.14
NPSAR7,2026-01-20,1280148.33,22280.68,100.55,99.85,34933.01,0.70,4980861.29,1222934.64,4981466.48,-22431.98,0.00
NPSAR8,2026-01-20,1288590.58,45294.77,98.29,97.44,43375.26,0.87,4980861.29,1199920.55,4981466.48,-45446.07,-1.71
NPSAR9,2026-01-20,1285717.96,45294.77,98.30,97.51,40502.64,0.81,4980861.29,1199920.55,4981466.48,-45446.07,-1.70
SPSAR1,2026-01-20,1272077.32,-35113.30,101.04,100.50,26862.00,0.54,4980861.29,1280328.62,4981466.48,34962.00,0.00
SPSAR10,2026-01-20,2852343.45,-70579.43,101.00,100.55,50609.00,0.45,11206937.81,2872313.88,11208299.50,70239.00,0.00
SPSAR11,2026-01-20,2854927.22,-34987.61,100.83,100.35,53192.77,0.47,11206937.81,2836722.06,11208299.50,34647.18,0.00
SPSAR12,2026-01-20,2854927.22,-50805.75,101.11,100.63,53192.77,0.47,11206937.81,2852540.20,11208299.50,50465.32,0.00
SPSAR13,2026-01-20,2874421.47,-73321.99,101.68,101.02,72687.02,0.65,11206937.81,2875056.44,11208299.50,72981.56,0.00
SPSAR2,2026-01-20,1272077.32,-35113.30,101.04,100.50,26862.00,0.54,4980861.29,1280328.62,4981466.48,34962.00,0.00
SPSAR3,2026-01-20,1272077.32,-35113.30,101.04,100.50,26862.00,0.54,4980861.29,1280328.62,4981466.48,34962.00,0.00
SPSAR4,2026-01-20,1281455.32,24242.56,98.75,98.04,36240.00,0.73,4980861.29,1220972.76,4981466.48,-24393.86,-1.25
SPSAR5,2026-01-20,1281455.32,24242.56,98.85,98.14,36240.00,0.73,4980861.29,1220972.76,4981466.48,-24393.86,-1.15
SPSAR6,2026-01-20,1281455.32,15696.21,100.20,99.48,36240.00,0.73,4980861.29,1229519.11,4981466.48,-15847.51,0.00
SPSAR7,2026-01-20,1281455.32,27185.94,98.56,97.85,36240.00,0.73,4980861.29,1218029.38,4981466.48,-27337.24,-1.44
SPSAR8,2026-01-20,1281455.32,27185.94,98.53,97.82,36240.00,0.73,4980861.29,1218029.38,4981466.48,-27337.24,-1.47
SPSAR9,2026-01-20,1281455.32,24242.56,98.85,98.14,36240.00,0.73,4980861.29,1220972.76,4981466.48,-24393.86,-1.15
NLONG1,2026-01-20,38820.47,47058.06,98.93,97.91,38820.47,1.04,3735645.94,-47058.06,3736099.83,-47058.06,-1.07
NLONG10,2026-01-20,44467.46,0.00,101.19,100.00,44467.46,1.19,3735645.94,0.00,3736099.83,0.00,0.00
NLONG11,2026-01-20,150022.26,18637.92,102.79,98.82,150022.26,4.02,3735645.94,-18637.92,3736099.83,-18637.92,0.00
NLONG12,2026-01-20,141010.49,0.00,103.77,100.00,141010.49,3.77,3735645.94,0.00,3736099.83,0.00,0.00
NLONG13,2026-01-20,28121.73,-22308.20,101.49,100.73,28121.73,0.75,3735645.94,22308.20,3736099.83,22308.20,0.00
NLONG14,2026-01-20,20052.26,-22097.34,101.26,100.72,20052.26,0.54,3735645.94,22097.34,3736099.83,22097.34,0.00
NLONG15,2026-01-20,137932.08,-29832.21,104.66,100.93,137932.08,3.69,3735645.94,29832.21,3736099.83,29832.21,0.00
NLONG16,2026-01-20,91889.37,-21751.41,103.19,100.71,91889.37,2.46,3735645.94,21751.41,3736099.83,21751.41,0.00
NLONG17,2026-01-20,28121.73,-22308.20,101.49,100.73,28121.73,0.75,3735645.94,22308.20,3736099.83,22308.20,0.00
NLONG18,2026-01-20,20052.26,-22097.34,101.26,100.72,20052.26,0.54,3735645.94,22097.34,3736099.83,22097.34,0.00
NLONG19,2026-01-20,137932.08,-29832.21,104.55,100.83,137932.08,3.69,3735645.94,29832.21,3736099.83,29832.21,0.00
NLONG2,2026-01-20,44467.46,0.00,100.54,99.36,44467.46,1.19,3735645.94,0.00,3736099.83,0.00,0.00
NLONG20,2026-01-20,91889.37,-21751.41,103.08,100.61,91889.37,2.46,3735645.94,21751.41,3736099.83,21751.41,0.00
NLONG21,2026-01-20,22737.80,-22308.20,101.20,100.59,22737.80,0.61,3735645.94,22308.20,3736099.83,22308.20,0.00
NLONG22,2026-01-20,19722.66,-22097.34,101.11,100.58,19722.66,0.53,3735645.94,22097.34,3736099.83,22097.34,0.00
NLONG23,2026-01-20,157866.89,-33595.84,105.18,100.92,157866.89,4.23,3735645.94,33595.84,3736099.83,33595.84,0.00
NLONG24,2026-01-20,174980.06,-22295.41,105.33,100.62,174980.06,4.68,3735645.94,22295.41,3736099.83,22295.41,0.00
NLONG3,2026-01-20,148908.19,47528.91,101.80,97.90,148908.19,3.99,3735645.94,-47528.91,3736099.83,-47528.91,0.00
NLONG4,2026-01-20,141010.49,0.00,103.11,99.36,141010.49,3.77,3735645.94,0.00,3736099.83,0.00,0.00
NLONG5,2026-01-20,46622.41,13700.83,100.04,98.81,46622.41,1.25,3735645.94,-13700.83,3736099.83,-13700.83,0.00
NLONG6,2026-01-20,44467.46,0.00,100.58,99.40,44467.46,1.19,3735645.94,0.00,3736099.83,0.00,0.00
NLONG7,2026-01-20,150022.26,16455.15,102.77,98.80,150022.26,4.02,3735645.94,-16455.15,3736099.83,-16455.15,0.00
NLONG8,2026-01-20,141010.49,0.00,103.77,100.00,141010.49,3.77,3735645.94,0.00,3736099.83,0.00,0.00
NLONG9,2026-01-20,46622.41,18267.77,99.94,98.71,46622.41,1.25,3735645.94,-18267.77,3736099.83,-18267.77,-0.06
SLONG1,2026-01-20,61324.45,17096.59,100.56,98.94,61324.45,1.64,3735645.94,-17096.59,3736099.83,-17096.59,0.00
SLONG10,2026-01-20,62861.55,0.00,101.68,100.00,62861.55,1.68,3735645.94,0.00,3736099.83,0.00,0.00
SLONG11,2026-01-20,61324.45,18910.02,100.66,99.03,61324.45,1.64,3735645.94,-18910.02,3736099.83,-18910.02,0.00
SLONG12,2026-01-20,62861.55,0.00,101.68,100.00,62861.55,1.68,3735645.94,0.00,3736099.83,0.00,0.00
SLONG13,2026-01-20,54855.23,-18511.11,102.06,100.58,54855.23,1.47,3735645.94,18511.11,3736099.83,18511.11,0.00
SLONG14,2026-01-20,40799.43,-16721.36,101.63,100.53,40799.43,1.09,3735645.94,16721.36,3736099.83,16721.36,0.00
SLONG15,2026-01-20,52235.44,-29563.17,102.28,100.87,52235.44,1.40,3735645.94,29563.17,3736099.83,29563.17,0.00
SLONG16,2026-01-20,45829.99,-17528.54,101.78,100.55,45829.99,1.23,3735645.94,17528.54,3736099.83,17528.54,0.00
SLONG17,2026-01-20,54855.23,-18511.11,102.06,100.58,54855.23,1.47,3735645.94,18511.11,3736099.83,18511.11,0.00
SLONG18,2026-01-20,40799.43,-16721.36,101.63,100.53,40799.43,1.09,3735645.94,16721.36,3736099.83,16721.36,0.00
SLONG19,2026-01-20,52235.44,-30602.12,102.25,100.84,52235.44,1.40,3735645.94,30602.12,3736099.83,30602.12,0.00
SLONG2,2026-01-20,62861.55,0.00,101.06,99.39,62861.55,1.68,3735645.94,0.00,3736099.83,0.00,0.00
SLONG20,2026-01-20,45829.99,-18968.60,101.76,100.53,45829.99,1.23,3735645.94,18968.60,3736099.83,18968.60,0.00
SLONG21,2026-01-20,45845.26,-19674.23,101.76,100.53,45845.26,1.23,3735645.94,19674.23,3736099.83,19674.23,0.00
SLONG22,2026-01-20,43858.85,-17366.35,101.64,100.46,43858.85,1.17,3735645.94,17366.35,3736099.83,17366.35,0.00
SLONG23,2026-01-20,48254.79,-31654.35,102.20,100.90,48254.79,1.29,3735645.94,31654.35,3736099.83,31654.35,0.00
SLONG24,2026-01-20,53961.20,-16690.61,101.95,100.50,53961.20,1.44,3735645.94,16690.61,3736099.83,16690.61,0.00
SLONG3,2026-01-20,61324.45,18910.02,100.51,98.89,61324.45,1.64,3735645.94,-18910.02,3736099.83,-18910.02,0.00
SLONG4,2026-01-20,62861.55,0.00,101.06,99.39,62861.55,1.68,3735645.94,0.00,3736099.83,0.00,0.00
SLONG5,2026-01-20,61324.45,15452.06,100.58,98.96,61324.45,1.64,3735645.94,-15452.06,3736099.83,-15452.06,0.00
SLONG6,2026-01-20,62861.55,0.00,101.02,99.35,62861.55,1.68,3735645.94,0.00,3736099.83,0.00,0.00
SLONG7,2026-01-20,61324.45,18910.02,100.60,98.98,61324.45,1.64,3735645.94,-18910.02,3736099.83,-18910.02,0.00
SLONG8,2026-01-20,62861.55,0.00,101.68,100.00,62861.55,1.68,3735645.94,0.00,3736099.83,0.00,0.00
SLONG9,2026-01-20,61324.45,17096.59,100.70,99.07,61324.45,1.64,3735645.94,-17096.59,3736099.83,-17096.59,0.00
Liquidcase Stock Holdings,2026-01-20,36087016.08,0.00,100.17,100.16,3211.16,0.01,36083804.92,36083804.92,36077382.60,6422.32,0.00
QYE++ Liquidcase Stock Holdings,2026-01-20,36087016.08,0.00,100.17,100.16,3211.16,0.01,36083804.92,36083804.92,36077382.60,6422.32,0.00
QYE++ Debt Stock Holdings,2026-01-20,36087016.08,0.00,100.17,100.16,3211.16,0.01,36083804.92,36083804.92,36077382.60,6422.32,0.00
Debt Stock Holdings,2026-01-20,36087016.08,0.00,100.17,100.16,3211.16,0.01,36083804.92,36083804.92,36077382.60,6422.32,0.00
QYE++ Stock Holdings,2026-01-20,36087016.08,0.00,100.17,100.16,3211.16,0.01,36083804.92,36083804.92,36077382.60,6422.32,0.00
Stock Holdings,2026-01-20,36087016.08,0.00,100.17,100.16,3211.16,0.01,36083804.92,36083804.92,36077382.60,6422.32,0.00
Small Cap Mutual Funds,2026-01-20,121356426.10,0.00,96.14,98.18,-2574668.73,-2.08,123931094.83,123931094.83,125681240.13,-1750145.30,-3.86
QYE++ Small Cap Mutual Funds,2026-01-20,121356426.10,0.00,96.14,98.18,-2574668.73,-2.08,123931094.83,123931094.83,125681240.13,-1750145.30,-3.86
QYE++ Mutual Funds,2026-01-20,121356426.10,0.00,96.14,98.18,-2574668.73,-2.08,123931094.83,123931094.83,125681240.13,-1750145.30,-3.86
QYE++ Equity Mutual Funds,2026-01-20,121356426.10,0.00,96.14,98.18,-2574668.73,-2.08,123931094.83,123931094.83,125681240.13,-1750145.30,-3.86
Equity Mutual Funds,2026-01-20,121356426.10,0.00,96.14,98.18,-2574668.73,-2.08,123931094.83,123931094.83,125681240.13,-1750145.30,-3.86
Mutual Funds,2026-01-20,121356426.10,0.00,96.14,98.18,-2574668.73,-2.08,123931094.83,123931094.83,125681240.13,-1750145.30,-3.86
QYE++ Miscellaneous P&L,2026-01-20,0.00,0.00,100.00,100.00,0.00,0.00,0.00,0.00,0.00,0.00,0.00
Miscellaneous P&L,2026-01-20,0.00,0.00,100.00,100.00,0.00,0.00,0.00,0.00,0.00,0.00,0.00
QYE++ Equity Holdings Tax,2026-01-20,0.00,0.00,100.00,100.00,0.00,0.00,0.00,0.00,0.00,0.00,0.00
QAW++ Equity Holdings Tax,2026-01-20,0.00,0.00,100.00,100.00,0.00,0.00,0.00,0.00,0.00,0.00,0.00
Equity Holdings Tax,2026-01-20,0.00,0.00,100.00,100.00,0.00,0.00,0.00,0.00,0.00,0.00,0.00
QYE++ Total Tax,2026-01-20,-10609.63,6991.96,100.00,100.00,-10609.63,0.00,0.00,-6991.96,0.00,0.00,0.00
Total Tax,2026-01-20,-10609.63,6991.96,100.00,100.00,-10609.63,0.00,0.00,-6991.96,0.00,0.00,0.00
QYE++ F&O Tax,2026-01-20,-10609.63,6991.96,100.00,100.00,-10609.63,0.00,0.00,-6991.96,0.00,0.00,0.00
F&O Tax,2026-01-20,-10609.63,6991.96,100.00,100.00,-10609.63,0.00,0.00,-6991.96,0.00,0.00,0.00
Equity Intraday Tax,2026-01-20,0.00,0.00,100.00,100.00,0.00,0.00,0.00,0.00,0.00,0.00,0.00
MCX Tax,2026-01-20,0.00,0.00,100.00,100.00,0.00,0.00,0.00,0.00,0.00,0.00,0.00
QYE++ Total Other Debits and Credits,2026-01-20,-29.50,0.00,100.00,100.00,-29.50,0.00,0.00,0.00,0.00,0.00,0.00
Total Other Debits and Credits,2026-01-20,-29.50,0.00,100.00,100.00,-29.50,0.00,0.00,0.00,0.00,0.00,0.00
QYE++ Equity Other Debits and Credits,2026-01-20,-29.50,0.00,100.00,100.00,-29.50,0.00,0.00,0.00,0.00,0.00,0.00
Equity Other Debits and Credits,2026-01-20,-29.50,0.00,100.00,100.00,-29.50,0.00,0.00,0.00,0.00,0.00,0.00
QYE++ NPSAR,2026-01-20,22911899.68,-143849.83,100.46,99.91,498023.97,0.56,89655502.85,22557725.53,89666396.32,141126.45,0.00
NPSAR,2026-01-20,22911899.68,-143849.83,100.46,99.91,498023.97,0.56,89655502.85,22557725.53,89666396.32,141126.45,0.00
QYE++ SPSAR,2026-01-20,22941583.27,-192238.88,100.40,99.82,527707.56,0.59,89655502.85,22606114.57,89666396.32,189515.49,0.00
SPSAR,2026-01-20,22941583.27,-192238.88,100.40,99.82,527707.56,0.59,89655502.85,22606114.57,89666396.32,189515.49,0.00
QYE++ NLONG,2026-01-20,2068750.14,-130626.47,102.21,99.91,2068750.14,2.31,89655502.56,130626.47,89666395.92,130626.47,0.00
NLONG,2026-01-20,2068750.14,-130626.47,102.21,99.91,2068750.14,2.31,89655502.56,130626.47,89666395.92,130626.47,0.00
QYE++ SLONG,2026-01-20,1324476.28,-146137.61,101.45,99.97,1324476.28,1.48,89655502.56,146137.61,89666395.92,146137.61,0.00
SLONG,2026-01-20,1324476.28,-146137.61,101.45,99.97,1324476.28,1.48,89655502.56,146137.61,89666395.92,146137.61,0.00
QYE++ PSAR,2026-01-20,45853482.96,-336088.71,100.43,99.86,1025731.53,0.57,179311005.70,45163840.10,179332792.64,330641.94,0.00
PSAR,2026-01-20,45853482.96,-336088.71,100.43,99.86,1025731.53,0.57,179311005.70,45163840.10,179332792.64,330641.94,0.00
QYE++ LONG,2026-01-20,3393226.42,-276764.08,101.83,99.94,3393226.42,1.89,179311005.12,276764.08,179332791.84,276764.08,0.00
LONG,2026-01-20,3393226.42,-276764.08,101.83,99.94,3393226.42,1.89,179311005.12,276764.08,179332791.84,276764.08,0.00
QYE++ Total Portfolio Value,2026-01-20,49236099.74,-605860.82,102.24,99.79,4408348.32,2.46,179311005.00,45433612.22,179332792.00,600414.06,0.00
Total Portfolio Value,2026-01-20,49236099.74,-605860.82,102.24,99.79,4408348.32,2.46,179311005.00,45433612.22,179332792.00,600414.06,0.00
QYE++ Zerodha Total Portfolio,2026-01-20,179536296.64,0.00,99.55,98.54,1836861.25,1.03,177699435.39,177699435.39,178842744.31,-1143308.92,-0.45
Zerodha Total Portfolio,2026-01-20,179536296.64,0.00,99.55,98.54,1836861.25,1.03,177699435.39,177699435.39,178842744.31,-1143308.92,-0.45
NPSAR1,2026-01-21,1281410.48,-2164.06,101.50,101.21,14625.00,0.29,5067141.90,1268949.54,4980861.29,23734.22,0.00
NPSAR10,2026-01-21,2888896.80,9941.97,101.09,100.75,38629.50,0.34,11401069.19,2840325.33,11206937.81,38590.88,0.00
NPSAR11,2026-01-21,2803329.17,1169.03,100.43,100.85,-46938.13,-0.41,11401069.19,2849098.27,11206937.81,47363.82,-0.42
NPSAR12,2026-01-21,2842717.70,-10061.82,101.35,101.42,-7549.60,-0.07,11401069.19,2860329.12,11206937.81,58594.67,-0.07
NPSAR13,2026-01-21,2860187.56,-8712.25,101.68,101.59,9920.26,0.09,11401069.19,2858979.55,11206937.81,57245.10,0.00
NPSAR2,2026-01-21,1281410.48,-1503.95,101.49,101.20,14625.00,0.29,5067141.90,1268289.43,4980861.29,23074.11,0.00
NPSAR3,2026-01-21,1281410.48,-1620.77,101.49,101.20,14625.00,0.29,5067141.90,1268406.25,4980861.29,23190.93,0.00
NPSAR4,2026-01-21,1281410.48,-14410.78,98.86,98.58,14625.00,0.29,5067141.90,1281196.26,4980861.29,35980.94,-1.14
NPSAR5,2026-01-21,1281410.48,-14546.85,98.99,98.71,14625.00,0.29,5067141.90,1281332.32,4980861.29,36117.00,-1.01
NPSAR6,2026-01-21,1281410.48,-13751.23,100.15,99.86,14625.00,0.29,5067141.90,1280536.71,4980861.29,35321.39,0.00
NPSAR7,2026-01-21,1281410.48,-13362.86,100.84,100.55,14625.00,0.29,5067141.90,1280148.33,4980861.29,34933.01,0.00
NPSAR8,2026-01-21,1283340.98,-21805.11,98.61,98.29,16555.50,0.33,5067141.90,1288590.58,4980861.29,43375.26,-1.39
NPSAR9,2026-01-21,1283340.98,-18932.48,98.62,98.30,16555.50,0.33,5067141.90,1285717.96,4980861.29,40502.64,-1.38
SPSAR1,2026-01-21,1269773.48,-5291.84,101.10,101.04,2988.00,0.06,5067141.90,1272077.32,4980861.29,26862.00,0.00
SPSAR10,2026-01-21,2790615.61,-2076.15,100.47,101.00,-59651.69,-0.52,11401069.19,2852343.45,11206937.81,50609.00,-0.52
SPSAR11,2026-01-21,2820905.69,-4659.92,100.57,100.83,-29361.61,-0.26,11401069.19,2854927.22,11206937.81,53192.77,-0.26
SPSAR12,2026-01-21,2851368.30,-4659.92,101.12,101.11,1101.00,0.01,11401069.19,2854927.22,11206937.81,53192.77,0.00
SPSAR13,2026-01-21,2856845.07,-24154.17,101.74,101.68,6577.77,0.06,11401069.19,2874421.47,11206937.81,72687.02,0.00
SPSAR2,2026-01-21,1269773.48,-5291.84,101.10,101.04,2988.00,0.06,5067141.90,1272077.32,4980861.29,26862.00,0.00
SPSAR3,2026-01-21,1269773.48,-5291.84,101.10,101.04,2988.00,0.06,5067141.90,1272077.32,4980861.29,26862.00,0.00
SPSAR4,2026-01-21,1271105.48,-14669.85,98.83,98.75,4320.00,0.09,5067141.90,1281455.32,4980861.29,36240.00,-1.17
SPSAR5,2026-01-21,1271105.48,-14669.85,98.93,98.85,4320.00,0.09,5067141.90,1281455.32,4980861.29,36240.00,-1.07
SPSAR6,2026-01-21,1271105.48,-14669.85,100.29,100.20,4320.00,0.09,5067141.90,1281455.32,4980861.29,36240.00,0.00
SPSAR7,2026-01-21,1271105.48,-14669.85,98.64,98.56,4320.00,0.09,5067141.90,1281455.32,4980861.29,36240.00,-1.36
SPSAR8,2026-01-21,1271105.48,-14669.85,98.61,98.53,4320.00,0.09,5067141.90,1281455.32,4980861.29,36240.00,-1.39
SPSAR9,2026-01-21,1271105.48,-14669.85,98.93,98.85,4320.00,0.09,5067141.90,1281455.32,4980861.29,36240.00,-1.07
NLONG1,2026-01-21,-38559.41,-38820.47,97.93,98.93,-38559.41,-1.01,3800356.40,38820.47,3735645.94,38820.47,-2.07
NLONG10,2026-01-21,-31893.83,-44467.46,100.34,101.19,-31893.83,-0.84,3800356.40,44467.46,3735645.94,44467.46,-0.84
NLONG11,2026-01-21,-23105.96,-150022.26,102.17,102.79,-23105.96,-0.61,3800356.40,150022.26,3735645.94,150022.26,-0.60
NLONG12,2026-01-21,-3906.65,-141010.49,103.66,103.77,-3906.65,-0.10,3800356.40,141010.49,3735645.94,141010.49,-0.11
NLONG13,2026-01-21,-17996.98,-28121.73,101.01,101.49,-17996.98,-0.47,3800356.40,28121.73,3735645.94,28121.73,-0.47
NLONG14,2026-01-21,-20046.10,-20052.26,100.73,101.26,-20046.10,-0.53,3800356.40,20052.26,3735645.94,20052.26,-0.52
NLONG15,2026-01-21,-5057.93,-137932.08,104.52,104.66,-5057.93,-0.13,3800356.40,137932.08,3735645.94,137932.08,-0.13
NLONG16,2026-01-21,-10982.60,-91889.37,102.89,103.19,-10982.60,-0.29,3800356.40,91889.37,3735645.94,91889.37,-0.29
NLONG17,2026-01-21,-36893.13,-28121.73,100.50,101.49,-36893.13,-0.97,3800356.40,28121.73,3735645.94,28121.73,-0.98
NLONG18,2026-01-21,-42986.75,-20052.26,100.11,101.26,-42986.75,-1.13,3800356.40,20052.26,3735645.94,20052.26,-1.14
NLONG19,2026-01-21,-16396.51,-137932.08,104.10,104.55,-16396.51,-0.43,3800356.40,137932.08,3735645.94,137932.08,-0.43
NLONG2,2026-01-21,-30941.06,-44467.46,99.72,100.54,-30941.06,-0.81,3800356.40,44467.46,3735645.94,44467.46,-0.82
NLONG20,2026-01-21,-20303.16,-91889.37,102.53,103.08,-20303.16,-0.53,3800356.40,91889.37,3735645.94,91889.37,-0.53
NLONG21,2026-01-21,-12519.24,-22737.80,100.87,101.20,-12519.24,-0.33,3800356.40,22737.80,3735645.94,22737.80,-0.33
NLONG22,2026-01-21,-18041.47,-19722.66,100.63,101.11,-18041.47,-0.47,3800356.40,19722.66,3735645.94,19722.66,-0.47
NLONG23,2026-01-21,1194.63,-157866.89,105.21,105.18,1194.63,0.03,3800356.40,157866.89,3735645.94,157866.89,0.00
NLONG24,2026-01-21,-8666.84,-174980.06,105.09,105.33,-8666.84,-0.23,3800356.40,174980.06,3735645.94,174980.06,-0.23
NLONG3,2026-01-21,-27635.60,-148908.19,101.06,101.80,-27635.60,-0.73,3800356.40,148908.19,3735645.94,148908.19,-0.73
NLONG4,2026-01-21,-21396.02,-141010.49,102.53,103.11,-21396.02,-0.56,3800356.40,141010.49,3735645.94,141010.49,-0.56
NLONG5,2026-01-21,-38559.41,-46622.41,99.02,100.04,-38559.41,-1.01,3800356.40,46622.41,3735645.94,46622.41,-1.02
NLONG6,2026-01-21,-30941.06,-44467.46,99.76,100.58,-30941.06,-0.81,3800356.40,44467.46,3735645.94,44467.46,-0.82
NLONG7,2026-01-21,-26932.11,-150022.26,102.04,102.77,-26932.11,-0.71,3800356.40,150022.26,3735645.94,150022.26,-0.71
NLONG8,2026-01-21,-37062.42,-141010.49,102.76,103.77,-37062.42,-0.98,3800356.40,141010.49,3735645.94,141010.49,-0.97
NLONG9,2026-01-21,-34029.77,-46622.41,99.05,99.94,-34029.77,-0.90,3800356.40,46622.41,3735645.94,46622.41,-0.95
SLONG1,2026-01-21,-40521.67,-61324.45,99.49,100.56,-40521.67,-1.07,3800356.40,61324.45,3735645.94,61324.45,-1.06
SLONG10,2026-01-21,-40614.82,-62861.55,100.59,101.68,-40614.82,-1.07,3800356.40,62861.55,3735645.94,62861.55,-1.07
SLONG11,2026-01-21,-1489.46,-61324.45,100.62,100.66,-1489.46,-0.04,3800356.40,61324.45,3735645.94,61324.45,-0.04
SLONG12,2026-01-21,-29284.62,-62861.55,100.90,101.68,-29284.62,-0.77,3800356.40,62861.55,3735645.94,62861.55,-0.77
SLONG13,2026-01-21,-13776.58,-54855.23,101.69,102.06,-13776.58,-0.36,3800356.40,54855.23,3735645.94,54855.23,-0.36
SLONG14,2026-01-21,-17643.29,-40799.43,101.16,101.63,-17643.29,-0.46,3800356.40,40799.43,3735645.94,40799.43,-0.46
SLONG15,2026-01-21,26985.98,-52235.44,103.01,102.28,26985.98,0.71,3800356.40,52235.44,3735645.94,52235.44,0.00
SLONG16,2026-01-21,-5554.60,-45829.99,101.63,101.78,-5554.60,-0.15,3800356.40,45829.99,3735645.94,45829.99,-0.15
SLONG17,2026-01-21,-42823.07,-54855.23,100.91,102.06,-42823.07,-1.13,3800356.40,54855.23,3735645.94,54855.23,-1.13
SLONG18,2026-01-21,-39059.71,-40799.43,100.59,101.63,-39059.71,-1.03,3800356.40,40799.43,3735645.94,40799.43,-1.02
SLONG19,2026-01-21,8307.35,-52235.44,102.47,102.25,8307.35,0.22,3800356.40,52235.44,3735645.94,52235.44,0.00
SLONG2,2026-01-21,-38892.51,-62861.55,100.03,101.06,-38892.51,-1.02,3800356.40,62861.55,3735645.94,62861.55,-1.02
SLONG20,2026-01-21,-30869.41,-45829.99,100.93,101.76,-30869.41,-0.81,3800356.40,45829.99,3735645.94,45829.99,-0.82
SLONG21,2026-01-21,-7097.36,-45845.26,101.57,101.76,-7097.36,-0.19,3800356.40,45845.26,3735645.94,45845.26,-0.19
SLONG22,2026-01-21,-11645.38,-43858.85,101.33,101.64,-11645.38,-0.31,3800356.40,43858.85,3735645.94,43858.85,-0.30
SLONG23,2026-01-21,39166.21,-48254.79,103.25,102.20,39166.21,1.03,3800356.40,48254.79,3735645.94,48254.79,0.00
SLONG24,2026-01-21,3256.17,-53961.20,102.04,101.95,3256.17,0.09,3800356.40,53961.20,3735645.94,53961.20,0.00
SLONG3,2026-01-21,-2727.19,-61324.45,100.44,100.51,-2727.19,-0.07,3800356.40,61324.45,3735645.94,61324.45,-0.07
SLONG4,2026-01-21,-27039.75,-62861.55,100.34,101.06,-27039.75,-0.71,3800356.40,62861.55,3735645.94,62861.55,-0.71
SLONG5,2026-01-21,-40521.67,-61324.45,99.51,100.58,-40521.67,-1.07,3800356.40,61324.45,3735645.94,61324.45,-1.06
SLONG6,2026-01-21,-38892.51,-62861.55,99.99,101.02,-38892.51,-1.02,3800356.40,62861.55,3735645.94,62861.55,-1.02
SLONG7,2026-01-21,-6857.06,-61324.45,100.42,100.60,-6857.06,-0.18,3800356.40,61324.45,3735645.94,61324.45,-0.18
SLONG8,2026-01-21,-29431.01,-62861.55,100.89,101.68,-29431.01,-0.77,3800356.40,62861.55,3735645.94,62861.55,-0.78
SLONG9,2026-01-21,-39283.94,-61324.45,99.66,100.70,-39283.94,-1.03,3800356.40,61324.45,3735645.94,61324.45,-1.03
Liquidcase Stock Holdings,2026-01-21,36090227.24,0.00,100.18,100.17,3211.16,0.01,36087016.08,36087016.08,36083804.92,3211.16,0.00
QYE++ Liquidcase Stock Holdings,2026-01-21,36090227.24,0.00,100.18,100.17,3211.16,0.01,36087016.08,36087016.08,36083804.92,3211.16,0.00
QYE++ Debt Stock Holdings,2026-01-21,36090227.24,0.00,100.18,100.17,3211.16,0.01,36087016.08,36087016.08,36083804.92,3211.16,0.00
Debt Stock Holdings,2026-01-21,36090227.24,0.00,100.18,100.17,3211.16,0.01,36087016.08,36087016.08,36083804.92,3211.16,0.00
QYE++ Stock Holdings,2026-01-21,36090227.24,0.00,100.18,100.17,3211.16,0.01,36087016.08,36087016.08,36083804.92,3211.16,0.00
Stock Holdings,2026-01-21,36090227.24,0.00,100.18,100.17,3211.16,0.01,36087016.08,36087016.08,36083804.92,3211.16,0.00
Small Cap Mutual Funds,2026-01-21,120535741.85,0.00,95.49,96.14,-820684.25,-0.68,121356426.10,121356426.10,123931094.83,-2574668.73,-4.51
QYE++ Small Cap Mutual Funds,2026-01-21,120535741.85,0.00,95.49,96.14,-820684.25,-0.68,121356426.10,121356426.10,123931094.83,-2574668.73,-4.51
QYE++ Mutual Funds,2026-01-21,120535741.85,0.00,95.49,96.14,-820684.25,-0.68,121356426.10,121356426.10,123931094.83,-2574668.73,-4.51
QYE++ Equity Mutual Funds,2026-01-21,120535741.85,0.00,95.49,96.14,-820684.25,-0.68,121356426.10,121356426.10,123931094.83,-2574668.73,-4.51
Equity Mutual Funds,2026-01-21,120535741.85,0.00,95.49,96.14,-820684.25,-0.68,121356426.10,121356426.10,123931094.83,-2574668.73,-4.51
Mutual Funds,2026-01-21,120535741.85,0.00,95.49,96.14,-820684.25,-0.68,121356426.10,121356426.10,123931094.83,-2574668.73,-4.51
QYE++ Miscellaneous P&L,2026-01-21,0.00,0.00,100.00,100.00,0.00,0.00,0.00,0.00,0.00,0.00,0.00
Miscellaneous P&L,2026-01-21,0.00,0.00,100.00,100.00,0.00,0.00,0.00,0.00,0.00,0.00,0.00
QYE++ Equity Holdings Tax,2026-01-21,0.00,0.00,100.00,100.00,0.00,0.00,0.00,0.00,0.00,0.00,0.00
QAW++ Equity Holdings Tax,2026-01-21,0.00,0.00,100.00,100.00,0.00,0.00,0.00,0.00,0.00,0.00,0.00
Equity Holdings Tax,2026-01-21,0.00,0.00,100.00,100.00,0.00,0.00,0.00,0.00,0.00,0.00,0.00
QYE++ Total Tax,2026-01-21,-10253.95,10609.63,100.00,100.00,-10253.95,0.00,0.00,-10609.63,0.00,0.00,0.00
Total Tax,2026-01-21,-10253.95,10609.63,100.00,100.00,-10253.95,0.00,0.00,-10609.63,0.00,0.00,0.00
QYE++ F&O Tax,2026-01-21,-10253.95,10609.63,100.00,100.00,-10253.95,0.00,0.00,-10609.63,0.00,0.00,0.00
F&O Tax,2026-01-21,-10253.95,10609.63,100.00,100.00,-10253.95,0.00,0.00,-10609.63,0.00,0.00,0.00
Equity Intraday Tax,2026-01-21,0.00,0.00,100.00,100.00,0.00,0.00,0.00,0.00,0.00,0.00,0.00
MCX Tax,2026-01-21,0.00,0.00,100.00,100.00,0.00,0.00,0.00,0.00,0.00,0.00,0.00
QYE++ Total Other Debits and Credits,2026-01-21,0.00,29.50,100.00,100.00,0.00,0.00,0.00,-29.50,0.00,-29.50,0.00
Total Other Debits and Credits,2026-01-21,0.00,29.50,100.00,100.00,0.00,0.00,0.00,-29.50,0.00,0.00,0.00
QYE++ Equity Other Debits and Credits,2026-01-21,0.00,29.50,100.00,100.00,0.00,0.00,0.00,-29.50,0.00,-29.50,0.00
Equity Other Debits and Credits,2026-01-21,0.00,29.50,100.00,100.00,0.00,0.00,0.00,-29.50,0.00,0.00,0.00
QYE++ NPSAR,2026-01-21,22931686.50,-109761.19,100.60,100.46,129548.03,0.14,91208553.86,22911899.68,89655502.85,498023.97,0.00
NPSAR,2026-01-21,22931686.50,-109761.19,100.60,100.46,129548.03,0.14,91208553.86,22911899.68,89655502.85,498023.97,0.00
QYE++ SPSAR,2026-01-21,22755687.94,-139444.78,100.35,100.40,-46450.53,-0.05,91208553.86,22941583.27,89655502.85,527707.56,-0.05
SPSAR,2026-01-21,22755687.94,-139444.78,100.35,100.40,-46450.53,-0.05,91208553.86,22941583.27,89655502.85,527707.56,-0.05
QYE++ NLONG,2026-01-21,-553659.38,-2068750.14,101.59,102.21,-553659.38,-0.61,91208553.60,2068750.14,89655502.56,2068750.14,-0.61
NLONG,2026-01-21,-553659.38,-2068750.14,101.59,102.21,-553659.38,-0.61,91208553.60,2068750.14,89655502.56,2068750.14,-0.61
QYE++ SLONG,2026-01-21,-426309.90,-1324476.28,100.98,101.45,-426309.90,-0.47,91208553.60,1324476.28,89655502.56,1324476.28,-0.47
SLONG,2026-01-21,-426309.90,-1324476.28,100.98,101.45,-426309.90,-0.47,91208553.60,1324476.28,89655502.56,1324476.28,-0.47
QYE++ PSAR,2026-01-21,45687374.43,-249205.96,100.48,100.43,83097.50,0.05,182417107.72,45853482.96,179311005.70,1025731.53,0.00
PSAR,2026-01-21,45687374.43,-249205.96,100.48,100.43,83097.50,0.05,182417107.72,45853482.95,179311005.70,1025731.53,0.00
QYE++ LONG,2026-01-21,-979969.28,-3393226.42,101.28,101.83,-979969.28,-0.54,182417107.20,3393226.42,179311005.12,3393226.42,-0.54
LONG,2026-01-21,-979969.28,-3393226.42,101.28,101.83,-979969.28,-0.54,182417107.20,3393226.42,179311005.12,3393226.42,-0.54
QYE++ Total Portfolio Value,2026-01-21,44697151.20,-3631822.75,101.73,102.24,-907125.73,-0.50,182417107.00,49236099.74,179311005.00,4408348.32,-0.50
Total Portfolio Value,2026-01-21,44697151.20,-3631822.75,101.73,102.24,-907125.73,-0.50,182417107.00,49236099.74,179311005.00,4408348.32,-0.50
QYE++ Zerodha Total Portfolio,2026-01-21,177811697.82,0.00,98.59,99.55,-1724598.82,-0.96,179536296.64,179536296.64,177699435.39,1836861.25,-1.41
Zerodha Total Portfolio,2026-01-21,177811697.82,0.00,98.59,99.55,-1724598.82,-0.96,179536296.64,179536296.64,177699435.39,1836861.25,-1.41
NPSAR1,2026-01-22,1246315.64,-20567.34,101.21,101.50,-14527.50,-0.29,5043372.57,1281410.48,5067141.90,14625.00,-0.29
NPSAR10,2026-01-22,2796248.52,-51999.75,100.73,101.09,-40648.53,-0.36,11347588.19,2888896.80,11401069.19,38629.50,-0.36
NPSAR11,2026-01-22,2822630.08,33567.88,100.30,100.43,-14266.97,-0.13,11347588.19,2803329.17,11401069.19,-46938.13,-0.55
NPSAR12,2026-01-22,2862021.48,-5820.65,101.57,101.35,25124.43,0.22,11347588.19,2842717.70,11401069.19,-7549.60,0.00
NPSAR13,2026-01-22,2852033.12,-23290.51,101.82,101.68,15136.07,0.13,11347588.19,2860187.56,11401069.19,9920.26,0.00
NPSAR2,2026-01-22,1246315.64,-20567.34,101.20,101.49,-14527.50,-0.29,5043372.57,1281410.48,5067141.90,14625.00,-0.29
NPSAR3,2026-01-22,1246315.64,-20567.34,101.20,101.49,-14527.50,-0.29,5043372.57,1281410.48,5067141.90,14625.00,-0.29
NPSAR4,2026-01-22,1246315.64,-20567.34,98.58,98.86,-14527.50,-0.29,5043372.57,1281410.48,5067141.90,14625.00,-1.42
NPSAR5,2026-01-22,1246315.64,-20567.34,98.70,98.99,-14527.50,-0.29,5043372.57,1281410.48,5067141.90,14625.00,-1.30
NPSAR6,2026-01-22,1246315.64,-20567.34,99.86,100.15,-14527.50,-0.29,5043372.57,1281410.48,5067141.90,14625.00,-0.29
NPSAR7,2026-01-22,1246315.64,-20567.34,100.55,100.84,-14527.50,-0.29,5043372.57,1281410.48,5067141.90,14625.00,-0.29
NPSAR8,2026-01-22,1243080.68,-22497.84,98.26,98.61,-17762.46,-0.35,5043372.57,1283340.98,5067141.90,16555.50,-1.74
NPSAR9,2026-01-22,1205319.75,-22497.84,97.53,98.62,-55523.39,-1.10,5043372.57,1283340.98,5067141.90,16555.50,-2.47
SPSAR1,2026-01-22,1262568.67,-8930.34,101.13,101.10,1725.53,0.03,5043372.57,1269773.48,5067141.90,2988.00,0.00
SPSAR10,2026-01-22,2825502.80,46281.44,100.37,100.47,-11394.25,-0.10,11347588.19,2790615.61,11401069.19,-59651.69,-0.62
SPSAR11,2026-01-22,2852952.66,15991.36,100.71,100.57,16055.61,0.14,11347588.19,2820905.69,11401069.19,-29361.61,-0.12
SPSAR12,2026-01-22,2855326.96,-14471.25,101.28,101.12,18429.91,0.16,11347588.19,2851368.30,11401069.19,1101.00,0.00
SPSAR13,2026-01-22,2930548.05,-19948.02,102.58,101.74,93651.00,0.83,11347588.19,2856845.07,11401069.19,6577.77,0.00
SPSAR2,2026-01-22,1262755.81,-8930.34,101.14,101.10,1912.67,0.04,5043372.57,1269773.48,5067141.90,2988.00,0.00
SPSAR3,2026-01-22,1262741.70,-8930.34,101.14,101.10,1898.56,0.04,5043372.57,1269773.48,5067141.90,2988.00,0.00
SPSAR4,2026-01-22,1258972.16,-10262.34,98.79,98.83,-1870.98,-0.04,5043372.57,1271105.48,5067141.90,4320.00,-1.21
SPSAR5,2026-01-22,1261433.66,-10262.34,98.94,98.93,590.52,0.01,5043372.57,1271105.48,5067141.90,4320.00,-1.06
SPSAR6,2026-01-22,1262136.82,-10262.34,100.32,100.29,1293.68,0.03,5043372.57,1271105.48,5067141.90,4320.00,0.00
SPSAR7,2026-01-22,1261707.51,-10262.34,98.66,98.64,864.37,0.02,5043372.57,1271105.48,5067141.90,4320.00,-1.34
SPSAR8,2026-01-22,1238482.20,-10262.34,98.17,98.61,-22360.94,-0.44,5043372.57,1271105.48,5067141.90,4320.00,-1.83
SPSAR9,2026-01-22,1241488.50,-10262.34,98.55,98.93,-19354.64,-0.38,5043372.57,1271105.48,5067141.90,4320.00,-1.45
NLONG1,2026-01-22,-44416.98,38559.41,96.78,97.93,-44416.98,-1.17,3782529.40,-38559.41,3800356.40,-38559.41,-3.22
NLONG10,2026-01-22,-52757.43,31893.83,98.94,100.34,-52757.43,-1.39,3782529.40,-31893.83,3800356.40,-31893.83,-2.22
NLONG11,2026-01-22,-6908.85,23105.96,101.98,102.17,-6908.85,-0.18,3782529.40,-23105.96,3800356.40,-23105.96,-0.79
NLONG12,2026-01-22,-28449.86,3906.65,102.88,103.66,-28449.86,-0.75,3782529.40,-3906.65,3800356.40,-3906.65,-0.86
NLONG13,2026-01-22,25181.27,17996.98,101.68,101.01,25181.27,0.67,3782529.40,-17996.98,3800356.40,-17996.98,0.00
NLONG14,2026-01-22,25326.58,20046.10,101.40,100.73,25326.58,0.67,3782529.40,-20046.10,3800356.40,-20046.10,0.00
NLONG15,2026-01-22,31414.72,5057.93,105.39,104.52,31414.72,0.83,3782529.40,-5057.93,3800356.40,-5057.93,0.00
NLONG16,2026-01-22,28330.86,10982.60,103.66,102.89,28330.86,0.75,3782529.40,-10982.60,3800356.40,-10982.60,0.00
NLONG17,2026-01-22,19465.07,36893.13,101.02,100.50,19465.07,0.51,3782529.40,-36893.13,3800356.40,-36893.13,-0.46
NLONG18,2026-01-22,4608.21,42986.75,100.23,100.11,4608.21,0.12,3782529.40,-42986.75,3800356.40,-42986.75,-1.02
NLONG19,2026-01-22,29041.16,16396.51,104.90,104.10,29041.16,0.77,3782529.40,-16396.51,3800356.40,-16396.51,0.00
NLONG2,2026-01-22,-48972.96,30941.06,98.43,99.72,-48972.96,-1.29,3782529.40,-30941.06,3800356.40,-30941.06,-2.10
NLONG20,2026-01-22,27764.89,20303.16,103.28,102.53,27764.89,0.73,3782529.40,-20303.16,3800356.40,-20303.16,0.00
NLONG21,2026-01-22,27176.48,12519.24,101.59,100.87,27176.48,0.72,3782529.40,-12519.24,3800356.40,-12519.24,0.00
NLONG22,2026-01-22,25746.66,18041.47,101.31,100.63,25746.66,0.68,3782529.40,-18041.47,3800356.40,-18041.47,0.00
NLONG23,2026-01-22,32052.53,-1194.63,106.10,105.21,32052.53,0.85,3782529.40,1194.63,3800356.40,1194.63,0.00
NLONG24,2026-01-22,30178.87,8666.84,105.93,105.09,30178.87,0.80,3782529.40,-8666.84,3800356.40,-8666.84,0.00
NLONG3,2026-01-22,-45153.23,27635.60,99.85,101.06,-45153.23,-1.19,3782529.40,-27635.60,3800356.40,-27635.60,-1.92
NLONG4,2026-01-22,-50232.34,21396.02,101.17,102.53,-50232.34,-1.33,3782529.40,-21396.02,3800356.40,-21396.02,-1.88
NLONG5,2026-01-22,-44416.98,38559.41,97.86,99.02,-44416.98,-1.17,3782529.40,-38559.41,3800356.40,-38559.41,-2.18
NLONG6,2026-01-22,-48972.96,30941.06,98.47,99.76,-48972.96,-1.29,3782529.40,-30941.06,3800356.40,-30941.06,-2.10
NLONG7,2026-01-22,-47762.48,26932.11,100.75,102.04,-47762.48,-1.26,3782529.40,-26932.11,3800356.40,-26932.11,-1.97
NLONG8,2026-01-22,-27377.62,37062.42,102.02,102.76,-27377.62,-0.72,3782529.40,-37062.42,3800356.40,-37062.42,-1.69
NLONG9,2026-01-22,-11216.72,34029.77,98.76,99.05,-11216.72,-0.30,3782529.40,-34029.77,3800356.40,-34029.77,-1.24
SLONG1,2026-01-22,-41347.91,40521.67,98.40,99.49,-41347.91,-1.09,3782529.40,-40521.67,3800356.40,-40521.67,-2.15
SLONG10,2026-01-22,-24072.09,40614.82,99.95,100.59,-24072.09,-0.64,3782529.40,-40614.82,3800356.40,-40614.82,-1.70
SLONG11,2026-01-22,-25378.79,1489.46,99.94,100.62,-25378.79,-0.67,3782529.40,-1489.46,3800356.40,-1489.46,-0.72
SLONG12,2026-01-22,-38412.37,29284.62,99.88,100.90,-38412.37,-1.02,3782529.40,-29284.62,3800356.40,-29284.62,-1.77
SLONG13,2026-01-22,42671.54,13776.58,102.84,101.69,42671.54,1.13,3782529.40,-13776.58,3800356.40,-13776.58,0.00
SLONG14,2026-01-22,42631.80,17643.29,102.30,101.16,42631.80,1.13,3782529.40,-17643.29,3800356.40,-17643.29,0.00
SLONG15,2026-01-22,8740.02,-26985.98,103.25,103.01,8740.02,0.23,3782529.40,26985.98,3800356.40,26985.98,0.00
SLONG16,2026-01-22,17190.51,5554.60,102.09,101.63,17190.51,0.45,3782529.40,-5554.60,3800356.40,-5554.60,0.00
SLONG17,2026-01-22,25084.23,42823.07,101.58,100.91,25084.23,0.66,3782529.40,-42823.07,3800356.40,-42823.07,-0.47
SLONG18,2026-01-22,3679.24,39059.71,100.69,100.59,3679.24,0.10,3782529.40,-39059.71,3800356.40,-39059.71,-0.92
SLONG19,2026-01-22,-77.62,-8307.35,102.47,102.47,-77.62,0.00,3782529.40,8307.35,3800356.40,8307.35,0.00
SLONG2,2026-01-22,-23270.10,38892.51,99.41,100.03,-23270.10,-0.62,3782529.40,-38892.51,3800356.40,-38892.51,-1.63
SLONG20,2026-01-22,-29217.55,30869.41,100.15,100.93,-29217.55,-0.77,3782529.40,-30869.41,3800356.40,-30869.41,-1.58
SLONG21,2026-01-22,52685.81,7097.36,102.98,101.57,52685.81,1.39,3782529.40,-7097.36,3800356.40,-7097.36,0.00
SLONG22,2026-01-22,52641.09,11645.38,102.74,101.33,52641.09,1.39,3782529.40,-11645.38,3800356.40,-11645.38,0.00
SLONG23,2026-01-22,24409.51,-39166.21,103.92,103.25,24409.51,0.65,3782529.40,39166.21,3800356.40,39166.21,0.00
SLONG24,2026-01-22,22301.81,-3256.17,102.64,102.04,22301.81,0.59,3782529.40,3256.17,3800356.40,3256.17,0.00
SLONG3,2026-01-22,-71864.93,2727.19,98.53,100.44,-71864.93,-1.90,3782529.40,-2727.19,3800356.40,-2727.19,-1.97
SLONG4,2026-01-22,-30630.47,27039.75,99.53,100.34,-30630.47,-0.81,3782529.40,-27039.75,3800356.40,-27039.75,-1.51
SLONG5,2026-01-22,-41347.91,40521.67,98.42,99.51,-41347.91,-1.09,3782529.40,-40521.67,3800356.40,-40521.67,-2.15
SLONG6,2026-01-22,-23270.10,38892.51,99.37,99.99,-23270.10,-0.62,3782529.40,-38892.51,3800356.40,-38892.51,-1.63
SLONG7,2026-01-22,-66226.56,6857.06,98.66,100.42,-66226.56,-1.75,3782529.40,-6857.06,3800356.40,-6857.06,-1.93
SLONG8,2026-01-22,-31244.63,29431.01,100.06,100.89,-31244.63,-0.83,3782529.40,-29431.01,3800356.40,-29431.01,-1.59
SLONG9,2026-01-22,1097.14,39283.94,99.69,99.66,1097.14,0.03,3782529.40,-39283.94,3800356.40,-39283.94,-1.00
Liquidcase Stock Holdings,2026-01-22,36093438.40,0.00,100.19,100.18,3211.16,0.01,36090227.24,36090227.24,36087016.08,3211.16,0.00
QYE++ Liquidcase Stock Holdings,2026-01-22,36093438.40,0.00,100.19,100.18,3211.16,0.01,36090227.24,36090227.24,36087016.08,3211.16,0.00
QYE++ Debt Stock Holdings,2026-01-22,36093438.40,0.00,100.19,100.18,3211.16,0.01,36090227.24,36090227.24,36087016.08,3211.16,0.00
Debt Stock Holdings,2026-01-22,36093438.40,0.00,100.19,100.18,3211.16,0.01,36090227.24,36090227.24,36087016.08,3211.16,0.00
QYE++ Stock Holdings,2026-01-22,36093438.40,0.00,100.19,100.18,3211.16,0.01,36090227.24,36090227.24,36087016.08,3211.16,0.00
Stock Holdings,2026-01-22,36093438.40,0.00,100.19,100.18,3211.16,0.01,36090227.24,36090227.24,36087016.08,3211.16,0.00
Small Cap Mutual Funds,2026-01-22,121626732.90,0.00,96.36,95.49,1090991.05,0.91,120535741.85,120535741.85,121356426.10,-820684.25,-3.64
QYE++ Small Cap Mutual Funds,2026-01-22,121626732.90,0.00,96.36,95.49,1090991.05,0.91,120535741.85,120535741.85,121356426.10,-820684.25,-3.64
QYE++ Mutual Funds,2026-01-22,121626732.90,0.00,96.36,95.49,1090991.05,0.91,120535741.85,120535741.85,121356426.10,-820684.25,-3.64
QYE++ Equity Mutual Funds,2026-01-22,121626732.90,0.00,96.36,95.49,1090991.05,0.91,120535741.85,120535741.85,121356426.10,-820684.25,-3.64
Equity Mutual Funds,2026-01-22,121626732.90,0.00,96.36,95.49,1090991.05,0.91,120535741.85,120535741.85,121356426.10,-820684.25,-3.64
Mutual Funds,2026-01-22,121626732.90,0.00,96.36,95.49,1090991.05,0.91,120535741.85,120535741.85,121356426.10,-820684.25,-3.64
QYE++ Miscellaneous P&L,2026-01-22,0.00,0.00,100.00,100.00,0.00,0.00,0.00,0.00,0.00,0.00,0.00
Miscellaneous P&L,2026-01-22,0.00,0.00,100.00,100.00,0.00,0.00,0.00,0.00,0.00,0.00,0.00
QYE++ Equity Holdings Tax,2026-01-22,0.00,0.00,100.00,100.00,0.00,0.00,0.00,0.00,0.00,0.00,0.00
QAW++ Equity Holdings Tax,2026-01-22,0.00,0.00,100.00,100.00,0.00,0.00,0.00,0.00,0.00,0.00,0.00
Equity Holdings Tax,2026-01-22,0.00,0.00,100.00,100.00,0.00,0.00,0.00,0.00,0.00,0.00,0.00
QYE++ Total Tax,2026-01-22,-11521.38,10253.95,100.00,100.00,-11521.38,0.00,0.00,-10253.95,0.00,0.00,0.00
Total Tax,2026-01-22,-11521.38,10253.95,100.00,100.00,-11521.38,0.00,0.00,-10253.95,0.00,0.00,0.00
QYE++ F&O Tax,2026-01-22,-11521.38,10253.95,100.00,100.00,-11521.38,0.00,0.00,-10253.95,0.00,0.00,0.00
F&O Tax,2026-01-22,-11521.38,10253.95,100.00,100.00,-11521.38,0.00,0.00,-10253.95,0.00,0.00,0.00
Equity Intraday Tax,2026-01-22,0.00,0.00,100.00,100.00,0.00,0.00,0.00,0.00,0.00,0.00,0.00
MCX Tax,2026-01-22,0.00,0.00,100.00,100.00,0.00,0.00,0.00,0.00,0.00,0.00,0.00
QYE++ Total Other Debits and Credits,2026-01-22,0.00,0.00,100.00,100.00,0.00,0.00,0.00,0.00,0.00,0.00,0.00
Total Other Debits and Credits,2026-01-22,0.00,0.00,100.00,100.00,0.00,0.00,0.00,0.00,0.00,0.00,0.00
QYE++ Equity Other Debits and Credits,2026-01-22,0.00,0.00,100.00,100.00,0.00,0.00,0.00,0.00,0.00,0.00,0.00
Equity Other Debits and Credits,2026-01-22,0.00,0.00,100.00,100.00,0.00,0.00,0.00,0.00,0.00,0.00,0.00
QYE++ NPSAR,2026-01-22,22505543.12,-236510.08,100.39,100.60,-189633.35,-0.21,90780705.89,22931686.50,91208553.86,129548.03,-0.21
NPSAR,2026-01-22,22505543.12,-236510.08,100.39,100.60,-189633.35,-0.21,90780705.89,22931686.50,91208553.86,129548.03,-0.21
QYE++ SPSAR,2026-01-22,22776617.51,-60511.52,100.44,100.35,81441.04,0.09,90780705.89,22755687.94,91208553.86,-46450.53,0.00
SPSAR,2026-01-22,22776617.51,-60511.52,100.44,100.35,81441.04,0.09,90780705.89,22755687.94,91208553.86,-46450.53,0.00
QYE++ NLONG,2026-01-22,-150351.11,553659.38,101.42,101.59,-150351.11,-0.17,90780705.60,-553659.38,91208553.60,-553659.38,-0.77
NLONG,2026-01-22,-150351.11,553659.38,101.42,101.59,-150351.11,-0.17,90780705.60,-553659.38,91208553.60,-553659.38,-0.77
QYE++ SLONG,2026-01-22,-153228.33,426309.90,100.81,100.98,-153228.33,-0.17,90780705.60,-426309.90,91208553.60,-426309.90,-0.64
SLONG,2026-01-22,-153228.33,426309.90,100.81,100.98,-153228.33,-0.17,90780705.60,-426309.90,91208553.60,-426309.90,-0.64
QYE++ PSAR,2026-01-22,45282160.64,-297021.59,100.42,100.48,-108192.31,-0.06,181561411.78,45687374.43,182417107.72,83097.50,-0.06
PSAR,2026-01-22,45282160.64,-297021.59,100.42,100.48,-108192.31,-0.06,181561411.78,45687374.43,182417107.72,83097.50,-0.06
QYE++ LONG,2026-01-22,-303579.44,979969.28,101.11,101.28,-303579.44,-0.17,181561411.20,-979969.28,182417107.20,-979969.28,-0.70
LONG,2026-01-22,-303579.44,979969.28,101.11,101.28,-303579.44,-0.17,181561411.20,-979969.28,182417107.20,-979969.28,-0.70
QYE++ Total Portfolio Value,2026-01-22,44967059.82,693201.64,101.50,101.73,-423293.13,-0.23,181561411.00,44697151.20,182417107.00,-907125.73,-0.73
Total Portfolio Value,2026-01-22,44967059.82,693201.64,101.50,101.73,-423293.13,-0.23,181561411.00,44697151.20,182417107.00,-907125.73,-0.72
QYE++ Zerodha Total Portfolio,2026-01-22,178482606.90,0.00,98.97,98.59,670909.08,0.38,177811697.82,177811697.82,179536296.64,-1724598.82,-1.03
Zerodha Total Portfolio,2026-01-22,178482606.90,0.00,98.97,98.59,670909.08,0.38,177811697.82,177811697.82,179536296.64,-1724598.82,-1.03
NPSAR1,2026-01-23,1267700.12,-14242.02,101.94,101.21,35626.50,0.72,4928294.46,1246315.64,5043372.57,-14527.50,0.00
NPSAR10,2026-01-23,2790608.38,-24082.91,100.90,100.73,18442.77,0.17,11088662.44,2796248.52,11347588.19,-40648.53,-0.19
NPSAR11,2026-01-23,2809298.13,-50464.47,100.64,100.30,37132.52,0.33,11088662.44,2822630.08,11347588.19,-14266.97,-0.21
NPSAR12,2026-01-23,2842084.30,-89855.87,102.21,101.57,69918.69,0.63,11088662.44,2862021.48,11347588.19,25124.43,0.00
NPSAR13,2026-01-23,2838343.16,-79867.51,102.43,101.82,66177.55,0.60,11088662.44,2852033.12,11347588.19,15136.07,0.00
NPSAR2,2026-01-23,1267700.12,-14242.02,101.93,101.20,35626.50,0.72,4928294.46,1246315.64,5043372.57,-14527.50,0.00
NPSAR3,2026-01-23,1267700.12,-14242.02,101.93,101.20,35626.50,0.72,4928294.46,1246315.64,5043372.57,-14527.50,0.00
NPSAR4,2026-01-23,1267700.12,-14242.02,99.29,98.58,35626.50,0.72,4928294.46,1246315.64,5043372.57,-14527.50,-0.71
NPSAR5,2026-01-23,1267700.12,-14242.02,99.41,98.70,35626.50,0.72,4928294.46,1246315.64,5043372.57,-14527.50,-0.59
NPSAR6,2026-01-23,1267700.12,-14242.02,100.58,99.86,35626.50,0.72,4928294.46,1246315.64,5043372.57,-14527.50,0.00
NPSAR7,2026-01-23,1177815.68,-14242.02,99.44,100.55,-54257.94,-1.10,4928294.46,1246315.64,5043372.57,-14527.50,-1.39
NPSAR8,2026-01-23,1159962.12,-11007.06,96.82,98.26,-72111.50,-1.46,4928294.46,1243080.68,5043372.57,-17762.46,-3.18
NPSAR9,2026-01-23,1207755.43,26753.87,97.05,97.53,-24318.19,-0.49,4928294.46,1205319.75,5043372.57,-55523.39,-2.95
SPSAR1,2026-01-23,1276185.62,-30495.05,102.04,101.13,44112.00,0.90,4928294.46,1262568.67,5043372.57,1725.53,0.00
SPSAR10,2026-01-23,2879055.61,-53337.19,101.34,100.37,106890.00,0.96,11088662.44,2825502.80,11347588.19,-11394.25,0.00
SPSAR11,2026-01-23,2808614.81,-80787.05,101.04,100.71,36449.20,0.33,11088662.44,2852952.66,11347588.19,16055.61,0.00
SPSAR12,2026-01-23,2820116.19,-83161.35,101.72,101.28,47950.58,0.43,11088662.44,2855326.96,11347588.19,18429.91,0.00
SPSAR13,2026-01-23,2807666.04,-158382.44,102.91,102.58,35500.43,0.32,11088662.44,2930548.05,11347588.19,93651.00,0.00
SPSAR2,2026-01-23,1273965.62,-30682.20,102.00,101.14,41892.00,0.85,4928294.46,1262755.81,5043372.57,1912.67,0.00
SPSAR3,2026-01-23,1276185.62,-30668.09,102.05,101.14,44112.00,0.90,4928294.46,1262741.70,5043372.57,1898.56,0.00
SPSAR4,2026-01-23,1276185.62,-26898.54,99.67,98.79,44112.00,0.90,4928294.46,1258972.16,5043372.57,-1870.98,-0.33
SPSAR5,2026-01-23,1276185.62,-29360.04,99.83,98.94,44112.00,0.90,4928294.46,1261433.66,5043372.57,590.52,-0.17
SPSAR6,2026-01-23,1276185.62,-30063.21,101.22,100.32,44112.00,0.90,4928294.46,1262136.82,5043372.57,1293.68,0.00
SPSAR7,2026-01-23,1192136.18,-29633.90,97.86,98.66,-39937.44,-0.81,4928294.46,1261707.51,5043372.57,864.37,-2.14
SPSAR8,2026-01-23,1206367.72,-6408.58,97.66,98.17,-25705.90,-0.52,4928294.46,1238482.20,5043372.57,-22360.94,-2.34
SPSAR9,2026-01-23,1213294.05,-9414.89,98.17,98.55,-18779.57,-0.38,4928294.46,1241488.50,5043372.57,-19354.64,-1.83
NLONG1,2026-01-23,54357.95,44416.98,98.20,96.78,54357.95,1.47,3696220.81,-44416.98,3782529.40,-44416.98,-1.80
NLONG10,2026-01-23,45813.75,52757.43,100.17,98.94,45813.75,1.24,3696220.81,-52757.43,3782529.40,-52757.43,-1.01
NLONG11,2026-01-23,47555.60,6908.85,103.29,101.98,47555.60,1.29,3696220.81,-6908.85,3782529.40,-6908.85,0.00
NLONG12,2026-01-23,45813.75,28449.86,104.16,102.88,45813.75,1.24,3696220.81,-28449.86,3782529.40,-28449.86,0.00
NLONG13,2026-01-23,24393.95,-25181.27,102.35,101.68,24393.95,0.66,3696220.81,25181.27,3782529.40,25181.27,0.00
NLONG14,2026-01-23,21389.01,-25326.58,101.99,101.40,21389.01,0.58,3696220.81,25326.58,3782529.40,25326.58,0.00
NLONG15,2026-01-23,28398.94,-31414.72,106.20,105.39,28398.94,0.77,3696220.81,31414.72,3782529.40,31414.72,0.00
NLONG16,2026-01-23,21194.43,-28330.86,104.25,103.66,21194.43,0.57,3696220.81,28330.86,3782529.40,28330.86,0.00
NLONG17,2026-01-23,24393.95,-19465.07,101.69,101.02,24393.95,0.66,3696220.81,19465.07,3782529.40,19465.07,0.00
NLONG18,2026-01-23,21389.01,-4608.21,100.81,100.23,21389.01,0.58,3696220.81,4608.21,3782529.40,4608.21,-0.44
NLONG19,2026-01-23,5289.15,-29041.16,105.05,104.90,5289.15,0.14,3696220.81,29041.16,3782529.40,29041.16,0.00
NLONG2,2026-01-23,45813.75,48972.96,99.65,98.43,45813.75,1.24,3696220.81,-48972.96,3782529.40,-48972.96,-0.89
NLONG20,2026-01-23,781.51,-27764.89,103.30,103.28,781.51,0.02,3696220.81,27764.89,3782529.40,27764.89,0.00
NLONG21,2026-01-23,-7640.93,-27176.48,101.38,101.59,-7640.93,-0.21,3696220.81,27176.48,3782529.40,27176.48,-0.21
NLONG22,2026-01-23,-7949.00,-25746.66,101.09,101.31,-7949.00,-0.22,3696220.81,25746.66,3782529.40,25746.66,-0.22
NLONG23,2026-01-23,8588.26,-32052.53,106.35,106.10,8588.26,0.23,3696220.81,32052.53,3782529.40,32052.53,0.00
NLONG24,2026-01-23,4080.62,-30178.87,106.05,105.93,4080.62,0.11,3696220.81,30178.87,3782529.40,30178.87,0.00
NLONG3,2026-01-23,48024.56,45153.23,101.15,99.85,48024.56,1.30,3696220.81,-45153.23,3782529.40,-45153.23,-0.64
NLONG4,2026-01-23,45813.75,50232.34,102.42,101.17,45813.75,1.24,3696220.81,-50232.34,3782529.40,-50232.34,-0.67
NLONG5,2026-01-23,54357.95,44416.98,99.30,97.86,54357.95,1.47,3696220.81,-44416.98,3782529.40,-44416.98,-0.74
NLONG6,2026-01-23,45813.75,48972.96,99.69,98.47,45813.75,1.24,3696220.81,-48972.96,3782529.40,-48972.96,-0.88
NLONG7,2026-01-23,48024.56,47762.48,102.06,100.75,48024.56,1.30,3696220.81,-47762.48,3782529.40,-47762.48,-0.69
NLONG8,2026-01-23,45813.75,27377.62,103.28,102.02,45813.75,1.24,3696220.81,-27377.62,3782529.40,-27377.62,-0.47
NLONG9,2026-01-23,54357.95,11216.72,100.21,98.76,54357.95,1.47,3696220.81,-11216.72,3782529.40,-11216.72,0.00
SLONG1,2026-01-23,34753.85,41347.91,99.33,98.40,34753.85,0.94,3696220.81,-41347.91,3782529.40,-41347.91,-1.22
SLONG10,2026-01-23,41605.16,24072.09,101.08,99.95,41605.16,1.13,3696220.81,-24072.09,3782529.40,-24072.09,-0.59
SLONG11,2026-01-23,29324.15,25378.79,100.73,99.94,29324.15,0.79,3696220.81,-25378.79,3782529.40,-25378.79,0.00
SLONG12,2026-01-23,33261.60,38412.37,100.78,99.88,33261.60,0.90,3696220.81,-38412.37,3782529.40,-38412.37,-0.89
SLONG13,2026-01-23,17840.79,-42671.54,103.34,102.84,17840.79,0.48,3696220.81,42671.54,3782529.40,42671.54,0.00
SLONG14,2026-01-23,17892.82,-42631.80,102.80,102.30,17892.82,0.48,3696220.81,42631.80,3782529.40,42631.80,0.00
SLONG15,2026-01-23,21983.52,-8740.02,103.86,103.25,21983.52,0.59,3696220.81,8740.02,3782529.40,8740.02,0.00
SLONG16,2026-01-23,22706.09,-17190.51,102.72,102.09,22706.09,0.61,3696220.81,17190.51,3782529.40,17190.51,0.00
SLONG17,2026-01-23,17840.79,-25084.23,102.07,101.58,17840.79,0.48,3696220.81,25084.23,3782529.40,25084.23,0.00
SLONG18,2026-01-23,17892.82,-3679.24,101.18,100.69,17892.82,0.48,3696220.81,3679.24,3782529.40,3679.24,-0.44
SLONG19,2026-01-23,8062.60,77.62,102.69,102.47,8062.60,0.22,3696220.81,-77.62,3782529.40,-77.62,0.00
SLONG2,2026-01-23,42317.38,23270.10,100.55,99.41,42317.38,1.14,3696220.81,-23270.10,3782529.40,-23270.10,-0.50
SLONG20,2026-01-23,8062.60,29217.55,100.37,100.15,8062.60,0.22,3696220.81,-29217.55,3782529.40,-29217.55,-1.37
SLONG21,2026-01-23,-3259.54,-52685.81,102.89,102.98,-3259.54,-0.09,3696220.81,52685.81,3782529.40,52685.81,-0.09
SLONG22,2026-01-23,-3930.08,-52641.09,102.63,102.74,-3930.08,-0.11,3696220.81,52641.09,3782529.40,52641.09,-0.11
SLONG23,2026-01-23,8936.62,-24409.51,104.17,103.92,8936.62,0.24,3696220.81,24409.51,3782529.40,24409.51,0.00
SLONG24,2026-01-23,8936.62,-22301.81,102.89,102.64,8936.62,0.24,3696220.81,22301.81,3782529.40,22301.81,0.00
SLONG3,2026-01-23,27718.65,71864.93,99.27,98.53,27718.65,0.75,3696220.81,-71864.93,3782529.40,-71864.93,-1.23
SLONG4,2026-01-23,33261.60,30630.47,100.43,99.53,33261.60,0.90,3696220.81,-30630.47,3782529.40,-30630.47,-0.62
SLONG5,2026-01-23,34753.85,41347.91,99.35,98.42,34753.85,0.94,3696220.81,-41347.91,3782529.40,-41347.91,-1.22
SLONG6,2026-01-23,42317.38,23270.10,100.51,99.37,42317.38,1.14,3696220.81,-23270.10,3782529.40,-23270.10,-0.50
SLONG7,2026-01-23,27718.65,66226.56,99.40,98.66,27718.65,0.75,3696220.81,-66226.56,3782529.40,-66226.56,-1.19
SLONG8,2026-01-23,33261.60,31244.63,100.96,100.06,33261.60,0.90,3696220.81,-31244.63,3782529.40,-31244.63,-0.71
SLONG9,2026-01-23,34753.85,-1097.14,100.63,99.69,34753.85,0.94,3696220.81,1097.14,3782529.40,1097.14,-0.07
Liquidcase Stock Holdings,2026-01-23,36115916.52,0.00,100.25,100.19,22478.12,0.06,36093438.40,36093438.40,36090227.24,3211.16,0.00
QYE++ Liquidcase Stock Holdings,2026-01-23,36115916.52,0.00,100.25,100.19,22478.12,0.06,36093438.40,36093438.40,36090227.24,3211.16,0.00
QYE++ Debt Stock Holdings,2026-01-23,36115916.52,0.00,100.25,100.19,22478.12,0.06,36093438.40,36093438.40,36090227.24,3211.16,0.00
Debt Stock Holdings,2026-01-23,36115916.52,0.00,100.25,100.19,22478.12,0.06,36093438.40,36093438.40,36090227.24,3211.16,0.00
QYE++ Stock Holdings,2026-01-23,36115916.52,0.00,100.25,100.19,22478.12,0.06,36093438.40,36093438.40,36090227.24,3211.16,0.00
Stock Holdings,2026-01-23,36115916.52,0.00,100.25,100.19,22478.12,0.06,36093438.40,36093438.40,36090227.24,3211.16,0.00
Small Cap Mutual Funds,2026-01-23,118686725.78,0.00,94.03,96.36,-2940007.12,-2.42,121626732.90,121626732.90,120535741.85,1090991.05,-5.97
QYE++ Small Cap Mutual Funds,2026-01-23,118686725.78,0.00,94.03,96.36,-2940007.12,-2.42,121626732.90,121626732.90,120535741.85,1090991.05,-5.97
QYE++ Mutual Funds,2026-01-23,118686725.78,0.00,94.03,96.36,-2940007.12,-2.42,121626732.90,121626732.90,120535741.85,1090991.05,-5.97
QYE++ Equity Mutual Funds,2026-01-23,118686725.78,0.00,94.03,96.36,-2940007.12,-2.42,121626732.90,121626732.90,120535741.85,1090991.05,-5.97
Equity Mutual Funds,2026-01-23,118686725.78,0.00,94.03,96.36,-2940007.12,-2.42,121626732.90,121626732.90,120535741.85,1090991.05,-5.97
Mutual Funds,2026-01-23,118686725.78,0.00,94.03,96.36,-2940007.12,-2.42,121626732.90,121626732.90,120535741.85,1090991.05,-5.97
QYE++ Miscellaneous P&L,2026-01-23,0.00,0.00,100.00,100.00,0.00,0.00,0.00,0.00,0.00,0.00,0.00
Miscellaneous P&L,2026-01-23,0.00,0.00,100.00,100.00,0.00,0.00,0.00,0.00,0.00,0.00,0.00
QYE++ Equity Holdings Tax,2026-01-23,0.00,0.00,100.00,100.00,0.00,0.00,0.00,0.00,0.00,0.00,0.00
QAW++ Equity Holdings Tax,2026-01-23,0.00,0.00,100.00,100.00,0.00,0.00,0.00,0.00,0.00,0.00,0.00
Equity Holdings Tax,2026-01-23,0.00,0.00,100.00,100.00,0.00,0.00,0.00,0.00,0.00,0.00,0.00
QYE++ Total Tax,2026-01-23,-7207.35,11521.38,100.00,100.00,-7207.35,0.00,0.00,-11521.38,0.00,0.00,0.00
Total Tax,2026-01-23,-7207.35,11521.38,100.00,100.00,-7207.35,0.00,0.00,-11521.38,0.00,0.00,0.00
QYE++ F&O Tax,2026-01-23,-7207.35,11521.38,100.00,100.00,-7207.35,0.00,0.00,-11521.38,0.00,0.00,0.00
F&O Tax,2026-01-23,-7207.35,11521.38,100.00,100.00,-7207.35,0.00,0.00,-11521.38,0.00,0.00,0.00
Equity Intraday Tax,2026-01-23,0.00,0.00,100.00,100.00,0.00,0.00,0.00,0.00,0.00,0.00,0.00
MCX Tax,2026-01-23,0.00,0.00,100.00,100.00,0.00,0.00,0.00,0.00,0.00,0.00,0.00
QYE++ Total Other Debits and Credits,2026-01-23,0.00,0.00,100.00,100.00,0.00,0.00,0.00,0.00,0.00,0.00,0.00
Total Other Debits and Credits,2026-01-23,0.00,0.00,100.00,100.00,0.00,0.00,0.00,0.00,0.00,0.00,0.00
QYE++ Equity Other Debits and Credits,2026-01-23,0.00,0.00,100.00,100.00,0.00,0.00,0.00,0.00,0.00,0.00,0.00
Equity Other Debits and Credits,2026-01-23,0.00,0.00,100.00,100.00,0.00,0.00,0.00,0.00,0.00,0.00,0.00
QYE++ NPSAR,2026-01-23,22432067.88,-328218.14,100.68,100.39,254742.90,0.29,88709299.90,22505543.12,90780705.89,-189633.35,0.00
NPSAR,2026-01-23,22432067.88,-328218.14,100.68,100.39,254742.90,0.29,88709299.90,22505543.12,90780705.89,-189633.35,0.00
QYE++ SPSAR,2026-01-23,22582144.28,-599292.53,100.90,100.44,404819.30,0.46,88709299.90,22776617.51,90780705.89,81441.04,0.00
SPSAR,2026-01-23,22582144.28,-599292.53,100.90,100.44,404819.30,0.46,88709299.90,22776617.51,90780705.89,81441.04,0.00
QYE++ NLONG,2026-01-23,725869.97,150351.11,102.25,101.42,725869.97,0.82,88709299.44,-150351.11,90780705.60,-150351.11,0.00
NLONG,2026-01-23,725869.97,150351.11,102.25,101.42,725869.97,0.82,88709299.44,-150351.11,90780705.60,-150351.11,0.00
QYE++ SLONG,2026-01-23,558013.37,153228.33,101.44,100.81,558013.37,0.63,88709299.44,-153228.33,90780705.60,-153228.33,-0.01
SLONG,2026-01-23,558013.37,153228.33,101.44,100.81,558013.37,0.63,88709299.44,-153228.33,90780705.60,-153228.33,-0.01
QYE++ PSAR,2026-01-23,45014212.15,-927510.66,100.79,100.42,659562.20,0.37,177418599.80,45282160.64,181561411.78,-108192.31,0.00
PSAR,2026-01-23,45014212.15,-927510.66,100.79,100.42,659562.20,0.37,177418599.80,45282160.63,181561411.78,-108192.31,0.00
QYE++ LONG,2026-01-23,1283883.34,303579.44,101.85,101.11,1283883.34,0.72,177418598.88,-303579.44,181561411.20,-303579.44,0.00
LONG,2026-01-23,1283883.34,303579.44,101.85,101.11,1283883.34,0.72,177418598.88,-303579.44,181561411.20,-303579.44,0.00
QYE++ Total Portfolio Value,2026-01-23,46290888.14,-612409.84,102.60,101.50,1936238.19,1.09,177418599.00,44967059.82,181561411.00,-423293.13,0.00
Total Portfolio Value,2026-01-23,46290888.14,-612409.84,102.61,101.50,1936238.19,1.09,177418599.00,44967059.82,181561411.00,-423293.13,0.00
QYE++ Zerodha Total Portfolio,2026-01-23,177501316.09,0.00,98.42,98.97,-981290.81,-0.55,178482606.90,178482606.90,177811697.82,670909.08,-1.58
Zerodha Total Portfolio,2026-01-23,177501316.09,0.00,98.42,98.97,-981290.81,-0.55,178482606.90,178482606.90,177811697.82,670909.08,-1.58
NPSAR1,2026-01-27,1254623.19,-15386.47,101.99,101.94,2309.54,0.05,5009254.60,1267700.12,4928294.46,35626.50,0.00
NPSAR10,2026-01-27,2872292.18,27097.31,101.39,100.90,54586.49,0.48,11270822.75,2790608.38,11088662.44,18442.77,0.00
NPSAR11,2026-01-27,2682104.91,8407.56,99.43,100.64,-135600.78,-1.20,11270822.75,2809298.13,11088662.44,37132.52,-1.41
NPSAR12,2026-01-27,2509338.94,-24378.61,99.41,102.21,-308366.75,-2.74,11270822.75,2842084.30,11088662.44,69918.69,-2.74
NPSAR13,2026-01-27,2546283.80,-20637.47,99.96,102.43,-271421.89,-2.41,11270822.75,2838343.16,11088662.44,66177.55,-2.41
NPSAR2,2026-01-27,1255570.81,-15386.47,102.00,101.93,3257.16,0.07,5009254.60,1267700.12,4928294.46,35626.50,0.00
NPSAR3,2026-01-27,1254511.44,-15386.47,101.97,101.93,2197.79,0.04,5009254.60,1267700.12,4928294.46,35626.50,0.00
NPSAR4,2026-01-27,1256110.61,-15386.47,99.37,99.29,3796.96,0.08,5009254.60,1267700.12,4928294.46,35626.50,-0.63
NPSAR5,2026-01-27,1256593.11,-15386.47,99.49,99.41,4279.46,0.09,5009254.60,1267700.12,4928294.46,35626.50,-0.51
NPSAR6,2026-01-27,1253474.18,-15386.47,100.60,100.58,1160.53,0.02,5009254.60,1267700.12,4928294.46,35626.50,0.00
NPSAR7,2026-01-27,1285130.73,74497.97,100.09,99.44,32817.08,0.66,5009254.60,1177815.68,4928294.46,-54257.94,-0.74
NPSAR8,2026-01-27,1251734.02,92351.53,96.81,96.82,-579.63,-0.01,5009254.60,1159962.12,4928294.46,-72111.50,-3.19
NPSAR9,2026-01-27,1264521.28,44558.23,97.29,97.05,12207.63,0.24,5009254.60,1207755.42,4928294.46,-24318.19,-2.71
SPSAR1,2026-01-27,1254251.65,-23871.97,102.08,102.04,1938.00,0.04,5009254.60,1276185.62,4928294.46,44112.00,0.00
SPSAR10,2026-01-27,2878276.44,-61349.92,101.88,101.34,60570.75,0.54,11270822.75,2879055.61,11088662.44,106890.00,0.00
SPSAR11,2026-01-27,2704760.81,9090.88,100.03,101.04,-112944.88,-1.00,11270822.75,2808614.81,11088662.44,36449.20,-1.00
SPSAR12,2026-01-27,2757630.55,-2410.50,101.18,101.72,-60075.14,-0.53,11270822.75,2820116.19,11088662.44,47950.58,-0.53
SPSAR13,2026-01-27,2536547.50,10039.65,100.34,102.91,-281158.19,-2.49,11270822.75,2807666.04,11088662.44,35500.43,-2.50
SPSAR2,2026-01-27,1255505.65,-21651.97,102.06,102.00,3192.00,0.06,5009254.60,1273965.62,4928294.46,41892.00,0.00
SPSAR3,2026-01-27,1254251.65,-23871.97,102.09,102.05,1938.00,0.04,5009254.60,1276185.62,4928294.46,44112.00,0.00
SPSAR4,2026-01-27,1254251.65,-23871.97,99.71,99.67,1938.00,0.04,5009254.60,1276185.62,4928294.46,44112.00,-0.29
SPSAR5,2026-01-27,1254251.65,-23871.97,99.87,99.83,1938.00,0.04,5009254.60,1276185.62,4928294.46,44112.00,-0.13
SPSAR6,2026-01-27,1254251.65,-23871.97,101.26,101.22,1938.00,0.04,5009254.60,1276185.62,4928294.46,44112.00,0.00
SPSAR7,2026-01-27,1265027.43,60177.47,98.11,97.86,12713.78,0.25,5009254.60,1192136.18,4928294.46,-39937.44,-1.89
SPSAR8,2026-01-27,1248887.65,45945.93,97.59,97.66,-3426.00,-0.07,5009254.60,1206367.72,4928294.46,-25705.90,-2.41
SPSAR9,2026-01-27,1248887.65,39019.61,98.10,98.17,-3426.00,-0.07,5009254.60,1213294.04,4928294.46,-18779.57,-1.90
NLONG1,2026-01-27,-5944.57,-54357.95,98.04,98.20,-5944.57,-0.16,3756940.92,54357.95,3696220.81,54357.95,-1.96
NLONG10,2026-01-27,4458.26,-45813.75,100.29,100.17,4458.26,0.12,3756940.92,45813.75,3696220.81,45813.75,-0.89
NLONG11,2026-01-27,-31716.34,-47555.60,102.42,103.29,-31716.34,-0.84,3756940.92,47555.60,3696220.81,47555.60,-0.84
NLONG12,2026-01-27,18547.99,-45813.75,104.67,104.16,18547.99,0.49,3756940.92,45813.75,3696220.81,45813.75,0.00
NLONG13,2026-01-27,-29072.42,-24393.95,101.56,102.35,-29072.42,-0.77,3756940.92,24393.95,3696220.81,24393.95,-0.77
NLONG14,2026-01-27,-22051.64,-21389.01,101.39,101.99,-22051.64,-0.59,3756940.92,21389.01,3696220.81,21389.01,-0.59
NLONG15,2026-01-27,-84216.82,-28398.94,103.82,106.20,-84216.82,-2.24,3756940.92,28398.94,3696220.81,28398.94,-2.24
NLONG16,2026-01-27,-13800.31,-21194.43,103.87,104.25,-13800.31,-0.37,3756940.92,21194.43,3696220.81,21194.43,-0.36
NLONG17,2026-01-27,-29072.42,-24393.95,100.90,101.69,-29072.42,-0.77,3756940.92,24393.95,3696220.81,24393.95,-0.78
NLONG18,2026-01-27,-22051.64,-21389.01,100.22,100.81,-22051.64,-0.59,3756940.92,21389.01,3696220.81,21389.01,-1.03
NLONG19,2026-01-27,-78272.25,-5289.15,102.86,105.05,-78272.25,-2.08,3756940.92,5289.15,3696220.81,5289.15,-2.08
NLONG2,2026-01-27,-22490.40,-45813.75,99.05,99.65,-22490.40,-0.60,3756940.92,45813.75,3696220.81,45813.75,-1.48
NLONG20,2026-01-27,-17316.30,-781.51,102.82,103.30,-17316.30,-0.46,3756940.92,781.51,3696220.81,781.51,-0.46
NLONG21,2026-01-27,-30795.13,7640.93,100.55,101.38,-30795.13,-0.82,3756940.92,-7640.93,3696220.81,-7640.93,-1.02
NLONG22,2026-01-27,-23427.64,7949.00,100.46,101.09,-23427.64,-0.62,3756940.92,-7949.00,3696220.81,-7949.00,-0.84
NLONG23,2026-01-27,-25482.78,-8588.26,105.63,106.35,-25482.78,-0.68,3756940.92,8588.26,3696220.81,8588.26,-0.68
NLONG24,2026-01-27,13117.09,-4080.62,106.42,106.05,13117.09,0.35,3756940.92,4080.62,3696220.81,4080.62,0.00
NLONG3,2026-01-27,-31716.34,-48024.56,100.30,101.15,-31716.34,-0.84,3756940.92,48024.56,3696220.81,48024.56,-1.47
NLONG4,2026-01-27,-13314.80,-45813.75,102.06,102.42,-13314.80,-0.35,3756940.92,45813.75,3696220.81,45813.75,-1.02
NLONG5,2026-01-27,-5944.57,-54357.95,99.14,99.30,-5944.57,-0.16,3756940.92,54357.95,3696220.81,54357.95,-0.90
NLONG6,2026-01-27,-19977.86,-45813.75,99.16,99.69,-19977.86,-0.53,3756940.92,45813.75,3696220.81,45813.75,-1.41
NLONG7,2026-01-27,-31716.34,-48024.56,101.20,102.06,-31716.34,-0.84,3756940.92,48024.56,3696220.81,48024.56,-1.53
NLONG8,2026-01-27,-10689.03,-45813.75,102.99,103.28,-10689.03,-0.28,3756940.92,45813.75,3696220.81,45813.75,-0.75
NLONG9,2026-01-27,-5944.57,-54357.95,100.05,100.21,-5944.57,-0.16,3756940.92,54357.95,3696220.81,54357.95,-0.16
SLONG1,2026-01-27,-2759.55,-34753.85,99.26,99.33,-2759.55,-0.07,3756940.92,34753.85,3696220.81,34753.85,-1.29
SLONG10,2026-01-27,9186.15,-41605.16,101.33,101.08,9186.15,0.24,3756940.92,41605.16,3696220.81,41605.16,-0.34
SLONG11,2026-01-27,-13009.99,-29324.15,100.38,100.73,-13009.99,-0.35,3756940.92,29324.15,3696220.81,29324.15,-0.35
SLONG12,2026-01-27,14752.20,-33261.60,101.18,100.78,14752.20,0.39,3756940.92,33261.60,3696220.81,33261.60,-0.49
SLONG13,2026-01-27,-25825.54,-17840.79,102.63,103.34,-25825.54,-0.69,3756940.92,17840.79,3696220.81,17840.79,-0.69
SLONG14,2026-01-27,-18402.95,-17892.82,102.30,102.80,-18402.95,-0.49,3756940.92,17892.82,3696220.81,17892.82,-0.49
SLONG15,2026-01-27,-46319.68,-21983.52,102.58,103.86,-46319.68,-1.23,3756940.92,21983.52,3696220.81,21983.52,-1.23
SLONG16,2026-01-27,-12809.24,-22706.09,102.37,102.72,-12809.24,-0.34,3756940.92,22706.09,3696220.81,22706.09,-0.34
SLONG17,2026-01-27,-25825.54,-17840.79,101.37,102.07,-25825.54,-0.69,3756940.92,17840.79,3696220.81,17840.79,-0.69
SLONG18,2026-01-27,-18402.95,-17892.82,100.68,101.18,-18402.95,-0.49,3756940.92,17892.82,3696220.81,17892.82,-0.93
SLONG19,2026-01-27,-44238.10,-8062.60,101.48,102.69,-44238.10,-1.18,3756940.92,8062.60,3696220.81,8062.60,-1.18
SLONG2,2026-01-27,-20749.18,-42317.38,99.99,100.55,-20749.18,-0.55,3756940.92,42317.38,3696220.81,42317.38,-1.06
SLONG20,2026-01-27,-16053.68,-8062.60,99.94,100.37,-16053.68,-0.43,3756940.92,8062.60,3696220.81,8062.60,-1.79
SLONG21,2026-01-27,-28452.07,3259.54,102.11,102.89,-28452.07,-0.76,3756940.92,-3259.54,3696220.81,-3259.54,-0.84
SLONG22,2026-01-27,-21467.06,3930.08,102.04,102.63,-21467.06,-0.57,3756940.92,-3930.08,3696220.81,-3930.08,-0.68
SLONG23,2026-01-27,-12460.12,-8936.62,103.82,104.17,-12460.12,-0.33,3756940.92,8936.62,3696220.81,8936.62,-0.34
SLONG24,2026-01-27,13185.21,-8936.62,103.25,102.89,13185.21,0.35,3756940.92,8936.62,3696220.81,8936.62,0.00
SLONG3,2026-01-27,-21511.28,-27718.65,98.70,99.27,-21511.28,-0.57,3756940.92,27718.65,3696220.81,27718.65,-1.80
SLONG4,2026-01-27,14752.20,-33261.60,100.82,100.43,14752.20,0.39,3756940.92,33261.60,3696220.81,33261.60,-0.24
SLONG5,2026-01-27,5741.74,-34753.85,99.50,99.35,5741.74,0.15,3756940.92,34753.85,3696220.81,34753.85,-1.07
SLONG6,2026-01-27,9186.15,-42317.38,100.76,100.51,9186.15,0.24,3756940.92,42317.38,3696220.81,42317.38,-0.26
SLONG7,2026-01-27,-13009.99,-27718.65,99.06,99.40,-13009.99,-0.35,3756940.92,27718.65,3696220.81,27718.65,-1.53
SLONG8,2026-01-27,14752.20,-33261.60,101.36,100.96,14752.20,0.39,3756940.92,33261.60,3696220.81,33261.60,-0.31
SLONG9,2026-01-27,5741.74,-34753.85,100.78,100.63,5741.74,0.15,3756940.92,34753.85,3696220.81,34753.85,0.00
Liquidcase Stock Holdings,2026-01-27,36119127.68,0.00,100.26,100.25,3211.16,0.01,36115916.52,36115916.52,36093438.40,22478.12,0.00
QYE++ Liquidcase Stock Holdings,2026-01-27,36119127.68,0.00,100.26,100.25,3211.16,0.01,36115916.52,36115916.52,36093438.40,22478.12,0.00
QYE++ Debt Stock Holdings,2026-01-27,36119127.68,0.00,100.26,100.25,3211.16,0.01,36115916.52,36115916.52,36093438.40,22478.12,0.00
Debt Stock Holdings,2026-01-27,36119127.68,0.00,100.26,100.25,3211.16,0.01,36115916.52,36115916.52,36093438.40,22478.12,0.00
QYE++ Stock Holdings,2026-01-27,36119127.68,0.00,100.26,100.25,3211.16,0.01,36115916.52,36115916.52,36093438.40,22478.12,0.00
Stock Holdings,2026-01-27,36119127.68,0.00,100.26,100.25,3211.16,0.01,36115916.52,36115916.52,36093438.40,22478.12,0.00
Small Cap Mutual Funds,2026-01-27,118668999.19,0.00,94.02,94.03,-17726.59,-0.01,118686725.78,118686725.78,121626732.90,-2940007.12,-5.98
QYE++ Small Cap Mutual Funds,2026-01-27,118668999.19,0.00,94.02,94.03,-17726.59,-0.01,118686725.78,118686725.78,121626732.90,-2940007.12,-5.98
QYE++ Mutual Funds,2026-01-27,118668999.19,0.00,94.02,94.03,-17726.59,-0.01,118686725.78,118686725.78,121626732.90,-2940007.12,-5.98
QYE++ Equity Mutual Funds,2026-01-27,118668999.19,0.00,94.02,94.03,-17726.59,-0.01,118686725.78,118686725.78,121626732.90,-2940007.12,-5.98
Equity Mutual Funds,2026-01-27,118668999.19,0.00,94.02,94.03,-17726.59,-0.01,118686725.78,118686725.78,121626732.90,-2940007.12,-5.98
Mutual Funds,2026-01-27,118668999.19,0.00,94.02,94.03,-17726.59,-0.01,118686725.78,118686725.78,121626732.90,-2940007.12,-5.98
QYE++ Miscellaneous P&L,2026-01-27,0.00,0.00,100.00,100.00,0.00,0.00,0.00,0.00,0.00,0.00,0.00
Miscellaneous P&L,2026-01-27,0.00,0.00,100.00,100.00,0.00,0.00,0.00,0.00,0.00,0.00,0.00
QYE++ Equity Holdings Tax,2026-01-27,0.00,0.00,100.00,100.00,0.00,0.00,0.00,0.00,0.00,0.00,0.00
QAW++ Equity Holdings Tax,2026-01-27,0.00,0.00,100.00,100.00,0.00,0.00,0.00,0.00,0.00,0.00,0.00
Equity Holdings Tax,2026-01-27,0.00,0.00,100.00,100.00,0.00,0.00,0.00,0.00,0.00,0.00,0.00
QYE++ Total Tax,2026-01-27,-16946.14,7207.35,100.00,100.00,-16946.14,0.00,0.00,-7207.35,0.00,0.00,0.00
Total Tax,2026-01-27,-16946.14,7207.35,100.00,100.00,-16946.14,0.00,0.00,-7207.35,0.00,0.00,0.00
QYE++ F&O Tax,2026-01-27,-16946.14,7207.35,100.00,100.00,-16946.14,0.00,0.00,-7207.35,0.00,0.00,0.00
F&O Tax,2026-01-27,-16946.14,7207.35,100.00,100.00,-16946.14,0.00,0.00,-7207.35,0.00,0.00,0.00
Equity Intraday Tax,2026-01-27,0.00,0.00,100.00,100.00,0.00,0.00,0.00,0.00,0.00,0.00,0.00
MCX Tax,2026-01-27,0.00,0.00,100.00,100.00,0.00,0.00,0.00,0.00,0.00,0.00,0.00
QYE++ Total Other Debits and Credits,2026-01-27,0.00,0.00,100.00,100.00,0.00,0.00,0.00,0.00,0.00,0.00,0.00
Total Other Debits and Credits,2026-01-27,0.00,0.00,100.00,100.00,0.00,0.00,0.00,0.00,0.00,0.00,0.00
QYE++ Equity Other Debits and Credits,2026-01-27,0.00,0.00,100.00,100.00,0.00,0.00,0.00,0.00,0.00,0.00,0.00
Equity Other Debits and Credits,2026-01-27,0.00,0.00,100.00,100.00,0.00,0.00,0.00,0.00,0.00,0.00,0.00
QYE++ NPSAR,2026-01-27,21942289.19,109577.69,100.01,100.68,-599356.41,-0.66,90166582.40,22432067.88,88709299.90,254742.90,-0.66
NPSAR,2026-01-27,21942289.19,109577.69,100.01,100.68,-599356.41,-0.66,90166582.40,22432067.88,88709299.90,254742.90,-0.66
QYE++ SPSAR,2026-01-27,22166781.92,-40498.71,100.48,100.90,-374863.68,-0.42,90166582.40,22582144.28,88709299.90,404819.30,-0.42
SPSAR,2026-01-27,22166781.92,-40498.71,100.48,100.90,-374863.68,-0.42,90166582.40,22582144.27,88709299.90,404819.30,-0.42
QYE++ NLONG,2026-01-27,-518890.83,-725869.97,101.66,102.25,-518890.83,-0.58,90166582.08,725869.97,88709299.44,725869.97,-0.58
NLONG,2026-01-27,-518890.83,-725869.97,101.66,102.25,-518890.83,-0.58,90166582.08,725869.97,88709299.44,725869.97,-0.58
QYE++ SLONG,2026-01-27,-253999.33,-558013.37,101.15,101.44,-253999.33,-0.28,90166582.08,558013.37,88709299.44,558013.37,-0.29
SLONG,2026-01-27,-253999.33,-558013.37,101.15,101.44,-253999.33,-0.28,90166582.08,558013.37,88709299.44,558013.37,-0.29
QYE++ PSAR,2026-01-27,44109071.11,69078.98,100.25,100.79,-974220.09,-0.54,180333164.80,45014212.15,177418599.80,659562.20,-0.54
PSAR,2026-01-27,44109071.11,69078.98,100.25,100.79,-974220.09,-0.54,180333164.80,45014212.15,177418599.80,659562.20,-0.54
QYE++ LONG,2026-01-27,-772890.16,-1283883.34,101.41,101.85,-772890.16,-0.43,180333164.16,1283883.34,177418598.88,1283883.34,-0.43
LONG,2026-01-27,-772890.16,-1283883.34,101.41,101.85,-772890.16,-0.43,180333164.16,1283883.34,177418598.88,1283883.34,-0.43
QYE++ Total Portfolio Value,2026-01-27,43319234.81,-1207597.01,101.60,102.60,-1764056.39,-0.98,180333164.00,46290888.14,177418599.00,1936238.19,-0.98
Total Portfolio Value,2026-01-27,43319234.81,-1207597.01,101.60,102.61,-1764056.39,-0.98,180333164.00,46290888.14,177418599.00,1936238.19,-0.98
QYE++ Zerodha Total Portfolio,2026-01-27,175722744.27,0.00,97.44,98.42,-1778571.82,-1.00,177501316.09,177501316.09,178482606.90,-981290.81,-2.56
Zerodha Total Portfolio,2026-01-27,175722744.27,0.00,97.44,98.42,-1778571.82,-1.00,177501316.09,177501316.09,178482606.90,-981290.81,-2.56
NPSAR1,2026-01-28,1212063.27,-34213.92,101.82,101.99,-8346.00,-0.17,4881637.07,1254623.19,5009254.60,2309.54,-0.17
NPSAR10,2026-01-28,2802568.33,-126371.35,101.91,101.39,56647.50,0.52,10983683.31,2872292.18,11270822.75,54586.49,0.00
NPSAR11,2026-01-28,2693065.21,63815.92,98.95,99.43,-52855.62,-0.48,10983683.31,2682104.91,11270822.75,-135600.78,-1.88
NPSAR12,2026-01-28,2727371.13,236581.89,99.24,99.41,-18549.70,-0.17,10983683.31,2509338.94,11270822.75,-308366.75,-2.91
NPSAR13,2026-01-28,2759356.47,199637.03,100.08,99.96,13435.64,0.12,10983683.31,2546283.80,11270822.75,-271421.89,-2.29
NPSAR2,2026-01-28,1212063.27,-35161.54,101.83,102.00,-8346.00,-0.17,4881637.07,1255570.81,5009254.60,3257.16,-0.17
NPSAR3,2026-01-28,1213365.10,-34102.17,101.82,101.97,-7044.17,-0.14,4881637.07,1254511.44,5009254.60,2197.79,-0.15
NPSAR4,2026-01-28,1207093.43,-35701.34,99.10,99.37,-13315.84,-0.27,4881637.07,1256110.61,5009254.60,3796.96,-0.90
NPSAR5,2026-01-28,1213494.58,-36183.84,99.35,99.49,-6914.69,-0.14,4881637.07,1256593.11,5009254.60,4279.46,-0.65
NPSAR6,2026-01-28,1213494.58,-33064.91,100.46,100.60,-6914.69,-0.14,4881637.07,1253474.18,5009254.60,1160.53,-0.14
NPSAR7,2026-01-28,1213494.58,-64721.46,99.95,100.09,-6914.69,-0.14,4881637.07,1285130.73,5009254.60,32817.08,-0.88
NPSAR8,2026-01-28,1213494.58,-31324.75,96.67,96.81,-6914.69,-0.14,4881637.07,1251734.02,5009254.60,-579.63,-3.33
NPSAR9,2026-01-28,1213494.58,-44112.01,97.15,97.29,-6914.69,-0.14,4881637.07,1264521.28,5009254.60,12207.63,-2.85
SPSAR1,2026-01-28,1216887.27,-33842.38,102.01,102.08,-3522.00,-0.07,4881637.07,1254251.65,5009254.60,1938.00,-0.07
SPSAR10,2026-01-28,2789810.83,-132355.61,102.29,101.88,43890.00,0.40,10983683.31,2878276.44,11270822.75,60570.75,0.00
SPSAR11,2026-01-28,2722557.91,41160.02,99.82,100.03,-23362.92,-0.21,10983683.31,2704760.81,11270822.75,-112944.88,-1.21
SPSAR12,2026-01-28,2750180.60,-11709.72,101.22,101.18,4259.77,0.04,10983683.31,2757630.55,11270822.75,-60075.14,-0.49
SPSAR13,2026-01-28,2766957.51,209373.33,100.53,100.34,21036.68,0.19,10983683.31,2536547.50,11270822.75,-281158.19,-2.31
SPSAR2,2026-01-28,1218105.27,-35096.38,102.01,102.06,-2304.00,-0.05,4881637.07,1255505.65,5009254.60,3192.00,-0.05
SPSAR3,2026-01-28,1216887.27,-33842.38,102.02,102.09,-3522.00,-0.07,4881637.07,1254251.65,5009254.60,1938.00,-0.07
SPSAR4,2026-01-28,1208743.43,-33842.38,99.47,99.71,-11665.84,-0.24,4881637.07,1254251.65,5009254.60,1938.00,-0.53
SPSAR5,2026-01-28,1208743.43,-33842.38,99.63,99.87,-11665.84,-0.24,4881637.07,1254251.65,5009254.60,1938.00,-0.37
SPSAR6,2026-01-28,1219659.07,-33842.38,101.24,101.26,-750.20,-0.02,4881637.07,1254251.65,5009254.60,1938.00,-0.02
SPSAR7,2026-01-28,1190020.10,-44618.16,97.50,98.11,-30389.17,-0.62,4881637.07,1265027.43,5009254.60,12713.78,-2.50
SPSAR8,2026-01-28,1195622.42,-28478.38,97.09,97.59,-24786.85,-0.51,4881637.07,1248887.65,5009254.60,-3426.00,-2.91
SPSAR9,2026-01-28,1195622.42,-28478.38,97.60,98.10,-24786.85,-0.51,4881637.07,1248887.65,5009254.60,-3426.00,-2.40
NLONG1,2026-01-28,0.00,5944.57,98.04,98.04,0.00,0.00,3661227.77,-5944.57,3756940.92,-5944.57,-1.96
NLONG10,2026-01-28,0.00,-4458.26,100.29,100.29,0.00,0.00,3661227.77,4458.26,3756940.92,4458.26,-0.89
NLONG11,2026-01-28,0.00,31716.34,102.42,102.42,0.00,0.00,3661227.77,-31716.34,3756940.92,-31716.34,-0.84
NLONG12,2026-01-28,0.00,-18547.99,104.67,104.67,0.00,0.00,3661227.77,18547.99,3756940.92,18547.99,0.00
NLONG13,2026-01-28,-18974.18,29072.42,101.03,101.56,-18974.18,-0.52,3661227.77,-29072.42,3756940.92,-29072.42,-1.29
NLONG14,2026-01-28,-18896.82,22051.64,100.87,101.39,-18896.82,-0.52,3661227.77,-22051.64,3756940.92,-22051.64,-1.10
NLONG15,2026-01-28,-12548.73,84216.82,103.46,103.82,-12548.73,-0.34,3661227.77,-84216.82,3756940.92,-84216.82,-2.58
NLONG16,2026-01-28,-12548.73,13800.31,103.51,103.87,-12548.73,-0.34,3661227.77,-13800.31,3756940.92,-13800.31,-0.71
NLONG17,2026-01-28,-18974.18,29072.42,100.38,100.90,-18974.18,-0.52,3661227.77,-29072.42,3756940.92,-29072.42,-1.29
NLONG18,2026-01-28,-18896.82,22051.64,99.70,100.22,-18896.82,-0.52,3661227.77,-22051.64,3756940.92,-22051.64,-1.54
NLONG19,2026-01-28,-11329.93,78272.25,102.54,102.86,-11329.93,-0.31,3661227.77,-78272.25,3756940.92,-78272.25,-2.39
NLONG2,2026-01-28,0.00,22490.40,99.05,99.05,0.00,0.00,3661227.77,-22490.40,3756940.92,-22490.40,-1.48
NLONG20,2026-01-28,-10320.81,17316.30,102.53,102.82,-10320.81,-0.28,3661227.77,-17316.30,3756940.92,-17316.30,-0.75
NLONG21,2026-01-28,-18777.60,30795.13,100.03,100.55,-18777.60,-0.51,3661227.77,-30795.13,3756940.92,-30795.13,-1.54
NLONG22,2026-01-28,-18700.24,23427.64,99.95,100.46,-18700.24,-0.51,3661227.77,-23427.64,3756940.92,-23427.64,-1.34
NLONG23,2026-01-28,-10884.34,25482.78,105.32,105.63,-10884.34,-0.30,3661227.77,-25482.78,3756940.92,-25482.78,-0.97
NLONG24,2026-01-28,-9757.27,-13117.09,106.14,106.42,-9757.27,-0.27,3661227.77,13117.09,3756940.92,13117.09,-0.26
NLONG3,2026-01-28,0.00,31716.34,100.30,100.30,0.00,0.00,3661227.77,-31716.34,3756940.92,-31716.34,-1.47
NLONG4,2026-01-28,0.00,13314.80,102.06,102.06,0.00,0.00,3661227.77,-13314.80,3756940.92,-13314.80,-1.02
NLONG5,2026-01-28,0.00,5944.57,99.14,99.14,0.00,0.00,3661227.77,-5944.57,3756940.92,-5944.57,-0.90
NLONG6,2026-01-28,-4761.06,19977.86,99.03,99.16,-4761.06,-0.13,3661227.77,-19977.86,3756940.92,-19977.86,-1.54
NLONG7,2026-01-28,0.00,31716.34,101.20,101.20,0.00,0.00,3661227.77,-31716.34,3756940.92,-31716.34,-1.53
NLONG8,2026-01-28,0.00,10689.03,102.99,102.99,0.00,0.00,3661227.77,-10689.03,3756940.92,-10689.03,-0.75
NLONG9,2026-01-28,0.00,5944.57,100.05,100.05,0.00,0.00,3661227.77,-5944.57,3756940.92,-5944.57,-0.16
SLONG1,2026-01-28,21936.01,2759.55,99.85,99.26,21936.01,0.60,3661227.77,-2759.55,3756940.92,-2759.55,-0.71
SLONG10,2026-01-28,-29550.37,-9186.15,100.51,101.33,-29550.37,-0.81,3661227.77,9186.15,3756940.92,9186.15,-1.15
SLONG11,2026-01-28,0.00,13009.99,100.38,100.38,0.00,0.00,3661227.77,-13009.99,3756940.92,-13009.99,-0.35
SLONG12,2026-01-28,-29550.37,-14752.20,100.36,101.18,-29550.37,-0.81,3661227.77,14752.20,3756940.92,14752.20,-1.30
SLONG13,2026-01-28,-32276.41,25825.54,101.73,102.63,-32276.41,-0.88,3661227.77,-25825.54,3756940.92,-25825.54,-1.56
SLONG14,2026-01-28,-24210.10,18402.95,101.62,102.30,-24210.10,-0.66,3661227.77,-18402.95,3756940.92,-18402.95,-1.15
SLONG15,2026-01-28,-31589.03,46319.68,101.69,102.58,-31589.03,-0.86,3661227.77,-46319.68,3756940.92,-46319.68,-2.09
SLONG16,2026-01-28,-24210.10,12809.24,101.69,102.37,-24210.10,-0.66,3661227.77,-12809.24,3756940.92,-12809.24,-1.00
SLONG17,2026-01-28,-32276.41,25825.54,100.48,101.37,-32276.41,-0.88,3661227.77,-25825.54,3756940.92,-25825.54,-1.56
SLONG18,2026-01-28,-24210.10,18402.95,100.01,100.68,-24210.10,-0.66,3661227.77,-18402.95,3756940.92,-18402.95,-1.59
SLONG19,2026-01-28,-34332.65,44238.10,100.53,101.48,-34332.65,-0.94,3661227.77,-44238.10,3756940.92,-44238.10,-2.10
SLONG2,2026-01-28,-29550.37,20749.18,99.18,99.99,-29550.37,-0.81,3661227.77,-20749.18,3756940.92,-20749.18,-1.86
SLONG20,2026-01-28,-26953.72,16053.68,99.20,99.94,-26953.72,-0.74,3661227.77,-16053.68,3756940.92,-16053.68,-2.52
SLONG21,2026-01-28,-38749.41,28452.07,101.03,102.11,-38749.41,-1.06,3661227.77,-28452.07,3756940.92,-28452.07,-1.89
SLONG22,2026-01-28,-29293.90,21467.06,101.22,102.04,-29293.90,-0.80,3661227.77,-21467.06,3756940.92,-21467.06,-1.48
SLONG23,2026-01-28,-23960.25,12460.12,103.14,103.82,-23960.25,-0.65,3661227.77,-12460.12,3756940.92,-12460.12,-0.99
SLONG24,2026-01-28,-23960.25,-13185.21,102.57,103.25,-23960.25,-0.65,3661227.77,13185.21,3756940.92,13185.21,-0.66
SLONG3,2026-01-28,18285.86,21511.28,99.19,98.70,18285.86,0.50,3661227.77,-21511.28,3756940.92,-21511.28,-1.31
SLONG4,2026-01-28,-29550.37,-14752.20,100.01,100.82,-29550.37,-0.81,3661227.77,14752.20,3756940.92,14752.20,-1.04
SLONG5,2026-01-28,0.00,-5741.74,99.50,99.50,0.00,0.00,3661227.77,5741.74,3756940.92,5741.74,-1.07
SLONG6,2026-01-28,-29550.37,-9186.15,99.95,100.76,-29550.37,-0.81,3661227.77,9186.15,3756940.92,9186.15,-1.06
SLONG7,2026-01-28,0.00,13009.99,99.06,99.06,0.00,0.00,3661227.77,-13009.99,3756940.92,-13009.99,-1.53
SLONG8,2026-01-28,-29550.37,-14752.20,100.54,101.36,-29550.37,-0.81,3661227.77,14752.20,3756940.92,14752.20,-1.12
SLONG9,2026-01-28,0.00,-5741.74,100.78,100.78,0.00,0.00,3661227.77,5741.74,3756940.92,5741.74,0.00
Liquidcase Stock Holdings,2026-01-28,36122338.84,0.00,100.27,100.26,3211.16,0.01,36119127.68,36119127.68,36115916.52,3211.16,0.00
QYE++ Liquidcase Stock Holdings,2026-01-28,36122338.84,0.00,100.27,100.26,3211.16,0.01,36119127.68,36119127.68,36115916.52,3211.16,0.00
QYE++ Debt Stock Holdings,2026-01-28,36122338.84,0.00,100.27,100.26,3211.16,0.01,36119127.68,36119127.68,36115916.52,3211.16,0.00
Debt Stock Holdings,2026-01-28,36122338.84,0.00,100.27,100.26,3211.16,0.01,36119127.68,36119127.68,36115916.52,3211.16,0.00
QYE++ Stock Holdings,2026-01-28,36122338.84,0.00,100.27,100.26,3211.16,0.01,36119127.68,36119127.68,36115916.52,3211.16,0.00
Stock Holdings,2026-01-28,36122338.84,0.00,100.27,100.26,3211.16,0.01,36119127.68,36119127.68,36115916.52,3211.16,0.00
Small Cap Mutual Funds,2026-01-28,120337194.56,0.00,95.35,94.02,1668195.37,1.41,118668999.19,118668999.19,118686725.78,-17726.59,-4.65
QYE++ Small Cap Mutual Funds,2026-01-28,120337194.56,0.00,95.35,94.02,1668195.37,1.41,118668999.19,118668999.19,118686725.78,-17726.59,-4.65
QYE++ Mutual Funds,2026-01-28,120337194.56,0.00,95.35,94.02,1668195.37,1.41,118668999.19,118668999.19,118686725.78,-17726.59,-4.65
QYE++ Equity Mutual Funds,2026-01-28,120337194.56,0.00,95.35,94.02,1668195.37,1.41,118668999.19,118668999.19,118686725.78,-17726.59,-4.65
Equity Mutual Funds,2026-01-28,120337194.56,0.00,95.35,94.02,1668195.37,1.41,118668999.19,118668999.19,118686725.78,-17726.59,-4.65
Mutual Funds,2026-01-28,120337194.56,0.00,95.35,94.02,1668195.37,1.41,118668999.19,118668999.19,118686725.78,-17726.59,-4.65
QYE++ Miscellaneous P&L,2026-01-28,0.00,0.00,100.00,100.00,0.00,0.00,0.00,0.00,0.00,0.00,0.00
Miscellaneous P&L,2026-01-28,0.00,0.00,100.00,100.00,0.00,0.00,0.00,0.00,0.00,0.00,0.00
QYE++ Equity Holdings Tax,2026-01-28,0.00,0.00,100.00,100.00,0.00,0.00,0.00,0.00,0.00,0.00,0.00
QAW++ Equity Holdings Tax,2026-01-28,0.00,0.00,100.00,100.00,0.00,0.00,0.00,0.00,0.00,0.00,0.00
Equity Holdings Tax,2026-01-28,0.00,0.00,100.00,100.00,0.00,0.00,0.00,0.00,0.00,0.00,0.00
QYE++ Total Tax,2026-01-28,-7594.82,16946.14,100.00,100.00,-7594.82,0.00,0.00,-16946.14,0.00,0.00,0.00
Total Tax,2026-01-28,-7594.82,16946.14,100.00,100.00,-7594.82,0.00,0.00,-16946.14,0.00,0.00,0.00
QYE++ F&O Tax,2026-01-28,-7594.82,16946.14,100.00,100.00,-7594.82,0.00,0.00,-16946.14,0.00,0.00,0.00
F&O Tax,2026-01-28,-7594.82,16946.14,100.00,100.00,-7594.82,0.00,0.00,-16946.14,0.00,0.00,0.00
Equity Intraday Tax,2026-01-28,0.00,0.00,100.00,100.00,0.00,0.00,0.00,0.00,0.00,0.00,0.00
MCX Tax,2026-01-28,0.00,0.00,100.00,100.00,0.00,0.00,0.00,0.00,0.00,0.00,0.00
QYE++ Total Other Debits and Credits,2026-01-28,0.00,0.00,100.00,100.00,0.00,0.00,0.00,0.00,0.00,0.00,0.00
Total Other Debits and Credits,2026-01-28,0.00,0.00,100.00,100.00,0.00,0.00,0.00,0.00,0.00,0.00,0.00
QYE++ Equity Other Debits and Credits,2026-01-28,0.00,0.00,100.00,100.00,0.00,0.00,0.00,0.00,0.00,0.00,0.00
Equity Other Debits and Credits,2026-01-28,0.00,0.00,100.00,100.00,0.00,0.00,0.00,0.00,0.00,0.00,0.00
QYE++ NPSAR,2026-01-28,21894419.08,25077.52,99.93,100.01,-72947.64,-0.08,87869466.87,21942289.19,90166582.40,-599356.41,-0.75
NPSAR,2026-01-28,21894419.08,25077.52,99.93,100.01,-72947.64,-0.08,87869466.87,21942289.19,90166582.40,-599356.41,-0.75
QYE++ SPSAR,2026-01-28,21899797.50,-199415.21,100.40,100.48,-67569.22,-0.08,87869466.87,22166781.92,90166582.40,-374863.68,-0.49
SPSAR,2026-01-28,21899797.50,-199415.21,100.40,100.48,-67569.22,-0.08,87869466.87,22166781.92,90166582.40,-374863.68,-0.49
QYE++ NLONG,2026-01-28,-185370.71,518890.83,101.45,101.66,-185370.71,-0.21,87869466.48,-518890.83,90166582.08,-518890.83,-0.79
NLONG,2026-01-28,-185370.71,518890.83,101.45,101.66,-185370.71,-0.21,87869466.48,-518890.83,90166582.08,-518890.83,-0.79
QYE++ SLONG,2026-01-28,-483102.68,253999.33,100.60,101.15,-483102.68,-0.55,87869466.48,-253999.33,90166582.08,-253999.33,-0.84
SLONG,2026-01-28,-483102.68,253999.33,100.60,101.15,-483102.68,-0.55,87869466.48,-253999.33,90166582.08,-253999.33,-0.84
QYE++ PSAR,2026-01-28,43794216.58,-174337.69,100.17,100.25,-140516.86,-0.08,175738933.74,44109071.11,180333164.80,-974220.09,-0.62
PSAR,2026-01-28,43794216.58,-174337.69,100.17,100.25,-140516.86,-0.08,175738933.74,44109071.11,180333164.80,-974220.09,-0.62
QYE++ LONG,2026-01-28,-668473.39,772890.16,101.02,101.41,-668473.39,-0.38,175738932.96,-772890.16,180333164.16,-772890.16,-0.81
LONG,2026-01-28,-668473.39,772890.16,101.02,101.41,-668473.39,-0.38,175738932.96,-772890.16,180333164.16,-772890.16,-0.81
QYE++ Total Portfolio Value,2026-01-28,43118148.36,615498.61,101.13,101.60,-816585.07,-0.46,175738933.00,43319234.81,180333164.00,-1764056.39,-1.44
Total Portfolio Value,2026-01-28,43118148.36,615498.61,101.13,101.60,-816585.07,-0.46,175738933.00,43319234.81,180333164.00,-1764056.39,-1.44
QYE++ Zerodha Total Portfolio,2026-01-28,176577565.73,0.00,97.92,97.44,854821.46,0.49,175722744.27,175722744.27,177501316.09,-1778571.82,-2.08
Zerodha Total Portfolio,2026-01-28,176577565.73,0.00,97.92,97.44,854821.46,0.49,175722744.27,175722744.27,177501316.09,-1778571.82,-2.08
NPSAR1,2026-01-29,1198244.95,2815.18,101.47,101.82,-16633.50,-0.34,4859513.79,1212063.27,4881637.07,-8346.00,-0.51
NPSAR10,2026-01-29,2676016.85,-69091.85,101.37,101.91,-57459.64,-0.53,10933905.94,2802568.33,10983683.31,56647.50,-0.53
NPSAR11,2026-01-29,2698033.71,40411.27,98.63,98.95,-35442.78,-0.32,10933905.94,2693065.21,10983683.31,-52855.62,-2.20
NPSAR12,2026-01-29,2742955.25,6105.35,99.33,99.24,9478.76,0.09,10933905.94,2727371.13,10983683.31,-18549.70,-2.82
NPSAR13,2026-01-29,2722572.76,-25879.99,99.98,100.08,-10903.73,-0.10,10933905.94,2759356.47,10983683.31,13435.64,-2.39
NPSAR2,2026-01-29,1196168.29,2815.18,101.44,101.83,-18710.16,-0.39,4859513.79,1212063.27,4881637.07,-8346.00,-0.55
NPSAR3,2026-01-29,1236269.95,1513.35,102.27,101.82,21391.50,0.44,4859513.79,1213365.10,4881637.07,-7044.17,0.00
NPSAR4,2026-01-29,1237732.45,7785.02,99.57,99.10,22854.00,0.47,4859513.79,1207093.43,4881637.07,-13315.84,-0.43
NPSAR5,2026-01-29,1236269.95,1383.87,99.79,99.35,21391.50,0.44,4859513.79,1213494.58,4881637.07,-6914.69,-0.21
NPSAR6,2026-01-29,1236269.95,1383.87,100.90,100.46,21391.50,0.44,4859513.79,1213494.58,4881637.07,-6914.69,0.00
NPSAR7,2026-01-29,1236269.95,1383.87,100.39,99.95,21391.50,0.44,4859513.79,1213494.58,4881637.07,-6914.69,-0.45
NPSAR8,2026-01-29,1236269.95,1383.87,97.10,96.67,21391.50,0.44,4859513.79,1213494.58,4881637.07,-6914.69,-2.90
NPSAR9,2026-01-29,1236269.95,1383.87,97.58,97.15,21391.50,0.44,4859513.79,1213494.58,4881637.07,-6914.69,-2.42
SPSAR1,2026-01-29,1207442.58,-2008.82,101.85,102.01,-7435.87,-0.15,4859513.79,1216887.27,4881637.07,-3522.00,-0.23
SPSAR10,2026-01-29,2715460.93,-56334.35,102.12,102.29,-18015.56,-0.16,10933905.94,2789810.83,10983683.31,43890.00,-0.17
SPSAR11,2026-01-29,2701953.19,10918.57,99.53,99.82,-31523.30,-0.29,10933905.94,2722557.91,10983683.31,-23362.92,-1.49
SPSAR12,2026-01-29,2686846.22,-16704.12,100.79,101.22,-46630.27,-0.43,10933905.94,2750180.60,10983683.31,4259.77,-0.91
SPSAR13,2026-01-29,2691607.03,-33481.02,100.15,100.53,-41869.46,-0.38,10933905.94,2766957.51,10983683.31,21036.68,-2.68
SPSAR2,2026-01-29,1219965.92,-3226.82,102.12,102.01,5087.47,0.10,4859513.79,1218105.27,4881637.07,-2304.00,0.00
SPSAR3,2026-01-29,1259200.23,-2008.82,102.95,102.02,44321.78,0.91,4859513.79,1216887.27,4881637.07,-3522.00,0.00
SPSAR4,2026-01-29,1246044.40,6135.02,100.11,99.47,31165.95,0.64,4859513.79,1208743.43,4881637.07,-11665.84,0.00
SPSAR5,2026-01-29,1248033.60,6135.02,100.31,99.63,33155.15,0.68,4859513.79,1208743.43,4881637.07,-11665.84,0.00
SPSAR6,2026-01-29,1240729.97,-4780.62,101.78,101.24,25851.52,0.53,4859513.79,1219659.07,4881637.07,-750.20,0.00
SPSAR7,2026-01-29,1247634.36,24858.35,98.16,97.50,32755.91,0.67,4859513.79,1190020.10,4881637.07,-30389.17,-1.84
SPSAR8,2026-01-29,1247563.89,19256.03,97.74,97.09,32685.44,0.67,4859513.79,1195622.42,4881637.07,-24786.85,-2.26
SPSAR9,2026-01-29,1246207.70,19256.03,98.23,97.60,31329.25,0.64,4859513.79,1195622.42,4881637.07,-24786.85,-1.77
NLONG1,2026-01-29,-23726.09,0.00,97.40,98.04,-23726.09,-0.65,3644635.31,0.00,3661227.77,0.00,-2.60
NLONG10,2026-01-29,2980.62,0.00,100.37,100.29,2980.62,0.08,3644635.31,0.00,3661227.77,0.00,-0.81
NLONG11,2026-01-29,0.00,0.00,102.42,102.42,0.00,0.00,3644635.31,0.00,3661227.77,0.00,-0.84
NLONG12,2026-01-29,2980.62,0.00,104.76,104.67,2980.62,0.08,3644635.31,0.00,3661227.77,0.00,0.00
NLONG13,2026-01-29,19275.72,18974.18,101.56,101.03,19275.72,0.53,3644635.31,-18974.18,3661227.77,-18974.18,-0.77
NLONG14,2026-01-29,19662.96,18896.82,101.41,100.87,19662.96,0.54,3644635.31,-18896.82,3661227.77,-18896.82,-0.57
NLONG15,2026-01-29,21315.17,12548.73,104.07,103.46,21315.17,0.58,3644635.31,-12548.73,3661227.77,-12548.73,-2.01
NLONG16,2026-01-29,19662.96,12548.73,104.07,103.51,19662.96,0.54,3644635.31,-12548.73,3661227.77,-12548.73,-0.17
NLONG17,2026-01-29,18071.25,18974.18,100.88,100.38,18071.25,0.50,3644635.31,-18974.18,3661227.77,-18974.18,-0.80
NLONG18,2026-01-29,18458.49,18896.82,100.20,99.70,18458.49,0.51,3644635.31,-18896.82,3661227.77,-18896.82,-1.05
NLONG19,2026-01-29,17178.08,11329.93,103.02,102.54,17178.08,0.47,3644635.31,-11329.93,3661227.77,-11329.93,-1.93
NLONG2,2026-01-29,2980.62,0.00,99.13,99.05,2980.62,0.08,3644635.31,0.00,3661227.77,0.00,-1.40
NLONG20,2026-01-29,15525.87,10320.81,102.97,102.53,15525.87,0.43,3644635.31,-10320.81,3661227.77,-10320.81,-0.32
NLONG21,2026-01-29,3434.27,18777.60,100.12,100.03,3434.27,0.09,3644635.31,-18777.60,3661227.77,-18777.60,-1.45
NLONG22,2026-01-29,3821.51,18700.24,100.05,99.95,3821.51,0.10,3644635.31,-18700.24,3661227.77,-18700.24,-1.24
NLONG23,2026-01-29,5683.19,10884.34,105.48,105.32,5683.19,0.16,3644635.31,-10884.34,3661227.77,-10884.34,-0.82
NLONG24,2026-01-29,4030.98,9757.27,106.26,106.14,4030.98,0.11,3644635.31,-9757.27,3661227.77,-9757.27,-0.15
NLONG3,2026-01-29,-29696.76,0.00,99.48,100.30,-29696.76,-0.81,3644635.31,0.00,3661227.77,0.00,-2.28
NLONG4,2026-01-29,2980.62,0.00,102.14,102.06,2980.62,0.08,3644635.31,0.00,3661227.77,0.00,-0.94
NLONG5,2026-01-29,-29303.99,0.00,98.34,99.14,-29303.99,-0.80,3644635.31,0.00,3661227.77,0.00,-1.70
NLONG6,2026-01-29,2980.62,4761.06,99.11,99.03,2980.62,0.08,3644635.31,-4761.06,3661227.77,-4761.06,-1.46
NLONG7,2026-01-29,0.00,0.00,101.20,101.20,0.00,0.00,3644635.31,0.00,3661227.77,0.00,-1.53
NLONG8,2026-01-29,2980.62,0.00,103.07,102.99,2980.62,0.08,3644635.31,0.00,3661227.77,0.00,-0.67
NLONG9,2026-01-29,0.00,0.00,100.05,100.05,0.00,0.00,3644635.31,0.00,3661227.77,0.00,-0.16
SLONG1,2026-01-29,-23010.53,-21936.01,99.22,99.85,-23010.53,-0.63,3644635.31,21936.01,3661227.77,21936.01,-1.33
SLONG10,2026-01-29,895.61,29550.37,100.53,100.51,895.61,0.02,3644635.31,-29550.37,3661227.77,-29550.37,-1.13
SLONG11,2026-01-29,0.00,0.00,100.38,100.38,0.00,0.00,3644635.31,0.00,3661227.77,0.00,-0.35
SLONG12,2026-01-29,-15582.50,29550.37,99.93,100.36,-15582.50,-0.43,3644635.31,-29550.37,3661227.77,-29550.37,-1.72
SLONG13,2026-01-29,18910.78,32276.41,102.26,101.73,18910.78,0.52,3644635.31,-32276.41,3661227.77,-32276.41,-1.05
SLONG14,2026-01-29,20290.94,24210.10,102.19,101.62,20290.94,0.56,3644635.31,-24210.10,3661227.77,-24210.10,-0.59
SLONG15,2026-01-29,37908.55,31589.03,102.75,101.69,37908.55,1.04,3644635.31,-31589.03,3661227.77,-31589.03,-1.07
SLONG16,2026-01-29,44515.05,24210.10,102.93,101.69,44515.05,1.22,3644635.31,-24210.10,3661227.77,-24210.10,0.00
SLONG17,2026-01-29,20605.70,32276.41,101.05,100.48,20605.70,0.57,3644635.31,-32276.41,3661227.77,-32276.41,-1.00
SLONG18,2026-01-29,21985.86,24210.10,100.61,100.01,21985.86,0.60,3644635.31,-24210.10,3661227.77,-24210.10,-1.00
SLONG19,2026-01-29,43385.07,34332.65,101.73,100.53,43385.07,1.19,3644635.31,-34332.65,3661227.77,-34332.65,-0.93
SLONG2,2026-01-29,895.61,29550.37,99.20,99.18,895.61,0.02,3644635.31,-29550.37,3661227.77,-29550.37,-1.84
SLONG20,2026-01-29,56950.94,26953.72,100.75,99.20,56950.94,1.56,3644635.31,-26953.72,3661227.77,-26953.72,-0.99
SLONG21,2026-01-29,7606.81,38749.41,101.24,101.03,7606.81,0.21,3644635.31,-38749.41,3661227.77,-38749.41,-1.69
SLONG22,2026-01-29,-1871.65,29293.90,101.17,101.22,-1871.65,-0.05,3644635.31,-29293.90,3661227.77,-29293.90,-1.53
SLONG23,2026-01-29,-25402.94,23960.25,102.42,103.14,-25402.94,-0.70,3644635.31,-23960.25,3661227.77,-23960.25,-1.68
SLONG24,2026-01-29,-21789.71,23960.25,101.96,102.57,-21789.71,-0.60,3644635.31,-23960.25,3661227.77,-23960.25,-1.25
SLONG3,2026-01-29,-53683.67,-18285.86,97.73,99.19,-53683.67,-1.47,3644635.31,18285.86,3661227.77,18285.86,-2.77
SLONG4,2026-01-29,-15582.50,29550.37,99.58,100.01,-15582.50,-0.43,3644635.31,-29550.37,3661227.77,-29550.37,-1.46
SLONG5,2026-01-29,-27930.39,0.00,98.74,99.50,-27930.39,-0.77,3644635.31,0.00,3661227.77,0.00,-1.83
SLONG6,2026-01-29,895.61,29550.37,99.97,99.95,895.61,0.02,3644635.31,-29550.37,3661227.77,-29550.37,-1.04
SLONG7,2026-01-29,-56530.66,0.00,97.52,99.06,-56530.66,-1.55,3644635.31,0.00,3661227.77,0.00,-3.06
SLONG8,2026-01-29,-15582.50,29550.37,100.11,100.54,-15582.50,-0.43,3644635.31,-29550.37,3661227.77,-29550.37,-1.54
SLONG9,2026-01-29,0.00,0.00,100.78,100.78,0.00,0.00,3644635.31,0.00,3661227.77,0.00,0.00
Liquidcase Stock Holdings,2026-01-29,36128761.16,0.00,100.29,100.27,6422.32,0.02,36122338.84,36122338.84,36119127.68,3211.16,0.00
QYE++ Liquidcase Stock Holdings,2026-01-29,36128761.16,0.00,100.29,100.27,6422.32,0.02,36122338.84,36122338.84,36119127.68,3211.16,0.00
QYE++ Debt Stock Holdings,2026-01-29,36128761.16,0.00,100.29,100.27,6422.32,0.02,36122338.84,36122338.84,36119127.68,3211.16,0.00
Debt Stock Holdings,2026-01-29,36128761.16,0.00,100.29,100.27,6422.32,0.02,36122338.84,36122338.84,36119127.68,3211.16,0.00
QYE++ Stock Holdings,2026-01-29,36128761.16,0.00,100.29,100.27,6422.32,0.02,36122338.84,36122338.84,36119127.68,3211.16,0.00
Stock Holdings,2026-01-29,36128761.16,0.00,100.29,100.27,6422.32,0.02,36122338.84,36122338.84,36119127.68,3211.16,0.00
Small Cap Mutual Funds,2026-01-29,120213914.18,0.00,95.25,95.35,-123280.38,-0.10,120337194.56,120337194.56,118668999.19,1668195.37,-4.75
QYE++ Small Cap Mutual Funds,2026-01-29,120213914.18,0.00,95.25,95.35,-123280.38,-0.10,120337194.56,120337194.56,118668999.19,1668195.37,-4.75
QYE++ Mutual Funds,2026-01-29,120213914.18,0.00,95.25,95.35,-123280.38,-0.10,120337194.56,120337194.56,118668999.19,1668195.37,-4.75
QYE++ Equity Mutual Funds,2026-01-29,120213914.18,0.00,95.25,95.35,-123280.38,-0.10,120337194.56,120337194.56,118668999.19,1668195.37,-4.75
Equity Mutual Funds,2026-01-29,120213914.18,0.00,95.25,95.35,-123280.38,-0.10,120337194.56,120337194.56,118668999.19,1668195.37,-4.75
Mutual Funds,2026-01-29,120213914.18,0.00,95.25,95.35,-123280.38,-0.10,120337194.56,120337194.56,118668999.19,1668195.37,-4.75
QYE++ Miscellaneous P&L,2026-01-29,0.00,0.00,100.00,100.00,0.00,0.00,0.00,0.00,0.00,0.00,0.00
Miscellaneous P&L,2026-01-29,0.00,0.00,100.00,100.00,0.00,0.00,0.00,0.00,0.00,0.00,0.00
QYE++ Equity Holdings Tax,2026-01-29,0.00,0.00,100.00,100.00,0.00,0.00,0.00,0.00,0.00,0.00,0.00
QAW++ Equity Holdings Tax,2026-01-29,0.00,0.00,100.00,100.00,0.00,0.00,0.00,0.00,0.00,0.00,0.00
Equity Holdings Tax,2026-01-29,0.00,0.00,100.00,100.00,0.00,0.00,0.00,0.00,0.00,0.00,0.00
QYE++ Total Tax,2026-01-29,-11112.35,7594.82,100.00,100.00,-11112.35,0.00,0.00,-7594.82,0.00,0.00,0.00
Total Tax,2026-01-29,-11112.35,7594.82,100.00,100.00,-11112.35,0.00,0.00,-7594.82,0.00,0.00,0.00
QYE++ F&O Tax,2026-01-29,-11112.35,7594.82,100.00,100.00,-11112.35,0.00,0.00,-7594.82,0.00,0.00,0.00
F&O Tax,2026-01-29,-11112.35,7594.82,100.00,100.00,-11112.35,0.00,0.00,-7594.82,0.00,0.00,0.00
Equity Intraday Tax,2026-01-29,0.00,0.00,100.00,100.00,0.00,0.00,0.00,0.00,0.00,0.00,0.00
MCX Tax,2026-01-29,0.00,0.00,100.00,100.00,0.00,0.00,0.00,0.00,0.00,0.00,0.00
QYE++ Total Other Debits and Credits,2026-01-29,0.00,0.00,100.00,100.00,0.00,0.00,0.00,0.00,0.00,0.00,0.00
Total Other Debits and Credits,2026-01-29,0.00,0.00,100.00,100.00,0.00,0.00,0.00,0.00,0.00,0.00,0.00
QYE++ Equity Other Debits and Credits,2026-01-29,0.00,0.00,100.00,100.00,0.00,0.00,0.00,0.00,0.00,0.00,0.00
Equity Other Debits and Credits,2026-01-29,0.00,0.00,100.00,100.00,0.00,0.00,0.00,0.00,0.00,0.00,0.00
QYE++ NPSAR,2026-01-29,21889343.92,-26607.14,99.95,99.93,21531.95,0.02,87471247.87,21894419.08,87869466.87,-72947.64,-0.72
NPSAR,2026-01-29,21889343.92,-26607.14,99.95,99.93,21531.95,0.02,87471247.87,21894419.08,87869466.87,-72947.64,-0.72
QYE++ SPSAR,2026-01-29,21958689.98,-31985.56,100.51,100.40,90878.01,0.10,87471247.87,21899797.50,87869466.87,-67569.22,-0.39
SPSAR,2026-01-29,21958689.98,-31985.56,100.51,100.40,90878.01,0.10,87471247.87,21899797.50,87869466.87,-67569.22,-0.39
QYE++ NLONG,2026-01-29,101277.33,185370.71,101.57,101.45,101277.33,0.12,87471247.44,-185370.71,87869466.48,-185370.71,-0.67
NLONG,2026-01-29,101277.33,185370.71,101.57,101.45,101277.33,0.12,87471247.44,-185370.71,87869466.48,-185370.71,-0.67
QYE++ SLONG,2026-01-29,17879.48,483102.68,100.62,100.60,17879.48,0.02,87471247.44,-483102.68,87869466.48,-483102.68,-0.82
SLONG,2026-01-29,17879.48,483102.68,100.62,100.60,17879.48,0.02,87471247.44,-483102.68,87869466.48,-483102.68,-0.82
QYE++ PSAR,2026-01-29,43848033.90,-58592.71,100.23,100.17,112409.96,0.06,174942495.74,43794216.58,175738933.74,-140516.86,-0.56
PSAR,2026-01-29,43848033.90,-58592.71,100.23,100.17,112409.96,0.06,174942495.74,43794216.58,175738933.74,-140516.86,-0.56
QYE++ LONG,2026-01-29,119156.81,668473.39,101.09,101.02,119156.81,0.07,174942494.88,-668473.39,175738932.96,-668473.39,-0.74
LONG,2026-01-29,119156.81,668473.39,101.09,101.02,119156.81,0.07,174942494.88,-668473.39,175738932.96,-668473.39,-0.74
QYE++ Total Portfolio Value,2026-01-29,43956078.36,617475.50,101.26,101.13,220454.42,0.13,174942495.00,43118148.36,175738933.00,-816585.07,-1.31
Total Portfolio Value,2026-01-29,43956078.36,617475.50,101.26,101.13,220454.42,0.13,174942495.00,43118148.36,175738933.00,-816585.07,-1.32
QYE++ Zerodha Total Portfolio,2026-01-29,176681162.09,0.00,97.98,97.92,103596.36,0.06,176577565.73,176577565.73,175722744.27,854821.46,-2.02
Zerodha Total Portfolio,2026-01-29,176681162.09,0.00,97.98,97.92,103596.36,0.06,176577565.73,176577565.73,175722744.27,854821.46,-2.02
NPSAR1,2026-01-30,1257207.31,29595.36,102.08,101.47,29367.00,0.60,4911361.23,1198244.95,4859513.79,-16633.50,0.00
NPSAR10,2026-01-30,2610086.17,86623.82,99.97,101.37,-152554.50,-1.38,11050562.69,2676016.85,10933905.94,-57459.64,-1.90
NPSAR11,2026-01-30,2649567.50,64606.97,97.62,98.63,-113073.17,-1.02,11050562.69,2698033.70,10933905.94,-35442.78,-3.20
NPSAR12,2026-01-30,2689590.58,19685.43,98.67,99.33,-73050.09,-0.66,11050562.69,2742955.24,10933905.94,9478.76,-3.46
NPSAR13,2026-01-30,2615225.52,40067.91,98.65,99.98,-147415.15,-1.33,11050562.69,2722572.76,10933905.94,-10903.73,-3.69
NPSAR2,2026-01-30,1203133.81,31672.02,100.93,101.44,-24706.50,-0.50,4911361.23,1196168.29,4859513.79,-18710.16,-1.05
NPSAR3,2026-01-30,1207618.81,-8429.64,101.85,102.27,-20221.50,-0.41,4911361.23,1236269.95,4859513.79,21391.50,-0.41
NPSAR4,2026-01-30,1205376.31,-9892.14,99.11,99.57,-22464.00,-0.46,4911361.23,1237732.45,4859513.79,22854.00,-0.89
NPSAR5,2026-01-30,1207618.81,-8429.64,99.38,99.79,-20221.50,-0.41,4911361.23,1236269.95,4859513.79,21391.50,-0.62
NPSAR6,2026-01-30,1207618.81,-8429.64,100.48,100.90,-20221.50,-0.41,4911361.23,1236269.95,4859513.79,21391.50,-0.42
NPSAR7,2026-01-30,1207618.81,-8429.64,99.98,100.39,-20221.50,-0.41,4911361.23,1236269.95,4859513.79,21391.50,-0.85
NPSAR8,2026-01-30,1163232.75,-8429.64,95.82,97.10,-64607.56,-1.32,4911361.23,1236269.95,4859513.79,21391.50,-4.18
NPSAR9,2026-01-30,1163232.75,-8429.64,96.30,97.58,-64607.56,-1.32,4911361.23,1236269.95,4859513.79,21391.50,-3.70
SPSAR1,2026-01-30,1248150.31,20397.73,102.27,101.85,20310.00,0.41,4911361.23,1207442.58,4859513.79,-7435.87,0.00
SPSAR10,2026-01-30,2660112.23,47179.75,101.17,102.12,-102528.44,-0.93,11050562.69,2715460.92,10933905.94,-18015.56,-1.09
SPSAR11,2026-01-30,2667437.89,60687.49,98.67,99.53,-95202.78,-0.86,11050562.69,2701953.18,10933905.94,-31523.30,-2.35
SPSAR12,2026-01-30,2702043.66,75794.45,100.24,100.79,-60597.01,-0.55,11050562.69,2686846.22,10933905.94,-46630.27,-1.45
SPSAR13,2026-01-30,2622534.27,71033.65,98.88,100.15,-140106.40,-1.27,11050562.69,2691607.02,10933905.94,-41869.46,-3.92
SPSAR2,2026-01-30,1213740.31,7874.39,101.83,102.12,-14100.00,-0.29,4911361.23,1219965.92,4859513.79,5087.47,-0.28
SPSAR3,2026-01-30,1213740.31,-31359.92,102.65,102.95,-14100.00,-0.29,4911361.23,1259200.23,4859513.79,44321.78,-0.29
SPSAR4,2026-01-30,1213740.31,-18204.09,99.82,100.11,-14100.00,-0.29,4911361.23,1246044.40,4859513.79,31165.95,-0.29
SPSAR5,2026-01-30,1211118.31,-20193.29,99.97,100.31,-16722.00,-0.34,4911361.23,1248033.60,4859513.79,33155.15,-0.34
SPSAR6,2026-01-30,1213740.31,-12889.66,101.49,101.78,-14100.00,-0.29,4911361.23,1240729.97,4859513.79,25851.52,-0.28
SPSAR7,2026-01-30,1211118.31,-19794.05,97.83,98.16,-16722.00,-0.34,4911361.23,1247634.36,4859513.79,32755.91,-2.17
SPSAR8,2026-01-30,1157206.14,-19723.58,96.33,97.74,-70634.17,-1.44,4911361.23,1247563.89,4859513.79,32685.44,-3.67
SPSAR9,2026-01-30,1165026.72,-18367.39,96.97,98.23,-62813.59,-1.28,4911361.23,1246207.70,4859513.79,31329.25,-3.03
NLONG1,2026-01-30,17379.71,23726.09,97.86,97.40,17379.71,0.47,3683520.90,-23726.09,3644635.31,-23726.09,-2.14
NLONG10,2026-01-30,-18776.81,-2980.62,99.86,100.37,-18776.81,-0.51,3683520.90,2980.62,3644635.31,2980.62,-1.31
NLONG11,2026-01-30,0.00,0.00,102.42,102.42,0.00,0.00,3683520.90,0.00,3644635.31,0.00,-0.84
NLONG12,2026-01-30,-19571.90,-2980.62,104.20,104.76,-19571.90,-0.53,3683520.90,2980.62,3644635.31,2980.62,-0.53
NLONG13,2026-01-30,-27057.84,-19275.72,100.81,101.56,-27057.84,-0.73,3683520.90,19275.72,3644635.31,19275.72,-1.50
NLONG14,2026-01-30,-24359.23,-19662.96,100.74,101.41,-24359.23,-0.66,3683520.90,19662.96,3644635.31,19662.96,-1.23
NLONG15,2026-01-30,-29661.12,-21315.17,103.23,104.07,-29661.12,-0.81,3683520.90,21315.17,3644635.31,21315.17,-2.80
NLONG16,2026-01-30,-25513.40,-19662.96,103.35,104.07,-25513.40,-0.69,3683520.90,19662.96,3644635.31,19662.96,-0.86
NLONG17,2026-01-30,-27057.84,-18071.25,100.14,100.88,-27057.84,-0.73,3683520.90,18071.25,3644635.31,18071.25,-1.52
NLONG18,2026-01-30,-24359.23,-18458.49,99.54,100.20,-24359.23,-0.66,3683520.90,18458.49,3644635.31,18458.49,-1.70
NLONG19,2026-01-30,-29661.12,-17178.08,102.19,103.02,-29661.12,-0.81,3683520.90,17178.08,3644635.31,17178.08,-2.72
NLONG2,2026-01-30,-18776.81,-2980.62,98.62,99.13,-18776.81,-0.51,3683520.90,2980.62,3644635.31,2980.62,-1.91
NLONG20,2026-01-30,-25513.40,-15525.87,102.26,102.97,-25513.40,-0.69,3683520.90,15525.87,3644635.31,15525.87,-1.01
NLONG21,2026-01-30,-21930.85,-3434.27,99.52,100.12,-21930.85,-0.60,3683520.90,3434.27,3644635.31,3434.27,-2.04
NLONG22,2026-01-30,-21334.06,-3821.51,99.47,100.05,-21334.06,-0.58,3683520.90,3821.51,3644635.31,3821.51,-1.82
NLONG23,2026-01-30,-22693.72,-5683.19,104.83,105.48,-22693.72,-0.62,3683520.90,5683.19,3644635.31,5683.19,-1.43
NLONG24,2026-01-30,-19817.22,-4030.98,105.69,106.26,-19817.22,-0.54,3683520.90,4030.98,3644635.31,4030.98,-0.69
NLONG3,2026-01-30,15325.30,29696.76,99.89,99.48,15325.30,0.42,3683520.90,-29696.76,3644635.31,-29696.76,-1.88
NLONG4,2026-01-30,-19571.90,-2980.62,101.60,102.14,-19571.90,-0.53,3683520.90,2980.62,3644635.31,2980.62,-1.46
NLONG5,2026-01-30,14837.98,29303.99,98.74,98.34,14837.98,0.40,3683520.90,-29303.99,3644635.31,-29303.99,-1.30
NLONG6,2026-01-30,-18776.81,-2980.62,98.60,99.11,-18776.81,-0.51,3683520.90,2980.62,3644635.31,2980.62,-1.97
NLONG7,2026-01-30,0.00,0.00,101.20,101.20,0.00,0.00,3683520.90,0.00,3644635.31,0.00,-1.53
NLONG8,2026-01-30,-19571.90,-2980.62,102.52,103.07,-19571.90,-0.53,3683520.90,2980.62,3644635.31,2980.62,-1.20
NLONG9,2026-01-30,0.00,0.00,100.05,100.05,0.00,0.00,3683520.90,0.00,3644635.31,0.00,-0.16
SLONG1,2026-01-30,15377.36,23010.53,99.63,99.22,15377.36,0.42,3683520.90,-23010.53,3644635.31,-23010.53,-0.92
SLONG10,2026-01-30,-14076.48,-895.61,100.15,100.53,-14076.48,-0.38,3683520.90,895.61,3644635.31,895.61,-1.50
SLONG11,2026-01-30,0.00,0.00,100.38,100.38,0.00,0.00,3683520.90,0.00,3644635.31,0.00,-0.35
SLONG12,2026-01-30,-18655.04,15582.50,99.42,99.93,-18655.04,-0.51,3683520.90,-15582.50,3644635.31,-15582.50,-2.22
SLONG13,2026-01-30,-21348.77,-18910.78,101.67,102.26,-21348.77,-0.58,3683520.90,18910.78,3644635.31,18910.78,-1.62
SLONG14,2026-01-30,-19895.10,-20290.94,101.64,102.19,-19895.10,-0.54,3683520.90,20290.94,3644635.31,20290.94,-1.13
SLONG15,2026-01-30,-6319.26,-37908.55,102.57,102.75,-6319.26,-0.17,3683520.90,37908.55,3644635.31,37908.55,-1.24
SLONG16,2026-01-30,-22845.88,-44515.05,102.29,102.93,-22845.88,-0.62,3683520.90,44515.05,3644635.31,44515.05,-0.62
SLONG17,2026-01-30,-21348.77,-20605.70,100.46,101.05,-21348.77,-0.58,3683520.90,20605.70,3644635.31,20605.70,-1.58
SLONG18,2026-01-30,-19895.10,-21985.86,100.07,100.61,-19895.10,-0.54,3683520.90,21985.86,3644635.31,21985.86,-1.53
SLONG19,2026-01-30,-6319.26,-43385.07,101.56,101.73,-6319.26,-0.17,3683520.90,43385.07,3644635.31,43385.07,-1.10
SLONG2,2026-01-30,-14076.48,-895.61,98.82,99.20,-14076.48,-0.38,3683520.90,895.61,3644635.31,895.61,-2.22
SLONG20,2026-01-30,-22845.88,-56950.94,100.13,100.75,-22845.88,-0.62,3683520.90,56950.94,3644635.31,56950.94,-1.60
SLONG21,2026-01-30,-21194.02,-7606.81,100.66,101.24,-21194.02,-0.58,3683520.90,7606.81,3644635.31,7606.81,-2.25
SLONG22,2026-01-30,-18606.48,1871.65,100.66,101.17,-18606.48,-0.51,3683520.90,-1871.65,3644635.31,-1871.65,-2.02
SLONG23,2026-01-30,-4221.24,25402.94,102.30,102.42,-4221.24,-0.11,3683520.90,-25402.94,3644635.31,-25402.94,-1.80
SLONG24,2026-01-30,-4691.82,21789.71,101.83,101.96,-4691.82,-0.13,3683520.90,-21789.71,3644635.31,-21789.71,-1.38
SLONG3,2026-01-30,0.00,53683.67,97.73,97.73,0.00,0.00,3683520.90,-53683.67,3644635.31,-53683.67,-2.77
SLONG4,2026-01-30,-18655.04,15582.50,99.08,99.58,-18655.04,-0.51,3683520.90,-15582.50,3644635.31,-15582.50,-1.96
SLONG5,2026-01-30,14470.56,27930.39,99.13,98.74,14470.56,0.39,3683520.90,-27930.39,3644635.31,-27930.39,-1.44
SLONG6,2026-01-30,-14076.48,-895.61,99.59,99.97,-14076.48,-0.38,3683520.90,895.61,3644635.31,895.61,-1.42
SLONG7,2026-01-30,0.00,56530.66,97.52,97.52,0.00,0.00,3683520.90,-56530.66,3644635.31,-56530.66,-3.06
SLONG8,2026-01-30,-18655.04,15582.50,99.60,100.11,-18655.04,-0.51,3683520.90,-15582.50,3644635.31,-15582.50,-2.05
SLONG9,2026-01-30,0.00,0.00,100.78,100.78,0.00,0.00,3683520.90,0.00,3644635.31,0.00,0.00
Liquidcase Stock Holdings,2026-01-30,36141605.80,0.00,100.33,100.29,12844.64,0.04,36128761.16,36128761.16,36122338.84,6422.32,0.00
QYE++ Liquidcase Stock Holdings,2026-01-30,36141605.80,0.00,100.33,100.29,12844.64,0.04,36128761.16,36128761.16,36122338.84,6422.32,0.00
QYE++ Debt Stock Holdings,2026-01-30,36141605.80,0.00,100.33,100.29,12844.64,0.04,36128761.16,36128761.16,36122338.84,6422.32,0.00
Debt Stock Holdings,2026-01-30,36141605.80,0.00,100.33,100.29,12844.64,0.04,36128761.16,36128761.16,36122338.84,6422.32,0.00
QYE++ Stock Holdings,2026-01-30,36141605.80,0.00,100.33,100.29,12844.64,0.04,36128761.16,36128761.16,36122338.84,6422.32,0.00
Stock Holdings,2026-01-30,36141605.80,0.00,100.33,100.29,12844.64,0.04,36128761.16,36128761.16,36122338.84,6422.32,0.00
Small Cap Mutual Funds,2026-01-30,121467667.56,0.00,96.24,95.25,1253753.38,1.04,120213914.18,120213914.18,120337194.56,-123280.38,-3.76
QYE++ Small Cap Mutual Funds,2026-01-30,121467667.56,0.00,96.24,95.25,1253753.38,1.04,120213914.18,120213914.18,120337194.56,-123280.38,-3.76
QYE++ Mutual Funds,2026-01-30,121467667.56,0.00,96.24,95.25,1253753.38,1.04,120213914.18,120213914.18,120337194.56,-123280.38,-3.76
QYE++ Equity Mutual Funds,2026-01-30,121467667.56,0.00,96.24,95.25,1253753.38,1.04,120213914.18,120213914.18,120337194.56,-123280.38,-3.76
Equity Mutual Funds,2026-01-30,121467667.56,0.00,96.24,95.25,1253753.38,1.04,120213914.18,120213914.18,120337194.56,-123280.38,-3.76
Mutual Funds,2026-01-30,121467667.56,0.00,96.24,95.25,1253753.38,1.04,120213914.18,120213914.18,120337194.56,-123280.38,-3.76
QYE++ Miscellaneous P&L,2026-01-30,0.00,0.00,100.00,100.00,0.00,0.00,0.00,0.00,0.00,0.00,0.00
Miscellaneous P&L,2026-01-30,0.00,0.00,100.00,100.00,0.00,0.00,0.00,0.00,0.00,0.00,0.00
QYE++ Equity Holdings Tax,2026-01-30,0.00,0.00,100.00,100.00,0.00,0.00,0.00,0.00,0.00,0.00,0.00
QAW++ Equity Holdings Tax,2026-01-30,0.00,0.00,100.00,100.00,0.00,0.00,0.00,0.00,0.00,0.00,0.00
Equity Holdings Tax,2026-01-30,0.00,0.00,100.00,100.00,0.00,0.00,0.00,0.00,0.00,0.00,0.00
QYE++ Total Tax,2026-01-30,-11701.67,11112.35,100.00,100.00,-11701.67,0.00,0.00,-11112.35,0.00,0.00,0.00
Total Tax,2026-01-30,-11701.67,11112.35,100.00,100.00,-11701.67,0.00,0.00,-11112.35,0.00,0.00,0.00
QYE++ F&O Tax,2026-01-30,-11701.67,11112.35,100.00,100.00,-11701.67,0.00,0.00,-11112.35,0.00,0.00,0.00
F&O Tax,2026-01-30,-11701.67,11112.35,100.00,100.00,-11701.67,0.00,0.00,-11112.35,0.00,0.00,0.00
Equity Intraday Tax,2026-01-30,0.00,0.00,100.00,100.00,0.00,0.00,0.00,0.00,0.00,0.00,0.00
MCX Tax,2026-01-30,0.00,0.00,100.00,100.00,0.00,0.00,0.00,0.00,0.00,0.00,0.00
QYE++ Total Other Debits and Credits,2026-01-30,0.00,0.00,100.00,100.00,0.00,0.00,0.00,0.00,0.00,0.00,0.00
Total Other Debits and Credits,2026-01-30,0.00,0.00,100.00,100.00,0.00,0.00,0.00,0.00,0.00,0.00,0.00
QYE++ Equity Other Debits and Credits,2026-01-30,0.00,0.00,100.00,100.00,0.00,0.00,0.00,0.00,0.00,0.00,0.00
Equity Other Debits and Credits,2026-01-30,0.00,0.00,100.00,100.00,0.00,0.00,0.00,0.00,0.00,0.00,0.00
QYE++ NPSAR,2026-01-30,21387127.93,211781.52,99.15,99.95,-713997.53,-0.81,88404501.83,21889343.92,87471247.87,21531.95,-1.52
NPSAR,2026-01-30,21387127.93,211781.52,99.15,99.95,-713997.53,-0.81,88404501.83,21889343.92,87471247.87,21531.95,-1.52
QYE++ SPSAR,2026-01-30,21499709.07,142435.47,99.82,100.51,-601416.39,-0.68,88404501.83,21958689.98,87471247.87,90878.01,-1.07
SPSAR,2026-01-30,21499709.07,142435.47,99.82,100.51,-601416.39,-0.68,88404501.83,21958689.98,87471247.87,90878.01,-1.07
QYE++ NLONG,2026-01-30,-366462.17,-101277.33,101.15,101.57,-366462.17,-0.41,88404501.60,101277.33,87471247.44,101277.33,-1.08
NLONG,2026-01-30,-366462.17,-101277.33,101.15,101.57,-366462.17,-0.41,88404501.60,101277.33,87471247.44,101277.33,-1.08
QYE++ SLONG,2026-01-30,-257878.22,-17879.48,100.32,100.62,-257878.22,-0.29,88404501.60,17879.48,87471247.44,17879.48,-1.11
SLONG,2026-01-30,-257878.22,-17879.48,100.32,100.62,-257878.22,-0.29,88404501.60,17879.48,87471247.44,17879.48,-1.11
QYE++ PSAR,2026-01-30,42886837.00,354216.99,99.48,100.23,-1315413.92,-0.74,176809003.66,43848033.90,174942495.74,112409.96,-1.30
PSAR,2026-01-30,42886837.00,354216.99,99.48,100.23,-1315413.92,-0.74,176809003.66,43848033.90,174942495.74,112409.96,-1.30
QYE++ LONG,2026-01-30,-624340.39,-119156.81,100.74,101.09,-624340.39,-0.35,176809003.20,119156.81,174942494.88,119156.81,-1.09
LONG,2026-01-30,-624340.39,-119156.81,100.74,101.09,-624340.39,-0.35,176809003.20,119156.81,174942494.88,119156.81,-1.09
QYE++ Total Portfolio Value,2026-01-30,42250794.94,246172.53,100.14,101.26,-1951455.98,-1.10,176809003.00,43956078.36,174942495.00,220454.42,-2.40
Total Portfolio Value,2026-01-30,42250794.94,246172.53,100.15,101.26,-1951455.98,-1.10,176809003.00,43956078.36,174942495.00,220454.42,-2.40
QYE++ Zerodha Total Portfolio,2026-01-30,175996304.13,0.00,97.59,97.98,-684857.96,-0.39,176681162.09,176681162.09,176577565.73,103596.36,-2.41
Zerodha Total Portfolio,2026-01-30,175996304.13,0.00,97.59,97.98,-684857.96,-0.39,176681162.09,176681162.09,176577565.73,103596.36,-2.41
NPSAR1,2026-02-01,1315893.15,-42421.66,104.20,102.08,101107.50,2.08,4859142.59,1257207.31,4911361.23,29367.00,0.00
NPSAR10,2026-02-01,2854470.07,123181.52,101.08,99.97,121202.38,1.11,10933070.75,2610086.17,11050562.69,-152554.50,-0.81
NPSAR11,2026-02-01,2808647.78,83700.19,98.29,97.62,75380.09,0.69,10933070.75,2649567.50,11050562.69,-113073.17,-2.54
NPSAR12,2026-02-01,2670305.79,43677.11,98.10,98.67,-62961.90,-0.58,10933070.75,2689590.58,11050562.69,-73050.09,-4.02
NPSAR13,2026-02-01,2713729.20,118042.17,98.47,98.65,-19538.49,-0.18,10933070.75,2615225.52,11050562.69,-147415.15,-3.87
NPSAR2,2026-02-01,1120218.41,11651.84,98.97,100.93,-94567.24,-1.95,4859142.59,1203133.81,4911361.23,-24706.50,-2.97
NPSAR3,2026-02-01,1214533.61,7166.84,101.84,101.85,-252.04,-0.01,4859142.59,1207618.81,4911361.23,-20221.50,-0.42
NPSAR4,2026-02-01,1204787.22,9409.34,98.91,99.11,-9998.43,-0.21,4859142.59,1205376.31,4911361.23,-22464.00,-1.09
NPSAR5,2026-02-01,1214533.61,7166.84,99.37,99.38,-252.04,-0.01,4859142.59,1207618.81,4911361.23,-20221.50,-0.63
NPSAR6,2026-02-01,1261951.26,7166.84,101.46,100.48,47165.61,0.97,4859142.59,1207618.81,4911361.23,-20221.50,0.00
NPSAR7,2026-02-01,1271169.00,7166.84,101.14,99.98,56383.35,1.16,4859142.59,1207618.81,4911361.23,-20221.50,0.00
NPSAR8,2026-02-01,1222078.08,51552.90,95.96,95.82,7292.43,0.15,4859142.59,1163232.75,4911361.23,-64607.56,-4.04
NPSAR9,2026-02-01,1222078.08,51552.90,96.44,96.30,7292.43,0.15,4859142.59,1163232.75,4911361.23,-64607.56,-3.56
SPSAR1,2026-02-01,1261801.65,-33364.66,103.26,102.27,47016.00,0.97,4859142.59,1248150.31,4911361.23,20310.00,0.00
SPSAR10,2026-02-01,2838088.95,73155.46,102.14,101.17,104821.26,0.96,10933070.75,2660112.23,11050562.69,-102528.44,-0.15
SPSAR11,2026-02-01,2859471.21,65829.80,99.81,98.67,126203.52,1.15,10933070.75,2667437.89,11050562.69,-95202.78,-1.22
SPSAR12,2026-02-01,2673855.32,31224.03,99.70,100.24,-59412.37,-0.54,10933070.75,2702043.66,11050562.69,-60597.01,-1.99
SPSAR13,2026-02-01,2671996.41,110733.42,98.33,98.88,-61271.28,-0.56,10933070.75,2622534.27,11050562.69,-140106.40,-4.45
SPSAR2,2026-02-01,1104098.13,1045.34,99.51,101.83,-110687.52,-2.28,4859142.59,1213740.31,4911361.23,-14100.00,-2.56
SPSAR3,2026-02-01,1166502.76,1045.34,101.63,102.65,-48282.89,-0.99,4859142.59,1213740.31,4911361.23,-14100.00,-1.28
SPSAR4,2026-02-01,1191845.87,1045.34,99.35,99.82,-22939.78,-0.47,4859142.59,1213740.31,4911361.23,-14100.00,-0.76
SPSAR5,2026-02-01,1196907.57,3667.34,99.60,99.97,-17878.08,-0.37,4859142.59,1211118.31,4911361.23,-16722.00,-0.71
SPSAR6,2026-02-01,1244811.79,1045.34,102.12,101.49,30026.14,0.62,4859142.59,1213740.31,4911361.23,-14100.00,0.00
SPSAR7,2026-02-01,1249267.78,3667.34,98.52,97.83,34482.13,0.71,4859142.59,1211118.31,4911361.23,-16722.00,-1.48
SPSAR8,2026-02-01,1224735.25,57579.51,96.53,96.33,9949.60,0.20,4859142.59,1157206.14,4911361.23,-70634.17,-3.47
SPSAR9,2026-02-01,1224550.41,49758.93,97.16,96.97,9764.76,0.20,4859142.59,1165026.72,4911361.23,-62813.59,-2.84
NLONG1,2026-02-01,79376.61,-17379.71,99.99,97.86,79376.61,2.18,3644356.92,17379.71,3683520.90,17379.71,-0.01
NLONG10,2026-02-01,47280.24,18776.81,101.16,99.86,47280.24,1.30,3644356.92,-18776.81,3683520.90,-18776.81,-0.03
NLONG11,2026-02-01,79376.61,0.00,104.65,102.42,79376.61,2.18,3644356.92,0.00,3683520.90,0.00,0.00
NLONG12,2026-02-01,47280.24,19571.90,105.55,104.20,47280.24,1.30,3644356.92,-19571.90,3683520.90,-19571.90,0.00
NLONG13,2026-02-01,-55751.47,27057.84,99.27,100.81,-55751.47,-1.53,3644356.92,-27057.84,3683520.90,-27057.84,-3.01
NLONG14,2026-02-01,-32311.29,24359.23,99.85,100.74,-32311.29,-0.89,3644356.92,-24359.23,3683520.90,-24359.23,-2.10
NLONG15,2026-02-01,-21583.14,29661.12,102.62,103.23,-21583.14,-0.59,3644356.92,-29661.12,3683520.90,-29661.12,-3.37
NLONG16,2026-02-01,-36265.69,25513.40,102.32,103.35,-36265.69,-1.00,3644356.92,-25513.40,3683520.90,-25513.40,-1.85
NLONG17,2026-02-01,26573.77,27057.84,100.87,100.14,26573.77,0.73,3644356.92,-27057.84,3683520.90,-27057.84,-0.81
NLONG18,2026-02-01,28587.30,24359.23,100.32,99.54,28587.30,0.78,3644356.92,-24359.23,3683520.90,-24359.23,-0.93
NLONG19,2026-02-01,19606.35,29661.12,102.74,102.19,19606.35,0.54,3644356.92,-29661.12,3683520.90,-29661.12,-2.20
NLONG2,2026-02-01,-30351.87,18776.81,97.80,98.62,-30351.87,-0.83,3644356.92,-18776.81,3683520.90,-18776.81,-2.73
NLONG20,2026-02-01,20651.35,25513.40,102.84,102.26,20651.35,0.57,3644356.92,-25513.40,3683520.90,-25513.40,-0.45
NLONG21,2026-02-01,32870.43,21930.85,100.42,99.52,32870.43,0.90,3644356.92,-21930.85,3683520.90,-21930.85,-1.15
NLONG22,2026-02-01,34883.96,21334.06,100.42,99.47,34883.96,0.96,3644356.92,-21334.06,3683520.90,-21334.06,-0.88
NLONG23,2026-02-01,28184.78,22693.72,105.64,104.83,28184.78,0.77,3644356.92,-22693.72,3683520.90,-22693.72,-0.67
NLONG24,2026-02-01,29229.78,19817.22,106.54,105.69,29229.78,0.80,3644356.92,-19817.22,3683520.90,-19817.22,0.00
NLONG3,2026-02-01,79376.61,-15325.30,102.07,99.89,79376.61,2.18,3644356.92,15325.30,3683520.90,15325.30,0.00
NLONG4,2026-02-01,-30351.87,19571.90,100.75,101.60,-30351.87,-0.83,3644356.92,-19571.90,3683520.90,-19571.90,-2.29
NLONG5,2026-02-01,79376.61,-14837.98,100.89,98.74,79376.61,2.18,3644356.92,14837.98,3683520.90,14837.98,0.00
NLONG6,2026-02-01,-30351.87,18776.81,97.78,98.60,-30351.87,-0.83,3644356.92,-18776.81,3683520.90,-18776.81,-2.78
NLONG7,2026-02-01,79376.61,0.00,103.40,101.20,79376.61,2.18,3644356.92,0.00,3683520.90,0.00,0.00
NLONG8,2026-02-01,-30351.87,19571.90,101.67,102.52,-30351.87,-0.83,3644356.92,-19571.90,3683520.90,-19571.90,-2.02
NLONG9,2026-02-01,79376.61,0.00,102.23,100.05,79376.61,2.18,3644356.92,0.00,3683520.90,0.00,0.00
SLONG1,2026-02-01,78967.97,-15377.36,101.79,99.63,78967.97,2.17,3644356.92,15377.36,3683520.90,15377.36,0.00
SLONG10,2026-02-01,-35962.16,14076.48,99.16,100.15,-35962.16,-0.99,3644356.92,-14076.48,3683520.90,-14076.48,-2.48
SLONG11,2026-02-01,78967.97,0.00,102.56,100.38,78967.97,2.17,3644356.92,0.00,3683520.90,0.00,0.00
SLONG12,2026-02-01,-28692.48,18655.04,98.64,99.42,-28692.48,-0.79,3644356.92,-18655.04,3683520.90,-18655.04,-2.99
SLONG13,2026-02-01,-47853.37,21348.77,100.33,101.67,-47853.37,-1.31,3644356.92,-21348.77,3683520.90,-21348.77,-2.91
SLONG14,2026-02-01,-34998.21,19895.10,100.66,101.64,-34998.21,-0.96,3644356.92,-19895.10,3683520.90,-19895.10,-2.08
SLONG15,2026-02-01,-16307.39,6319.26,102.11,102.57,-16307.39,-0.45,3644356.92,-6319.26,3683520.90,-6319.26,-1.68
SLONG16,2026-02-01,-33925.44,22845.88,101.34,102.29,-33925.44,-0.93,3644356.92,-22845.88,3683520.90,-22845.88,-1.54
SLONG17,2026-02-01,22194.62,21348.77,101.07,100.46,22194.62,0.61,3644356.92,-21348.77,3683520.90,-21348.77,-0.98
SLONG18,2026-02-01,24809.07,19895.10,100.75,100.07,24809.07,0.68,3644356.92,-19895.10,3683520.90,-19895.10,-0.87
SLONG19,2026-02-01,20337.29,6319.26,102.13,101.56,20337.29,0.56,3644356.92,-6319.26,3683520.90,-6319.26,-0.55
SLONG2,2026-02-01,-35448.23,14076.48,97.86,98.82,-35448.23,-0.97,3644356.92,-14076.48,3683520.90,-14076.48,-3.17
SLONG20,2026-02-01,21143.09,22845.88,100.71,100.13,21143.09,0.58,3644356.92,-22845.88,3683520.90,-22845.88,-1.03
SLONG21,2026-02-01,25082.10,21194.02,101.35,100.66,25082.10,0.69,3644356.92,-21194.02,3683520.90,-21194.02,-1.58
SLONG22,2026-02-01,27325.69,18606.48,101.41,100.66,27325.69,0.75,3644356.92,-18606.48,3683520.90,-18606.48,-1.29
SLONG23,2026-02-01,20509.35,4221.24,102.88,102.30,20509.35,0.56,3644356.92,-4221.24,3683520.90,-4221.24,-1.24
SLONG24,2026-02-01,20794.19,4691.82,102.41,101.83,20794.19,0.57,3644356.92,-4691.82,3683520.90,-4691.82,-0.81
SLONG3,2026-02-01,78967.97,0.00,99.85,97.73,78967.97,2.17,3644356.92,0.00,3683520.90,0.00,-0.66
SLONG4,2026-02-01,-35448.23,18655.04,98.12,99.08,-35448.23,-0.97,3644356.92,-18655.04,3683520.90,-18655.04,-2.91
SLONG5,2026-02-01,78967.97,-14470.56,101.28,99.13,78967.97,2.17,3644356.92,14470.56,3683520.90,14470.56,0.00
SLONG6,2026-02-01,-35448.23,14076.48,98.62,99.59,-35448.23,-0.97,3644356.92,-14076.48,3683520.90,-14076.48,-2.38
SLONG7,2026-02-01,78967.97,0.00,99.63,97.52,78967.97,2.17,3644356.92,0.00,3683520.90,0.00,-0.96
SLONG8,2026-02-01,-35448.23,18655.04,98.63,99.60,-35448.23,-0.97,3644356.92,-18655.04,3683520.90,-18655.04,-3.00
SLONG9,2026-02-01,78967.97,0.00,102.96,100.78,78967.97,2.17,3644356.92,0.00,3683520.90,0.00,0.00
Liquidcase Stock Holdings,2026-02-01,36144816.96,0.00,100.34,100.33,3211.16,0.01,36141605.80,36141605.80,36128761.16,12844.64,0.00
QYE++ Liquidcase Stock Holdings,2026-02-01,36144816.96,0.00,100.34,100.33,3211.16,0.01,36141605.80,36141605.80,36128761.16,12844.64,0.00
QYE++ Debt Stock Holdings,2026-02-01,36144816.96,0.00,100.34,100.33,3211.16,0.01,36141605.80,36141605.80,36128761.16,12844.64,0.00
Debt Stock Holdings,2026-02-01,36144816.96,0.00,100.34,100.33,3211.16,0.01,36141605.80,36141605.80,36128761.16,12844.64,0.00
QYE++ Stock Holdings,2026-02-01,36144816.96,0.00,100.34,100.33,3211.16,0.01,36141605.80,36141605.80,36128761.16,12844.64,0.00
Stock Holdings,2026-02-01,36144816.96,0.00,100.34,100.33,3211.16,0.01,36141605.80,36141605.80,36128761.16,12844.64,0.00
Small Cap Mutual Funds,2026-02-01,124742631.40,0.00,98.84,96.24,3274963.84,2.70,121467667.56,121467667.56,120213914.18,1253753.38,-1.16
QYE++ Small Cap Mutual Funds,2026-02-01,124742631.40,0.00,98.84,96.24,3274963.84,2.70,121467667.56,121467667.56,120213914.18,1253753.38,-1.16
QYE++ Mutual Funds,2026-02-01,124742631.40,0.00,98.84,96.24,3274963.84,2.70,121467667.56,121467667.56,120213914.18,1253753.38,-1.16
QYE++ Equity Mutual Funds,2026-02-01,124742631.40,0.00,98.84,96.24,3274963.84,2.70,121467667.56,121467667.56,120213914.18,1253753.38,-1.16
Equity Mutual Funds,2026-02-01,124742631.40,0.00,98.84,96.24,3274963.84,2.70,121467667.56,121467667.56,120213914.18,1253753.38,-1.16
Mutual Funds,2026-02-01,124742631.40,0.00,98.84,96.24,3274963.84,2.70,121467667.56,121467667.56,120213914.18,1253753.38,-1.16
QYE++ Miscellaneous P&L,2026-02-01,0.00,0.00,100.00,100.00,0.00,0.00,0.00,0.00,0.00,0.00,0.00
Miscellaneous P&L,2026-02-01,0.00,0.00,100.00,100.00,0.00,0.00,0.00,0.00,0.00,0.00,0.00
QYE++ Equity Holdings Tax,2026-02-01,0.00,0.00,100.00,100.00,0.00,0.00,0.00,0.00,0.00,0.00,0.00
QAW++ Equity Holdings Tax,2026-02-01,0.00,0.00,100.00,100.00,0.00,0.00,0.00,0.00,0.00,0.00,0.00
Equity Holdings Tax,2026-02-01,0.00,0.00,100.00,100.00,0.00,0.00,0.00,0.00,0.00,0.00,0.00
QYE++ Total Tax,2026-02-01,-16622.78,11701.67,100.00,100.00,-16622.78,0.00,0.00,-11701.67,0.00,0.00,0.00
Total Tax,2026-02-01,-16622.78,11701.67,100.00,100.00,-16622.78,0.00,0.00,-11701.67,0.00,0.00,0.00
QYE++ F&O Tax,2026-02-01,-16622.78,11701.67,100.00,100.00,-16622.78,0.00,0.00,-11701.67,0.00,0.00,0.00
F&O Tax,2026-02-01,-16622.78,11701.67,100.00,100.00,-16622.78,0.00,0.00,-11701.67,0.00,0.00,0.00
Equity Intraday Tax,2026-02-01,0.00,0.00,100.00,100.00,0.00,0.00,0.00,0.00,0.00,0.00,0.00
MCX Tax,2026-02-01,0.00,0.00,100.00,100.00,0.00,0.00,0.00,0.00,0.00,0.00,0.00
QYE++ Total Other Debits and Credits,2026-02-01,0.00,0.00,100.00,100.00,0.00,0.00,0.00,0.00,0.00,0.00,0.00
Total Other Debits and Credits,2026-02-01,0.00,0.00,100.00,100.00,0.00,0.00,0.00,0.00,0.00,0.00,0.00
QYE++ Equity Other Debits and Credits,2026-02-01,0.00,0.00,100.00,100.00,0.00,0.00,0.00,0.00,0.00,0.00,0.00
Equity Other Debits and Credits,2026-02-01,0.00,0.00,100.00,100.00,0.00,0.00,0.00,0.00,0.00,0.00,0.00
QYE++ NPSAR,2026-02-01,22094395.23,479013.64,99.41,99.15,228253.65,0.26,87464566.31,21387127.93,88404501.83,-713997.53,-1.27
NPSAR,2026-02-01,22094395.23,479013.64,99.41,99.15,228253.65,0.26,87464566.31,21387127.93,88404501.83,-713997.53,-1.27
QYE++ SPSAR,2026-02-01,21907933.07,366432.50,99.87,99.82,41791.49,0.05,87464566.31,21499709.07,88404501.83,-601416.39,-1.02
SPSAR,2026-02-01,21907933.07,366432.50,99.87,99.82,41791.49,0.05,87464566.31,21499709.07,88404501.83,-601416.39,-1.02
QYE++ NLONG,2026-02-01,524088.79,366462.17,101.75,101.15,524088.79,0.60,87464566.08,-366462.17,88404501.60,-366462.17,-0.49
NLONG,2026-02-01,524088.79,366462.17,101.75,101.15,524088.79,0.60,87464566.08,-366462.17,88404501.60,-366462.17,-0.49
QYE++ SLONG,2026-02-01,316471.25,257878.22,100.69,100.32,316471.25,0.36,87464566.08,-257878.22,88404501.60,-257878.22,-0.75
SLONG,2026-02-01,316471.25,257878.22,100.69,100.32,316471.25,0.36,87464566.08,-257878.22,88404501.60,-257878.22,-0.75
QYE++ PSAR,2026-02-01,44002328.30,845446.13,99.64,99.48,270045.14,0.15,174929132.62,42886837.00,176809003.66,-1315413.92,-1.14
PSAR,2026-02-01,44002328.30,845446.13,99.64,99.48,270045.14,0.15,174929132.62,42886836.99,176809003.66,-1315413.92,-1.14
QYE++ LONG,2026-02-01,840560.04,624340.39,101.22,100.74,840560.04,0.48,174929132.16,-624340.39,176809003.20,-624340.39,-0.62
LONG,2026-02-01,840560.04,624340.39,101.22,100.74,840560.04,0.48,174929132.16,-624340.39,176809003.20,-624340.39,-0.62
QYE++ Total Portfolio Value,2026-02-01,44826265.56,1481488.19,100.76,100.14,1093982.40,0.63,174929132.00,42250794.94,176809003.00,-1951455.98,-1.79
Total Portfolio Value,2026-02-01,44826265.56,1481488.19,100.78,100.15,1093982.40,0.63,174929132.00,42250794.94,176809003.00,-1951455.98,-1.78
QYE++ Zerodha Total Portfolio,2026-02-01,180368461.53,0.00,100.02,97.59,4372157.40,2.48,175996304.13,175996304.13,176681162.09,-684857.96,0.00
Zerodha Total Portfolio,2026-02-01,180368461.53,0.00,100.02,97.59,4372157.40,2.48,175996304.13,175996304.13,176681162.09,-684857.96,0.00
NPSAR1,2026-02-02,1224560.71,-89109.44,104.15,104.20,-2223.00,-0.05,4907134.82,1315893.15,4859142.59,101107.50,-0.05
NPSAR10,2026-02-02,2826816.20,-94206.76,101.69,101.08,66552.89,0.60,11041053.25,2854470.07,10933070.75,121202.38,-0.22
NPSAR11,2026-02-02,2850950.32,-48384.47,99.10,98.29,90687.01,0.82,11041053.25,2808647.78,10933070.75,75380.09,-1.74
NPSAR12,2026-02-02,2688016.53,89957.52,97.46,98.10,-72246.78,-0.65,11041053.25,2670305.79,10933070.75,-62961.90,-4.65
NPSAR13,2026-02-02,2815343.47,46534.11,98.96,98.47,55080.16,0.50,11041053.25,2713729.20,10933070.75,-19538.49,-3.39
NPSAR2,2026-02-02,1196675.71,106565.30,98.36,98.97,-30108.00,-0.61,4907134.82,1120218.41,4859142.59,-94567.24,-3.57
NPSAR3,2026-02-02,1220231.71,12250.10,101.70,101.84,-6552.00,-0.13,4907134.82,1214533.61,4859142.59,-252.04,-0.56
NPSAR4,2026-02-02,1220231.71,21996.49,98.78,98.91,-6552.00,-0.13,4907134.82,1204787.22,4859142.59,-9998.43,-1.22
NPSAR5,2026-02-02,1220231.71,12250.10,99.24,99.37,-6552.00,-0.13,4907134.82,1214533.61,4859142.59,-252.04,-0.76
NPSAR6,2026-02-02,1226998.21,-35167.55,101.46,101.46,214.50,0.00,4907134.82,1261951.26,4859142.59,47165.61,0.00
NPSAR7,2026-02-02,1229026.21,-44385.29,101.19,101.14,2242.50,0.05,4907134.82,1271169.00,4859142.59,56383.35,0.00
NPSAR8,2026-02-02,1226998.21,4705.63,95.96,95.96,214.50,0.00,4907134.82,1222078.08,4859142.59,7292.43,-4.04
NPSAR9,2026-02-02,1229909.34,4705.63,96.50,96.44,3125.63,0.06,4907134.82,1222078.08,4859142.59,7292.43,-3.50
SPSAR1,2026-02-02,1227827.71,-35017.94,103.28,103.26,1044.00,0.02,4907134.82,1261801.65,4859142.59,47016.00,0.00
SPSAR10,2026-02-02,2814901.21,-77825.64,102.65,102.14,54637.90,0.49,11041053.25,2838088.95,10933070.75,104821.26,0.00
SPSAR11,2026-02-02,2848947.20,-99207.90,100.61,99.81,88683.89,0.80,11041053.25,2859471.21,10933070.75,126203.52,-0.43
SPSAR12,2026-02-02,2689212.53,86407.99,99.06,99.70,-71050.78,-0.64,11041053.25,2673855.32,10933070.75,-59412.37,-2.62
SPSAR13,2026-02-02,2791625.82,88266.90,98.61,98.33,31362.51,0.28,11041053.25,2671996.41,10933070.75,-61271.28,-4.18
SPSAR2,2026-02-02,1189931.71,122685.58,98.76,99.51,-36852.00,-0.75,4907134.82,1104098.13,4859142.59,-110687.52,-3.29
SPSAR3,2026-02-02,1205489.71,60280.95,101.19,101.63,-21294.00,-0.43,4907134.82,1166502.76,4859142.59,-48282.89,-1.71
SPSAR4,2026-02-02,1211051.71,34937.84,99.03,99.35,-15732.00,-0.32,4907134.82,1191845.87,4859142.59,-22939.78,-1.08
SPSAR5,2026-02-02,1211051.71,29876.14,99.28,99.60,-15732.00,-0.32,4907134.82,1196907.57,4859142.59,-17878.08,-1.03
SPSAR6,2026-02-02,1220303.71,-18028.09,101.99,102.12,-6480.00,-0.13,4907134.82,1244811.79,4859142.59,30026.14,-0.13
SPSAR7,2026-02-02,1220303.71,-22484.07,98.39,98.52,-6480.00,-0.13,4907134.82,1249267.78,4859142.59,34482.13,-1.61
SPSAR8,2026-02-02,1222369.03,2048.46,96.44,96.53,-4414.68,-0.09,4907134.82,1224735.25,4859142.59,9949.60,-3.56
SPSAR9,2026-02-02,1222369.03,2233.30,97.07,97.16,-4414.68,-0.09,4907134.82,1224550.41,4859142.59,9764.76,-2.93
NLONG1,2026-02-02,32016.89,-79376.61,100.86,99.99,32016.89,0.87,3680351.08,79376.61,3644356.92,79376.61,0.00
NLONG10,2026-02-02,51534.25,-47280.24,102.58,101.16,51534.25,1.40,3680351.08,47280.24,3644356.92,47280.24,0.00
NLONG11,2026-02-02,59831.40,-79376.61,106.35,104.65,59831.40,1.63,3680351.08,79376.61,3644356.92,79376.61,0.00
NLONG12,2026-02-02,49565.15,-47280.24,106.97,105.55,49565.15,1.35,3680351.08,47280.24,3644356.92,47280.24,0.00
NLONG13,2026-02-02,21396.62,55751.47,99.85,99.27,21396.62,0.58,3680351.08,-55751.47,3644356.92,-55751.47,-2.44
NLONG14,2026-02-02,21877.74,32311.29,100.44,99.85,21877.74,0.59,3680351.08,-32311.29,3644356.92,-32311.29,-1.52
NLONG15,2026-02-02,32657.57,21583.14,103.53,102.62,32657.57,0.89,3680351.08,-21583.14,3644356.92,-21583.14,-2.51
NLONG16,2026-02-02,21877.74,36265.69,102.93,102.32,21877.74,0.59,3680351.08,-36265.69,3644356.92,-36265.69,-1.27
NLONG17,2026-02-02,41890.80,-26573.77,102.02,100.87,41890.80,1.14,3680351.08,26573.77,3644356.92,26573.77,0.00
NLONG18,2026-02-02,38048.66,-28587.30,101.36,100.32,38048.66,1.03,3680351.08,28587.30,3644356.92,28587.30,0.00
NLONG19,2026-02-02,40719.71,-19606.35,103.88,102.74,40719.71,1.11,3680351.08,19606.35,3644356.92,19606.35,-1.11
NLONG2,2026-02-02,-29369.58,30351.87,97.02,97.80,-29369.58,-0.80,3680351.08,-30351.87,3644356.92,-30351.87,-3.50
NLONG20,2026-02-02,32715.24,-20651.35,103.75,102.84,32715.24,0.89,3680351.08,20651.35,3644356.92,20651.35,0.00
NLONG21,2026-02-02,47971.38,-32870.43,101.73,100.42,47971.38,1.30,3680351.08,32870.43,3644356.92,32870.43,0.00
NLONG22,2026-02-02,44129.24,-34883.96,101.62,100.42,44129.24,1.20,3680351.08,34883.96,3644356.92,34883.96,0.00
NLONG23,2026-02-02,51216.43,-28184.78,107.11,105.64,51216.43,1.39,3680351.08,28184.78,3644356.92,28184.78,0.00
NLONG24,2026-02-02,41210.84,-29229.78,107.73,106.54,41210.84,1.12,3680351.08,29229.78,3644356.92,29229.78,0.00
NLONG3,2026-02-02,59831.40,-79376.61,103.73,102.07,59831.40,1.63,3680351.08,79376.61,3644356.92,79376.61,0.00
NLONG4,2026-02-02,34691.80,30351.87,101.70,100.75,34691.80,0.94,3680351.08,-30351.87,3644356.92,-30351.87,-1.37
NLONG5,2026-02-02,54132.21,-79376.61,102.37,100.89,54132.21,1.47,3680351.08,79376.61,3644356.92,79376.61,0.00
NLONG6,2026-02-02,34691.80,30351.87,98.70,97.78,34691.80,0.94,3680351.08,-30351.87,3644356.92,-30351.87,-1.87
NLONG7,2026-02-02,59831.40,-79376.61,105.08,103.40,59831.40,1.63,3680351.08,79376.61,3644356.92,79376.61,0.00
NLONG8,2026-02-02,34691.80,30351.87,102.63,101.67,34691.80,0.94,3680351.08,-30351.87,3644356.92,-30351.87,-1.10
NLONG9,2026-02-02,54132.21,-79376.61,103.73,102.23,54132.21,1.47,3680351.08,79376.61,3644356.92,79376.61,0.00
SLONG1,2026-02-02,17996.55,-78967.97,102.29,101.79,17996.55,0.49,3680351.08,78967.97,3644356.92,78967.97,0.00
SLONG10,2026-02-02,22640.43,35962.16,99.77,99.16,22640.43,0.62,3680351.08,-35962.16,3644356.92,-35962.16,-1.88
SLONG11,2026-02-02,35641.59,-78967.97,103.55,102.56,35641.59,0.97,3680351.08,78967.97,3644356.92,78967.97,0.00
SLONG12,2026-02-02,22640.43,28692.48,99.25,98.64,22640.43,0.62,3680351.08,-28692.48,3644356.92,-28692.48,-2.39
SLONG13,2026-02-02,11565.78,47853.37,100.65,100.33,11565.78,0.31,3680351.08,-47853.37,3644356.92,-47853.37,-2.60
SLONG14,2026-02-02,13358.26,34998.21,101.03,100.66,13358.26,0.36,3680351.08,-34998.21,3644356.92,-34998.21,-1.72
SLONG15,2026-02-02,17342.41,16307.39,102.59,102.11,17342.41,0.47,3680351.08,-16307.39,3644356.92,-16307.39,-1.22
SLONG16,2026-02-02,13358.26,33925.44,101.71,101.34,13358.26,0.36,3680351.08,-33925.44,3644356.92,-33925.44,-1.19
SLONG17,2026-02-02,23611.98,-22194.62,101.72,101.07,23611.98,0.64,3680351.08,22194.62,3644356.92,22194.62,-0.34
SLONG18,2026-02-02,21093.89,-24809.07,101.33,100.75,21093.89,0.57,3680351.08,24809.07,3644356.92,24809.07,-0.30
SLONG19,2026-02-02,25993.27,-20337.29,102.85,102.13,25993.27,0.71,3680351.08,20337.29,3644356.92,20337.29,0.00
SLONG2,2026-02-02,-29105.85,35448.23,97.09,97.86,-29105.85,-0.79,3680351.08,-35448.23,3644356.92,-35448.23,-3.93
SLONG20,2026-02-02,20129.56,-21143.09,101.26,100.71,20129.56,0.55,3680351.08,21143.09,3644356.92,21143.09,-0.49
SLONG21,2026-02-02,28882.47,-25082.10,102.15,101.35,28882.47,0.78,3680351.08,25082.10,3644356.92,25082.10,-0.81
SLONG22,2026-02-02,26364.38,-27325.69,102.14,101.41,26364.38,0.72,3680351.08,27325.69,3644356.92,27325.69,-0.58
SLONG23,2026-02-02,26667.71,-20509.35,103.63,102.88,26667.71,0.72,3680351.08,20509.35,3644356.92,20509.35,-0.52
SLONG24,2026-02-02,22293.58,-20794.19,103.03,102.41,22293.58,0.61,3680351.08,20794.19,3644356.92,20794.19,-0.21
SLONG3,2026-02-02,35641.59,-78967.97,100.82,99.85,35641.59,0.97,3680351.08,78967.97,3644356.92,78967.97,0.00
SLONG4,2026-02-02,22640.43,35448.23,98.72,98.12,22640.43,0.62,3680351.08,-35448.23,3644356.92,-35448.23,-2.32
SLONG5,2026-02-02,31503.89,-78967.97,102.15,101.28,31503.89,0.86,3680351.08,78967.97,3644356.92,78967.97,0.00
SLONG6,2026-02-02,22640.43,35448.23,99.23,98.62,22640.43,0.62,3680351.08,-35448.23,3644356.92,-35448.23,-1.77
SLONG7,2026-02-02,35641.59,-78967.97,100.59,99.63,35641.59,0.97,3680351.08,78967.97,3644356.92,78967.97,-0.01
SLONG8,2026-02-02,22640.43,35448.23,99.24,98.63,22640.43,0.62,3680351.08,-35448.23,3644356.92,-35448.23,-2.40
SLONG9,2026-02-02,31503.89,-78967.97,103.84,102.96,31503.89,0.86,3680351.08,78967.97,3644356.92,78967.97,0.00
Liquidcase Stock Holdings,2026-02-02,36144816.96,0.00,100.34,100.34,0.00,0.00,36144816.96,36144816.96,36141605.80,3211.16,0.00
QYE++ Liquidcase Stock Holdings,2026-02-02,36144816.96,0.00,100.34,100.34,0.00,0.00,36144816.96,36144816.96,36141605.80,3211.16,0.00
QYE++ Debt Stock Holdings,2026-02-02,36144816.96,0.00,100.34,100.34,0.00,0.00,36144816.96,36144816.96,36141605.80,3211.16,0.00
Debt Stock Holdings,2026-02-02,36144816.96,0.00,100.34,100.34,0.00,0.00,36144816.96,36144816.96,36141605.80,3211.16,0.00
QYE++ Stock Holdings,2026-02-02,36144816.96,0.00,100.34,100.34,0.00,0.00,36144816.96,36144816.96,36141605.80,3211.16,0.00
Stock Holdings,2026-02-02,36144816.96,0.00,100.34,100.34,0.00,0.00,36144816.96,36144816.96,36141605.80,3211.16,0.00
Small Cap Mutual Funds,2026-02-02,119955267.12,0.00,95.04,98.84,-4787364.28,-3.84,124742631.40,124742631.40,121467667.56,3274963.84,-4.96
QYE++ Small Cap Mutual Funds,2026-02-02,119955267.12,0.00,95.04,98.84,-4787364.28,-3.84,124742631.40,124742631.40,121467667.56,3274963.84,-4.96
QYE++ Mutual Funds,2026-02-02,119955267.12,0.00,95.04,98.84,-4787364.28,-3.84,124742631.40,124742631.40,121467667.56,3274963.84,-4.96
QYE++ Equity Mutual Funds,2026-02-02,119955267.12,0.00,95.04,98.84,-4787364.28,-3.84,124742631.40,124742631.40,121467667.56,3274963.84,-4.96
Equity Mutual Funds,2026-02-02,119955267.12,0.00,95.04,98.84,-4787364.28,-3.84,124742631.40,124742631.40,121467667.56,3274963.84,-4.96
Mutual Funds,2026-02-02,119955267.12,0.00,95.04,98.84,-4787364.28,-3.84,124742631.40,124742631.40,121467667.56,3274963.84,-4.96
QYE++ Miscellaneous P&L,2026-02-02,0.00,0.00,100.00,100.00,0.00,0.00,0.00,0.00,0.00,0.00,0.00
Miscellaneous P&L,2026-02-02,0.00,0.00,100.00,100.00,0.00,0.00,0.00,0.00,0.00,0.00,0.00
QYE++ Equity Holdings Tax,2026-02-02,0.00,0.00,100.00,100.00,0.00,0.00,0.00,0.00,0.00,0.00,0.00
QAW++ Equity Holdings Tax,2026-02-02,0.00,0.00,100.00,100.00,0.00,0.00,0.00,0.00,0.00,0.00,0.00
Equity Holdings Tax,2026-02-02,0.00,0.00,100.00,100.00,0.00,0.00,0.00,0.00,0.00,0.00,0.00
QYE++ Total Tax,2026-02-02,-11439.32,16622.78,100.00,100.00,-11439.32,0.00,0.00,-16622.78,0.00,0.00,0.00
Total Tax,2026-02-02,-11439.32,16622.78,100.00,100.00,-11439.32,0.00,0.00,-16622.78,0.00,0.00,0.00
QYE++ F&O Tax,2026-02-02,-11439.32,16622.78,100.00,100.00,-11439.32,0.00,0.00,-16622.78,0.00,0.00,0.00
F&O Tax,2026-02-02,-11439.32,16622.78,100.00,100.00,-11439.32,0.00,0.00,-16622.78,0.00,0.00,0.00
Equity Intraday Tax,2026-02-02,0.00,0.00,100.00,100.00,0.00,0.00,0.00,0.00,0.00,0.00,0.00
MCX Tax,2026-02-02,0.00,0.00,100.00,100.00,0.00,0.00,0.00,0.00,0.00,0.00,0.00
QYE++ Total Other Debits and Credits,2026-02-02,0.00,0.00,100.00,100.00,0.00,0.00,0.00,0.00,0.00,0.00,0.00
Total Other Debits and Credits,2026-02-02,0.00,0.00,100.00,100.00,0.00,0.00,0.00,0.00,0.00,0.00,0.00
QYE++ Equity Other Debits and Credits,2026-02-02,0.00,0.00,100.00,100.00,0.00,0.00,0.00,0.00,0.00,0.00,0.00
Equity Other Debits and Credits,2026-02-02,0.00,0.00,100.00,100.00,0.00,0.00,0.00,0.00,0.00,0.00,0.00
QYE++ NPSAR,2026-02-02,22175990.01,-12288.66,99.51,99.41,93883.41,0.11,88328426.38,22094395.23,87464566.31,228253.65,-1.16
NPSAR,2026-02-02,22175990.01,-12288.66,99.51,99.41,93883.41,0.11,88328426.38,22094395.23,87464566.31,228253.65,-1.16
QYE++ SPSAR,2026-02-02,22075384.76,174173.50,99.86,99.87,-6721.84,-0.01,88328426.38,21907933.07,87464566.31,41791.49,-1.03
SPSAR,2026-02-02,22075384.76,174173.50,99.86,99.87,-6721.84,-0.01,88328426.38,21907933.07,87464566.31,41791.49,-1.03
QYE++ NLONG,2026-02-02,931292.70,-524088.79,102.82,101.75,931292.70,1.05,88328425.92,524088.79,87464566.08,524088.79,0.00
NLONG,2026-02-02,931292.70,-524088.79,102.82,101.75,931292.70,1.05,88328425.92,524088.79,87464566.08,524088.79,0.00
QYE++ SLONG,2026-02-02,522686.95,-316471.25,101.28,100.69,522686.95,0.59,88328425.92,316471.25,87464566.08,316471.25,-0.16
SLONG,2026-02-02,522686.95,-316471.25,101.28,100.69,522686.95,0.59,88328425.92,316471.25,87464566.08,316471.25,-0.16
QYE++ PSAR,2026-02-02,44251374.76,161884.83,99.69,99.64,87161.57,0.05,176656852.76,44002328.30,174929132.62,270045.14,-1.09
PSAR,2026-02-02,44251374.76,161884.83,99.69,99.64,87161.57,0.05,176656852.76,44002328.30,174929132.62,270045.14,-1.09
QYE++ LONG,2026-02-02,1453979.65,-840560.04,102.05,101.22,1453979.65,0.82,176656851.84,840560.04,174929132.16,840560.04,0.00
LONG,2026-02-02,1453979.65,-840560.04,102.05,101.22,1453979.65,0.82,176656851.84,840560.04,174929132.16,840560.04,0.00
QYE++ Total Portfolio Value,2026-02-02,45693915.09,-662052.43,101.64,100.76,1529701.90,0.87,176656852.00,44826265.56,174929132.00,1093982.40,-0.94
Total Portfolio Value,2026-02-02,45693915.09,-662052.43,101.66,100.78,1529701.90,0.87,176656852.00,44826265.56,174929132.00,1093982.40,-0.93
QYE++ Zerodha Total Portfolio,2026-02-02,177110799.15,0.00,98.20,100.02,-3257662.38,-1.81,180368461.53,180368461.53,175996304.13,4372157.40,-1.81
Zerodha Total Portfolio,2026-02-02,177110799.15,0.00,98.20,100.02,-3257662.38,-1.81,180368461.53,180368461.53,175996304.13,4372157.40,-1.81
NPSAR1,2026-02-03,1123951.44,13004.23,101.76,104.15,-113613.49,-2.30,4950259.71,1224560.70,4907134.82,-2223.00,-2.34
NPSAR10,2026-02-03,2817125.07,-42295.14,101.99,101.69,32604.01,0.29,11138084.25,2826816.20,11041053.25,66552.89,0.00
NPSAR11,2026-02-03,2833870.14,-66429.26,99.54,99.10,49349.08,0.44,11138084.25,2850950.32,11041053.25,90687.01,-1.30
NPSAR12,2026-02-03,2859315.35,96504.53,98.11,97.46,74794.29,0.67,11138084.25,2688016.53,11041053.25,-72246.78,-4.01
NPSAR13,2026-02-03,2849091.95,-30822.41,99.53,98.96,64570.89,0.58,11138084.25,2815343.47,11041053.25,55080.16,-2.83
NPSAR2,2026-02-03,1085089.25,40889.23,95.33,98.36,-152475.68,-3.08,4950259.71,1196675.70,4907134.82,-30108.00,-6.54
NPSAR3,2026-02-03,1109776.97,17333.23,99.07,101.70,-127787.96,-2.58,4950259.71,1220231.70,4907134.82,-6552.00,-3.13
NPSAR4,2026-02-03,1109750.15,17333.23,96.23,98.78,-127814.78,-2.58,4950259.71,1220231.70,4907134.82,-6552.00,-3.77
NPSAR5,2026-02-03,1108522.29,17333.23,96.65,99.24,-129042.64,-2.61,4950259.71,1220231.70,4907134.82,-6552.00,-3.35
NPSAR6,2026-02-03,1136312.16,10566.73,99.38,101.46,-101252.77,-2.05,4950259.71,1226998.20,4907134.82,214.50,-2.05
NPSAR7,2026-02-03,1146277.78,8538.73,99.32,101.19,-91287.15,-1.84,4950259.71,1229026.20,4907134.82,2242.50,-1.85
NPSAR8,2026-02-03,1139054.92,10566.73,94.05,95.96,-98510.01,-1.99,4950259.71,1226998.20,4907134.82,214.50,-5.95
NPSAR9,2026-02-03,1259103.51,7655.59,96.92,96.50,21538.58,0.44,4950259.71,1229909.34,4907134.82,3125.63,-3.08
SPSAR1,2026-02-03,1175027.29,9737.23,101.98,103.28,-62537.64,-1.26,4950259.71,1227827.70,4907134.82,1044.00,-1.26
SPSAR10,2026-02-03,2863915.06,-30380.15,103.38,102.65,79394.00,0.71,11138084.25,2814901.21,11041053.25,54637.90,0.00
SPSAR11,2026-02-03,2855269.76,-64426.14,101.25,100.61,70748.70,0.64,11138084.25,2848947.20,11041053.25,88683.89,0.00
SPSAR12,2026-02-03,2882190.19,95308.53,99.93,99.06,97669.13,0.88,11138084.25,2689212.53,11041053.25,-71050.78,-1.76
SPSAR13,2026-02-03,2881913.34,-7104.76,99.47,98.61,97392.28,0.87,11138084.25,2791625.82,11041053.25,31362.51,-3.34
SPSAR2,2026-02-03,1097249.26,47633.23,95.96,98.76,-140315.67,-2.83,4950259.71,1189931.70,4907134.82,-36852.00,-6.03
SPSAR3,2026-02-03,1108539.13,32075.23,98.55,101.19,-129025.80,-2.61,4950259.71,1205489.70,4907134.82,-21294.00,-4.27
SPSAR4,2026-02-03,1118401.71,26513.23,96.65,99.03,-119163.22,-2.41,4950259.71,1211051.70,4907134.82,-15732.00,-3.46
SPSAR5,2026-02-03,1118401.71,26513.23,96.89,99.28,-119163.22,-2.41,4950259.71,1211051.70,4907134.82,-15732.00,-3.41
SPSAR6,2026-02-03,1141736.27,17261.23,100.02,101.99,-95828.66,-1.94,4950259.71,1220303.70,4907134.82,-6480.00,-2.06
SPSAR7,2026-02-03,1141736.27,17261.23,96.49,98.39,-95828.66,-1.94,4950259.71,1220303.70,4907134.82,-6480.00,-3.51
SPSAR8,2026-02-03,1289326.93,15195.91,97.45,96.44,51762.00,1.05,4950259.71,1222369.02,4907134.82,-4414.68,-2.55
SPSAR9,2026-02-03,1289326.93,15195.91,98.09,97.07,51762.00,1.05,4950259.71,1222369.02,4907134.82,-4414.68,-1.91
NLONG1,2026-02-03,184076.38,-32016.89,105.86,100.86,184076.38,4.96,3712694.75,32016.89,3680351.08,32016.89,0.00
NLONG10,2026-02-03,296998.71,-51534.25,110.79,102.58,296998.71,8.00,3712694.75,51534.25,3680351.08,51534.25,0.00
NLONG11,2026-02-03,285502.20,-59831.40,114.53,106.35,285502.20,7.69,3712694.75,59831.40,3680351.08,59831.40,0.00
NLONG12,2026-02-03,289183.82,-49565.15,115.30,106.97,289183.82,7.79,3712694.75,49565.15,3680351.08,49565.15,0.00
NLONG13,2026-02-03,275024.38,-21396.62,107.25,99.85,275024.38,7.41,3712694.75,21396.62,3680351.08,21396.62,0.00
NLONG14,2026-02-03,288979.45,-21877.74,108.26,100.44,288979.45,7.78,3712694.75,21877.74,3680351.08,21877.74,0.00
NLONG15,2026-02-03,223670.78,-32657.57,109.77,103.53,223670.78,6.02,3712694.75,32657.57,3680351.08,32657.57,0.00
NLONG16,2026-02-03,254027.81,-21877.74,109.97,102.93,254027.81,6.84,3712694.75,21877.74,3680351.08,21877.74,0.00
NLONG17,2026-02-03,275024.38,-41890.80,109.58,102.02,275024.38,7.41,3712694.75,41890.80,3680351.08,41890.80,0.00
NLONG18,2026-02-03,288979.45,-38048.66,109.25,101.36,288979.45,7.78,3712694.75,38048.66,3680351.08,38048.66,0.00
NLONG19,2026-02-03,225066.82,-40719.71,110.18,103.88,225066.82,6.06,3712694.75,40719.71,3680351.08,40719.71,0.00
NLONG2,2026-02-03,0.00,29369.58,97.02,97.02,0.00,0.00,3712694.75,-29369.58,3680351.08,-29369.58,-3.50
NLONG20,2026-02-03,254027.81,-32715.24,110.85,103.75,254027.81,6.84,3712694.75,32715.24,3680351.08,32715.24,0.00
NLONG21,2026-02-03,316141.93,-47971.38,110.39,101.73,316141.93,8.52,3712694.75,47971.38,3680351.08,47971.38,0.00
NLONG22,2026-02-03,332803.69,-44129.24,110.73,101.62,332803.69,8.96,3712694.75,44129.24,3680351.08,44129.24,0.00
NLONG23,2026-02-03,263290.62,-51216.43,114.71,107.11,263290.62,7.09,3712694.75,51216.43,3680351.08,51216.43,0.00
NLONG24,2026-02-03,294406.34,-41210.84,116.27,107.73,294406.34,7.93,3712694.75,41210.84,3680351.08,41210.84,0.00
NLONG3,2026-02-03,197960.02,-59831.40,109.26,103.73,197960.02,5.33,3712694.75,59831.40,3680351.08,59831.40,0.00
NLONG4,2026-02-03,289183.82,-34691.80,109.62,101.70,289183.82,7.79,3712694.75,34691.80,3680351.08,34691.80,0.00
NLONG5,2026-02-03,267447.16,-54132.21,109.74,102.37,267447.16,7.20,3712694.75,54132.21,3680351.08,54132.21,0.00
NLONG6,2026-02-03,296998.71,-34691.80,106.60,98.70,296998.71,8.00,3712694.75,34691.80,3680351.08,34691.80,0.00
NLONG7,2026-02-03,240498.69,-59831.40,111.89,105.08,240498.69,6.48,3712694.75,59831.40,3680351.08,59831.40,0.00
NLONG8,2026-02-03,289183.82,-34691.80,110.62,102.63,289183.82,7.79,3712694.75,34691.80,3680351.08,34691.80,0.00
NLONG9,2026-02-03,279968.87,-54132.21,111.55,103.73,279968.87,7.54,3712694.75,54132.21,3680351.08,54132.21,0.00
SLONG1,2026-02-03,123211.97,-17996.55,105.68,102.29,123211.97,3.32,3712694.75,17996.55,3680351.08,17996.55,0.00
SLONG10,2026-02-03,183114.65,-22640.43,104.69,99.77,183114.65,4.93,3712694.75,22640.43,3680351.08,22640.43,0.00
SLONG11,2026-02-03,156453.27,-35641.59,107.91,103.55,156453.27,4.21,3712694.75,35641.59,3680351.08,35641.59,0.00
SLONG12,2026-02-03,176691.85,-22640.43,103.97,99.25,176691.85,4.76,3712694.75,22640.43,3680351.08,22640.43,0.00
SLONG13,2026-02-03,169601.07,-11565.78,105.25,100.65,169601.07,4.57,3712694.75,11565.78,3680351.08,11565.78,0.00
SLONG14,2026-02-03,176283.67,-13358.26,105.83,101.03,176283.67,4.75,3712694.75,13358.26,3680351.08,13358.26,0.00
SLONG15,2026-02-03,141191.60,-17342.41,106.49,102.59,141191.60,3.80,3712694.75,17342.41,3680351.08,17342.41,0.00
SLONG16,2026-02-03,168542.63,-13358.26,106.33,101.71,168542.63,4.54,3712694.75,13358.26,3680351.08,13358.26,0.00
SLONG17,2026-02-03,169601.07,-23611.98,106.37,101.72,169601.07,4.57,3712694.75,23611.98,3680351.08,23611.98,0.00
SLONG18,2026-02-03,176283.67,-21093.89,106.14,101.33,176283.67,4.75,3712694.75,21093.89,3680351.08,21093.89,0.00
SLONG19,2026-02-03,141342.08,-25993.27,106.77,102.85,141342.08,3.81,3712694.75,25993.27,3680351.08,25993.27,0.00
SLONG2,2026-02-03,-34806.44,29105.85,96.18,97.09,-34806.44,-0.94,3712694.75,-29105.85,3680351.08,-29105.85,-4.83
SLONG20,2026-02-03,167240.49,-20129.56,105.82,101.26,167240.49,4.50,3712694.75,20129.56,3680351.08,20129.56,0.00
SLONG21,2026-02-03,170315.40,-28882.47,106.84,102.15,170315.40,4.59,3712694.75,28882.47,3680351.08,28882.47,0.00
SLONG22,2026-02-03,179235.16,-26364.38,107.07,102.14,179235.16,4.83,3712694.75,26364.38,3680351.08,26364.38,0.00
SLONG23,2026-02-03,142199.56,-26667.71,107.60,103.63,142199.56,3.83,3712694.75,26667.71,3680351.08,26667.71,0.00
SLONG24,2026-02-03,169550.59,-22293.58,107.74,103.03,169550.59,4.57,3712694.75,22293.58,3680351.08,22293.58,0.00
SLONG3,2026-02-03,120173.75,-35641.59,104.08,100.82,120173.75,3.24,3712694.75,35641.59,3680351.08,35641.59,0.00
SLONG4,2026-02-03,141885.41,-22640.43,102.49,98.72,141885.41,3.82,3712694.75,22640.43,3680351.08,22640.43,0.00
SLONG5,2026-02-03,162742.72,-31503.89,106.63,102.15,162742.72,4.38,3712694.75,31503.89,3680351.08,31503.89,0.00
SLONG6,2026-02-03,183114.65,-22640.43,104.12,99.23,183114.65,4.93,3712694.75,22640.43,3680351.08,22640.43,0.00
SLONG7,2026-02-03,142113.74,-35641.59,104.44,100.59,142113.74,3.83,3712694.75,35641.59,3680351.08,35641.59,0.00
SLONG8,2026-02-03,176691.85,-22640.43,103.96,99.24,176691.85,4.76,3712694.75,22640.43,3680351.08,22640.43,0.00
SLONG9,2026-02-03,177698.98,-31503.89,108.81,103.84,177698.98,4.79,3712694.75,31503.89,3680351.08,31503.89,0.00
Liquidcase Stock Holdings,2026-02-03,36151239.28,0.00,100.36,100.34,6422.32,0.02,36144816.96,36144816.96,36144816.96,0.00,0.00
QYE++ Liquidcase Stock Holdings,2026-02-03,36151239.28,0.00,100.36,100.34,6422.32,0.02,36144816.96,36144816.96,36144816.96,0.00,0.00
QYE++ Debt Stock Holdings,2026-02-03,36151239.28,0.00,100.36,100.34,6422.32,0.02,36144816.96,36144816.96,36144816.96,0.00,0.00
Debt Stock Holdings,2026-02-03,36151239.28,0.00,100.36,100.34,6422.32,0.02,36144816.96,36144816.96,36144816.96,0.00,0.00
QYE++ Stock Holdings,2026-02-03,36151239.28,0.00,100.36,100.34,6422.32,0.02,36144816.96,36144816.96,36144816.96,0.00,0.00
Stock Holdings,2026-02-03,36151239.28,0.00,100.36,100.34,6422.32,0.02,36144816.96,36144816.96,36144816.96,0.00,0.00
Small Cap Mutual Funds,2026-02-03,124226806.59,0.00,98.42,95.04,4271539.47,3.56,119955267.12,119955267.12,124742631.40,-4787364.28,-1.58
QYE++ Small Cap Mutual Funds,2026-02-03,124226806.59,0.00,98.42,95.04,4271539.47,3.56,119955267.12,119955267.12,124742631.40,-4787364.28,-1.58
QYE++ Mutual Funds,2026-02-03,124226806.59,0.00,98.42,95.04,4271539.47,3.56,119955267.12,119955267.12,124742631.40,-4787364.28,-1.58
QYE++ Equity Mutual Funds,2026-02-03,124226806.59,0.00,98.42,95.04,4271539.47,3.56,119955267.12,119955267.12,124742631.40,-4787364.28,-1.58
Equity Mutual Funds,2026-02-03,124226806.59,0.00,98.42,95.04,4271539.47,3.56,119955267.12,119955267.12,124742631.40,-4787364.28,-1.58
Mutual Funds,2026-02-03,124226806.59,0.00,98.42,95.04,4271539.47,3.56,119955267.12,119955267.12,124742631.40,-4787364.28,-1.58
QYE++ Miscellaneous P&L,2026-02-03,0.00,0.00,100.00,100.00,0.00,0.00,0.00,0.00,0.00,0.00,0.00
Miscellaneous P&L,2026-02-03,0.00,0.00,100.00,100.00,0.00,0.00,0.00,0.00,0.00,0.00,0.00
QYE++ Equity Holdings Tax,2026-02-03,0.00,0.00,100.00,100.00,0.00,0.00,0.00,0.00,0.00,0.00,0.00
QAW++ Equity Holdings Tax,2026-02-03,0.00,0.00,100.00,100.00,0.00,0.00,0.00,0.00,0.00,0.00,0.00
Equity Holdings Tax,2026-02-03,0.00,0.00,100.00,100.00,0.00,0.00,0.00,0.00,0.00,0.00,0.00
QYE++ Total Tax,2026-02-03,-30367.72,11439.32,100.00,100.00,-30367.72,0.00,0.00,-11439.32,0.00,0.00,0.00
Total Tax,2026-02-03,-30367.72,11439.32,100.00,100.00,-30367.72,0.00,0.00,-11439.32,0.00,0.00,0.00
QYE++ F&O Tax,2026-02-03,-30367.72,11439.32,100.00,100.00,-30367.72,0.00,0.00,-11439.32,0.00,0.00,0.00
F&O Tax,2026-02-03,-30367.72,11439.32,100.00,100.00,-30367.72,0.00,0.00,-11439.32,0.00,0.00,0.00
Equity Intraday Tax,2026-02-03,0.00,0.00,100.00,100.00,0.00,0.00,0.00,0.00,0.00,0.00,0.00
MCX Tax,2026-02-03,0.00,0.00,100.00,100.00,0.00,0.00,0.00,0.00,0.00,0.00,0.00
QYE++ Total Other Debits and Credits,2026-02-03,0.00,0.00,100.00,100.00,0.00,0.00,0.00,0.00,0.00,0.00,0.00
Total Other Debits and Credits,2026-02-03,0.00,0.00,100.00,100.00,0.00,0.00,0.00,0.00,0.00,0.00,0.00
QYE++ Equity Other Debits and Credits,2026-02-03,0.00,0.00,100.00,100.00,0.00,0.00,0.00,0.00,0.00,0.00,0.00
Equity Other Debits and Credits,2026-02-03,0.00,0.00,100.00,100.00,0.00,0.00,0.00,0.00,0.00,0.00,0.00
QYE++ NPSAR,2026-02-03,21577240.97,100178.64,98.73,99.51,-698927.63,-0.78,89104674.39,22175990.01,88328426.38,93883.41,-1.94
NPSAR,2026-02-03,21577240.97,100178.64,98.73,99.51,-698927.63,-0.78,89104674.39,22175990.00,88328426.38,93883.41,-1.94
QYE++ SPSAR,2026-02-03,21963033.84,200783.90,99.51,99.86,-313134.76,-0.35,89104674.39,22075384.76,88328426.38,-6721.84,-1.37
SPSAR,2026-02-03,21963033.84,200783.90,99.51,99.86,-313134.76,-0.35,89104674.39,22075384.75,88328426.38,-6721.84,-1.37
QYE++ NLONG,2026-02-03,6208445.66,-931292.70,109.99,102.82,6208445.66,6.97,89104674.00,931292.70,88328425.92,931292.70,0.00
NLONG,2026-02-03,6208445.66,-931292.70,109.99,102.82,6208445.66,6.97,89104674.00,931292.70,88328425.92,931292.70,0.00
QYE++ SLONG,2026-02-03,3680473.39,-522686.95,105.47,101.28,3680473.39,4.13,89104674.00,522686.95,88328425.92,522686.95,0.00
SLONG,2026-02-03,3680473.39,-522686.95,105.47,101.28,3680473.39,4.13,89104674.00,522686.95,88328425.92,522686.95,0.00
QYE++ PSAR,2026-02-03,43540274.81,300962.54,99.12,99.69,-1012062.39,-0.57,178209348.78,44251374.76,176656852.76,87161.57,-1.66
PSAR,2026-02-03,43540274.81,300962.54,99.12,99.69,-1012062.39,-0.57,178209348.78,44251374.76,176656852.76,87161.57,-1.66
QYE++ LONG,2026-02-03,9888919.05,-1453979.65,107.72,102.05,9888919.05,5.55,178209348.00,1453979.65,176656851.84,1453979.65,0.00
LONG,2026-02-03,9888919.05,-1453979.65,107.72,102.05,9888919.05,5.55,178209348.00,1453979.65,176656851.84,1453979.65,0.00
QYE++ Total Portfolio Value,2026-02-03,53398826.14,-1141577.79,106.68,101.64,8846488.94,4.96,178209348.00,45693915.09,176656852.00,1529701.90,0.00
Total Portfolio Value,2026-02-03,53398826.14,-1141577.79,106.70,101.66,8846488.94,4.96,178209348.00,45693915.09,176656852.00,1529701.90,0.00
QYE++ Zerodha Total Portfolio,2026-02-03,190235249.88,0.00,105.48,98.20,13124450.73,7.41,177110799.15,177110799.15,180368461.53,-3257662.38,0.00
Zerodha Total Portfolio,2026-02-03,190235249.88,0.00,105.48,98.20,13124450.73,7.41,177110799.15,177110799.15,180368461.53,-3257662.38,0.00
NPSAR1,2026-02-04,1316870.21,174920.27,102.11,101.76,17998.50,0.35,5195486.82,1123951.44,4950259.71,-113613.49,-2.01
NPSAR10,2026-02-04,2894643.61,105336.24,101.75,101.99,-27817.70,-0.24,11689845.25,2817125.07,11138084.25,32604.01,-0.24
NPSAR11,2026-02-04,2900582.75,88591.17,99.35,99.54,-21878.56,-0.19,11689845.25,2833870.14,11138084.25,49349.08,-1.49
NPSAR12,2026-02-04,2935084.54,63145.96,98.22,98.11,12623.23,0.11,11689845.25,2859315.35,11138084.25,74794.29,-3.90
NPSAR13,2026-02-04,2958548.96,73369.36,99.84,99.53,36087.65,0.31,11689845.25,2849091.95,11138084.25,64570.89,-2.53
NPSAR2,2026-02-04,1316870.21,213782.46,95.66,95.33,17998.50,0.35,5195486.82,1085089.25,4950259.71,-152475.68,-6.22
NPSAR3,2026-02-04,1316870.21,189094.74,99.41,99.07,17998.50,0.35,5195486.82,1109776.97,4950259.71,-127787.96,-2.80
NPSAR4,2026-02-04,1316870.21,189121.56,96.56,96.23,17998.50,0.35,5195486.82,1109750.15,4950259.71,-127814.78,-3.44
NPSAR5,2026-02-04,1316870.21,190349.42,96.98,96.65,17998.50,0.35,5195486.82,1108522.29,4950259.71,-129042.64,-3.02
NPSAR6,2026-02-04,1316870.21,162559.55,99.72,99.38,17998.50,0.35,5195486.82,1136312.16,4950259.71,-101252.77,-1.71
NPSAR7,2026-02-04,1316870.21,152593.93,99.66,99.32,17998.50,0.35,5195486.82,1146277.78,4950259.71,-91287.15,-1.51
NPSAR8,2026-02-04,1316870.21,159816.79,94.38,94.05,17998.50,0.35,5195486.82,1139054.92,4950259.71,-98510.01,-5.62
NPSAR9,2026-02-04,1318547.21,39768.20,97.29,96.92,19675.50,0.38,5195486.82,1259103.51,4950259.71,21538.58,-2.71
SPSAR1,2026-02-04,1325775.71,123844.42,102.51,101.98,26904.00,0.52,5195486.82,1175027.29,4950259.71,-62537.64,-0.75
SPSAR10,2026-02-04,2884947.83,58546.25,103.05,103.38,-37513.48,-0.32,11689845.25,2863915.06,11138084.25,79394.00,-0.32
SPSAR11,2026-02-04,2958016.31,67191.55,101.56,101.25,35555.00,0.30,11689845.25,2855269.76,11138084.25,70748.70,0.00
SPSAR12,2026-02-04,2974721.08,40271.12,100.38,99.93,52259.77,0.45,11689845.25,2882190.19,11138084.25,97669.13,-1.32
SPSAR13,2026-02-04,2991324.64,40547.97,100.06,99.47,68863.33,0.59,11689845.25,2881913.34,11138084.25,97392.28,-2.77
SPSAR2,2026-02-04,1325775.71,201622.45,96.46,95.96,26904.00,0.52,5195486.82,1097249.26,4950259.71,-140315.67,-5.54
SPSAR3,2026-02-04,1325775.71,190332.58,99.06,98.55,26904.00,0.52,5195486.82,1108539.13,4950259.71,-129025.80,-3.78
SPSAR4,2026-02-04,1325775.71,180470.00,97.15,96.65,26904.00,0.52,5195486.82,1118401.71,4950259.71,-119163.22,-2.96
SPSAR5,2026-02-04,1325775.71,180470.00,97.39,96.89,26904.00,0.52,5195486.82,1118401.71,4950259.71,-119163.22,-2.91
SPSAR6,2026-02-04,1325775.71,157135.44,100.54,100.02,26904.00,0.52,5195486.82,1141736.27,4950259.71,-95828.66,-1.55
SPSAR7,2026-02-04,1325775.71,157135.44,96.99,96.49,26904.00,0.52,5195486.82,1141736.27,4950259.71,-95828.66,-3.01
SPSAR8,2026-02-04,1301565.71,9544.78,97.50,97.45,2694.00,0.05,5195486.82,1289326.93,4950259.71,51762.00,-2.50
SPSAR9,2026-02-04,1301565.71,9544.78,98.14,98.09,2694.00,0.05,5195486.82,1289326.93,4950259.71,51762.00,-1.86
NLONG1,2026-02-04,-1514.76,-184076.38,105.82,105.86,-1514.76,-0.04,3896615.08,184076.38,3712694.75,184076.38,-0.04
NLONG10,2026-02-04,-3977.99,-296998.71,110.68,110.79,-3977.99,-0.10,3896615.08,296998.71,3712694.75,296998.71,-0.10
NLONG11,2026-02-04,-1011.09,-285502.20,114.50,114.53,-1011.09,-0.03,3896615.08,285502.20,3712694.75,285502.20,-0.03
NLONG12,2026-02-04,-3977.99,-289183.82,115.18,115.30,-3977.99,-0.10,3896615.08,289183.82,3712694.75,289183.82,-0.10
NLONG13,2026-02-04,-1474.59,-275024.38,107.21,107.25,-1474.59,-0.04,3896615.08,275024.38,3712694.75,275024.38,-0.04
NLONG14,2026-02-04,-6242.25,-288979.45,108.09,108.26,-6242.25,-0.16,3896615.08,288979.45,3712694.75,288979.45,-0.16
NLONG15,2026-02-04,-6901.11,-223670.78,109.58,109.77,-6901.11,-0.18,3896615.08,223670.78,3712694.75,223670.78,-0.17
NLONG16,2026-02-04,-6656.16,-254027.81,109.78,109.97,-6656.16,-0.17,3896615.08,254027.81,3712694.75,254027.81,-0.17
NLONG17,2026-02-04,-1474.59,-275024.38,109.54,109.58,-1474.59,-0.04,3896615.08,275024.38,3712694.75,275024.38,-0.04
NLONG18,2026-02-04,-6242.25,-288979.45,109.07,109.25,-6242.25,-0.16,3896615.08,288979.45,3712694.75,288979.45,-0.16
NLONG19,2026-02-04,-6901.11,-225066.82,109.98,110.18,-6901.11,-0.18,3896615.08,225066.82,3712694.75,225066.82,-0.18
NLONG2,2026-02-04,-6019.28,0.00,96.87,97.02,-6019.28,-0.15,3896615.08,0.00,3712694.75,0.00,-3.65
NLONG20,2026-02-04,-6656.16,-254027.81,110.66,110.85,-6656.16,-0.17,3896615.08,254027.81,3712694.75,254027.81,-0.17
NLONG21,2026-02-04,-1474.59,-316141.93,110.35,110.39,-1474.59,-0.04,3896615.08,316141.93,3712694.75,316141.93,-0.04
NLONG22,2026-02-04,-6242.25,-332803.69,110.55,110.73,-6242.25,-0.16,3896615.08,332803.69,3712694.75,332803.69,-0.16
NLONG23,2026-02-04,-3553.40,-263290.62,114.61,114.71,-3553.40,-0.09,3896615.08,263290.62,3712694.75,263290.62,-0.09
NLONG24,2026-02-04,-5415.06,-294406.34,116.11,116.27,-5415.06,-0.14,3896615.08,294406.34,3712694.75,294406.34,-0.14
NLONG3,2026-02-04,-4941.48,-197960.02,109.12,109.26,-4941.48,-0.13,3896615.08,197960.02,3712694.75,197960.02,-0.13
NLONG4,2026-02-04,-6019.28,-289183.82,109.45,109.62,-6019.28,-0.15,3896615.08,289183.82,3712694.75,289183.82,-0.16
NLONG5,2026-02-04,3330.12,-267447.16,109.83,109.74,3330.12,0.09,3896615.08,267447.16,3712694.75,267447.16,0.00
NLONG6,2026-02-04,-3977.99,-296998.71,106.49,106.60,-3977.99,-0.10,3896615.08,296998.71,3712694.75,296998.71,-0.10
NLONG7,2026-02-04,-1011.09,-240498.69,111.86,111.89,-1011.09,-0.03,3896615.08,240498.69,3712694.75,240498.69,-0.03
NLONG8,2026-02-04,-3977.99,-289183.82,110.51,110.62,-3977.99,-0.10,3896615.08,289183.82,3712694.75,289183.82,-0.10
NLONG9,2026-02-04,3814.28,-279968.87,111.66,111.55,3814.28,0.10,3896615.08,279968.87,3712694.75,279968.87,0.00
SLONG1,2026-02-04,-5196.21,-123211.97,105.54,105.68,-5196.21,-0.13,3896615.08,123211.97,3712694.75,123211.97,-0.13
SLONG10,2026-02-04,-9749.12,-183114.65,104.43,104.69,-9749.12,-0.25,3896615.08,183114.65,3712694.75,183114.65,-0.25
SLONG11,2026-02-04,6520.20,-156453.27,108.09,107.91,6520.20,0.17,3896615.08,156453.27,3712694.75,156453.27,0.00
SLONG12,2026-02-04,-9749.12,-176691.85,103.71,103.97,-9749.12,-0.25,3896615.08,176691.85,3712694.75,176691.85,-0.25
SLONG13,2026-02-04,-2505.35,-169601.07,105.18,105.25,-2505.35,-0.06,3896615.08,169601.07,3712694.75,169601.07,-0.07
SLONG14,2026-02-04,-12083.12,-176283.67,105.50,105.83,-12083.12,-0.31,3896615.08,176283.67,3712694.75,176283.67,-0.31
SLONG15,2026-02-04,1390.31,-141191.60,106.53,106.49,1390.31,0.04,3896615.08,141191.60,3712694.75,141191.60,0.00
SLONG16,2026-02-04,-8560.61,-168542.63,106.10,106.33,-8560.61,-0.22,3896615.08,168542.63,3712694.75,168542.63,-0.22
SLONG17,2026-02-04,-2505.35,-169601.07,106.30,106.37,-2505.35,-0.06,3896615.08,169601.07,3712694.75,169601.07,-0.07
SLONG18,2026-02-04,-12083.12,-176283.67,105.81,106.14,-12083.12,-0.31,3896615.08,176283.67,3712694.75,176283.67,-0.31
SLONG19,2026-02-04,1390.31,-141342.08,106.81,106.77,1390.31,0.04,3896615.08,141342.08,3712694.75,141342.08,0.00
SLONG2,2026-02-04,-31376.22,34806.44,95.41,96.18,-31376.22,-0.81,3896615.08,-34806.44,3712694.75,-34806.44,-5.59
SLONG20,2026-02-04,-9384.67,-167240.49,105.57,105.82,-9384.67,-0.24,3896615.08,167240.49,3712694.75,167240.49,-0.24
SLONG21,2026-02-04,-2016.92,-170315.40,106.78,106.84,-2016.92,-0.05,3896615.08,170315.40,3712694.75,170315.40,-0.06
SLONG22,2026-02-04,-12608.66,-179235.16,106.72,107.07,-12608.66,-0.32,3896615.08,179235.16,3712694.75,179235.16,-0.33
SLONG23,2026-02-04,5061.82,-142199.56,107.74,107.60,5061.82,0.13,3896615.08,142199.56,3712694.75,142199.56,0.00
SLONG24,2026-02-04,-7290.49,-169550.59,107.54,107.74,-7290.49,-0.19,3896615.08,169550.59,3712694.75,169550.59,-0.19
SLONG3,2026-02-04,-2570.50,-120173.75,104.01,104.08,-2570.50,-0.07,3896615.08,120173.75,3712694.75,120173.75,-0.07
SLONG4,2026-02-04,-9749.12,-141885.41,102.23,102.49,-9749.12,-0.25,3896615.08,141885.41,3712694.75,141885.41,-0.25
SLONG5,2026-02-04,-3550.49,-162742.72,106.53,106.63,-3550.49,-0.09,3896615.08,162742.72,3712694.75,162742.72,-0.09
SLONG6,2026-02-04,-9749.12,-183114.65,103.86,104.12,-9749.12,-0.25,3896615.08,183114.65,3712694.75,183114.65,-0.25
SLONG7,2026-02-04,1744.82,-142113.74,104.49,104.44,1744.82,0.04,3896615.08,142113.74,3712694.75,142113.74,0.00
SLONG8,2026-02-04,-9749.12,-176691.85,103.70,103.96,-9749.12,-0.25,3896615.08,176691.85,3712694.75,176691.85,-0.25
SLONG9,2026-02-04,-2200.59,-177698.98,108.75,108.81,-2200.59,-0.06,3896615.08,177698.98,3712694.75,177698.98,-0.06
Liquidcase Stock Holdings,2026-02-04,36157661.60,0.00,100.38,100.36,6422.32,0.02,36151239.28,36151239.28,36144816.96,6422.32,0.00
QYE++ Liquidcase Stock Holdings,2026-02-04,36157661.60,0.00,100.38,100.36,6422.32,0.02,36151239.28,36151239.28,36144816.96,6422.32,0.00
QYE++ Debt Stock Holdings,2026-02-04,36157661.60,0.00,100.38,100.36,6422.32,0.02,36151239.28,36151239.28,36144816.96,6422.32,0.00
Debt Stock Holdings,2026-02-04,36157661.60,0.00,100.38,100.36,6422.32,0.02,36151239.28,36151239.28,36144816.96,6422.32,0.00
QYE++ Stock Holdings,2026-02-04,36157661.60,0.00,100.38,100.36,6422.32,0.02,36151239.28,36151239.28,36144816.96,6422.32,0.00
Stock Holdings,2026-02-04,36157661.60,0.00,100.38,100.36,6422.32,0.02,36151239.28,36151239.28,36144816.96,6422.32,0.00
Small Cap Mutual Funds,2026-02-04,125458757.21,0.00,99.39,98.42,1231950.62,0.99,124226806.59,124226806.59,119955267.12,4271539.47,-0.61
QYE++ Small Cap Mutual Funds,2026-02-04,125458757.21,0.00,99.39,98.42,1231950.62,0.99,124226806.59,124226806.59,119955267.12,4271539.47,-0.61
QYE++ Mutual Funds,2026-02-04,125458757.21,0.00,99.39,98.42,1231950.62,0.99,124226806.59,124226806.59,119955267.12,4271539.47,-0.61
QYE++ Equity Mutual Funds,2026-02-04,125458757.21,0.00,99.39,98.42,1231950.62,0.99,124226806.59,124226806.59,119955267.12,4271539.47,-0.61
Equity Mutual Funds,2026-02-04,125458757.21,0.00,99.39,98.42,1231950.62,0.99,124226806.59,124226806.59,119955267.12,4271539.47,-0.61
Mutual Funds,2026-02-04,125458757.21,0.00,99.39,98.42,1231950.62,0.99,124226806.59,124226806.59,119955267.12,4271539.47,-0.61
QYE++ Miscellaneous P&L,2026-02-04,0.00,0.00,100.00,100.00,0.00,0.00,0.00,0.00,0.00,0.00,0.00
Miscellaneous P&L,2026-02-04,0.00,0.00,100.00,100.00,0.00,0.00,0.00,0.00,0.00,0.00,0.00
QYE++ Equity Holdings Tax,2026-02-04,0.00,0.00,100.00,100.00,0.00,0.00,0.00,0.00,0.00,0.00,0.00
QAW++ Equity Holdings Tax,2026-02-04,0.00,0.00,100.00,100.00,0.00,0.00,0.00,0.00,0.00,0.00,0.00
Equity Holdings Tax,2026-02-04,0.00,0.00,100.00,100.00,0.00,0.00,0.00,0.00,0.00,0.00,0.00
QYE++ Total Tax,2026-02-04,-6180.64,30367.72,100.00,100.00,-6180.64,0.00,0.00,-30367.72,0.00,0.00,0.00
Total Tax,2026-02-04,-6180.64,30367.72,100.00,100.00,-6180.64,0.00,0.00,-30367.72,0.00,0.00,0.00
QYE++ F&O Tax,2026-02-04,-6180.64,30367.72,100.00,100.00,-6180.64,0.00,0.00,-30367.72,0.00,0.00,0.00
F&O Tax,2026-02-04,-6180.64,30367.72,100.00,100.00,-6180.64,0.00,0.00,-30367.72,0.00,0.00,0.00
Equity Intraday Tax,2026-02-04,0.00,0.00,100.00,100.00,0.00,0.00,0.00,0.00,0.00,0.00,0.00
MCX Tax,2026-02-04,0.00,0.00,100.00,100.00,0.00,0.00,0.00,0.00,0.00,0.00,0.00
QYE++ Total Other Debits and Credits,2026-02-04,-70.40,0.00,100.00,100.00,-70.40,0.00,0.00,0.00,0.00,0.00,0.00
Total Other Debits and Credits,2026-02-04,-70.40,0.00,100.00,100.00,-70.40,0.00,0.00,0.00,0.00,0.00,0.00
QYE++ Equity Other Debits and Credits,2026-02-04,-70.40,0.00,100.00,100.00,-70.40,0.00,0.00,0.00,0.00,0.00,0.00
Equity Other Debits and Credits,2026-02-04,-70.40,0.00,100.00,100.00,-70.40,0.00,0.00,0.00,0.00,0.00,0.00
QYE++ NPSAR,2026-02-04,23542368.72,1802449.62,98.90,98.73,162678.12,0.17,93518762.38,21577240.97,89104674.39,-698927.63,-1.77
NPSAR,2026-02-04,23542368.72,1802449.62,98.90,98.73,162678.12,0.17,93518762.38,21577240.97,89104674.39,-698927.63,-1.77
QYE++ SPSAR,2026-02-04,23692571.22,1416656.75,99.85,99.51,312880.62,0.33,93518762.38,21963033.84,89104674.39,-313134.76,-1.04
SPSAR,2026-02-04,23692571.22,1416656.75,99.85,99.51,312880.62,0.33,93518762.38,21963033.84,89104674.39,-313134.76,-1.04
QYE++ NLONG,2026-02-04,-88518.06,-6208445.66,109.88,109.99,-88518.06,-0.09,93518761.92,6208445.66,89104674.00,6208445.66,-0.09
NLONG,2026-02-04,-88518.06,-6208445.66,109.88,109.99,-88518.06,-0.09,93518761.92,6208445.66,89104674.00,6208445.66,-0.09
QYE++ SLONG,2026-02-04,-146570.44,-3680473.39,105.30,105.47,-146570.44,-0.16,93518761.92,3680473.39,89104674.00,3680473.39,-0.16
SLONG,2026-02-04,-146570.44,-3680473.39,105.30,105.47,-146570.44,-0.16,93518761.92,3680473.39,89104674.00,3680473.39,-0.16
QYE++ PSAR,2026-02-04,47234939.93,3219106.36,99.37,99.12,475558.74,0.25,187037524.76,43540274.81,178209348.78,-1012062.39,-1.41
PSAR,2026-02-04,47234939.93,3219106.36,99.37,99.12,475558.74,0.25,187037524.76,43540274.81,178209348.78,-1012062.39,-1.41
QYE++ LONG,2026-02-04,-235088.50,-9888919.05,107.58,107.72,-235088.50,-0.13,187037523.84,9888919.05,178209348.00,9888919.05,-0.13
LONG,2026-02-04,-235088.50,-9888919.05,107.58,107.72,-235088.50,-0.13,187037523.84,9888919.05,178209348.00,9888919.05,-0.13
QYE++ Total Portfolio Value,2026-02-04,46993670.79,-6639444.97,106.82,106.68,234289.60,0.13,187037524.00,53398826.14,178209348.00,8846488.94,0.00
Total Portfolio Value,2026-02-04,46993670.79,-6639444.97,106.84,106.70,234289.60,0.13,187037524.00,53398826.14,178209348.00,8846488.94,0.00
QYE++ Zerodha Total Portfolio,2026-02-04,191707842.02,0.00,106.29,105.48,1472592.14,0.77,190235249.88,190235249.88,177110799.15,13124450.73,0.00
Zerodha Total Portfolio,2026-02-04,191707842.02,0.00,106.29,105.48,1472592.14,0.77,190235249.88,190235249.88,177110799.15,13124450.73,0.00
NPSAR1,2026-02-05,1303600.14,3519.44,101.79,102.11,-16789.50,-0.32,5281558.57,1316870.20,5195486.82,17998.50,-2.31
NPSAR10,2026-02-05,3058145.67,76233.06,102.50,101.75,87269.00,0.73,11883506.69,2894643.61,11689845.25,-27817.70,0.00
NPSAR11,2026-02-05,2902523.38,70293.92,98.78,99.35,-68353.29,-0.58,11883506.69,2900582.75,11689845.25,-21878.56,-2.05
NPSAR12,2026-02-05,2955776.00,35792.13,98.10,98.22,-15100.67,-0.13,11883506.69,2935084.54,11689845.25,12623.23,-4.02
NPSAR13,2026-02-05,2995477.42,12327.71,100.05,99.84,24600.75,0.21,11883506.69,2958548.96,11689845.25,36087.65,-2.32
NPSAR2,2026-02-05,1303600.14,3519.44,95.36,95.66,-16789.50,-0.32,5281558.57,1316870.20,5195486.82,17998.50,-6.51
NPSAR3,2026-02-05,1303600.14,3519.44,99.09,99.41,-16789.50,-0.32,5281558.57,1316870.20,5195486.82,17998.50,-3.11
NPSAR4,2026-02-05,1303600.14,3519.44,96.25,96.56,-16789.50,-0.32,5281558.57,1316870.20,5195486.82,17998.50,-3.75
NPSAR5,2026-02-05,1303600.14,3519.44,96.67,96.98,-16789.50,-0.32,5281558.57,1316870.20,5195486.82,17998.50,-3.33
NPSAR6,2026-02-05,1303600.14,3519.44,99.40,99.72,-16789.50,-0.32,5281558.57,1316870.20,5195486.82,17998.50,-2.03
NPSAR7,2026-02-05,1281059.37,3519.44,98.92,99.66,-39330.27,-0.74,5281558.57,1316870.20,5195486.82,17998.50,-2.24
NPSAR8,2026-02-05,1301760.64,3519.44,94.05,94.38,-18629.00,-0.35,5281558.57,1316870.20,5195486.82,17998.50,-5.95
NPSAR9,2026-02-05,1296102.84,1842.44,96.84,97.29,-24286.80,-0.46,5281558.57,1318547.20,5195486.82,19675.50,-3.16
SPSAR1,2026-02-05,1275169.86,-5386.06,101.63,102.51,-45219.78,-0.86,5281558.57,1325775.70,5195486.82,26904.00,-1.60
SPSAR10,2026-02-05,3119592.24,85928.84,104.34,103.05,148715.57,1.25,11883506.69,2884947.83,11689845.25,-37513.48,0.00
SPSAR11,2026-02-05,3029662.37,12860.36,102.06,101.56,58785.70,0.49,11883506.69,2958016.31,11689845.25,35555.00,0.00
SPSAR12,2026-02-05,2995618.59,-3844.41,100.59,100.38,24741.92,0.21,11883506.69,2974721.08,11689845.25,52259.77,-1.11
SPSAR13,2026-02-05,3005451.00,-20447.97,100.35,100.06,34574.33,0.29,11883506.69,2991324.64,11689845.25,68863.33,-2.49
SPSAR2,2026-02-05,1275157.21,-5386.06,95.63,96.46,-45232.43,-0.86,5281558.57,1325775.70,5195486.82,26904.00,-6.36
SPSAR3,2026-02-05,1275614.07,-5386.06,98.22,99.06,-44775.57,-0.85,5281558.57,1325775.70,5195486.82,26904.00,-4.59
SPSAR4,2026-02-05,1277514.18,-5386.06,96.36,97.15,-42875.46,-0.81,5281558.57,1325775.70,5195486.82,26904.00,-3.75
SPSAR5,2026-02-05,1278495.58,-5386.06,96.62,97.39,-41894.06,-0.79,5281558.57,1325775.70,5195486.82,26904.00,-3.68
SPSAR6,2026-02-05,1278132.34,-5386.06,99.74,100.54,-42257.30,-0.80,5281558.57,1325775.70,5195486.82,26904.00,-2.33
SPSAR7,2026-02-05,1286330.45,-5386.06,96.36,96.99,-34059.19,-0.64,5281558.57,1325775.70,5195486.82,26904.00,-3.64
SPSAR8,2026-02-05,1332103.86,18823.94,97.72,97.50,11714.22,0.22,5281558.57,1301565.70,5195486.82,2694.00,-2.28
SPSAR9,2026-02-05,1339222.40,18823.94,98.49,98.14,18832.76,0.36,5281558.57,1301565.70,5195486.82,2694.00,-1.51
NLONG1,2026-02-05,-24010.09,1514.76,105.18,105.82,-24010.09,-0.61,3961168.90,-1514.76,3896615.08,-1514.76,-0.64
NLONG10,2026-02-05,-20659.90,3977.99,110.10,110.68,-20659.90,-0.52,3961168.90,-3977.99,3896615.08,-3977.99,-0.62
NLONG11,2026-02-05,-22829.17,1011.09,113.84,114.50,-22829.17,-0.58,3961168.90,-1011.09,3896615.08,-1011.09,-0.60
NLONG12,2026-02-05,-21416.77,3977.99,114.56,115.18,-21416.77,-0.54,3961168.90,-3977.99,3896615.08,-3977.99,-0.64
NLONG13,2026-02-05,-13749.84,1474.59,106.84,107.21,-13749.84,-0.35,3961168.90,-1474.59,3896615.08,-1474.59,-0.38
NLONG14,2026-02-05,-11157.16,6242.25,107.79,108.09,-11157.16,-0.28,3961168.90,-6242.25,3896615.08,-6242.25,-0.43
NLONG15,2026-02-05,-11897.93,6901.11,109.25,109.58,-11897.93,-0.30,3961168.90,-6901.11,3896615.08,-6901.11,-0.47
NLONG16,2026-02-05,-11914.03,6656.16,109.45,109.78,-11914.03,-0.30,3961168.90,-6656.16,3896615.08,-6656.16,-0.47
NLONG17,2026-02-05,-13749.84,1474.59,109.16,109.54,-13749.84,-0.35,3961168.90,-1474.59,3896615.08,-1474.59,-0.38
NLONG18,2026-02-05,-11157.16,6242.25,108.76,109.07,-11157.16,-0.28,3961168.90,-6242.25,3896615.08,-6242.25,-0.45
NLONG19,2026-02-05,-11897.93,6901.11,109.65,109.98,-11897.93,-0.30,3961168.90,-6901.11,3896615.08,-6901.11,-0.48
NLONG2,2026-02-05,-20659.90,6019.28,96.36,96.87,-20659.90,-0.52,3961168.90,-6019.28,3896615.08,-6019.28,-4.16
NLONG20,2026-02-05,-11914.03,6656.16,110.33,110.66,-11914.03,-0.30,3961168.90,-6656.16,3896615.08,-6656.16,-0.47
NLONG21,2026-02-05,-13749.84,1474.59,109.97,110.35,-13749.84,-0.35,3961168.90,-1474.59,3896615.08,-1474.59,-0.38
NLONG22,2026-02-05,-11157.16,6242.25,110.24,110.55,-11157.16,-0.28,3961168.90,-6242.25,3896615.08,-6242.25,-0.44
NLONG23,2026-02-05,-11897.93,3553.40,114.27,114.61,-11897.93,-0.30,3961168.90,-3553.40,3896615.08,-3553.40,-0.38
NLONG24,2026-02-05,-11914.03,5415.06,115.76,116.11,-11914.03,-0.30,3961168.90,-5415.06,3896615.08,-5415.06,-0.44
NLONG3,2026-02-05,-22158.18,4941.48,108.51,109.12,-22158.18,-0.56,3961168.90,-4941.48,3896615.08,-4941.48,-0.69
NLONG4,2026-02-05,-21416.77,6019.28,108.86,109.45,-21416.77,-0.54,3961168.90,-6019.28,3896615.08,-6019.28,-0.69
NLONG5,2026-02-05,-26760.06,-3330.12,109.09,109.83,-26760.06,-0.68,3961168.90,3330.12,3896615.08,3330.12,-0.67
NLONG6,2026-02-05,-20659.90,3977.99,105.93,106.49,-20659.90,-0.52,3961168.90,-3977.99,3896615.08,-3977.99,-0.63
NLONG7,2026-02-05,-24537.76,1011.09,111.17,111.86,-24537.76,-0.62,3961168.90,-1011.09,3896615.08,-1011.09,-0.64
NLONG8,2026-02-05,-21416.77,3977.99,109.91,110.51,-21416.77,-0.54,3961168.90,-3977.99,3896615.08,-3977.99,-0.64
NLONG9,2026-02-05,-25051.47,-3814.28,110.95,111.66,-25051.47,-0.63,3961168.90,3814.28,3896615.08,3814.28,-0.64
SLONG1,2026-02-05,-32339.99,5196.21,104.68,105.54,-32339.99,-0.82,3961168.90,-5196.21,3896615.08,-5196.21,-0.95
SLONG10,2026-02-05,-28881.44,9749.12,103.67,104.43,-28881.44,-0.73,3961168.90,-9749.12,3896615.08,-9749.12,-0.97
SLONG11,2026-02-05,-82919.45,-6520.20,105.83,108.09,-82919.45,-2.09,3961168.90,6520.20,3896615.08,6520.20,-2.09
SLONG12,2026-02-05,-56261.80,9749.12,102.24,103.71,-56261.80,-1.42,3961168.90,-9749.12,3896615.08,-9749.12,-1.66
SLONG13,2026-02-05,-27874.05,2505.35,104.44,105.18,-27874.05,-0.70,3961168.90,-2505.35,3896615.08,-2505.35,-0.77
SLONG14,2026-02-05,-24415.50,12083.12,104.85,105.50,-24415.50,-0.62,3961168.90,-12083.12,3896615.08,-12083.12,-0.93
SLONG15,2026-02-05,-24484.86,-1390.31,105.87,106.53,-24484.86,-0.62,3961168.90,1390.31,3896615.08,1390.31,-0.62
SLONG16,2026-02-05,-25337.12,8560.61,105.42,106.10,-25337.12,-0.64,3961168.90,-8560.61,3896615.08,-8560.61,-0.86
SLONG17,2026-02-05,-27874.05,2505.35,105.55,106.30,-27874.05,-0.70,3961168.90,-2505.35,3896615.08,-2505.35,-0.77
SLONG18,2026-02-05,-24415.50,12083.12,105.16,105.81,-24415.50,-0.62,3961168.90,-12083.12,3896615.08,-12083.12,-0.92
SLONG19,2026-02-05,-24484.86,-1390.31,106.15,106.81,-24484.86,-0.62,3961168.90,1390.31,3896615.08,1390.31,-0.62
SLONG2,2026-02-05,-4465.94,31376.22,95.30,95.41,-4465.94,-0.11,3961168.90,-31376.22,3896615.08,-31376.22,-5.70
SLONG20,2026-02-05,-25337.12,9384.67,104.89,105.57,-25337.12,-0.64,3961168.90,-9384.67,3896615.08,-9384.67,-0.88
SLONG21,2026-02-05,-27874.05,2016.92,106.03,106.78,-27874.05,-0.70,3961168.90,-2016.92,3896615.08,-2016.92,-0.76
SLONG22,2026-02-05,-24415.50,12608.66,106.06,106.72,-24415.50,-0.62,3961168.90,-12608.66,3896615.08,-12608.66,-0.94
SLONG23,2026-02-05,-26933.35,-5061.82,107.01,107.74,-26933.35,-0.68,3961168.90,5061.82,3896615.08,5061.82,-0.68
SLONG24,2026-02-05,-27870.83,7290.49,106.78,107.54,-27870.83,-0.70,3961168.90,-7290.49,3896615.08,-7290.49,-0.89
SLONG3,2026-02-05,-82919.45,2570.50,101.83,104.01,-82919.45,-2.09,3961168.90,-2570.50,3896615.08,-2570.50,-2.16
SLONG4,2026-02-05,-56261.80,9749.12,100.78,102.23,-56261.80,-1.42,3961168.90,-9749.12,3896615.08,-9749.12,-1.67
SLONG5,2026-02-05,-32339.99,3550.49,105.66,106.53,-32339.99,-0.82,3961168.90,-3550.49,3896615.08,-3550.49,-0.91
SLONG6,2026-02-05,-28881.44,9749.12,103.10,103.86,-28881.44,-0.73,3961168.90,-9749.12,3896615.08,-9749.12,-0.98
SLONG7,2026-02-05,-82919.45,-1744.82,102.30,104.49,-82919.45,-2.09,3961168.90,1744.82,3896615.08,1744.82,-2.10
SLONG8,2026-02-05,-56261.80,9749.12,102.23,103.70,-56261.80,-1.42,3961168.90,-9749.12,3896615.08,-9749.12,-1.66
SLONG9,2026-02-05,-32339.99,2200.59,107.86,108.75,-32339.99,-0.82,3961168.90,-2200.59,3896615.08,-2200.59,-0.87
Liquidcase Stock Holdings,2026-02-05,36160872.76,0.00,100.39,100.38,3211.16,0.01,36157661.60,36157661.60,36151239.28,6422.32,0.00
QYE++ Liquidcase Stock Holdings,2026-02-05,36160872.76,0.00,100.39,100.38,3211.16,0.01,36157661.60,36157661.60,36151239.28,6422.32,0.00
QYE++ Debt Stock Holdings,2026-02-05,36160872.76,0.00,100.39,100.38,3211.16,0.01,36157661.60,36157661.60,36151239.28,6422.32,0.00
Debt Stock Holdings,2026-02-05,36160872.76,0.00,100.39,100.38,3211.16,0.01,36157661.60,36157661.60,36151239.28,6422.32,0.00
QYE++ Stock Holdings,2026-02-05,36160872.76,0.00,100.39,100.38,3211.16,0.01,36157661.60,36157661.60,36151239.28,6422.32,0.00
Stock Holdings,2026-02-05,36160872.76,0.00,100.39,100.38,3211.16,0.01,36157661.60,36157661.60,36151239.28,6422.32,0.00
Small Cap Mutual Funds,2026-02-05,124742631.40,0.00,98.82,99.39,-716125.81,-0.57,125458757.21,125458757.21,124226806.59,1231950.62,-1.18
QYE++ Small Cap Mutual Funds,2026-02-05,124742631.40,0.00,98.82,99.39,-716125.81,-0.57,125458757.21,125458757.21,124226806.59,1231950.62,-1.18
QYE++ Mutual Funds,2026-02-05,124742631.40,0.00,98.82,99.39,-716125.81,-0.57,125458757.21,125458757.21,124226806.59,1231950.62,-1.18
QYE++ Equity Mutual Funds,2026-02-05,124742631.40,0.00,98.82,99.39,-716125.81,-0.57,125458757.21,125458757.21,124226806.59,1231950.62,-1.18
Equity Mutual Funds,2026-02-05,124742631.40,0.00,98.82,99.39,-716125.81,-0.57,125458757.21,125458757.21,124226806.59,1231950.62,-1.18
Mutual Funds,2026-02-05,124742631.40,0.00,98.82,99.39,-716125.81,-0.57,125458757.21,125458757.21,124226806.59,1231950.62,-1.18
QYE++ Miscellaneous P&L,2026-02-05,0.00,0.00,100.00,100.00,0.00,0.00,0.00,0.00,0.00,0.00,0.00
Miscellaneous P&L,2026-02-05,0.00,0.00,100.00,100.00,0.00,0.00,0.00,0.00,0.00,0.00,0.00
QYE++ Equity Holdings Tax,2026-02-05,0.00,0.00,100.00,100.00,0.00,0.00,0.00,0.00,0.00,0.00,0.00
QAW++ Equity Holdings Tax,2026-02-05,0.00,0.00,100.00,100.00,0.00,0.00,0.00,0.00,0.00,0.00,0.00
Equity Holdings Tax,2026-02-05,0.00,0.00,100.00,100.00,0.00,0.00,0.00,0.00,0.00,0.00,0.00
QYE++ Total Tax,2026-02-05,-9183.30,6180.64,100.00,100.00,-9183.30,0.00,0.00,-6180.64,0.00,0.00,0.00
Total Tax,2026-02-05,-9183.30,6180.64,100.00,100.00,-9183.30,0.00,0.00,-6180.64,0.00,0.00,0.00
QYE++ F&O Tax,2026-02-05,-9183.30,6180.64,100.00,100.00,-9183.30,0.00,0.00,-6180.64,0.00,0.00,0.00
F&O Tax,2026-02-05,-9183.30,6180.64,100.00,100.00,-9183.30,0.00,0.00,-6180.64,0.00,0.00,0.00
Equity Intraday Tax,2026-02-05,0.00,0.00,100.00,100.00,0.00,0.00,0.00,0.00,0.00,0.00,0.00
MCX Tax,2026-02-05,0.00,0.00,100.00,100.00,0.00,0.00,0.00,0.00,0.00,0.00,0.00
QYE++ Total Other Debits and Credits,2026-02-05,0.00,70.40,100.00,100.00,0.00,0.00,0.00,-70.40,0.00,-70.40,0.00
Total Other Debits and Credits,2026-02-05,0.00,70.40,100.00,100.00,0.00,0.00,0.00,-70.40,0.00,0.00,0.00
QYE++ Equity Other Debits and Credits,2026-02-05,0.00,70.40,100.00,100.00,0.00,0.00,0.00,-70.40,0.00,-70.40,0.00
Equity Other Debits and Credits,2026-02-05,0.00,70.40,100.00,100.00,0.00,0.00,0.00,-70.40,0.00,0.00,0.00
QYE++ NPSAR,2026-02-05,23612446.19,224644.81,98.74,98.90,-154567.28,-0.16,95068053.89,23542368.72,93518762.38,162678.12,-1.93
NPSAR,2026-02-05,23612446.19,224644.81,98.74,98.90,-154567.28,-0.16,95068053.89,23542368.71,93518762.38,162678.12,-1.93
QYE++ SPSAR,2026-02-05,23768064.18,74442.31,99.85,99.85,1050.71,0.00,95068053.89,23692571.22,93518762.38,312880.62,-1.04
SPSAR,2026-02-05,23768064.18,74442.31,99.85,99.85,1050.71,0.00,95068053.89,23692571.21,93518762.38,312880.62,-1.04
QYE++ NLONG,2026-02-05,-417733.62,88518.06,109.40,109.88,-417733.62,-0.44,95068053.60,-88518.06,93518761.92,-88518.06,-0.53
NLONG,2026-02-05,-417733.62,88518.06,109.40,109.88,-417733.62,-0.44,95068053.60,-88518.06,93518761.92,-88518.06,-0.53
QYE++ SLONG,2026-02-05,-888109.33,146570.44,104.32,105.30,-888109.33,-0.93,95068053.60,-146570.44,93518761.92,-146570.44,-1.09
SLONG,2026-02-05,-888109.33,146570.44,104.32,105.30,-888109.33,-0.93,95068053.60,-146570.44,93518761.92,-146570.44,-1.09
QYE++ PSAR,2026-02-05,47380510.38,299087.13,99.29,99.37,-153516.57,-0.08,190136107.78,47234939.93,187037524.76,475558.74,-1.49
PSAR,2026-02-05,47380510.38,299087.13,99.29,99.37,-153516.57,-0.08,190136107.78,47234939.93,187037524.76,475558.74,-1.49
QYE++ LONG,2026-02-05,-1305842.95,235088.50,106.84,107.58,-1305842.95,-0.69,190136107.20,-235088.50,187037523.84,-235088.50,-0.81
LONG,2026-02-05,-1305842.95,235088.50,106.84,107.58,-1305842.95,-0.69,190136107.20,-235088.50,187037523.84,-235088.50,-0.81
QYE++ Total Portfolio Value,2026-02-05,46065484.12,540356.27,105.99,106.82,-1468542.82,-0.77,190136107.00,46993670.79,187037524.00,234289.60,-0.77
Total Portfolio Value,2026-02-05,46065484.12,540356.27,106.02,106.84,-1468542.82,-0.77,190136107.00,46993670.79,187037524.00,234289.60,-0.77
QYE++ Zerodha Total Portfolio,2026-02-05,189526384.55,0.00,105.08,106.29,-2181457.47,-1.14,191707842.02,191707842.02,190235249.88,1472592.14,-1.14
Zerodha Total Portfolio,2026-02-05,189526384.55,0.00,105.08,106.29,-2181457.47,-1.14,191707842.02,191707842.02,190235249.88,1472592.14,-1.14
NPSAR1,2026-02-06,1336171.57,17692.93,102.08,101.79,14878.50,0.28,5285172.29,1303600.14,5281558.57,-16789.50,-2.03
NPSAR10,2026-02-06,3032206.24,-85236.28,103.01,102.50,59296.85,0.50,11891637.56,3058145.67,11883506.69,87269.00,0.00
NPSAR11,2026-02-06,3030094.23,70386.01,99.26,98.78,57184.84,0.48,11891637.56,2902523.38,11883506.69,-68353.29,-1.58
NPSAR12,2026-02-06,2901199.70,17133.39,97.51,98.10,-71709.69,-0.60,11891637.56,2955776.00,11883506.69,-15100.67,-4.60
NPSAR13,2026-02-06,2927477.92,-22568.03,99.67,100.05,-45431.47,-0.38,11891637.56,2995477.42,11883506.69,24600.75,-2.69
NPSAR2,2026-02-06,1336171.57,17692.93,95.63,95.36,14878.50,0.28,5285172.29,1303600.14,5281558.57,-16789.50,-6.25
NPSAR3,2026-02-06,1336171.57,17692.93,99.37,99.09,14878.50,0.28,5285172.29,1303600.14,5281558.57,-16789.50,-2.84
NPSAR4,2026-02-06,1336171.57,17692.93,96.52,96.25,14878.50,0.28,5285172.29,1303600.14,5281558.57,-16789.50,-3.48
NPSAR5,2026-02-06,1247310.64,17692.93,95.32,96.67,-73982.43,-1.40,5285172.29,1303600.14,5281558.57,-16789.50,-4.68
NPSAR6,2026-02-06,1287714.18,17692.93,98.77,99.40,-33578.89,-0.64,5285172.29,1303600.14,5281558.57,-16789.50,-2.65
NPSAR7,2026-02-06,1330867.57,40233.70,99.10,98.92,9574.50,0.18,5285172.29,1281059.37,5281558.57,-39330.27,-2.07
NPSAR8,2026-02-06,1331706.07,19532.43,94.24,94.05,10413.00,0.20,5285172.29,1301760.64,5281558.57,-18629.00,-5.76
NPSAR9,2026-02-06,1331706.07,25190.23,97.03,96.84,10413.00,0.20,5285172.29,1296102.84,5281558.57,-24286.80,-2.97
SPSAR1,2026-02-06,1335615.07,46123.21,101.91,101.63,14322.00,0.27,5285172.29,1275169.86,5281558.57,-45219.78,-1.33
SPSAR10,2026-02-06,3011881.90,-146682.85,104.68,104.34,38972.51,0.33,11891637.56,3119592.24,11883506.69,148715.57,0.00
SPSAR11,2026-02-06,2984185.73,-56752.98,102.16,102.06,11276.34,0.09,11891637.56,3029662.37,11883506.69,58785.70,0.00
SPSAR12,2026-02-06,2989134.40,-22709.20,100.73,100.59,16225.01,0.14,11891637.56,2995618.59,11883506.69,24741.92,-0.97
SPSAR13,2026-02-06,2925915.15,-32541.61,99.95,100.35,-46994.24,-0.40,11891637.56,3005451.00,11883506.69,34574.33,-2.88
SPSAR2,2026-02-06,1335615.07,46135.86,95.89,95.63,14322.00,0.27,5285172.29,1275157.21,5281558.57,-45232.43,-6.10
SPSAR3,2026-02-06,1335615.07,45679.00,98.49,98.22,14322.00,0.27,5285172.29,1275614.07,5281558.57,-44775.57,-4.33
SPSAR4,2026-02-06,1335615.07,43778.89,96.62,96.36,14322.00,0.27,5285172.29,1277514.18,5281558.57,-42875.46,-3.49
SPSAR5,2026-02-06,1267535.35,42797.49,95.64,96.62,-53757.72,-1.02,5285172.29,1278495.58,5281558.57,-41894.06,-4.66
SPSAR6,2026-02-06,1302957.23,43160.73,99.39,99.74,-18335.84,-0.35,5285172.29,1278132.34,5281558.57,-42257.30,-2.67
SPSAR7,2026-02-06,1321923.07,34962.62,96.37,96.36,630.00,0.01,5285172.29,1286330.45,5281558.57,-34059.19,-3.63
SPSAR8,2026-02-06,1322949.07,-10810.79,97.75,97.72,1656.00,0.03,5285172.29,1332103.86,5281558.57,11714.22,-2.25
SPSAR9,2026-02-06,1321923.07,-17929.33,98.50,98.49,630.00,0.01,5285172.29,1339222.40,5281558.57,18832.76,-1.50
NLONG1,2026-02-06,11175.61,24010.09,105.48,105.18,11175.61,0.28,3963879.19,-24010.09,3961168.90,-24010.09,-0.36
NLONG10,2026-02-06,3230.66,20659.90,110.19,110.10,3230.66,0.08,3963879.19,-20659.90,3961168.90,-20659.90,-0.54
NLONG11,2026-02-06,11946.67,22829.17,114.18,113.84,11946.67,0.30,3963879.19,-22829.17,3961168.90,-22829.17,-0.31
NLONG12,2026-02-06,5420.04,21416.77,114.72,114.56,5420.04,0.14,3963879.19,-21416.77,3961168.90,-21416.77,-0.50
NLONG13,2026-02-06,-26022.15,13749.84,106.14,106.84,-26022.15,-0.66,3963879.19,-13749.84,3961168.90,-13749.84,-1.03
NLONG14,2026-02-06,-24655.23,11157.16,107.12,107.79,-24655.23,-0.62,3963879.19,-11157.16,3961168.90,-11157.16,-1.05
NLONG15,2026-02-06,-26022.15,11897.93,108.53,109.25,-26022.15,-0.66,3963879.19,-11897.93,3961168.90,-11897.93,-1.13
NLONG16,2026-02-06,-26358.54,11914.03,108.72,109.45,-26358.54,-0.66,3963879.19,-11914.03,3961168.90,-11914.03,-1.14
NLONG17,2026-02-06,-27142.40,13749.84,108.41,109.16,-27142.40,-0.68,3963879.19,-13749.84,3961168.90,-13749.84,-1.07
NLONG18,2026-02-06,-27142.40,11157.16,108.02,108.76,-27142.40,-0.68,3963879.19,-11157.16,3961168.90,-11157.16,-1.13
NLONG19,2026-02-06,-25285.14,11897.93,108.95,109.65,-25285.14,-0.64,3963879.19,-11897.93,3961168.90,-11897.93,-1.12
NLONG2,2026-02-06,3230.66,20659.90,96.44,96.36,3230.66,0.08,3963879.19,-20659.90,3961168.90,-20659.90,-4.08
NLONG20,2026-02-06,-22198.54,11914.03,109.71,110.33,-22198.54,-0.56,3963879.19,-11914.03,3961168.90,-11914.03,-1.03
NLONG21,2026-02-06,0.00,13749.84,109.97,109.97,0.00,0.00,3963879.19,-13749.84,3961168.90,-13749.84,-0.38
NLONG22,2026-02-06,0.00,11157.16,110.24,110.24,0.00,0.00,3963879.19,-11157.16,3961168.90,-11157.16,-0.44
NLONG23,2026-02-06,0.00,11897.93,114.27,114.27,0.00,0.00,3963879.19,-11897.93,3961168.90,-11897.93,-0.38
NLONG24,2026-02-06,0.00,11914.03,115.76,115.76,0.00,0.00,3963879.19,-11914.03,3961168.90,-11914.03,-0.44
NLONG3,2026-02-06,10453.34,22158.18,108.80,108.51,10453.34,0.26,3963879.19,-22158.18,3961168.90,-22158.18,-0.42
NLONG4,2026-02-06,5420.04,21416.77,109.01,108.86,5420.04,0.14,3963879.19,-21416.77,3961168.90,-21416.77,-0.56
NLONG5,2026-02-06,11175.61,26760.06,109.40,109.09,11175.61,0.28,3963879.19,-26760.06,3961168.90,-26760.06,-0.39
NLONG6,2026-02-06,3230.66,20659.90,106.02,105.93,3230.66,0.08,3963879.19,-20659.90,3961168.90,-20659.90,-0.54
NLONG7,2026-02-06,10453.34,24537.76,111.46,111.17,10453.34,0.26,3963879.19,-24537.76,3961168.90,-24537.76,-0.38
NLONG8,2026-02-06,5420.04,21416.77,110.06,109.91,5420.04,0.14,3963879.19,-21416.77,3961168.90,-21416.77,-0.51
NLONG9,2026-02-06,12772.12,25051.47,111.31,110.95,12772.12,0.32,3963879.19,-25051.47,3961168.90,-25051.47,-0.31
SLONG1,2026-02-06,10097.56,32339.99,104.95,104.68,10097.56,0.25,3963879.19,-32339.99,3961168.90,-32339.99,-0.69
SLONG10,2026-02-06,2270.68,28881.44,103.73,103.67,2270.68,0.06,3963879.19,-28881.44,3961168.90,-28881.44,-0.92
SLONG11,2026-02-06,0.00,82919.45,105.83,105.83,0.00,0.00,3963879.19,-82919.45,3961168.90,-82919.45,-2.09
SLONG12,2026-02-06,0.00,56261.80,102.24,102.24,0.00,0.00,3963879.19,-56261.80,3961168.90,-56261.80,-1.66
SLONG13,2026-02-06,-19554.98,27874.05,103.92,104.44,-19554.98,-0.49,3963879.19,-27874.05,3961168.90,-27874.05,-1.26
SLONG14,2026-02-06,-18792.32,24415.50,104.35,104.85,-18792.32,-0.47,3963879.19,-24415.50,3961168.90,-24415.50,-1.40
SLONG15,2026-02-06,-19554.98,24484.86,105.35,105.87,-19554.98,-0.49,3963879.19,-24484.86,3961168.90,-24484.86,-1.11
SLONG16,2026-02-06,-17699.49,25337.12,104.95,105.42,-17699.49,-0.45,3963879.19,-25337.12,3961168.90,-25337.12,-1.30
SLONG17,2026-02-06,-19350.39,27874.05,105.03,105.55,-19350.39,-0.49,3963879.19,-27874.05,3961168.90,-27874.05,-1.26
SLONG18,2026-02-06,-18517.88,24415.50,104.67,105.16,-18517.88,-0.47,3963879.19,-24415.50,3961168.90,-24415.50,-1.38
SLONG19,2026-02-06,0.00,24484.86,106.15,106.15,0.00,0.00,3963879.19,-24484.86,3961168.90,-24484.86,-0.62
SLONG2,2026-02-06,2270.68,4465.94,95.35,95.30,2270.68,0.06,3963879.19,-4465.94,3961168.90,-4465.94,-5.65
SLONG20,2026-02-06,-19582.95,25337.12,104.37,104.89,-19582.95,-0.49,3963879.19,-25337.12,3961168.90,-25337.12,-1.37
SLONG21,2026-02-06,0.00,27874.05,106.03,106.03,0.00,0.00,3963879.19,-27874.05,3961168.90,-27874.05,-0.76
SLONG22,2026-02-06,0.00,24415.50,106.06,106.06,0.00,0.00,3963879.19,-24415.50,3961168.90,-24415.50,-0.94
SLONG23,2026-02-06,0.00,26933.35,107.01,107.01,0.00,0.00,3963879.19,-26933.35,3961168.90,-26933.35,-0.68
SLONG24,2026-02-06,0.00,27870.83,106.78,106.78,0.00,0.00,3963879.19,-27870.83,3961168.90,-27870.83,-0.89
SLONG3,2026-02-06,0.00,82919.45,101.83,101.83,0.00,0.00,3963879.19,-82919.45,3961168.90,-82919.45,-2.16
SLONG4,2026-02-06,0.00,56261.80,100.78,100.78,0.00,0.00,3963879.19,-56261.80,3961168.90,-56261.80,-1.67
SLONG5,2026-02-06,10097.56,32339.99,105.93,105.66,10097.56,0.25,3963879.19,-32339.99,3961168.90,-32339.99,-0.66
SLONG6,2026-02-06,2270.68,28881.44,103.16,103.10,2270.68,0.06,3963879.19,-28881.44,3961168.90,-28881.44,-0.92
SLONG7,2026-02-06,0.00,82919.45,102.30,102.30,0.00,0.00,3963879.19,-82919.45,3961168.90,-82919.45,-2.10
SLONG8,2026-02-06,0.00,56261.80,102.23,102.23,0.00,0.00,3963879.19,-56261.80,3961168.90,-56261.80,-1.66
SLONG9,2026-02-06,10097.56,32339.99,108.13,107.86,10097.56,0.25,3963879.19,-32339.99,3961168.90,-32339.99,-0.62
Liquidcase Stock Holdings,2026-02-06,36173717.40,0.00,100.43,100.39,12844.64,0.04,36160872.76,36160872.76,36157661.60,3211.16,0.00
QYE++ Liquidcase Stock Holdings,2026-02-06,36173717.40,0.00,100.43,100.39,12844.64,0.04,36160872.76,36160872.76,36157661.60,3211.16,0.00
QYE++ Debt Stock Holdings,2026-02-06,36173717.40,0.00,100.43,100.39,12844.64,0.04,36160872.76,36160872.76,36157661.60,3211.16,0.00
Debt Stock Holdings,2026-02-06,36173717.40,0.00,100.43,100.39,12844.64,0.04,36160872.76,36160872.76,36157661.60,3211.16,0.00
QYE++ Stock Holdings,2026-02-06,36173717.40,0.00,100.43,100.39,12844.64,0.04,36160872.76,36160872.76,36157661.60,3211.16,0.00
Stock Holdings,2026-02-06,36173717.40,0.00,100.43,100.39,12844.64,0.04,36160872.76,36160872.76,36157661.60,3211.16,0.00
Small Cap Mutual Funds,2026-02-06,124175333.12,0.00,98.38,98.82,-567298.28,-0.45,124742631.40,124742631.40,125458757.21,-716125.81,-1.62
QYE++ Small Cap Mutual Funds,2026-02-06,124175333.12,0.00,98.38,98.82,-567298.28,-0.45,124742631.40,124742631.40,125458757.21,-716125.81,-1.62
QYE++ Mutual Funds,2026-02-06,124175333.12,0.00,98.38,98.82,-567298.28,-0.45,124742631.40,124742631.40,125458757.21,-716125.81,-1.62
QYE++ Equity Mutual Funds,2026-02-06,124175333.12,0.00,98.38,98.82,-567298.28,-0.45,124742631.40,124742631.40,125458757.21,-716125.81,-1.62
Equity Mutual Funds,2026-02-06,124175333.12,0.00,98.38,98.82,-567298.28,-0.45,124742631.40,124742631.40,125458757.21,-716125.81,-1.62
Mutual Funds,2026-02-06,124175333.12,0.00,98.38,98.82,-567298.28,-0.45,124742631.40,124742631.40,125458757.21,-716125.81,-1.62
QYE++ Miscellaneous P&L,2026-02-06,0.00,0.00,100.00,100.00,0.00,0.00,0.00,0.00,0.00,0.00,0.00
Miscellaneous P&L,2026-02-06,0.00,0.00,100.00,100.00,0.00,0.00,0.00,0.00,0.00,0.00,0.00
QYE++ Equity Holdings Tax,2026-02-06,0.00,0.00,100.00,100.00,0.00,0.00,0.00,0.00,0.00,0.00,0.00
QAW++ Equity Holdings Tax,2026-02-06,0.00,0.00,100.00,100.00,0.00,0.00,0.00,0.00,0.00,0.00,0.00
Equity Holdings Tax,2026-02-06,0.00,0.00,100.00,100.00,0.00,0.00,0.00,0.00,0.00,0.00,0.00
QYE++ Total Tax,2026-02-06,-8086.02,9183.30,100.00,100.00,-8086.02,0.00,0.00,-9183.30,0.00,0.00,0.00
Total Tax,2026-02-06,-8086.02,9183.30,100.00,100.00,-8086.02,0.00,0.00,-9183.30,0.00,0.00,0.00
QYE++ F&O Tax,2026-02-06,-8086.02,9183.30,100.00,100.00,-8086.02,0.00,0.00,-9183.30,0.00,0.00,0.00
F&O Tax,2026-02-06,-8086.02,9183.30,100.00,100.00,-8086.02,0.00,0.00,-9183.30,0.00,0.00,0.00
Equity Intraday Tax,2026-02-06,0.00,0.00,100.00,100.00,0.00,0.00,0.00,0.00,0.00,0.00,0.00
MCX Tax,2026-02-06,0.00,0.00,100.00,100.00,0.00,0.00,0.00,0.00,0.00,0.00,0.00
QYE++ Total Other Debits and Credits,2026-02-06,-500.00,0.00,100.00,100.00,-500.00,0.00,0.00,0.00,0.00,0.00,0.00
Total Other Debits and Credits,2026-02-06,-500.00,0.00,100.00,100.00,-500.00,0.00,0.00,0.00,0.00,0.00,0.00
QYE++ Equity Other Debits and Credits,2026-02-06,-500.00,0.00,100.00,100.00,-500.00,0.00,0.00,0.00,0.00,0.00,0.00
Equity Other Debits and Credits,2026-02-06,-500.00,0.00,100.00,100.00,-500.00,0.00,0.00,0.00,0.00,0.00,0.00
QYE++ NPSAR,2026-02-06,23764968.92,170829.05,98.72,98.74,-18306.29,-0.02,95133100.85,23612446.19,95068053.89,-154567.28,-1.95
NPSAR,2026-02-06,23764968.92,170829.05,98.72,98.74,-18306.29,-0.02,95133100.85,23612446.19,95068053.89,-154567.28,-1.95
QYE++ SPSAR,2026-02-06,23790865.27,15211.06,99.85,99.85,7590.06,0.01,95133100.85,23768064.18,95068053.89,1050.71,-1.04
SPSAR,2026-02-06,23790865.27,15211.06,99.85,99.85,7590.06,0.01,95133100.85,23768064.18,95068053.89,1050.71,-1.04
QYE++ NLONG,2026-02-06,-110897.76,417733.62,109.27,109.40,-110897.76,-0.12,95133100.56,-417733.62,95068053.60,-417733.62,-0.65
NLONG,2026-02-06,-110897.76,417733.62,109.27,109.40,-110897.76,-0.12,95133100.56,-417733.62,95068053.60,-417733.62,-0.65
QYE++ SLONG,2026-02-06,-95948.27,888109.33,104.21,104.32,-95948.27,-0.10,95133100.56,-888109.33,95068053.60,-888109.33,-1.19
SLONG,2026-02-06,-95948.27,888109.33,104.21,104.32,-95948.27,-0.10,95133100.56,-888109.33,95068053.60,-888109.33,-1.19
QYE++ PSAR,2026-02-06,47555834.20,186040.12,99.29,99.29,-10716.23,-0.01,190266201.70,47380510.38,190136107.78,-153516.57,-1.49
PSAR,2026-02-06,47555834.20,186040.12,99.29,99.29,-10716.23,-0.01,190266201.70,47380510.38,190136107.78,-153516.57,-1.49
QYE++ LONG,2026-02-06,-206846.03,1305842.95,106.72,106.84,-206846.03,-0.11,190266201.12,-1305842.95,190136107.20,-1305842.95,-0.92
LONG,2026-02-06,-206846.03,1305842.95,106.72,106.84,-206846.03,-0.11,190266201.12,-1305842.95,190136107.20,-1305842.95,-0.92
QYE++ Total Portfolio Value,2026-02-06,47340902.14,1501066.37,105.87,105.99,-225648.28,-0.12,190266201.00,46065484.12,190136107.00,-1468542.82,-0.89
Total Portfolio Value,2026-02-06,47340902.14,1501066.37,105.89,106.02,-225648.28,-0.12,190266201.00,46065484.12,190136107.00,-1468542.82,-0.89
QYE++ Zerodha Total Portfolio,2026-02-06,188745782.63,0.00,104.65,105.08,-780601.92,-0.41,189526384.55,189526384.55,191707842.02,-2181457.47,-1.55
Zerodha Total Portfolio,2026-02-06,188745782.63,0.00,104.65,105.08,-780601.92,-0.41,189526384.55,189526384.55,191707842.02,-2181457.47,-1.55
NPSAR1,2026-02-09,1358244.30,-21470.77,102.93,102.08,43543.50,0.83,5258803.21,1336171.57,5285172.29,14878.50,-1.22
NPSAR10,2026-02-09,3007216.78,-74129.46,103.44,103.01,49140.00,0.42,11832307.12,3032206.24,11891637.56,59296.85,0.00
NPSAR11,2026-02-09,3022868.78,-72017.45,99.80,99.26,64792.00,0.55,11832307.12,3030094.23,11891637.56,57184.84,-1.04
NPSAR12,2026-02-09,3007216.78,56877.08,97.91,97.51,49140.00,0.42,11832307.12,2901199.70,11891637.56,-71709.69,-4.21
NPSAR13,2026-02-09,3001251.51,30598.86,100.03,99.67,43174.73,0.36,11832307.12,2927477.92,11891637.56,-45431.47,-2.34
NPSAR2,2026-02-09,1358244.30,-21470.77,96.42,95.63,43543.50,0.83,5258803.21,1336171.57,5285172.29,14878.50,-5.47
NPSAR3,2026-02-09,1358244.30,-21470.77,100.19,99.37,43543.50,0.83,5258803.21,1336171.57,5285172.29,14878.50,-2.03
NPSAR4,2026-02-09,1358244.30,-21470.77,97.32,96.52,43543.50,0.83,5258803.21,1336171.57,5285172.29,14878.50,-2.68
NPSAR5,2026-02-09,1253743.80,67390.16,94.22,95.32,-60957.00,-1.16,5258803.21,1247310.64,5285172.29,-73982.43,-5.78
NPSAR6,2026-02-09,1257468.30,26986.62,97.70,98.77,-57232.50,-1.09,5258803.21,1287714.18,5285172.29,-33578.89,-3.71
NPSAR7,2026-02-09,1263103.80,-16166.77,98.13,99.10,-51597.00,-0.98,5258803.21,1330867.57,5285172.29,9574.50,-3.02
NPSAR8,2026-02-09,1269577.80,-17005.27,93.43,94.24,-45123.00,-0.86,5258803.21,1331706.07,5285172.29,10413.00,-6.57
NPSAR9,2026-02-09,1274406.01,-17005.27,96.29,97.03,-40294.79,-0.77,5258803.21,1331706.07,5285172.29,10413.00,-3.71
SPSAR1,2026-02-09,1338844.80,-20914.27,102.38,101.91,24144.00,0.46,5258803.21,1335615.07,5285172.29,14322.00,-0.87
SPSAR10,2026-02-09,3020082.78,-53805.12,105.23,104.68,62006.00,0.52,11832307.12,3011881.90,11891637.56,38972.51,0.00
SPSAR11,2026-02-09,3014412.78,-26108.95,102.65,102.16,56336.00,0.48,11832307.12,2984185.73,11891637.56,11276.34,0.00
SPSAR12,2026-02-09,3016733.87,-31057.62,101.23,100.73,58657.09,0.50,11832307.12,2989134.40,11891637.56,16225.01,-0.48
SPSAR13,2026-02-09,3002633.11,32161.63,100.33,99.95,44556.33,0.38,11832307.12,2925915.15,11891637.56,-46994.24,-2.51
SPSAR2,2026-02-09,1338844.80,-20914.27,96.33,95.89,24144.00,0.46,5258803.21,1335615.07,5285172.29,14322.00,-5.67
SPSAR3,2026-02-09,1338844.80,-20914.27,98.94,98.49,24144.00,0.46,5258803.21,1335615.07,5285172.29,14322.00,-3.90
SPSAR4,2026-02-09,1338844.80,-20914.27,97.06,96.62,24144.00,0.46,5258803.21,1335615.07,5285172.29,14322.00,-3.05
SPSAR5,2026-02-09,1270174.80,47165.45,94.83,95.64,-44526.00,-0.85,5258803.21,1267535.35,5285172.29,-53757.72,-5.46
SPSAR6,2026-02-09,1274098.80,11743.57,98.62,99.39,-40602.00,-0.77,5258803.21,1302957.23,5285172.29,-18335.84,-3.43
SPSAR7,2026-02-09,1276984.80,-7222.27,95.68,96.37,-37716.00,-0.72,5258803.21,1321923.07,5285172.29,630.00,-4.32
SPSAR8,2026-02-09,1279546.80,-8248.27,97.10,97.75,-35154.00,-0.67,5258803.21,1322949.07,5285172.29,1656.00,-2.90
SPSAR9,2026-02-09,1276769.19,-7222.27,97.79,98.50,-37931.61,-0.72,5258803.21,1321923.07,5285172.29,630.00,-2.21
NLONG1,2026-02-09,0.00,-11175.61,105.48,105.48,0.00,0.00,3944102.38,11175.61,3963879.19,11175.61,-0.36
NLONG10,2026-02-09,0.00,-3230.66,110.19,110.19,0.00,0.00,3944102.38,3230.66,3963879.19,3230.66,-0.54
NLONG11,2026-02-09,0.00,-11946.67,114.18,114.18,0.00,0.00,3944102.38,11946.67,3963879.19,11946.67,-0.31
NLONG12,2026-02-09,0.00,-5420.04,114.72,114.72,0.00,0.00,3944102.38,5420.04,3963879.19,5420.04,-0.50
NLONG13,2026-02-09,-22710.41,26022.15,105.53,106.14,-22710.41,-0.58,3944102.38,-26022.15,3963879.19,-26022.15,-1.60
NLONG14,2026-02-09,-24651.26,24655.23,106.45,107.12,-24651.26,-0.63,3944102.38,-24655.23,3963879.19,-24655.23,-1.67
NLONG15,2026-02-09,-22885.17,26022.15,107.90,108.53,-22885.17,-0.58,3944102.38,-26022.15,3963879.19,-26022.15,-1.70
NLONG16,2026-02-09,-25136.70,26358.54,108.03,108.72,-25136.70,-0.64,3944102.38,-26358.54,3963879.19,-26358.54,-1.76
NLONG17,2026-02-09,-22710.41,27142.40,107.79,108.41,-22710.41,-0.58,3944102.38,-27142.40,3963879.19,-27142.40,-1.63
NLONG18,2026-02-09,-22186.13,27142.40,107.41,108.02,-22186.13,-0.56,3944102.38,-27142.40,3963879.19,-27142.40,-1.68
NLONG19,2026-02-09,-22885.17,25285.14,108.32,108.95,-22885.17,-0.58,3944102.38,-25285.14,3963879.19,-25285.14,-1.69
NLONG2,2026-02-09,0.00,-3230.66,96.44,96.44,0.00,0.00,3944102.38,3230.66,3963879.19,3230.66,-4.08
NLONG20,2026-02-09,-25136.70,22198.54,109.01,109.71,-25136.70,-0.64,3944102.38,-22198.54,3963879.19,-22198.54,-1.66
NLONG21,2026-02-09,0.00,0.00,109.97,109.97,0.00,0.00,3944102.38,0.00,3963879.19,0.00,-0.38
NLONG22,2026-02-09,0.00,0.00,110.24,110.24,0.00,0.00,3944102.38,0.00,3963879.19,0.00,-0.44
NLONG23,2026-02-09,0.00,0.00,114.27,114.27,0.00,0.00,3944102.38,0.00,3963879.19,0.00,-0.38
NLONG24,2026-02-09,0.00,0.00,115.76,115.76,0.00,0.00,3944102.38,0.00,3963879.19,0.00,-0.44
NLONG3,2026-02-09,0.00,-10453.34,108.80,108.80,0.00,0.00,3944102.38,10453.34,3963879.19,10453.34,-0.42
NLONG4,2026-02-09,0.00,-5420.04,109.01,109.01,0.00,0.00,3944102.38,5420.04,3963879.19,5420.04,-0.56
NLONG5,2026-02-09,0.00,-11175.61,109.40,109.40,0.00,0.00,3944102.38,11175.61,3963879.19,11175.61,-0.39
NLONG6,2026-02-09,0.00,-3230.66,106.02,106.02,0.00,0.00,3944102.38,3230.66,3963879.19,3230.66,-0.54
NLONG7,2026-02-09,0.00,-10453.34,111.46,111.46,0.00,0.00,3944102.38,10453.34,3963879.19,10453.34,-0.38
NLONG8,2026-02-09,0.00,-5420.04,110.06,110.06,0.00,0.00,3944102.38,5420.04,3963879.19,5420.04,-0.51
NLONG9,2026-02-09,0.00,-12772.12,111.31,111.31,0.00,0.00,3944102.38,12772.12,3963879.19,12772.12,-0.31
SLONG1,2026-02-09,0.00,-10097.56,104.95,104.95,0.00,0.00,3944102.38,10097.56,3963879.19,10097.56,-0.69
SLONG10,2026-02-09,0.00,-2270.68,103.73,103.73,0.00,0.00,3944102.38,2270.68,3963879.19,2270.68,-0.92
SLONG11,2026-02-09,0.00,0.00,105.83,105.83,0.00,0.00,3944102.38,0.00,3963879.19,0.00,-2.09
SLONG12,2026-02-09,0.00,0.00,102.24,102.24,0.00,0.00,3944102.38,0.00,3963879.19,0.00,-1.66
SLONG13,2026-02-09,-22543.67,19554.98,103.33,103.92,-22543.67,-0.57,3944102.38,-19554.98,3963879.19,-19554.98,-1.82
SLONG14,2026-02-09,-24130.52,18792.32,103.71,104.35,-24130.52,-0.61,3944102.38,-18792.32,3963879.19,-18792.32,-2.00
SLONG15,2026-02-09,-21846.62,19554.98,104.77,105.35,-21846.62,-0.55,3944102.38,-19554.98,3963879.19,-19554.98,-1.65
SLONG16,2026-02-09,-22585.49,17699.49,104.35,104.95,-22585.49,-0.57,3944102.38,-17699.49,3963879.19,-17699.49,-1.86
SLONG17,2026-02-09,-22543.67,19350.39,104.43,105.03,-22543.67,-0.57,3944102.38,-19350.39,3963879.19,-19350.39,-1.82
SLONG18,2026-02-09,-22083.61,18517.88,104.08,104.67,-22083.61,-0.56,3944102.38,-18517.88,3963879.19,-18517.88,-1.94
SLONG19,2026-02-09,0.00,0.00,106.15,106.15,0.00,0.00,3944102.38,0.00,3963879.19,0.00,-0.62
SLONG2,2026-02-09,0.00,-2270.68,95.35,95.35,0.00,0.00,3944102.38,2270.68,3963879.19,2270.68,-5.65
SLONG20,2026-02-09,-25811.99,19582.95,103.69,104.37,-25811.99,-0.65,3944102.38,-19582.95,3963879.19,-19582.95,-2.01
SLONG21,2026-02-09,0.00,0.00,106.03,106.03,0.00,0.00,3944102.38,0.00,3963879.19,0.00,-0.76
SLONG22,2026-02-09,0.00,0.00,106.06,106.06,0.00,0.00,3944102.38,0.00,3963879.19,0.00,-0.94
SLONG23,2026-02-09,0.00,0.00,107.01,107.01,0.00,0.00,3944102.38,0.00,3963879.19,0.00,-0.68
SLONG24,2026-02-09,0.00,0.00,106.78,106.78,0.00,0.00,3944102.38,0.00,3963879.19,0.00,-0.89
SLONG3,2026-02-09,0.00,0.00,101.83,101.83,0.00,0.00,3944102.38,0.00,3963879.19,0.00,-2.16
SLONG4,2026-02-09,0.00,0.00,100.78,100.78,0.00,0.00,3944102.38,0.00,3963879.19,0.00,-1.67
SLONG5,2026-02-09,0.00,-10097.56,105.93,105.93,0.00,0.00,3944102.38,10097.56,3963879.19,10097.56,-0.66
SLONG6,2026-02-09,0.00,-2270.68,103.16,103.16,0.00,0.00,3944102.38,2270.68,3963879.19,2270.68,-0.92
SLONG7,2026-02-09,0.00,0.00,102.30,102.30,0.00,0.00,3944102.38,0.00,3963879.19,0.00,-2.10
SLONG8,2026-02-09,0.00,0.00,102.23,102.23,0.00,0.00,3944102.38,0.00,3963879.19,0.00,-1.66
SLONG9,2026-02-09,0.00,-10097.56,108.13,108.13,0.00,0.00,3944102.38,10097.56,3963879.19,10097.56,-0.62
Liquidcase Stock Holdings,2026-02-09,36176928.56,0.00,100.44,100.43,3211.16,0.01,36173717.40,36173717.40,36160872.76,12844.64,0.00
QYE++ Liquidcase Stock Holdings,2026-02-09,36176928.56,0.00,100.44,100.43,3211.16,0.01,36173717.40,36173717.40,36160872.76,12844.64,0.00
QYE++ Debt Stock Holdings,2026-02-09,36176928.56,0.00,100.44,100.43,3211.16,0.01,36173717.40,36173717.40,36160872.76,12844.64,0.00
Debt Stock Holdings,2026-02-09,36176928.56,0.00,100.44,100.43,3211.16,0.01,36173717.40,36173717.40,36160872.76,12844.64,0.00
QYE++ Stock Holdings,2026-02-09,36176928.56,0.00,100.44,100.43,3211.16,0.01,36173717.40,36173717.40,36160872.76,12844.64,0.00
Stock Holdings,2026-02-09,36176928.56,0.00,100.44,100.43,3211.16,0.01,36173717.40,36173717.40,36160872.76,12844.64,0.00
Small Cap Mutual Funds,2026-02-09,126871149.35,0.00,100.51,98.38,2695816.23,2.17,124175333.12,124175333.12,124742631.40,-567298.28,0.00
QYE++ Small Cap Mutual Funds,2026-02-09,126871149.35,0.00,100.51,98.38,2695816.23,2.17,124175333.12,124175333.12,124742631.40,-567298.28,0.00
QYE++ Mutual Funds,2026-02-09,126871149.35,0.00,100.51,98.38,2695816.23,2.17,124175333.12,124175333.12,124742631.40,-567298.28,0.00
QYE++ Equity Mutual Funds,2026-02-09,126871149.35,0.00,100.51,98.38,2695816.23,2.17,124175333.12,124175333.12,124742631.40,-567298.28,0.00
Equity Mutual Funds,2026-02-09,126871149.35,0.00,100.51,98.38,2695816.23,2.17,124175333.12,124175333.12,124742631.40,-567298.28,0.00
Mutual Funds,2026-02-09,126871149.35,0.00,100.51,98.38,2695816.23,2.17,124175333.12,124175333.12,124742631.40,-567298.28,0.00
QYE++ Miscellaneous P&L,2026-02-09,0.00,0.00,100.00,100.00,0.00,0.00,0.00,0.00,0.00,0.00,0.00
Miscellaneous P&L,2026-02-09,0.00,0.00,100.00,100.00,0.00,0.00,0.00,0.00,0.00,0.00,0.00
QYE++ Equity Holdings Tax,2026-02-09,0.00,0.00,100.00,100.00,0.00,0.00,0.00,0.00,0.00,0.00,0.00
QAW++ Equity Holdings Tax,2026-02-09,0.00,0.00,100.00,100.00,0.00,0.00,0.00,0.00,0.00,0.00,0.00
Equity Holdings Tax,2026-02-09,0.00,0.00,100.00,100.00,0.00,0.00,0.00,0.00,0.00,0.00,0.00
QYE++ Total Tax,2026-02-09,-1349.34,8086.02,100.00,100.00,-1349.34,0.00,0.00,-8086.02,0.00,0.00,0.00
Total Tax,2026-02-09,-1349.34,8086.02,100.00,100.00,-1349.34,0.00,0.00,-8086.02,0.00,0.00,0.00
QYE++ F&O Tax,2026-02-09,-1349.34,8086.02,100.00,100.00,-1349.34,0.00,0.00,-8086.02,0.00,0.00,0.00
F&O Tax,2026-02-09,-1349.34,8086.02,100.00,100.00,-1349.34,0.00,0.00,-8086.02,0.00,0.00,0.00
Equity Intraday Tax,2026-02-09,0.00,0.00,100.00,100.00,0.00,0.00,0.00,0.00,0.00,0.00,0.00
MCX Tax,2026-02-09,0.00,0.00,100.00,100.00,0.00,0.00,0.00,0.00,0.00,0.00,0.00
QYE++ Total Other Debits and Credits,2026-02-09,0.00,500.00,100.00,100.00,0.00,0.00,0.00,-500.00,0.00,-500.00,0.00
Total Other Debits and Credits,2026-02-09,0.00,500.00,100.00,100.00,0.00,0.00,0.00,-500.00,0.00,0.00,0.00
QYE++ Equity Other Debits and Credits,2026-02-09,0.00,500.00,100.00,100.00,0.00,0.00,0.00,-500.00,0.00,-500.00,0.00
Equity Other Debits and Credits,2026-02-09,0.00,500.00,100.00,100.00,0.00,0.00,0.00,-500.00,0.00,0.00,0.00
QYE++ NPSAR,2026-02-09,23789830.78,-100354.56,98.85,98.72,125216.44,0.13,94658457.37,23764968.92,95133100.85,-18306.29,-1.82
NPSAR,2026-02-09,23789830.78,-100354.56,98.85,98.72,125216.44,0.13,94658457.37,23764968.92,95133100.85,-18306.29,-1.82
QYE++ SPSAR,2026-02-09,23786816.15,-126250.91,99.98,99.85,122201.81,0.13,94658457.37,23790865.27,95133100.85,7590.06,-0.91
SPSAR,2026-02-09,23786816.15,-126250.91,99.98,99.85,122201.81,0.13,94658457.37,23790865.27,95133100.85,7590.06,-0.91
QYE++ NLONG,2026-02-09,-188301.95,110897.76,109.06,109.27,-188301.95,-0.20,94658457.12,-110897.76,95133100.56,-110897.76,-0.85
NLONG,2026-02-09,-188301.95,110897.76,109.06,109.27,-188301.95,-0.20,94658457.12,-110897.76,95133100.56,-110897.76,-0.85
QYE++ SLONG,2026-02-09,-161545.57,95948.27,104.03,104.21,-161545.57,-0.17,94658457.12,-95948.27,95133100.56,-95948.27,-1.36
SLONG,2026-02-09,-161545.57,95948.27,104.03,104.21,-161545.57,-0.17,94658457.12,-95948.27,95133100.56,-95948.27,-1.36
QYE++ PSAR,2026-02-09,47576646.94,-226605.47,99.42,99.29,247418.25,0.13,189316914.74,47555834.20,190266201.70,-10716.23,-1.36
PSAR,2026-02-09,47576646.94,-226605.47,99.42,99.29,247418.25,0.13,189316914.74,47555834.19,190266201.70,-10716.23,-1.36
QYE++ LONG,2026-02-09,-349847.52,206846.03,106.53,106.72,-349847.52,-0.18,189316914.24,-206846.03,190266201.12,-206846.03,-1.10
LONG,2026-02-09,-349847.52,206846.03,106.53,106.72,-349847.52,-0.18,189316914.24,-206846.03,190266201.12,-206846.03,-1.10
QYE++ Total Portfolio Value,2026-02-09,47225450.08,-11673.42,105.81,105.87,-103778.61,-0.05,189316914.00,47340902.14,190266201.00,-225648.28,-0.94
Total Portfolio Value,2026-02-09,47225450.08,-11673.42,105.84,105.89,-103778.61,-0.05,189316914.00,47340902.14,190266201.00,-225648.28,-0.94
QYE++ Zerodha Total Portfolio,2026-02-09,191341031.41,0.00,106.09,104.65,2595248.78,1.37,188745782.63,188745782.63,189526384.55,-780601.92,-0.20
Zerodha Total Portfolio,2026-02-09,191341031.41,0.00,106.09,104.65,2595248.78,1.37,188745782.63,188745782.63,189526384.55,-780601.92,-0.20
NPSAR1,2026-02-10,1324053.46,-48004.17,103.20,102.93,13813.32,0.26,5240960.54,1358244.30,5258803.21,43543.50,-0.96
NPSAR10,2026-02-10,2961933.48,-59176.50,103.56,103.44,13893.20,0.12,11792161.12,3007216.78,11832307.12,49140.00,0.00
NPSAR11,2026-02-10,2937297.51,-74828.50,99.71,99.80,-10742.77,-0.09,11792161.12,3022868.78,11832307.12,64792.00,-1.13
NPSAR12,2026-02-10,2964136.29,-59176.50,98.04,97.91,16096.01,0.14,11792161.12,3007216.78,11832307.12,49140.00,-4.08
NPSAR13,2026-02-10,2967167.88,-53211.23,100.19,100.03,19127.60,0.16,11792161.12,3001251.51,11832307.12,43174.73,-2.19
NPSAR2,2026-02-10,1323879.85,-48004.17,96.67,96.42,13639.71,0.26,5240960.54,1358244.30,5258803.21,43543.50,-5.23
NPSAR3,2026-02-10,1323648.38,-48004.17,100.45,100.19,13408.24,0.26,5240960.54,1358244.30,5258803.21,43543.50,-1.78
NPSAR4,2026-02-10,1323263.42,-48004.17,97.56,97.32,13023.28,0.25,5240960.54,1358244.30,5258803.21,43543.50,-2.44
NPSAR5,2026-02-10,1280936.57,56496.34,93.69,94.22,-29303.57,-0.56,5240960.54,1253743.80,5258803.21,-60957.00,-6.31
NPSAR6,2026-02-10,1268067.11,52771.84,96.91,97.70,-42173.03,-0.80,5240960.54,1257468.30,5258803.21,-57232.50,-4.48
NPSAR7,2026-02-10,1311527.92,47136.34,98.15,98.13,1287.78,0.02,5240960.54,1263103.80,5258803.21,-51597.00,-3.00
NPSAR8,2026-02-10,1312697.68,40662.34,93.47,93.43,2457.54,0.05,5240960.54,1269577.80,5258803.21,-45123.00,-6.53
NPSAR9,2026-02-10,1334543.87,35834.13,96.74,96.29,24303.73,0.46,5240960.54,1274406.01,5258803.21,-40294.79,-3.26
SPSAR1,2026-02-10,1320638.14,-28604.67,102.58,102.38,10398.00,0.20,5240960.54,1338844.80,5258803.21,24144.00,-0.68
SPSAR10,2026-02-10,2975424.28,-72042.50,105.47,105.23,27384.00,0.23,11792161.12,3020082.78,11832307.12,62006.00,0.00
SPSAR11,2026-02-10,2962753.95,-66372.50,102.78,102.65,14713.67,0.12,11792161.12,3014412.78,11832307.12,56336.00,0.00
SPSAR12,2026-02-10,2927273.85,-68693.59,101.05,101.23,-20766.43,-0.18,11792161.12,3016733.87,11832307.12,58657.09,-0.66
SPSAR13,2026-02-10,2945487.44,-54592.83,100.31,100.33,-2552.84,-0.02,11792161.12,3002633.11,11832307.12,44556.33,-2.53
SPSAR2,2026-02-10,1320638.14,-28604.67,96.52,96.33,10398.00,0.20,5240960.54,1338844.80,5258803.21,24144.00,-5.48
SPSAR3,2026-02-10,1320638.14,-28604.67,99.14,98.94,10398.00,0.20,5240960.54,1338844.80,5258803.21,24144.00,-3.70
SPSAR4,2026-02-10,1320638.14,-28604.67,97.25,97.06,10398.00,0.20,5240960.54,1338844.80,5258803.21,24144.00,-2.86
SPSAR5,2026-02-10,1290710.14,40065.34,94.48,94.83,-19530.00,-0.37,5240960.54,1270174.80,5258803.21,-44526.00,-5.81
SPSAR6,2026-02-10,1265247.82,36141.34,97.77,98.62,-44992.32,-0.86,5240960.54,1274098.80,5258803.21,-40602.00,-4.26
SPSAR7,2026-02-10,1282171.83,33255.34,95.17,95.68,-28068.31,-0.54,5240960.54,1276984.80,5258803.21,-37716.00,-4.83
SPSAR8,2026-02-10,1308829.60,30693.34,97.07,97.10,-1410.54,-0.03,5240960.54,1279546.80,5258803.21,-35154.00,-2.93
SPSAR9,2026-02-10,1331258.14,33470.95,98.18,97.79,21018.00,0.40,5240960.54,1276769.19,5258803.21,-37931.61,-1.82
NLONG1,2026-02-10,0.00,0.00,105.48,105.48,0.00,0.00,3930720.38,0.00,3944102.38,0.00,-0.36
NLONG10,2026-02-10,0.00,0.00,110.19,110.19,0.00,0.00,3930720.38,0.00,3944102.38,0.00,-0.54
NLONG11,2026-02-10,0.00,0.00,114.18,114.18,0.00,0.00,3930720.38,0.00,3944102.38,0.00,-0.31
NLONG12,2026-02-10,0.00,0.00,114.72,114.72,0.00,0.00,3930720.38,0.00,3944102.38,0.00,-0.50
NLONG13,2026-02-10,0.00,22710.41,105.53,105.53,0.00,0.00,3930720.38,-22710.41,3944102.38,-22710.41,-1.60
NLONG14,2026-02-10,0.00,24651.26,106.45,106.45,0.00,0.00,3930720.38,-24651.26,3944102.38,-24651.26,-1.67
NLONG15,2026-02-10,0.00,22885.17,107.90,107.90,0.00,0.00,3930720.38,-22885.17,3944102.38,-22885.17,-1.70
NLONG16,2026-02-10,0.00,25136.70,108.03,108.03,0.00,0.00,3930720.38,-25136.70,3944102.38,-25136.70,-1.76
NLONG17,2026-02-10,0.00,22710.41,107.79,107.79,0.00,0.00,3930720.38,-22710.41,3944102.38,-22710.41,-1.63
NLONG18,2026-02-10,0.00,22186.13,107.41,107.41,0.00,0.00,3930720.38,-22186.13,3944102.38,-22186.13,-1.68
NLONG19,2026-02-10,0.00,22885.17,108.32,108.32,0.00,0.00,3930720.38,-22885.17,3944102.38,-22885.17,-1.69
NLONG2,2026-02-10,0.00,0.00,96.44,96.44,0.00,0.00,3930720.38,0.00,3944102.38,0.00,-4.08
NLONG20,2026-02-10,0.00,25136.70,109.01,109.01,0.00,0.00,3930720.38,-25136.70,3944102.38,-25136.70,-1.66
NLONG21,2026-02-10,0.00,0.00,109.97,109.97,0.00,0.00,3930720.38,0.00,3944102.38,0.00,-0.38
NLONG22,2026-02-10,0.00,0.00,110.24,110.24,0.00,0.00,3930720.38,0.00,3944102.38,0.00,-0.44
NLONG23,2026-02-10,0.00,0.00,114.27,114.27,0.00,0.00,3930720.38,0.00,3944102.38,0.00,-0.38
NLONG24,2026-02-10,0.00,0.00,115.76,115.76,0.00,0.00,3930720.38,0.00,3944102.38,0.00,-0.44
NLONG3,2026-02-10,0.00,0.00,108.80,108.80,0.00,0.00,3930720.38,0.00,3944102.38,0.00,-0.42
NLONG4,2026-02-10,0.00,0.00,109.01,109.01,0.00,0.00,3930720.38,0.00,3944102.38,0.00,-0.56
NLONG5,2026-02-10,0.00,0.00,109.40,109.40,0.00,0.00,3930720.38,0.00,3944102.38,0.00,-0.39
NLONG6,2026-02-10,0.00,0.00,106.02,106.02,0.00,0.00,3930720.38,0.00,3944102.38,0.00,-0.54
NLONG7,2026-02-10,0.00,0.00,111.46,111.46,0.00,0.00,3930720.38,0.00,3944102.38,0.00,-0.38
NLONG8,2026-02-10,0.00,0.00,110.06,110.06,0.00,0.00,3930720.38,0.00,3944102.38,0.00,-0.51
NLONG9,2026-02-10,0.00,0.00,111.31,111.31,0.00,0.00,3930720.38,0.00,3944102.38,0.00,-0.31
SLONG1,2026-02-10,0.00,0.00,104.95,104.95,0.00,0.00,3930720.38,0.00,3944102.38,0.00,-0.69
SLONG10,2026-02-10,0.00,0.00,103.73,103.73,0.00,0.00,3930720.38,0.00,3944102.38,0.00,-0.92
SLONG11,2026-02-10,0.00,0.00,105.83,105.83,0.00,0.00,3930720.38,0.00,3944102.38,0.00,-2.09
SLONG12,2026-02-10,0.00,0.00,102.24,102.24,0.00,0.00,3930720.38,0.00,3944102.38,0.00,-1.66
SLONG13,2026-02-10,0.00,22543.67,103.33,103.33,0.00,0.00,3930720.38,-22543.67,3944102.38,-22543.67,-1.82
SLONG14,2026-02-10,0.00,24130.52,103.71,103.71,0.00,0.00,3930720.38,-24130.52,3944102.38,-24130.52,-2.00
SLONG15,2026-02-10,0.00,21846.62,104.77,104.77,0.00,0.00,3930720.38,-21846.62,3944102.38,-21846.62,-1.65
SLONG16,2026-02-10,0.00,22585.49,104.35,104.35,0.00,0.00,3930720.38,-22585.49,3944102.38,-22585.49,-1.86
SLONG17,2026-02-10,0.00,22543.67,104.43,104.43,0.00,0.00,3930720.38,-22543.67,3944102.38,-22543.67,-1.82
SLONG18,2026-02-10,0.00,22083.61,104.08,104.08,0.00,0.00,3930720.38,-22083.61,3944102.38,-22083.61,-1.94
SLONG19,2026-02-10,0.00,0.00,106.15,106.15,0.00,0.00,3930720.38,0.00,3944102.38,0.00,-0.62
SLONG2,2026-02-10,0.00,0.00,95.35,95.35,0.00,0.00,3930720.38,0.00,3944102.38,0.00,-5.65
SLONG20,2026-02-10,0.00,25811.99,103.69,103.69,0.00,0.00,3930720.38,-25811.99,3944102.38,-25811.99,-2.01
SLONG21,2026-02-10,0.00,0.00,106.03,106.03,0.00,0.00,3930720.38,0.00,3944102.38,0.00,-0.76
SLONG22,2026-02-10,0.00,0.00,106.06,106.06,0.00,0.00,3930720.38,0.00,3944102.38,0.00,-0.94
SLONG23,2026-02-10,0.00,0.00,107.01,107.01,0.00,0.00,3930720.38,0.00,3944102.38,0.00,-0.68
SLONG24,2026-02-10,0.00,0.00,106.78,106.78,0.00,0.00,3930720.38,0.00,3944102.38,0.00,-0.89
SLONG3,2026-02-10,0.00,0.00,101.83,101.83,0.00,0.00,3930720.38,0.00,3944102.38,0.00,-2.16
SLONG4,2026-02-10,0.00,0.00,100.78,100.78,0.00,0.00,3930720.38,0.00,3944102.38,0.00,-1.67
SLONG5,2026-02-10,0.00,0.00,105.93,105.93,0.00,0.00,3930720.38,0.00,3944102.38,0.00,-0.66
SLONG6,2026-02-10,0.00,0.00,103.16,103.16,0.00,0.00,3930720.38,0.00,3944102.38,0.00,-0.92
SLONG7,2026-02-10,0.00,0.00,102.30,102.30,0.00,0.00,3930720.38,0.00,3944102.38,0.00,-2.10
SLONG8,2026-02-10,0.00,0.00,102.23,102.23,0.00,0.00,3930720.38,0.00,3944102.38,0.00,-1.66
SLONG9,2026-02-10,0.00,0.00,108.13,108.13,0.00,0.00,3930720.38,0.00,3944102.38,0.00,-0.62
Liquidcase Stock Holdings,2026-02-10,36180139.72,0.00,100.45,100.44,3211.16,0.01,36176928.56,36176928.56,36173717.40,3211.16,0.00
QYE++ Liquidcase Stock Holdings,2026-02-10,36180139.72,0.00,100.45,100.44,3211.16,0.01,36176928.56,36176928.56,36173717.40,3211.16,0.00
QYE++ Debt Stock Holdings,2026-02-10,36180139.72,0.00,100.45,100.44,3211.16,0.01,36176928.56,36176928.56,36173717.40,3211.16,0.00
Debt Stock Holdings,2026-02-10,36180139.72,0.00,100.45,100.44,3211.16,0.01,36176928.56,36176928.56,36173717.40,3211.16,0.00
QYE++ Stock Holdings,2026-02-10,36180139.72,0.00,100.45,100.44,3211.16,0.01,36176928.56,36176928.56,36173717.40,3211.16,0.00
Stock Holdings,2026-02-10,36180139.72,0.00,100.45,100.44,3211.16,0.01,36176928.56,36176928.56,36173717.40,3211.16,0.00
Small Cap Mutual Funds,2026-02-10,127306114.37,0.00,100.85,100.51,434965.02,0.34,126871149.35,126871149.35,124175333.12,2695816.23,0.00
QYE++ Small Cap Mutual Funds,2026-02-10,127306114.37,0.00,100.85,100.51,434965.02,0.34,126871149.35,126871149.35,124175333.12,2695816.23,0.00
QYE++ Mutual Funds,2026-02-10,127306114.37,0.00,100.85,100.51,434965.02,0.34,126871149.35,126871149.35,124175333.12,2695816.23,0.00
QYE++ Equity Mutual Funds,2026-02-10,127306114.37,0.00,100.85,100.51,434965.02,0.34,126871149.35,126871149.35,124175333.12,2695816.23,0.00
Equity Mutual Funds,2026-02-10,127306114.37,0.00,100.85,100.51,434965.02,0.34,126871149.35,126871149.35,124175333.12,2695816.23,0.00
Mutual Funds,2026-02-10,127306114.37,0.00,100.85,100.51,434965.02,0.34,126871149.35,126871149.35,124175333.12,2695816.23,0.00
QYE++ Miscellaneous P&L,2026-02-10,0.00,0.00,100.00,100.00,0.00,0.00,0.00,0.00,0.00,0.00,0.00
Miscellaneous P&L,2026-02-10,0.00,0.00,100.00,100.00,0.00,0.00,0.00,0.00,0.00,0.00,0.00
QYE++ Equity Holdings Tax,2026-02-10,0.00,0.00,100.00,100.00,0.00,0.00,0.00,0.00,0.00,0.00,0.00
QAW++ Equity Holdings Tax,2026-02-10,0.00,0.00,100.00,100.00,0.00,0.00,0.00,0.00,0.00,0.00,0.00
Equity Holdings Tax,2026-02-10,0.00,0.00,100.00,100.00,0.00,0.00,0.00,0.00,0.00,0.00,0.00
QYE++ Total Tax,2026-02-10,-5263.34,1349.34,100.00,100.00,-5263.34,0.00,0.00,-1349.34,0.00,0.00,0.00
Total Tax,2026-02-10,-5263.34,1349.34,100.00,100.00,-5263.34,0.00,0.00,-1349.34,0.00,0.00,0.00
QYE++ F&O Tax,2026-02-10,-5263.34,1349.34,100.00,100.00,-5263.34,0.00,0.00,-1349.34,0.00,0.00,0.00
F&O Tax,2026-02-10,-5263.34,1349.34,100.00,100.00,-5263.34,0.00,0.00,-1349.34,0.00,0.00,0.00
Equity Intraday Tax,2026-02-10,0.00,0.00,100.00,100.00,0.00,0.00,0.00,0.00,0.00,0.00,0.00
MCX Tax,2026-02-10,0.00,0.00,100.00,100.00,0.00,0.00,0.00,0.00,0.00,0.00,0.00
QYE++ Total Other Debits and Credits,2026-02-10,0.00,0.00,100.00,100.00,0.00,0.00,0.00,0.00,0.00,0.00,0.00
Total Other Debits and Credits,2026-02-10,0.00,0.00,100.00,100.00,0.00,0.00,0.00,0.00,0.00,0.00,0.00
QYE++ Equity Other Debits and Credits,2026-02-10,0.00,0.00,100.00,100.00,0.00,0.00,0.00,0.00,0.00,0.00,0.00
Equity Other Debits and Credits,2026-02-10,0.00,0.00,100.00,100.00,0.00,0.00,0.00,0.00,0.00,0.00,0.00
QYE++ NPSAR,2026-02-10,23633153.38,-205508.43,98.90,98.85,48831.04,0.05,94337289.34,23789830.78,94658457.37,125216.44,-1.77
NPSAR,2026-02-10,23633153.38,-205508.43,98.90,98.85,48831.04,0.05,94337289.34,23789830.78,94658457.37,125216.44,-1.77
QYE++ SPSAR,2026-02-10,23571709.57,-202493.80,99.97,99.98,-12612.77,-0.01,94337289.34,23786816.15,94658457.37,122201.81,-0.92
SPSAR,2026-02-10,23571709.57,-202493.80,99.97,99.98,-12612.77,-0.01,94337289.34,23786816.15,94658457.37,122201.81,-0.92
QYE++ NLONG,2026-02-10,0.00,188301.95,109.06,109.06,0.00,0.00,94337289.12,-188301.95,94658457.12,-188301.95,-0.85
NLONG,2026-02-10,0.00,188301.95,109.06,109.06,0.00,0.00,94337289.12,-188301.95,94658457.12,-188301.95,-0.85
QYE++ SLONG,2026-02-10,0.00,161545.57,104.03,104.03,0.00,0.00,94337289.12,-161545.57,94658457.12,-161545.57,-1.36
SLONG,2026-02-10,0.00,161545.57,104.03,104.03,0.00,0.00,94337289.12,-161545.57,94658457.12,-161545.57,-1.36
QYE++ PSAR,2026-02-10,47204862.94,-408002.22,99.44,99.42,36218.27,0.02,188674578.68,47576646.94,189316914.74,247418.25,-1.34
PSAR,2026-02-10,47204862.94,-408002.22,99.44,99.42,36218.27,0.02,188674578.68,47576646.94,189316914.74,247418.25,-1.34
QYE++ LONG,2026-02-10,0.00,349847.52,106.53,106.53,0.00,0.00,188674578.24,-349847.52,189316914.24,-349847.52,-1.10
LONG,2026-02-10,0.00,349847.52,106.53,106.53,0.00,0.00,188674578.24,-349847.52,189316914.24,-349847.52,-1.10
QYE++ Total Portfolio Value,2026-02-10,47199599.60,-56805.36,105.82,105.81,30954.93,0.02,188674578.00,47225450.08,189316914.00,-103778.61,-0.93
Total Portfolio Value,2026-02-10,47199599.60,-56805.36,105.86,105.84,30954.93,0.02,188674578.00,47225450.08,189316914.00,-103778.61,-0.92
QYE++ Zerodha Total Portfolio,2026-02-10,191810162.52,0.00,106.35,106.09,469131.11,0.25,191341031.41,191341031.41,188745782.63,2595248.78,0.00
Zerodha Total Portfolio,2026-02-10,191810162.52,0.00,106.35,106.09,469131.11,0.25,191341031.41,191341031.41,188745782.63,2595248.78,0.00
NPSAR1,2026-02-11,1337192.81,4617.85,103.37,103.20,8521.50,0.16,5314685.24,1324053.46,5240960.54,13813.32,-0.80
NPSAR10,2026-02-11,2979957.66,27576.94,103.48,103.56,-9552.76,-0.08,11958041.69,2961933.48,11792161.12,13893.20,-0.08
NPSAR11,2026-02-11,2929822.26,52212.91,99.21,99.71,-59688.16,-0.50,11958041.69,2937297.51,11792161.12,-10742.77,-1.63
NPSAR12,2026-02-11,2935854.56,25374.13,97.60,98.04,-53655.86,-0.45,11958041.69,2964136.29,11792161.12,16096.01,-4.51
NPSAR13,2026-02-11,2933076.92,22342.54,99.72,100.19,-56433.50,-0.47,11958041.69,2967167.88,11792161.12,19127.60,-2.65
NPSAR2,2026-02-11,1337192.81,4791.47,96.82,96.67,8521.50,0.16,5314685.24,1323879.84,5240960.54,13639.71,-5.08
NPSAR3,2026-02-11,1337192.81,5022.93,100.61,100.45,8521.50,0.16,5314685.24,1323648.38,5240960.54,13408.24,-1.62
NPSAR4,2026-02-11,1337192.81,5407.89,97.72,97.56,8521.50,0.16,5314685.24,1323263.42,5240960.54,13023.28,-2.28
NPSAR5,2026-02-11,1337192.81,47734.75,93.84,93.69,8521.50,0.16,5314685.24,1280936.56,5240960.54,-29303.57,-6.16
NPSAR6,2026-02-11,1337192.81,60604.21,97.07,96.91,8521.50,0.16,5314685.24,1268067.10,5240960.54,-42173.03,-4.33
NPSAR7,2026-02-11,1337192.81,17143.39,98.31,98.15,8521.50,0.16,5314685.24,1311527.92,5240960.54,1287.78,-2.85
NPSAR8,2026-02-11,1337192.81,15973.63,93.62,93.47,8521.50,0.16,5314685.24,1312697.68,5240960.54,2457.54,-6.38
NPSAR9,2026-02-11,1337192.81,-5872.55,96.90,96.74,8521.50,0.16,5314685.24,1334543.86,5240960.54,24303.73,-3.10
SPSAR1,2026-02-11,1331851.31,8033.17,102.64,102.58,3180.00,0.06,5314685.24,1320638.14,5240960.54,10398.00,-0.62
SPSAR10,2026-02-11,3001313.02,14086.14,105.57,105.47,11802.60,0.10,11958041.69,2975424.28,11792161.12,27384.00,0.00
SPSAR11,2026-02-11,2957798.58,26756.47,102.51,102.78,-31711.84,-0.27,11958041.69,2962753.95,11792161.12,14713.67,-0.26
SPSAR12,2026-02-11,2969960.43,62236.57,100.88,101.05,-19549.99,-0.16,11958041.69,2927273.85,11792161.12,-20766.43,-0.83
SPSAR13,2026-02-11,2952301.53,44022.98,100.00,100.31,-37208.89,-0.31,11958041.69,2945487.44,11792161.12,-2552.84,-2.83
SPSAR2,2026-02-11,1331851.31,8033.17,96.58,96.52,3180.00,0.06,5314685.24,1320638.14,5240960.54,10398.00,-5.42
SPSAR3,2026-02-11,1331851.31,8033.17,99.20,99.14,3180.00,0.06,5314685.24,1320638.14,5240960.54,10398.00,-3.64
SPSAR4,2026-02-11,1329758.63,8033.17,97.27,97.25,1087.32,0.02,5314685.24,1320638.14,5240960.54,10398.00,-2.84
SPSAR5,2026-02-11,1298607.41,37961.17,93.95,94.48,-30063.90,-0.57,5314685.24,1290710.14,5240960.54,-19530.00,-6.34
SPSAR6,2026-02-11,1331665.31,63423.49,97.83,97.77,2994.00,0.06,5314685.24,1265247.82,5240960.54,-44992.32,-4.20
SPSAR7,2026-02-11,1333123.31,46499.49,95.25,95.17,4452.00,0.08,5314685.24,1282171.82,5240960.54,-28068.31,-4.75
SPSAR8,2026-02-11,1335457.31,19841.71,97.19,97.07,6786.00,0.13,5314685.24,1308829.60,5240960.54,-1410.54,-2.81
SPSAR9,2026-02-11,1335349.31,-2586.83,98.30,98.18,6678.00,0.13,5314685.24,1331258.14,5240960.54,21018.00,-1.70
NLONG1,2026-02-11,0.00,0.00,105.48,105.48,0.00,0.00,3986013.90,0.00,3930720.38,0.00,-0.36
NLONG10,2026-02-11,0.00,0.00,110.19,110.19,0.00,0.00,3986013.90,0.00,3930720.38,0.00,-0.54
NLONG11,2026-02-11,0.00,0.00,114.18,114.18,0.00,0.00,3986013.90,0.00,3930720.38,0.00,-0.31
NLONG12,2026-02-11,0.00,0.00,114.72,114.72,0.00,0.00,3986013.90,0.00,3930720.38,0.00,-0.50
NLONG13,2026-02-11,0.00,0.00,105.53,105.53,0.00,0.00,3986013.90,0.00,3930720.38,0.00,-1.60
NLONG14,2026-02-11,0.00,0.00,106.45,106.45,0.00,0.00,3986013.90,0.00,3930720.38,0.00,-1.67
NLONG15,2026-02-11,0.00,0.00,107.90,107.90,0.00,0.00,3986013.90,0.00,3930720.38,0.00,-1.70
NLONG16,2026-02-11,0.00,0.00,108.03,108.03,0.00,0.00,3986013.90,0.00,3930720.38,0.00,-1.76
NLONG17,2026-02-11,0.00,0.00,107.79,107.79,0.00,0.00,3986013.90,0.00,3930720.38,0.00,-1.63
NLONG18,2026-02-11,0.00,0.00,107.41,107.41,0.00,0.00,3986013.90,0.00,3930720.38,0.00,-1.68
NLONG19,2026-02-11,0.00,0.00,108.32,108.32,0.00,0.00,3986013.90,0.00,3930720.38,0.00,-1.69
NLONG2,2026-02-11,0.00,0.00,96.44,96.44,0.00,0.00,3986013.90,0.00,3930720.38,0.00,-4.08
NLONG20,2026-02-11,0.00,0.00,109.01,109.01,0.00,0.00,3986013.90,0.00,3930720.38,0.00,-1.66
NLONG21,2026-02-11,0.00,0.00,109.97,109.97,0.00,0.00,3986013.90,0.00,3930720.38,0.00,-0.38
NLONG22,2026-02-11,0.00,0.00,110.24,110.24,0.00,0.00,3986013.90,0.00,3930720.38,0.00,-0.44
NLONG23,2026-02-11,0.00,0.00,114.27,114.27,0.00,0.00,3986013.90,0.00,3930720.38,0.00,-0.38
NLONG24,2026-02-11,0.00,0.00,115.76,115.76,0.00,0.00,3986013.90,0.00,3930720.38,0.00,-0.44
NLONG3,2026-02-11,0.00,0.00,108.80,108.80,0.00,0.00,3986013.90,0.00,3930720.38,0.00,-0.42
NLONG4,2026-02-11,0.00,0.00,109.01,109.01,0.00,0.00,3986013.90,0.00,3930720.38,0.00,-0.56
NLONG5,2026-02-11,0.00,0.00,109.40,109.40,0.00,0.00,3986013.90,0.00,3930720.38,0.00,-0.39
NLONG6,2026-02-11,0.00,0.00,106.02,106.02,0.00,0.00,3986013.90,0.00,3930720.38,0.00,-0.54
NLONG7,2026-02-11,0.00,0.00,111.46,111.46,0.00,0.00,3986013.90,0.00,3930720.38,0.00,-0.38
NLONG8,2026-02-11,0.00,0.00,110.06,110.06,0.00,0.00,3986013.90,0.00,3930720.38,0.00,-0.51
NLONG9,2026-02-11,0.00,0.00,111.31,111.31,0.00,0.00,3986013.90,0.00,3930720.38,0.00,-0.31
SLONG1,2026-02-11,0.00,0.00,104.95,104.95,0.00,0.00,3986013.90,0.00,3930720.38,0.00,-0.69
SLONG10,2026-02-11,0.00,0.00,103.73,103.73,0.00,0.00,3986013.90,0.00,3930720.38,0.00,-0.92
SLONG11,2026-02-11,0.00,0.00,105.83,105.83,0.00,0.00,3986013.90,0.00,3930720.38,0.00,-2.09
SLONG12,2026-02-11,0.00,0.00,102.24,102.24,0.00,0.00,3986013.90,0.00,3930720.38,0.00,-1.66
SLONG13,2026-02-11,0.00,0.00,103.33,103.33,0.00,0.00,3986013.90,0.00,3930720.38,0.00,-1.82
SLONG14,2026-02-11,0.00,0.00,103.71,103.71,0.00,0.00,3986013.90,0.00,3930720.38,0.00,-2.00
SLONG15,2026-02-11,0.00,0.00,104.77,104.77,0.00,0.00,3986013.90,0.00,3930720.38,0.00,-1.65
SLONG16,2026-02-11,0.00,0.00,104.35,104.35,0.00,0.00,3986013.90,0.00,3930720.38,0.00,-1.86
SLONG17,2026-02-11,0.00,0.00,104.43,104.43,0.00,0.00,3986013.90,0.00,3930720.38,0.00,-1.82
SLONG18,2026-02-11,0.00,0.00,104.08,104.08,0.00,0.00,3986013.90,0.00,3930720.38,0.00,-1.94
SLONG19,2026-02-11,0.00,0.00,106.15,106.15,0.00,0.00,3986013.90,0.00,3930720.38,0.00,-0.62
SLONG2,2026-02-11,0.00,0.00,95.35,95.35,0.00,0.00,3986013.90,0.00,3930720.38,0.00,-5.65
SLONG20,2026-02-11,0.00,0.00,103.69,103.69,0.00,0.00,3986013.90,0.00,3930720.38,0.00,-2.01
SLONG21,2026-02-11,0.00,0.00,106.03,106.03,0.00,0.00,3986013.90,0.00,3930720.38,0.00,-0.76
SLONG22,2026-02-11,0.00,0.00,106.06,106.06,0.00,0.00,3986013.90,0.00,3930720.38,0.00,-0.94
SLONG23,2026-02-11,0.00,0.00,107.01,107.01,0.00,0.00,3986013.90,0.00,3930720.38,0.00,-0.68
SLONG24,2026-02-11,0.00,0.00,106.78,106.78,0.00,0.00,3986013.90,0.00,3930720.38,0.00,-0.89
SLONG3,2026-02-11,0.00,0.00,101.83,101.83,0.00,0.00,3986013.90,0.00,3930720.38,0.00,-2.16
SLONG4,2026-02-11,0.00,0.00,100.78,100.78,0.00,0.00,3986013.90,0.00,3930720.38,0.00,-1.67
SLONG5,2026-02-11,0.00,0.00,105.93,105.93,0.00,0.00,3986013.90,0.00,3930720.38,0.00,-0.66
SLONG6,2026-02-11,0.00,0.00,103.16,103.16,0.00,0.00,3986013.90,0.00,3930720.38,0.00,-0.92
SLONG7,2026-02-11,0.00,0.00,102.30,102.30,0.00,0.00,3986013.90,0.00,3930720.38,0.00,-2.10
SLONG8,2026-02-11,0.00,0.00,102.23,102.23,0.00,0.00,3986013.90,0.00,3930720.38,0.00,-1.66
SLONG9,2026-02-11,0.00,0.00,108.13,108.13,0.00,0.00,3986013.90,0.00,3930720.38,0.00,-0.62
Liquidcase Stock Holdings,2026-02-11,36186562.04,0.00,100.47,100.45,6422.32,0.02,36180139.72,36180139.72,36176928.56,3211.16,0.00
QYE++ Liquidcase Stock Holdings,2026-02-11,36186562.04,0.00,100.47,100.45,6422.32,0.02,36180139.72,36180139.72,36176928.56,3211.16,0.00
QYE++ Debt Stock Holdings,2026-02-11,36186562.04,0.00,100.47,100.45,6422.32,0.02,36180139.72,36180139.72,36176928.56,3211.16,0.00
Debt Stock Holdings,2026-02-11,36186562.04,0.00,100.47,100.45,6422.32,0.02,36180139.72,36180139.72,36176928.56,3211.16,0.00
QYE++ Stock Holdings,2026-02-11,36186562.04,0.00,100.47,100.45,6422.32,0.02,36180139.72,36180139.72,36176928.56,3211.16,0.00
Stock Holdings,2026-02-11,36186562.04,0.00,100.47,100.45,6422.32,0.02,36180139.72,36180139.72,36176928.56,3211.16,0.00
Small Cap Mutual Funds,2026-02-11,127448211.48,0.00,100.96,100.85,142097.11,0.11,127306114.37,127306114.37,126871149.35,434965.02,0.00
QYE++ Small Cap Mutual Funds,2026-02-11,127448211.48,0.00,100.96,100.85,142097.11,0.11,127306114.37,127306114.37,126871149.35,434965.02,0.00
QYE++ Mutual Funds,2026-02-11,127448211.48,0.00,100.96,100.85,142097.11,0.11,127306114.37,127306114.37,126871149.35,434965.02,0.00
QYE++ Equity Mutual Funds,2026-02-11,127448211.48,0.00,100.96,100.85,142097.11,0.11,127306114.37,127306114.37,126871149.35,434965.02,0.00
Equity Mutual Funds,2026-02-11,127448211.48,0.00,100.96,100.85,142097.11,0.11,127306114.37,127306114.37,126871149.35,434965.02,0.00
Mutual Funds,2026-02-11,127448211.48,0.00,100.96,100.85,142097.11,0.11,127306114.37,127306114.37,126871149.35,434965.02,0.00
QYE++ Miscellaneous P&L,2026-02-11,0.00,0.00,100.00,100.00,0.00,0.00,0.00,0.00,0.00,0.00,0.00
Miscellaneous P&L,2026-02-11,0.00,0.00,100.00,100.00,0.00,0.00,0.00,0.00,0.00,0.00,0.00
QYE++ Equity Holdings Tax,2026-02-11,0.00,0.00,100.00,100.00,0.00,0.00,0.00,0.00,0.00,0.00,0.00
QAW++ Equity Holdings Tax,2026-02-11,0.00,0.00,100.00,100.00,0.00,0.00,0.00,0.00,0.00,0.00,0.00
Equity Holdings Tax,2026-02-11,0.00,0.00,100.00,100.00,0.00,0.00,0.00,0.00,0.00,0.00,0.00
QYE++ Total Tax,2026-02-11,-5453.61,5263.34,100.00,100.00,-5453.61,0.00,0.00,-5263.34,0.00,0.00,0.00
Total Tax,2026-02-11,-5453.61,5263.34,100.00,100.00,-5453.61,0.00,0.00,-5263.34,0.00,0.00,0.00
QYE++ F&O Tax,2026-02-11,-5453.61,5263.34,100.00,100.00,-5453.61,0.00,0.00,-5263.34,0.00,0.00,0.00
F&O Tax,2026-02-11,-5453.61,5263.34,100.00,100.00,-5453.61,0.00,0.00,-5263.34,0.00,0.00,0.00
Equity Intraday Tax,2026-02-11,0.00,0.00,100.00,100.00,0.00,0.00,0.00,0.00,0.00,0.00,0.00
MCX Tax,2026-02-11,0.00,0.00,100.00,100.00,0.00,0.00,0.00,0.00,0.00,0.00,0.00
QYE++ Total Other Debits and Credits,2026-02-11,0.00,0.00,100.00,100.00,0.00,0.00,0.00,0.00,0.00,0.00,0.00
Total Other Debits and Credits,2026-02-11,0.00,0.00,100.00,100.00,0.00,0.00,0.00,0.00,0.00,0.00,0.00
QYE++ Equity Other Debits and Credits,2026-02-11,0.00,0.00,100.00,100.00,0.00,0.00,0.00,0.00,0.00,0.00,0.00
Equity Other Debits and Credits,2026-02-11,0.00,0.00,100.00,100.00,0.00,0.00,0.00,0.00,0.00,0.00,0.00
QYE++ NPSAR,2026-02-11,23813446.70,282930.10,98.80,98.90,-102636.78,-0.11,95664333.92,23633153.38,94337289.34,48831.04,-1.87
NPSAR,2026-02-11,23813446.70,282930.10,98.80,98.90,-102636.78,-0.11,95664333.92,23633153.38,94337289.34,48831.04,-1.87
QYE++ SPSAR,2026-02-11,23840888.78,344373.88,99.89,99.97,-75194.70,-0.08,95664333.92,23571709.57,94337289.34,-12612.77,-1.00
SPSAR,2026-02-11,23840888.78,344373.88,99.89,99.97,-75194.70,-0.08,95664333.92,23571709.57,94337289.34,-12612.77,-1.00
QYE++ NLONG,2026-02-11,0.00,0.00,109.06,109.06,0.00,0.00,95664333.60,0.00,94337289.12,0.00,-0.85
NLONG,2026-02-11,0.00,0.00,109.06,109.06,0.00,0.00,95664333.60,0.00,94337289.12,0.00,-0.85
QYE++ SLONG,2026-02-11,0.00,0.00,104.03,104.03,0.00,0.00,95664333.60,0.00,94337289.12,0.00,-1.36
SLONG,2026-02-11,0.00,0.00,104.03,104.03,0.00,0.00,95664333.60,0.00,94337289.12,0.00,-1.36
QYE++ PSAR,2026-02-11,47654335.48,627303.98,99.34,99.44,-177831.48,-0.09,191328667.84,47204862.94,188674578.68,36218.27,-1.44
PSAR,2026-02-11,47654335.48,627303.98,99.34,99.44,-177831.48,-0.09,191328667.84,47204862.94,188674578.68,36218.27,-1.44
QYE++ LONG,2026-02-11,0.00,0.00,106.53,106.53,0.00,0.00,191328667.20,0.00,188674578.24,0.00,-1.10
LONG,2026-02-11,0.00,0.00,106.53,106.53,0.00,0.00,191328667.20,0.00,188674578.24,0.00,-1.10
QYE++ Total Portfolio Value,2026-02-11,47648881.87,632567.32,105.72,105.82,-183285.09,-0.10,191328667.00,47199599.60,188674578.00,30954.93,-1.02
Total Portfolio Value,2026-02-11,47648881.87,632567.32,105.75,105.86,-183285.09,-0.10,191328667.00,47199599.60,188674578.00,30954.93,-1.02
QYE++ Zerodha Total Portfolio,2026-02-11,191775396.86,0.00,106.33,106.35,-34765.66,-0.02,191810162.52,191810162.52,191341031.41,469131.11,-0.02
Zerodha Total Portfolio,2026-02-11,191775396.86,0.00,106.33,106.35,-34765.66,-0.02,191810162.52,191810162.52,191341031.41,469131.11,-0.02
NPSAR1,2026-02-12,1301987.68,-9913.63,102.88,103.37,-25291.50,-0.48,5309116.71,1337192.81,5314685.24,8521.50,-1.27
NPSAR10,2026-02-12,3061817.13,6420.46,104.13,103.48,75439.00,0.63,11945512.50,2979957.66,11958041.69,-9552.76,0.00
NPSAR11,2026-02-12,3006162.87,56555.87,99.37,99.21,19784.74,0.17,11945512.50,2929822.26,11958041.69,-59688.16,-1.47
NPSAR12,2026-02-12,2984160.04,50523.56,97.58,97.60,-2218.09,-0.02,11945512.50,2935854.56,11958041.69,-53655.86,-4.53
NPSAR13,2026-02-12,2985400.33,53301.21,99.71,99.72,-977.80,-0.01,11945512.50,2933076.92,11958041.69,-56433.50,-2.66
NPSAR2,2026-02-12,1301987.68,-9913.63,96.36,96.82,-25291.50,-0.48,5309116.71,1337192.81,5314685.24,8521.50,-5.53
NPSAR3,2026-02-12,1308577.09,-9913.63,100.26,100.61,-18702.09,-0.35,5309116.71,1337192.81,5314685.24,8521.50,-1.97
NPSAR4,2026-02-12,1323967.72,-9913.63,97.66,97.72,-3311.46,-0.06,5309116.71,1337192.81,5314685.24,8521.50,-2.34
NPSAR5,2026-02-12,1301987.68,-9913.63,93.39,93.84,-25291.50,-0.48,5309116.71,1337192.81,5314685.24,8521.50,-6.61
NPSAR6,2026-02-12,1301987.68,-9913.63,96.61,97.07,-25291.50,-0.48,5309116.71,1337192.81,5314685.24,8521.50,-4.78
NPSAR7,2026-02-12,1282168.54,-9913.63,97.47,98.31,-45110.64,-0.85,5309116.71,1337192.81,5314685.24,8521.50,-3.68
NPSAR8,2026-02-12,1308577.09,-9913.63,93.29,93.62,-18702.09,-0.35,5309116.71,1337192.81,5314685.24,8521.50,-6.71
NPSAR9,2026-02-12,1307688.49,-9913.63,96.54,96.90,-19590.69,-0.37,5309116.71,1337192.81,5314685.24,8521.50,-3.46
SPSAR1,2026-02-12,1335750.24,-4572.13,102.80,102.64,8471.06,0.16,5309116.71,1331851.31,5314685.24,3180.00,-0.46
SPSAR10,2026-02-12,3046017.79,-14934.90,106.10,105.57,59639.66,0.50,11945512.50,3001313.02,11958041.69,11802.60,0.00
SPSAR11,2026-02-12,3005989.29,28579.54,102.68,102.51,19611.16,0.16,11945512.50,2957798.58,11958041.69,-31711.84,-0.10
SPSAR12,2026-02-12,3008242.34,16417.69,101.06,100.88,21864.21,0.18,11945512.50,2969960.43,11958041.69,-19549.99,-0.65
SPSAR13,2026-02-12,3011220.86,34076.60,100.21,100.00,24842.73,0.21,11945512.50,2952301.53,11958041.69,-37208.89,-2.62
SPSAR2,2026-02-12,1335639.32,-4572.13,96.73,96.58,8360.14,0.16,5309116.71,1331851.31,5314685.24,3180.00,-5.28
SPSAR3,2026-02-12,1349629.98,-4572.13,99.62,99.20,22350.80,0.42,5309116.71,1331851.31,5314685.24,3180.00,-3.23
SPSAR4,2026-02-12,1352504.76,-2479.45,97.73,97.27,25225.58,0.48,5309116.71,1329758.63,5314685.24,1087.32,-2.38
SPSAR5,2026-02-12,1266320.61,28671.77,92.87,93.95,-60958.57,-1.15,5309116.71,1298607.41,5314685.24,-30063.90,-7.42
SPSAR6,2026-02-12,1258434.48,-4386.13,96.56,97.83,-68844.70,-1.30,5309116.71,1331665.31,5314685.24,2994.00,-5.44
SPSAR7,2026-02-12,1293027.30,-5844.13,94.64,95.25,-34251.88,-0.65,5309116.71,1333123.31,5314685.24,4452.00,-5.36
SPSAR8,2026-02-12,1311550.46,-8178.13,96.90,97.19,-15728.72,-0.30,5309116.71,1335457.31,5314685.24,6786.00,-3.10
SPSAR9,2026-02-12,1327318.37,-8070.13,98.30,98.30,39.19,0.00,5309116.71,1335349.31,5314685.24,6678.00,-1.70
NLONG1,2026-02-12,-14091.17,0.00,105.11,105.48,-14091.17,-0.35,3981837.50,0.00,3986013.90,0.00,-0.71
NLONG10,2026-02-12,0.00,0.00,110.19,110.19,0.00,0.00,3981837.50,0.00,3986013.90,0.00,-0.54
NLONG11,2026-02-12,-14091.17,0.00,113.78,114.18,-14091.17,-0.35,3981837.50,0.00,3986013.90,0.00,-0.65
NLONG12,2026-02-12,0.00,0.00,114.72,114.72,0.00,0.00,3981837.50,0.00,3986013.90,0.00,-0.50
NLONG13,2026-02-12,0.00,0.00,105.53,105.53,0.00,0.00,3981837.50,0.00,3986013.90,0.00,-1.60
NLONG14,2026-02-12,0.00,0.00,106.45,106.45,0.00,0.00,3981837.50,0.00,3986013.90,0.00,-1.67
NLONG15,2026-02-12,0.00,0.00,107.90,107.90,0.00,0.00,3981837.50,0.00,3986013.90,0.00,-1.70
NLONG16,2026-02-12,0.00,0.00,108.03,108.03,0.00,0.00,3981837.50,0.00,3986013.90,0.00,-1.76
NLONG17,2026-02-12,0.00,0.00,107.79,107.79,0.00,0.00,3981837.50,0.00,3986013.90,0.00,-1.63
NLONG18,2026-02-12,0.00,0.00,107.41,107.41,0.00,0.00,3981837.50,0.00,3986013.90,0.00,-1.68
NLONG19,2026-02-12,0.00,0.00,108.32,108.32,0.00,0.00,3981837.50,0.00,3986013.90,0.00,-1.69
NLONG2,2026-02-12,0.00,0.00,96.44,96.44,0.00,0.00,3981837.50,0.00,3986013.90,0.00,-4.08
NLONG20,2026-02-12,0.00,0.00,109.01,109.01,0.00,0.00,3981837.50,0.00,3986013.90,0.00,-1.66
NLONG21,2026-02-12,0.00,0.00,109.97,109.97,0.00,0.00,3981837.50,0.00,3986013.90,0.00,-0.38
NLONG22,2026-02-12,0.00,0.00,110.24,110.24,0.00,0.00,3981837.50,0.00,3986013.90,0.00,-0.44
NLONG23,2026-02-12,0.00,0.00,114.27,114.27,0.00,0.00,3981837.50,0.00,3986013.90,0.00,-0.38
NLONG24,2026-02-12,0.00,0.00,115.76,115.76,0.00,0.00,3981837.50,0.00,3986013.90,0.00,-0.44
NLONG3,2026-02-12,-14091.17,0.00,108.41,108.80,-14091.17,-0.35,3981837.50,0.00,3986013.90,0.00,-0.78
NLONG4,2026-02-12,0.00,0.00,109.01,109.01,0.00,0.00,3981837.50,0.00,3986013.90,0.00,-0.56
NLONG5,2026-02-12,-14091.17,0.00,109.01,109.40,-14091.17,-0.35,3981837.50,0.00,3986013.90,0.00,-0.75
NLONG6,2026-02-12,0.00,0.00,106.02,106.02,0.00,0.00,3981837.50,0.00,3986013.90,0.00,-0.54
NLONG7,2026-02-12,-14091.17,0.00,111.07,111.46,-14091.17,-0.35,3981837.50,0.00,3986013.90,0.00,-0.73
NLONG8,2026-02-12,0.00,0.00,110.06,110.06,0.00,0.00,3981837.50,0.00,3986013.90,0.00,-0.51
NLONG9,2026-02-12,-14091.17,0.00,110.92,111.31,-14091.17,-0.35,3981837.50,0.00,3986013.90,0.00,-0.66
SLONG1,2026-02-12,-5020.17,0.00,104.82,104.95,-5020.17,-0.13,3981837.50,0.00,3986013.90,0.00,-0.81
SLONG10,2026-02-12,0.00,0.00,103.73,103.73,0.00,0.00,3981837.50,0.00,3986013.90,0.00,-0.92
SLONG11,2026-02-12,-46206.85,0.00,104.60,105.83,-46206.85,-1.16,3981837.50,0.00,3986013.90,0.00,-3.23
SLONG12,2026-02-12,0.00,0.00,102.24,102.24,0.00,0.00,3981837.50,0.00,3986013.90,0.00,-1.66
SLONG13,2026-02-12,0.00,0.00,103.33,103.33,0.00,0.00,3981837.50,0.00,3986013.90,0.00,-1.82
SLONG14,2026-02-12,0.00,0.00,103.71,103.71,0.00,0.00,3981837.50,0.00,3986013.90,0.00,-2.00
SLONG15,2026-02-12,0.00,0.00,104.77,104.77,0.00,0.00,3981837.50,0.00,3986013.90,0.00,-1.65
SLONG16,2026-02-12,0.00,0.00,104.35,104.35,0.00,0.00,3981837.50,0.00,3986013.90,0.00,-1.86
SLONG17,2026-02-12,0.00,0.00,104.43,104.43,0.00,0.00,3981837.50,0.00,3986013.90,0.00,-1.82
SLONG18,2026-02-12,0.00,0.00,104.08,104.08,0.00,0.00,3981837.50,0.00,3986013.90,0.00,-1.94
SLONG19,2026-02-12,0.00,0.00,106.15,106.15,0.00,0.00,3981837.50,0.00,3986013.90,0.00,-0.62
SLONG2,2026-02-12,0.00,0.00,95.35,95.35,0.00,0.00,3981837.50,0.00,3986013.90,0.00,-5.65
SLONG20,2026-02-12,0.00,0.00,103.69,103.69,0.00,0.00,3981837.50,0.00,3986013.90,0.00,-2.01
SLONG21,2026-02-12,0.00,0.00,106.03,106.03,0.00,0.00,3981837.50,0.00,3986013.90,0.00,-0.76
SLONG22,2026-02-12,0.00,0.00,106.06,106.06,0.00,0.00,3981837.50,0.00,3986013.90,0.00,-0.94
SLONG23,2026-02-12,0.00,0.00,107.01,107.01,0.00,0.00,3981837.50,0.00,3986013.90,0.00,-0.68
SLONG24,2026-02-12,0.00,0.00,106.78,106.78,0.00,0.00,3981837.50,0.00,3986013.90,0.00,-0.89
SLONG3,2026-02-12,-46206.85,0.00,100.65,101.83,-46206.85,-1.16,3981837.50,0.00,3986013.90,0.00,-3.30
SLONG4,2026-02-12,0.00,0.00,100.78,100.78,0.00,0.00,3981837.50,0.00,3986013.90,0.00,-1.67
SLONG5,2026-02-12,-5020.17,0.00,105.80,105.93,-5020.17,-0.13,3981837.50,0.00,3986013.90,0.00,-0.78
SLONG6,2026-02-12,0.00,0.00,103.16,103.16,0.00,0.00,3981837.50,0.00,3986013.90,0.00,-0.92
SLONG7,2026-02-12,-46206.85,0.00,101.11,102.30,-46206.85,-1.16,3981837.50,0.00,3986013.90,0.00,-3.23
SLONG8,2026-02-12,0.00,0.00,102.23,102.23,0.00,0.00,3981837.50,0.00,3986013.90,0.00,-1.66
SLONG9,2026-02-12,-5020.17,0.00,107.99,108.13,-5020.17,-0.13,3981837.50,0.00,3986013.90,0.00,-0.75
Liquidcase Stock Holdings,2026-02-12,36189773.20,0.00,100.48,100.47,3211.16,0.01,36186562.04,36186562.04,36180139.72,6422.32,0.00
QYE++ Liquidcase Stock Holdings,2026-02-12,36189773.20,0.00,100.48,100.47,3211.16,0.01,36186562.04,36186562.04,36180139.72,6422.32,0.00
QYE++ Debt Stock Holdings,2026-02-12,36189773.20,0.00,100.48,100.47,3211.16,0.01,36186562.04,36186562.04,36180139.72,6422.32,0.00
Debt Stock Holdings,2026-02-12,36189773.20,0.00,100.48,100.47,3211.16,0.01,36186562.04,36186562.04,36180139.72,6422.32,0.00
QYE++ Stock Holdings,2026-02-12,36189773.20,0.00,100.48,100.47,3211.16,0.01,36186562.04,36186562.04,36180139.72,6422.32,0.00
Stock Holdings,2026-02-12,36189773.20,0.00,100.48,100.47,3211.16,0.01,36186562.04,36186562.04,36180139.72,6422.32,0.00
Small Cap Mutual Funds,2026-02-12,126852711.80,0.00,100.49,100.96,-595499.68,-0.47,127448211.48,127448211.48,127306114.37,142097.11,-0.47
QYE++ Small Cap Mutual Funds,2026-02-12,126852711.80,0.00,100.49,100.96,-595499.68,-0.47,127448211.48,127448211.48,127306114.37,142097.11,-0.47
QYE++ Mutual Funds,2026-02-12,126852711.80,0.00,100.49,100.96,-595499.68,-0.47,127448211.48,127448211.48,127306114.37,142097.11,-0.47
QYE++ Equity Mutual Funds,2026-02-12,126852711.80,0.00,100.49,100.96,-595499.68,-0.47,127448211.48,127448211.48,127306114.37,142097.11,-0.47
Equity Mutual Funds,2026-02-12,126852711.80,0.00,100.49,100.96,-595499.68,-0.47,127448211.48,127448211.48,127306114.37,142097.11,-0.47
Mutual Funds,2026-02-12,126852711.80,0.00,100.49,100.96,-595499.68,-0.47,127448211.48,127448211.48,127306114.37,142097.11,-0.47
QYE++ Miscellaneous P&L,2026-02-12,0.00,0.00,100.00,100.00,0.00,0.00,0.00,0.00,0.00,0.00,0.00
Miscellaneous P&L,2026-02-12,0.00,0.00,100.00,100.00,0.00,0.00,0.00,0.00,0.00,0.00,0.00
QYE++ Equity Holdings Tax,2026-02-12,0.00,0.00,100.00,100.00,0.00,0.00,0.00,0.00,0.00,0.00,0.00
QAW++ Equity Holdings Tax,2026-02-12,0.00,0.00,100.00,100.00,0.00,0.00,0.00,0.00,0.00,0.00,0.00
Equity Holdings Tax,2026-02-12,0.00,0.00,100.00,100.00,0.00,0.00,0.00,0.00,0.00,0.00,0.00
QYE++ Total Tax,2026-02-12,-6165.08,5453.61,100.00,100.00,-6165.08,0.00,0.00,-5453.61,0.00,0.00,0.00
Total Tax,2026-02-12,-6165.08,5453.61,100.00,100.00,-6165.08,0.00,0.00,-5453.61,0.00,0.00,0.00
QYE++ F&O Tax,2026-02-12,-6165.08,5453.61,100.00,100.00,-6165.08,0.00,0.00,-5453.61,0.00,0.00,0.00
F&O Tax,2026-02-12,-6165.08,5453.61,100.00,100.00,-6165.08,0.00,0.00,-5453.61,0.00,0.00,0.00
Equity Intraday Tax,2026-02-12,0.00,0.00,100.00,100.00,0.00,0.00,0.00,0.00,0.00,0.00,0.00
MCX Tax,2026-02-12,0.00,0.00,100.00,100.00,0.00,0.00,0.00,0.00,0.00,0.00,0.00
QYE++ Total Other Debits and Credits,2026-02-12,0.00,0.00,100.00,100.00,0.00,0.00,0.00,0.00,0.00,0.00,0.00
Total Other Debits and Credits,2026-02-12,0.00,0.00,100.00,100.00,0.00,0.00,0.00,0.00,0.00,0.00,0.00
QYE++ Equity Other Debits and Credits,2026-02-12,0.00,0.00,100.00,100.00,0.00,0.00,0.00,0.00,0.00,0.00,0.00
Equity Other Debits and Credits,2026-02-12,0.00,0.00,100.00,100.00,0.00,0.00,0.00,0.00,0.00,0.00,0.00
QYE++ NPSAR,2026-02-12,23776469.98,77578.41,98.68,98.80,-114555.12,-0.12,95564100.39,23813446.70,95664333.92,-102636.78,-1.99
NPSAR,2026-02-12,23776469.98,77578.41,98.68,98.80,-114555.12,-0.12,95564100.39,23813446.70,95664333.92,-102636.78,-1.99
QYE++ SPSAR,2026-02-12,23901645.76,50136.33,99.90,99.89,10620.66,0.01,95564100.39,23840888.78,95664333.92,-75194.70,-0.99
SPSAR,2026-02-12,23901645.76,50136.33,99.90,99.89,10620.66,0.01,95564100.39,23840888.78,95664333.92,-75194.70,-0.99
QYE++ NLONG,2026-02-12,-84547.02,0.00,108.96,109.06,-84547.02,-0.09,95564100.00,0.00,95664333.60,0.00,-0.93
NLONG,2026-02-12,-84547.02,0.00,108.96,109.06,-84547.02,-0.09,95564100.00,0.00,95664333.60,0.00,-0.93
QYE++ SLONG,2026-02-12,-153681.06,0.00,103.87,104.03,-153681.06,-0.16,95564100.00,0.00,95664333.60,0.00,-1.52
SLONG,2026-02-12,-153681.06,0.00,103.87,104.03,-153681.06,-0.16,95564100.00,0.00,95664333.60,0.00,-1.52
QYE++ PSAR,2026-02-12,47678115.74,127714.73,99.29,99.34,-103934.46,-0.05,191128200.78,47654335.48,191328667.84,-177831.48,-1.49
PSAR,2026-02-12,47678115.74,127714.73,99.29,99.34,-103934.46,-0.05,191128200.78,47654335.48,191328667.84,-177831.48,-1.49
QYE++ LONG,2026-02-12,-238228.08,0.00,106.39,106.53,-238228.08,-0.12,191128200.00,0.00,191328667.20,0.00,-1.23
LONG,2026-02-12,-238228.08,0.00,106.39,106.53,-238228.08,-0.12,191128200.00,0.00,191328667.20,0.00,-1.23
QYE++ Total Portfolio Value,2026-02-12,47433722.58,133168.34,105.53,105.72,-348327.62,-0.18,191128200.00,47648881.87,191328667.00,-183285.09,-1.20
Total Portfolio Value,2026-02-12,47433722.58,133168.34,105.56,105.75,-348327.62,-0.18,191128200.00,47648881.87,191328667.00,-183285.09,-1.20
QYE++ Zerodha Total Portfolio,2026-02-12,190834780.72,0.00,105.81,106.33,-940616.14,-0.49,191775396.86,191775396.86,191810162.52,-34765.66,-0.51
Zerodha Total Portfolio,2026-02-12,190834780.72,0.00,105.81,106.33,-940616.14,-0.49,191775396.86,191775396.86,191810162.52,-34765.66,-0.51
NPSAR1,2026-02-13,1212327.75,23362.07,100.69,102.88,-113022.00,-2.13,5301398.99,1301987.68,5309116.71,-25291.50,-3.37
NPSAR10,2026-02-13,3035226.41,-79780.22,104.59,104.13,53189.50,0.45,11928147.62,3061817.12,11945512.50,75439.00,0.00
NPSAR11,2026-02-13,3035226.41,-24125.96,99.81,99.37,53189.50,0.45,11928147.62,3006162.86,11945512.50,19784.74,-1.03
NPSAR12,2026-02-13,3072627.41,-2123.14,98.32,97.58,90590.50,0.76,11928147.62,2984160.04,11945512.50,-2218.09,-3.81
NPSAR13,2026-02-13,3072627.41,-3363.42,100.47,99.71,90590.50,0.76,11928147.62,2985400.32,11945512.50,-977.80,-1.91
NPSAR2,2026-02-13,1284951.28,23362.07,95.63,96.36,-40398.47,-0.76,5301398.99,1301987.68,5309116.71,-25291.50,-6.25
NPSAR3,2026-02-13,1364174.25,16772.66,100.99,100.26,38824.50,0.73,5301398.99,1308577.09,5309116.71,-18702.09,-1.25
NPSAR4,2026-02-13,1355672.25,1382.03,98.22,97.66,30322.50,0.57,5301398.99,1323967.72,5309116.71,-3311.46,-1.78
NPSAR5,2026-02-13,1284951.28,23362.07,92.68,93.39,-40398.47,-0.76,5301398.99,1301987.68,5309116.71,-25291.50,-7.32
NPSAR6,2026-02-13,1284951.28,23362.07,95.87,96.61,-40398.47,-0.76,5301398.99,1301987.68,5309116.71,-25291.50,-5.51
NPSAR7,2026-02-13,1373612.25,43181.21,98.36,97.47,48262.50,0.91,5301398.99,1282168.54,5309116.71,-45110.64,-2.80
NPSAR8,2026-02-13,1364174.25,16772.66,93.97,93.29,38824.50,0.73,5301398.99,1308577.09,5309116.71,-18702.09,-6.03
NPSAR9,2026-02-13,1364174.25,17661.26,97.25,96.54,38824.50,0.73,5301398.99,1307688.49,5309116.71,-19590.69,-2.75
SPSAR1,2026-02-13,1257866.11,-10400.49,101.49,102.80,-67483.64,-1.27,5301398.99,1335750.24,5309116.71,8471.06,-1.73
SPSAR10,2026-02-13,3082472.91,-63980.88,106.99,106.10,100436.00,0.84,11928147.62,3046017.78,11945512.50,59639.66,0.00
SPSAR11,2026-02-13,3072476.91,-23952.38,103.46,102.68,90440.00,0.76,11928147.62,3005989.28,11945512.50,19611.16,0.00
SPSAR12,2026-02-13,3072476.91,-26205.44,101.83,101.06,90440.00,0.76,11928147.62,3008242.34,11945512.50,21864.21,0.00
SPSAR13,2026-02-13,3062578.91,-29183.96,100.89,100.21,80542.00,0.68,11928147.62,3011220.86,11945512.50,24842.73,-1.96
SPSAR2,2026-02-13,1293153.46,-10289.57,96.14,96.73,-32196.29,-0.61,5301398.99,1335639.32,5309116.71,8360.14,-5.86
SPSAR3,2026-02-13,1368393.75,-24280.23,100.43,99.62,43044.00,0.81,5301398.99,1349629.98,5309116.71,22350.80,-2.45
SPSAR4,2026-02-13,1368393.75,-27155.01,98.52,97.73,43044.00,0.81,5301398.99,1352504.76,5309116.71,25225.58,-1.59
SPSAR5,2026-02-13,1293153.46,59029.14,92.31,92.87,-32196.29,-0.61,5301398.99,1266320.61,5309116.71,-60958.57,-7.98
SPSAR6,2026-02-13,1368393.75,66915.27,97.34,96.56,43044.00,0.81,5301398.99,1258434.48,5309116.71,-68844.70,-4.68
SPSAR7,2026-02-13,1368393.75,32322.45,95.41,94.64,43044.00,0.81,5301398.99,1293027.30,5309116.71,-34251.88,-4.59
SPSAR8,2026-02-13,1368393.75,13799.29,97.69,96.90,43044.00,0.81,5301398.99,1311550.46,5309116.71,-15728.72,-2.31
SPSAR9,2026-02-13,1368393.75,-1968.62,99.10,98.30,43044.00,0.81,5301398.99,1327318.37,5309116.71,39.19,-0.90
NLONG1,2026-02-13,67171.34,14091.17,106.89,105.11,67171.34,1.69,3976049.21,-14091.17,3981837.50,-14091.17,0.00
NLONG10,2026-02-13,0.00,0.00,110.19,110.19,0.00,0.00,3976049.21,0.00,3981837.50,0.00,-0.54
NLONG11,2026-02-13,65000.08,14091.17,115.64,113.78,65000.08,1.63,3976049.21,-14091.17,3981837.50,-14091.17,0.00
NLONG12,2026-02-13,0.00,0.00,114.72,114.72,0.00,0.00,3976049.21,0.00,3981837.50,0.00,-0.50
NLONG13,2026-02-13,-3113.35,0.00,105.45,105.53,-3113.35,-0.08,3976049.21,0.00,3981837.50,0.00,-1.68
NLONG14,2026-02-13,-3113.35,0.00,106.37,106.45,-3113.35,-0.08,3976049.21,0.00,3981837.50,0.00,-1.75
NLONG15,2026-02-13,-3113.35,0.00,107.82,107.90,-3113.35,-0.08,3976049.21,0.00,3981837.50,0.00,-1.78
NLONG16,2026-02-13,-3113.35,0.00,107.95,108.03,-3113.35,-0.08,3976049.21,0.00,3981837.50,0.00,-1.84
NLONG17,2026-02-13,-3113.35,0.00,107.71,107.79,-3113.35,-0.08,3976049.21,0.00,3981837.50,0.00,-1.71
NLONG18,2026-02-13,-3113.35,0.00,107.33,107.41,-3113.35,-0.08,3976049.21,0.00,3981837.50,0.00,-1.76
NLONG19,2026-02-13,-3113.35,0.00,108.24,108.32,-3113.35,-0.08,3976049.21,0.00,3981837.50,0.00,-1.76
NLONG2,2026-02-13,0.00,0.00,96.44,96.44,0.00,0.00,3976049.21,0.00,3981837.50,0.00,-4.08
NLONG20,2026-02-13,-3113.35,0.00,108.92,109.01,-3113.35,-0.08,3976049.21,0.00,3981837.50,0.00,-1.74
NLONG21,2026-02-13,-3113.35,0.00,109.88,109.97,-3113.35,-0.08,3976049.21,0.00,3981837.50,0.00,-0.46
NLONG22,2026-02-13,-3113.35,0.00,110.15,110.24,-3113.35,-0.08,3976049.21,0.00,3981837.50,0.00,-0.52
NLONG23,2026-02-13,-3113.35,0.00,114.18,114.27,-3113.35,-0.08,3976049.21,0.00,3981837.50,0.00,-0.46
NLONG24,2026-02-13,-3113.35,0.00,115.67,115.76,-3113.35,-0.08,3976049.21,0.00,3981837.50,0.00,-0.52
NLONG3,2026-02-13,65000.08,14091.17,110.18,108.41,65000.08,1.63,3976049.21,-14091.17,3981837.50,-14091.17,0.00
NLONG4,2026-02-13,0.00,0.00,109.01,109.01,0.00,0.00,3976049.21,0.00,3981837.50,0.00,-0.56
NLONG5,2026-02-13,67171.34,14091.17,110.85,109.01,67171.34,1.69,3976049.21,-14091.17,3981837.50,-14091.17,0.00
NLONG6,2026-02-13,0.00,0.00,106.02,106.02,0.00,0.00,3976049.21,0.00,3981837.50,0.00,-0.54
NLONG7,2026-02-13,65000.08,14091.17,112.89,111.07,65000.08,1.63,3976049.21,-14091.17,3981837.50,-14091.17,0.00
NLONG8,2026-02-13,0.00,0.00,110.06,110.06,0.00,0.00,3976049.21,0.00,3981837.50,0.00,-0.51
NLONG9,2026-02-13,67171.34,14091.17,112.79,110.92,67171.34,1.69,3976049.21,-14091.17,3981837.50,-14091.17,0.00
SLONG1,2026-02-13,65483.87,5020.17,106.55,104.82,65483.87,1.65,3976049.21,-5020.17,3981837.50,-5020.17,0.00
SLONG10,2026-02-13,0.00,0.00,103.73,103.73,0.00,0.00,3976049.21,0.00,3981837.50,0.00,-0.92
SLONG11,2026-02-13,0.00,46206.85,104.60,104.60,0.00,0.00,3976049.21,-46206.85,3981837.50,-46206.85,-3.23
SLONG12,2026-02-13,0.00,0.00,102.24,102.24,0.00,0.00,3976049.21,0.00,3981837.50,0.00,-1.66
SLONG13,2026-02-13,-1949.47,0.00,103.28,103.33,-1949.47,-0.05,3976049.21,0.00,3981837.50,0.00,-1.87
SLONG14,2026-02-13,-3121.82,0.00,103.63,103.71,-3121.82,-0.08,3976049.21,0.00,3981837.50,0.00,-2.08
SLONG15,2026-02-13,-1949.47,0.00,104.72,104.77,-1949.47,-0.05,3976049.21,0.00,3981837.50,0.00,-1.70
SLONG16,2026-02-13,-3121.82,0.00,104.27,104.35,-3121.82,-0.08,3976049.21,0.00,3981837.50,0.00,-1.94
SLONG17,2026-02-13,-1949.47,0.00,104.38,104.43,-1949.47,-0.05,3976049.21,0.00,3981837.50,0.00,-1.87
SLONG18,2026-02-13,-3121.82,0.00,104.00,104.08,-3121.82,-0.08,3976049.21,0.00,3981837.50,0.00,-2.02
SLONG19,2026-02-13,-1949.47,0.00,106.10,106.15,-1949.47,-0.05,3976049.21,0.00,3981837.50,0.00,-0.66
SLONG2,2026-02-13,0.00,0.00,95.35,95.35,0.00,0.00,3976049.21,0.00,3981837.50,0.00,-5.65
SLONG20,2026-02-13,-3121.82,0.00,103.61,103.69,-3121.82,-0.08,3976049.21,0.00,3981837.50,0.00,-2.09
SLONG21,2026-02-13,-1949.47,0.00,105.98,106.03,-1949.47,-0.05,3976049.21,0.00,3981837.50,0.00,-0.80
SLONG22,2026-02-13,-3121.82,0.00,105.98,106.06,-3121.82,-0.08,3976049.21,0.00,3981837.50,0.00,-1.02
SLONG23,2026-02-13,-1949.47,0.00,106.96,107.01,-1949.47,-0.05,3976049.21,0.00,3981837.50,0.00,-0.72
SLONG24,2026-02-13,-3121.82,0.00,106.70,106.78,-3121.82,-0.08,3976049.21,0.00,3981837.50,0.00,-0.97
SLONG3,2026-02-13,0.00,46206.85,100.65,100.65,0.00,0.00,3976049.21,-46206.85,3981837.50,-46206.85,-3.30
SLONG4,2026-02-13,0.00,0.00,100.78,100.78,0.00,0.00,3976049.21,0.00,3981837.50,0.00,-1.67
SLONG5,2026-02-13,65483.87,5020.17,107.54,105.80,65483.87,1.65,3976049.21,-5020.17,3981837.50,-5020.17,0.00
SLONG6,2026-02-13,0.00,0.00,103.16,103.16,0.00,0.00,3976049.21,0.00,3981837.50,0.00,-0.92
SLONG7,2026-02-13,0.00,46206.85,101.11,101.11,0.00,0.00,3976049.21,-46206.85,3981837.50,-46206.85,-3.23
SLONG8,2026-02-13,0.00,0.00,102.23,102.23,0.00,0.00,3976049.21,0.00,3981837.50,0.00,-1.66
SLONG9,2026-02-13,65483.87,5020.17,109.77,107.99,65483.87,1.65,3976049.21,-5020.17,3981837.50,-5020.17,0.00
Liquidcase Stock Holdings,2026-02-13,36202617.84,0.00,100.52,100.48,12844.64,0.04,36189773.20,36189773.20,36186562.04,3211.16,0.00
QYE++ Liquidcase Stock Holdings,2026-02-13,36202617.84,0.00,100.52,100.48,12844.64,0.04,36189773.20,36189773.20,36186562.04,3211.16,0.00
QYE++ Debt Stock Holdings,2026-02-13,36202617.84,0.00,100.52,100.48,12844.64,0.04,36189773.20,36189773.20,36186562.04,3211.16,0.00
Debt Stock Holdings,2026-02-13,36202617.84,0.00,100.52,100.48,12844.64,0.04,36189773.20,36189773.20,36186562.04,3211.16,0.00
QYE++ Stock Holdings,2026-02-13,36202617.84,0.00,100.52,100.48,12844.64,0.04,36189773.20,36189773.20,36186562.04,3211.16,0.00
Stock Holdings,2026-02-13,36202617.84,0.00,100.52,100.48,12844.64,0.04,36189773.20,36189773.20,36186562.04,3211.16,0.00
Small Cap Mutual Funds,2026-02-13,124666416.54,0.00,98.76,100.49,-2186295.26,-1.72,126852711.80,126852711.80,127448211.48,-595499.68,-2.18
QYE++ Small Cap Mutual Funds,2026-02-13,124666416.54,0.00,98.76,100.49,-2186295.26,-1.72,126852711.80,126852711.80,127448211.48,-595499.68,-2.18
QYE++ Mutual Funds,2026-02-13,124666416.54,0.00,98.76,100.49,-2186295.26,-1.72,126852711.80,126852711.80,127448211.48,-595499.68,-2.18
QYE++ Equity Mutual Funds,2026-02-13,124666416.54,0.00,98.76,100.49,-2186295.26,-1.72,126852711.80,126852711.80,127448211.48,-595499.68,-2.18
Equity Mutual Funds,2026-02-13,124666416.54,0.00,98.76,100.49,-2186295.26,-1.72,126852711.80,126852711.80,127448211.48,-595499.68,-2.18
Mutual Funds,2026-02-13,124666416.54,0.00,98.76,100.49,-2186295.26,-1.72,126852711.80,126852711.80,127448211.48,-595499.68,-2.18
QYE++ Miscellaneous P&L,2026-02-13,0.00,0.00,100.00,100.00,0.00,0.00,0.00,0.00,0.00,0.00,0.00
Miscellaneous P&L,2026-02-13,0.00,0.00,100.00,100.00,0.00,0.00,0.00,0.00,0.00,0.00,0.00
QYE++ Equity Holdings Tax,2026-02-13,0.00,0.00,100.00,100.00,0.00,0.00,0.00,0.00,0.00,0.00,0.00
QAW++ Equity Holdings Tax,2026-02-13,0.00,0.00,100.00,100.00,0.00,0.00,0.00,0.00,0.00,0.00,0.00
Equity Holdings Tax,2026-02-13,0.00,0.00,100.00,100.00,0.00,0.00,0.00,0.00,0.00,0.00,0.00
QYE++ Total Tax,2026-02-13,-3321.03,6165.08,100.00,100.00,-3321.03,0.00,0.00,-6165.08,0.00,0.00,0.00
Total Tax,2026-02-13,-3321.03,6165.08,100.00,100.00,-3321.03,0.00,0.00,-6165.08,0.00,0.00,0.00
QYE++ F&O Tax,2026-02-13,-3321.03,6165.08,100.00,100.00,-3321.03,0.00,0.00,-6165.08,0.00,0.00,0.00
F&O Tax,2026-02-13,-3321.03,6165.08,100.00,100.00,-3321.03,0.00,0.00,-6165.08,0.00,0.00,0.00
Equity Intraday Tax,2026-02-13,0.00,0.00,100.00,100.00,0.00,0.00,0.00,0.00,0.00,0.00,0.00
MCX Tax,2026-02-13,0.00,0.00,100.00,100.00,0.00,0.00,0.00,0.00,0.00,0.00,0.00
QYE++ Total Other Debits and Credits,2026-02-13,0.00,0.00,100.00,100.00,0.00,0.00,0.00,0.00,0.00,0.00,0.00
Total Other Debits and Credits,2026-02-13,0.00,0.00,100.00,100.00,0.00,0.00,0.00,0.00,0.00,0.00,0.00
QYE++ Equity Other Debits and Credits,2026-02-13,0.00,0.00,100.00,100.00,0.00,0.00,0.00,0.00,0.00,0.00,0.00
Equity Other Debits and Credits,2026-02-13,0.00,0.00,100.00,100.00,0.00,0.00,0.00,0.00,0.00,0.00,0.00
QYE++ NPSAR,2026-02-13,24104696.44,79825.36,98.94,98.68,248401.09,0.26,95425181.39,23776469.98,95564100.39,-114555.12,-1.73
NPSAR,2026-02-13,24104696.44,79825.36,98.94,98.68,248401.09,0.26,95425181.39,23776469.98,95564100.39,-114555.12,-1.73
QYE++ SPSAR,2026-02-13,24344541.13,-45350.43,100.41,99.90,488245.78,0.51,95425181.39,23901645.76,95564100.39,10620.66,-0.48
SPSAR,2026-02-13,24344541.13,-45350.43,100.41,99.90,488245.78,0.51,95425181.39,23901645.76,95564100.39,10620.66,-0.48
QYE++ NLONG,2026-02-13,359154.06,84547.02,109.37,108.96,359154.06,0.38,95425181.04,-84547.02,95564100.00,-84547.02,-0.56
NLONG,2026-02-13,359154.06,84547.02,109.37,108.96,359154.06,0.38,95425181.04,-84547.02,95564100.00,-84547.02,-0.56
QYE++ SLONG,2026-02-13,166023.87,153681.06,104.05,103.87,166023.87,0.17,95425181.04,-153681.06,95564100.00,-153681.06,-1.35
SLONG,2026-02-13,166023.87,153681.06,104.05,103.87,166023.87,0.17,95425181.04,-153681.06,95564100.00,-153681.06,-1.35
QYE++ PSAR,2026-02-13,48449237.57,34474.93,99.67,99.29,736646.87,0.39,190850362.78,47678115.74,191128200.78,-103934.46,-1.11
PSAR,2026-02-13,48449237.57,34474.93,99.67,99.29,736646.87,0.39,190850362.78,47678115.74,191128200.78,-103934.46,-1.11
QYE++ LONG,2026-02-13,525177.93,238228.08,106.69,106.39,525177.93,0.28,190850362.08,-238228.08,191128200.00,-238228.08,-0.95
LONG,2026-02-13,525177.93,238228.08,106.69,106.39,525177.93,0.28,190850362.08,-238228.08,191128200.00,-238228.08,-0.95
QYE++ Total Portfolio Value,2026-02-13,48971094.46,278868.09,106.23,105.53,1258503.77,0.66,190850362.00,47433722.58,191128200.00,-348327.62,-0.55
Total Portfolio Value,2026-02-13,48971094.46,278868.09,106.26,105.56,1258503.77,0.66,190850362.00,47433722.58,191128200.00,-348327.62,-0.54
QYE++ Zerodha Total Portfolio,2026-02-13,189919833.87,0.00,105.30,105.81,-914946.85,-0.48,190834780.72,190834780.72,191775396.86,-940616.14,-0.99
Zerodha Total Portfolio,2026-02-13,189919833.87,0.00,105.30,105.81,-914946.85,-0.48,190834780.72,190834780.72,191775396.86,-940616.14,-0.99
NPSAR1,2026-02-16,1239176.71,123994.62,98.86,100.69,-97145.66,-1.82,5345289.46,1212327.75,5301398.99,-113022.00,-5.12
NPSAR10,2026-02-16,3052842.75,-28501.10,104.99,104.59,46117.45,0.38,12026901.19,3035226.40,11928147.62,53189.50,0.00
NPSAR11,2026-02-16,3062276.17,-28501.10,100.27,99.81,55550.87,0.46,12026901.19,3035226.40,11928147.62,53189.50,-0.58
NPSAR12,2026-02-16,3058045.70,-65902.10,98.74,98.32,51320.40,0.43,12026901.19,3072627.40,11928147.62,90590.50,-3.39
NPSAR13,2026-02-16,3070164.65,-65902.10,101.00,100.47,63439.35,0.53,12026901.19,3072627.40,11928147.62,90590.50,-1.40
NPSAR2,2026-02-16,1311069.87,51371.09,95.18,95.63,-25252.50,-0.47,5345289.46,1284951.28,5301398.99,-40398.47,-6.69
NPSAR3,2026-02-16,1333065.87,-27851.89,100.93,100.99,-3256.50,-0.06,5345289.46,1364174.25,5301398.99,38824.50,-1.31
NPSAR4,2026-02-16,1335054.87,-19349.89,98.20,98.22,-1267.50,-0.02,5345289.46,1355672.25,5301398.99,30322.50,-1.80
NPSAR5,2026-02-16,1311069.87,51371.09,92.24,92.68,-25252.50,-0.47,5345289.46,1284951.28,5301398.99,-40398.47,-7.76
NPSAR6,2026-02-16,1311069.87,51371.09,95.42,95.87,-25252.50,-0.47,5345289.46,1284951.28,5301398.99,-40398.47,-5.95
NPSAR7,2026-02-16,1329477.87,-37289.89,98.23,98.36,-6844.50,-0.13,5345289.46,1373612.25,5301398.99,48262.50,-2.93
NPSAR8,2026-02-16,1333065.87,-27851.89,93.91,93.97,-3256.50,-0.06,5345289.46,1364174.25,5301398.99,38824.50,-6.09
NPSAR9,2026-02-16,1332719.66,-27851.89,97.18,97.25,-3602.71,-0.07,5345289.46,1364174.25,5301398.99,38824.50,-2.82
SPSAR1,2026-02-16,1297394.37,78456.25,100.75,101.49,-38928.00,-0.73,5345289.46,1257866.11,5301398.99,-67483.64,-2.45
SPSAR10,2026-02-16,3044693.40,-75747.60,107.33,106.99,37968.10,0.32,12026901.19,3082472.90,11928147.62,100436.00,0.00
SPSAR11,2026-02-16,3066131.56,-65751.60,103.97,103.46,59406.26,0.49,12026901.19,3072476.90,11928147.62,90440.00,0.00
SPSAR12,2026-02-16,3059796.91,-65751.60,102.28,101.83,53071.61,0.44,12026901.19,3072476.90,11928147.62,90440.00,0.00
SPSAR13,2026-02-16,3064815.73,-55853.60,101.38,100.89,58090.43,0.48,12026901.19,3062578.90,11928147.62,80542.00,-1.49
SPSAR2,2026-02-16,1306832.37,43168.91,95.61,96.14,-29490.00,-0.55,5345289.46,1293153.46,5301398.99,-32196.29,-6.37
SPSAR3,2026-02-16,1324238.37,-32071.39,100.20,100.43,-12084.00,-0.23,5345289.46,1368393.75,5301398.99,43044.00,-2.67
SPSAR4,2026-02-16,1324238.37,-32071.39,98.30,98.52,-12084.00,-0.23,5345289.46,1368393.75,5301398.99,43044.00,-1.81
SPSAR5,2026-02-16,1306832.37,43168.91,91.80,92.31,-29490.00,-0.55,5345289.46,1293153.46,5301398.99,-32196.29,-8.48
SPSAR6,2026-02-16,1324238.37,-32071.39,97.12,97.34,-12084.00,-0.23,5345289.46,1368393.75,5301398.99,43044.00,-4.90
SPSAR7,2026-02-16,1324238.37,-32071.39,95.19,95.41,-12084.00,-0.23,5345289.46,1368393.75,5301398.99,43044.00,-4.81
SPSAR8,2026-02-16,1324238.37,-32071.39,97.47,97.69,-12084.00,-0.23,5345289.46,1368393.75,5301398.99,43044.00,-2.53
SPSAR9,2026-02-16,1324238.37,-32071.39,98.88,99.10,-12084.00,-0.23,5345289.46,1368393.75,5301398.99,43044.00,-1.12
NLONG1,2026-02-16,51438.34,-67171.34,108.26,106.89,51438.34,1.28,4008967.06,67171.34,3976049.21,67171.34,0.00
NLONG10,2026-02-16,62338.96,0.00,111.90,110.19,62338.96,1.55,4008967.06,0.00,3976049.21,0.00,0.00
NLONG11,2026-02-16,64497.75,-65000.08,117.50,115.64,64497.75,1.61,4008967.06,65000.08,3976049.21,65000.08,0.00
NLONG12,2026-02-16,62338.96,0.00,116.50,114.72,62338.96,1.55,4008967.06,0.00,3976049.21,0.00,0.00
NLONG13,2026-02-16,33321.91,3113.35,106.33,105.45,33321.91,0.83,4008967.06,-3113.35,3976049.21,-3113.35,-0.86
NLONG14,2026-02-16,30867.80,3113.35,107.19,106.37,30867.80,0.77,4008967.06,-3113.35,3976049.21,-3113.35,-0.99
NLONG15,2026-02-16,42957.55,3113.35,108.98,107.82,42957.55,1.07,4008967.06,-3113.35,3976049.21,-3113.35,-0.72
NLONG16,2026-02-16,31668.61,3113.35,108.80,107.95,31668.61,0.79,4008967.06,-3113.35,3976049.21,-3113.35,-1.06
NLONG17,2026-02-16,33321.91,3113.35,108.61,107.71,33321.91,0.83,4008967.06,-3113.35,3976049.21,-3113.35,-0.89
NLONG18,2026-02-16,30867.80,3113.35,108.16,107.33,30867.80,0.77,4008967.06,-3113.35,3976049.21,-3113.35,-1.00
NLONG19,2026-02-16,42957.55,3113.35,109.40,108.24,42957.55,1.07,4008967.06,-3113.35,3976049.21,-3113.35,-0.71
NLONG2,2026-02-16,62338.96,0.00,97.94,96.44,62338.96,1.55,4008967.06,0.00,3976049.21,0.00,-2.59
NLONG20,2026-02-16,31668.61,3113.35,109.78,108.92,31668.61,0.79,4008967.06,-3113.35,3976049.21,-3113.35,-0.97
NLONG21,2026-02-16,33321.91,3113.35,110.79,109.88,33321.91,0.83,4008967.06,-3113.35,3976049.21,-3113.35,0.00
NLONG22,2026-02-16,30867.80,3113.35,111.00,110.15,30867.80,0.77,4008967.06,-3113.35,3976049.21,-3113.35,0.00
NLONG23,2026-02-16,34764.92,3113.35,115.17,114.18,34764.92,0.87,4008967.06,-3113.35,3976049.21,-3113.35,0.00
NLONG24,2026-02-16,23475.98,3113.35,116.35,115.67,23475.98,0.59,4008967.06,-3113.35,3976049.21,-3113.35,0.00
NLONG3,2026-02-16,51438.34,-65000.08,111.59,110.18,51438.34,1.28,4008967.06,65000.08,3976049.21,65000.08,0.00
NLONG4,2026-02-16,62338.96,0.00,110.71,109.01,62338.96,1.55,4008967.06,0.00,3976049.21,0.00,0.00
NLONG5,2026-02-16,64497.75,-67171.34,112.63,110.85,64497.75,1.61,4008967.06,67171.34,3976049.21,67171.34,0.00
NLONG6,2026-02-16,62338.96,0.00,107.67,106.02,62338.96,1.55,4008967.06,0.00,3976049.21,0.00,0.00
NLONG7,2026-02-16,64497.75,-65000.08,114.71,112.89,64497.75,1.61,4008967.06,65000.08,3976049.21,65000.08,0.00
NLONG8,2026-02-16,62338.96,0.00,111.77,110.06,62338.96,1.55,4008967.06,0.00,3976049.21,0.00,0.00
NLONG9,2026-02-16,64497.75,-67171.34,114.60,112.79,64497.75,1.61,4008967.06,67171.34,3976049.21,67171.34,0.00
SLONG1,2026-02-16,38838.89,-65483.87,107.58,106.55,38838.89,0.97,4008967.06,65483.87,3976049.21,65483.87,0.00
SLONG10,2026-02-16,35210.71,0.00,104.64,103.73,35210.71,0.88,4008967.06,0.00,3976049.21,0.00,-0.05
SLONG11,2026-02-16,38838.89,0.00,105.61,104.60,38838.89,0.97,4008967.06,0.00,3976049.21,0.00,-2.29
SLONG12,2026-02-16,35210.71,0.00,103.14,102.24,35210.71,0.88,4008967.06,0.00,3976049.21,0.00,-0.80
SLONG13,2026-02-16,21271.05,1949.47,103.83,103.28,21271.05,0.53,4008967.06,-1949.47,3976049.21,-1949.47,-1.35
SLONG14,2026-02-16,18808.99,3121.82,104.12,103.63,18808.99,0.47,4008967.06,-3121.82,3976049.21,-3121.82,-1.62
SLONG15,2026-02-16,30166.48,1949.47,105.51,104.72,30166.48,0.75,4008967.06,-1949.47,3976049.21,-1949.47,-0.96
SLONG16,2026-02-16,20123.48,3121.82,104.79,104.27,20123.48,0.50,4008967.06,-3121.82,3976049.21,-3121.82,-1.45
SLONG17,2026-02-16,21271.05,1949.47,104.93,104.38,21271.05,0.53,4008967.06,-1949.47,3976049.21,-1949.47,-1.35
SLONG18,2026-02-16,18808.99,3121.82,104.49,104.00,18808.99,0.47,4008967.06,-3121.82,3976049.21,-3121.82,-1.55
SLONG19,2026-02-16,30166.48,1949.47,106.90,106.10,30166.48,0.75,4008967.06,-1949.47,3976049.21,-1949.47,0.00
SLONG2,2026-02-16,35210.71,0.00,96.19,95.35,35210.71,0.88,4008967.06,0.00,3976049.21,0.00,-4.82
SLONG20,2026-02-16,20123.48,3121.82,104.13,103.61,20123.48,0.50,4008967.06,-3121.82,3976049.21,-3121.82,-1.60
SLONG21,2026-02-16,21271.05,1949.47,106.54,105.98,21271.05,0.53,4008967.06,-1949.47,3976049.21,-1949.47,-0.28
SLONG22,2026-02-16,18808.99,3121.82,106.48,105.98,18808.99,0.47,4008967.06,-3121.82,3976049.21,-3121.82,-0.55
SLONG23,2026-02-16,26707.37,1949.47,107.67,106.96,26707.37,0.67,4008967.06,-1949.47,3976049.21,-1949.47,-0.06
SLONG24,2026-02-16,16664.37,3121.82,107.14,106.70,16664.37,0.42,4008967.06,-3121.82,3976049.21,-3121.82,-0.56
SLONG3,2026-02-16,38838.89,0.00,101.63,100.65,38838.89,0.97,4008967.06,0.00,3976049.21,0.00,-2.35
SLONG4,2026-02-16,35210.71,0.00,101.67,100.78,35210.71,0.88,4008967.06,0.00,3976049.21,0.00,-0.80
SLONG5,2026-02-16,38838.89,-65483.87,108.58,107.54,38838.89,0.97,4008967.06,65483.87,3976049.21,65483.87,0.00
SLONG6,2026-02-16,35210.71,0.00,104.07,103.16,35210.71,0.88,4008967.06,0.00,3976049.21,0.00,-0.05
SLONG7,2026-02-16,38838.89,0.00,102.09,101.11,38838.89,0.97,4008967.06,0.00,3976049.21,0.00,-2.30
SLONG8,2026-02-16,35210.71,0.00,103.13,102.23,35210.71,0.88,4008967.06,0.00,3976049.21,0.00,-0.80
SLONG9,2026-02-16,38838.89,-65483.87,110.83,109.77,38838.89,0.97,4008967.06,65483.87,3976049.21,65483.87,0.00
Liquidcase Stock Holdings,2026-02-16,36209040.16,0.00,100.54,100.52,6422.32,0.02,36202617.84,36202617.84,36189773.20,12844.64,0.00
QYE++ Liquidcase Stock Holdings,2026-02-16,36209040.16,0.00,100.54,100.52,6422.32,0.02,36202617.84,36202617.84,36189773.20,12844.64,0.00
QYE++ Debt Stock Holdings,2026-02-16,36209040.16,0.00,100.54,100.52,6422.32,0.02,36202617.84,36202617.84,36189773.20,12844.64,0.00
Debt Stock Holdings,2026-02-16,36209040.16,0.00,100.54,100.52,6422.32,0.02,36202617.84,36202617.84,36189773.20,12844.64,0.00
QYE++ Stock Holdings,2026-02-16,36209040.16,0.00,100.54,100.52,6422.32,0.02,36202617.84,36202617.84,36189773.20,12844.64,0.00
Stock Holdings,2026-02-16,36209040.16,0.00,100.54,100.52,6422.32,0.02,36202617.84,36202617.84,36189773.20,12844.64,0.00
Small Cap Mutual Funds,2026-02-16,124691015.74,0.00,98.78,98.76,24599.20,0.02,124666416.54,124666416.54,126852711.80,-2186295.26,-2.16
QYE++ Small Cap Mutual Funds,2026-02-16,124691015.74,0.00,98.78,98.76,24599.20,0.02,124666416.54,124666416.54,126852711.80,-2186295.26,-2.16
QYE++ Mutual Funds,2026-02-16,124691015.74,0.00,98.78,98.76,24599.20,0.02,124666416.54,124666416.54,126852711.80,-2186295.26,-2.16
QYE++ Equity Mutual Funds,2026-02-16,124691015.74,0.00,98.78,98.76,24599.20,0.02,124666416.54,124666416.54,126852711.80,-2186295.26,-2.16
Equity Mutual Funds,2026-02-16,124691015.74,0.00,98.78,98.76,24599.20,0.02,124666416.54,124666416.54,126852711.80,-2186295.26,-2.16
Mutual Funds,2026-02-16,124691015.74,0.00,98.78,98.76,24599.20,0.02,124666416.54,124666416.54,126852711.80,-2186295.26,-2.16
QYE++ Miscellaneous P&L,2026-02-16,0.00,0.00,100.00,100.00,0.00,0.00,0.00,0.00,0.00,0.00,0.00
Miscellaneous P&L,2026-02-16,0.00,0.00,100.00,100.00,0.00,0.00,0.00,0.00,0.00,0.00,0.00
QYE++ Equity Holdings Tax,2026-02-16,0.00,0.00,100.00,100.00,0.00,0.00,0.00,0.00,0.00,0.00,0.00
QAW++ Equity Holdings Tax,2026-02-16,0.00,0.00,100.00,100.00,0.00,0.00,0.00,0.00,0.00,0.00,0.00
Equity Holdings Tax,2026-02-16,0.00,0.00,100.00,100.00,0.00,0.00,0.00,0.00,0.00,0.00,0.00
QYE++ Total Tax,2026-02-16,-5806.47,3321.03,100.00,100.00,-5806.47,0.00,0.00,-3321.03,0.00,0.00,0.00
Total Tax,2026-02-16,-5806.47,3321.03,100.00,100.00,-5806.47,0.00,0.00,-3321.03,0.00,0.00,0.00
QYE++ F&O Tax,2026-02-16,-5806.47,3321.03,100.00,100.00,-5806.47,0.00,0.00,-3321.03,0.00,0.00,0.00
F&O Tax,2026-02-16,-5806.47,3321.03,100.00,100.00,-5806.47,0.00,0.00,-3321.03,0.00,0.00,0.00
Equity Intraday Tax,2026-02-16,0.00,0.00,100.00,100.00,0.00,0.00,0.00,0.00,0.00,0.00,0.00
MCX Tax,2026-02-16,0.00,0.00,100.00,100.00,0.00,0.00,0.00,0.00,0.00,0.00,0.00
QYE++ Total Other Debits and Credits,2026-02-16,0.00,0.00,100.00,100.00,0.00,0.00,0.00,0.00,0.00,0.00,0.00
Total Other Debits and Credits,2026-02-16,0.00,0.00,100.00,100.00,0.00,0.00,0.00,0.00,0.00,0.00,0.00
QYE++ Equity Other Debits and Credits,2026-02-16,0.00,0.00,100.00,100.00,0.00,0.00,0.00,0.00,0.00,0.00,0.00
Equity Other Debits and Credits,2026-02-16,0.00,0.00,100.00,100.00,0.00,0.00,0.00,0.00,0.00,0.00,0.00
QYE++ NPSAR,2026-02-16,24079099.68,-50893.97,98.96,98.94,25297.20,0.03,96215209.90,24104696.44,95425181.39,248401.09,-1.71
NPSAR,2026-02-16,24079099.68,-50893.97,98.96,98.94,25297.20,0.03,96215209.90,24104696.44,95425181.39,248401.09,-1.71
QYE++ SPSAR,2026-02-16,24091926.88,-290738.66,100.45,100.41,38124.40,0.04,96215209.90,24344541.13,95425181.39,488245.78,-0.44
SPSAR,2026-02-16,24091926.88,-290738.66,100.45,100.41,38124.40,0.04,96215209.90,24344541.13,95425181.39,488245.78,-0.44
QYE++ NLONG,2026-02-16,1134963.79,-359154.06,110.66,109.37,1134963.79,1.18,96215209.44,359154.06,95425181.04,359154.06,0.00
NLONG,2026-02-16,1134963.79,-359154.06,110.66,109.37,1134963.79,1.18,96215209.44,359154.06,95425181.04,359154.06,0.00
QYE++ SLONG,2026-02-16,708489.38,-166023.87,104.81,104.05,708489.38,0.74,96215209.44,166023.87,95425181.04,166023.87,-0.62
SLONG,2026-02-16,708489.38,-166023.87,104.81,104.05,708489.38,0.74,96215209.44,166023.87,95425181.04,166023.87,-0.62
QYE++ PSAR,2026-02-16,48171026.55,-341632.62,99.71,99.67,63421.60,0.03,192430419.80,48449237.57,190850362.78,736646.87,-1.08
PSAR,2026-02-16,48171026.55,-341632.62,99.71,99.67,63421.60,0.03,192430419.80,48449237.57,190850362.78,736646.87,-1.08
QYE++ LONG,2026-02-16,1843453.17,-525177.93,107.71,106.69,1843453.17,0.96,192430418.88,525177.93,190850362.08,525177.93,-0.01
LONG,2026-02-16,1843453.17,-525177.93,107.71,106.69,1843453.17,0.96,192430418.88,525177.93,190850362.08,525177.93,-0.01
QYE++ Total Portfolio Value,2026-02-16,50008673.25,-863489.52,107.28,106.23,1901068.30,0.99,192430419.00,48971094.46,190850362.00,1258503.77,0.00
Total Portfolio Value,2026-02-16,50008673.25,-863489.52,107.31,106.26,1901068.30,0.99,192430419.00,48971094.46,190850362.00,1258503.77,0.00
QYE++ Zerodha Total Portfolio,2026-02-16,191851923.69,0.00,106.37,105.30,1932089.82,1.02,189919833.87,189919833.87,190834780.72,-914946.85,0.00
Zerodha Total Portfolio,2026-02-16,191851923.69,0.00,106.37,105.30,1932089.82,1.02,189919833.87,189919833.87,190834780.72,-914946.85,0.00
NPSAR1,2026-02-17,1328760.62,94391.74,98.77,98.86,-4807.82,-0.09,5334273.76,1239176.70,5345289.46,-97145.66,-5.21
NPSAR10,2026-02-17,3038396.95,-52313.78,105.32,104.99,37867.98,0.32,12002115.88,3052842.75,12026901.19,46117.45,0.00
NPSAR11,2026-02-17,3026745.44,-61747.20,100.49,100.27,26216.47,0.22,12002115.88,3062276.17,12026901.19,55550.87,-0.36
NPSAR12,2026-02-17,2991017.16,-57516.73,98.66,98.74,-9511.81,-0.08,12002115.88,3058045.70,12026901.19,51320.40,-3.47
NPSAR13,2026-02-17,2931381.42,-69635.68,100.42,101.00,-69147.55,-0.58,12002115.88,3070164.65,12026901.19,63439.35,-1.96
NPSAR2,2026-02-17,1337005.23,22498.58,95.24,95.18,3436.79,0.06,5334273.76,1311069.86,5345289.46,-25252.50,-6.63
NPSAR3,2026-02-17,1346626.67,502.58,101.18,100.93,13058.23,0.24,5334273.76,1333065.86,5345289.46,-3256.50,-1.07
NPSAR4,2026-02-17,1343097.16,-1486.42,98.38,98.20,9528.72,0.18,5334273.76,1335054.86,5345289.46,-1267.50,-1.62
NPSAR5,2026-02-17,1320772.92,22498.58,92.02,92.24,-12795.52,-0.24,5334273.76,1311069.86,5345289.46,-25252.50,-7.98
NPSAR6,2026-02-17,1331217.48,22498.58,95.38,95.42,-2350.96,-0.04,5334273.76,1311069.86,5345289.46,-25252.50,-5.99
NPSAR7,2026-02-17,1352513.04,4090.58,98.58,98.23,18944.60,0.36,5334273.76,1329477.86,5345289.46,-6844.50,-2.58
NPSAR8,2026-02-17,1362360.95,502.58,94.42,93.91,28792.51,0.54,5334273.76,1333065.86,5345289.46,-3256.50,-5.58
NPSAR9,2026-02-17,1365406.99,848.78,97.76,97.18,31838.55,0.60,5334273.76,1332719.66,5345289.46,-3602.71,-2.24
SPSAR1,2026-02-17,1331780.44,36174.08,100.72,100.75,-1788.00,-0.03,5334273.76,1297394.36,5345289.46,-38928.00,-2.48
SPSAR10,2026-02-17,3038028.97,-44164.43,107.67,107.33,37500.00,0.31,12002115.88,3044693.40,12026901.19,37968.10,0.00
SPSAR11,2026-02-17,3036033.97,-65602.59,104.28,103.97,35505.00,0.30,12002115.88,3066131.56,12026901.19,59406.26,0.00
SPSAR12,2026-02-17,3003702.59,-59267.94,102.31,102.28,3173.62,0.03,12002115.88,3059796.91,12026901.19,53071.61,0.00
SPSAR13,2026-02-17,3030419.06,-64286.76,101.63,101.38,29890.09,0.25,12002115.88,3064815.73,12026901.19,58090.43,-1.24
SPSAR2,2026-02-17,1334018.44,26736.08,95.62,95.61,450.00,0.01,5334273.76,1306832.36,5345289.46,-29490.00,-6.37
SPSAR3,2026-02-17,1338686.44,9330.08,100.30,100.20,5118.00,0.10,5334273.76,1324238.36,5345289.46,-12084.00,-2.57
SPSAR4,2026-02-17,1338686.44,9330.08,98.39,98.30,5118.00,0.10,5334273.76,1324238.36,5345289.46,-12084.00,-1.72
SPSAR5,2026-02-17,1315493.22,26736.08,91.49,91.80,-18075.22,-0.34,5334273.76,1306832.36,5345289.46,-29490.00,-8.79
SPSAR6,2026-02-17,1326031.22,9330.08,96.98,97.12,-7537.22,-0.14,5334273.76,1324238.36,5345289.46,-12084.00,-5.03
SPSAR7,2026-02-17,1332876.48,9330.08,95.18,95.19,-691.96,-0.01,5334273.76,1324238.36,5345289.46,-12084.00,-4.82
SPSAR8,2026-02-17,1348966.44,9330.08,97.75,97.47,15398.00,0.29,5334273.76,1324238.36,5345289.46,-12084.00,-2.25
SPSAR9,2026-02-17,1355190.51,9330.08,99.28,98.88,21622.07,0.41,5334273.76,1324238.36,5345289.46,-12084.00,-0.72
NLONG1,2026-02-17,-62498.76,-51438.34,106.57,108.26,-62498.76,-1.56,4000705.29,51438.34,4008967.06,51438.34,-1.56
NLONG10,2026-02-17,-73493.14,-62338.96,109.84,111.90,-73493.14,-1.84,4000705.29,62338.96,4008967.06,62338.96,-1.84
NLONG11,2026-02-17,-61898.80,-64497.75,115.68,117.50,-61898.80,-1.55,4000705.29,64497.75,4008967.06,64497.75,-1.55
NLONG12,2026-02-17,-100258.47,-62338.96,113.58,116.50,-100258.47,-2.51,4000705.29,62338.96,4008967.06,62338.96,-2.51
NLONG13,2026-02-17,-55245.15,-33321.91,104.86,106.33,-55245.15,-1.38,4000705.29,33321.91,4008967.06,33321.91,-2.23
NLONG14,2026-02-17,-54670.34,-30867.80,105.73,107.19,-54670.34,-1.37,4000705.29,30867.80,4008967.06,30867.80,-2.34
NLONG15,2026-02-17,-50838.26,-42957.55,107.60,108.98,-50838.26,-1.27,4000705.29,42957.55,4008967.06,42957.55,-1.98
NLONG16,2026-02-17,-55085.48,-31668.61,107.30,108.80,-55085.48,-1.38,4000705.29,31668.61,4008967.06,31668.61,-2.43
NLONG17,2026-02-17,-55245.15,-33321.91,107.11,108.61,-55245.15,-1.38,4000705.29,33321.91,4008967.06,33321.91,-2.25
NLONG18,2026-02-17,-54670.34,-30867.80,106.68,108.16,-54670.34,-1.37,4000705.29,30867.80,4008967.06,30867.80,-2.35
NLONG19,2026-02-17,-50838.26,-42957.55,108.01,109.40,-50838.26,-1.27,4000705.29,42957.55,4008967.06,42957.55,-1.97
NLONG2,2026-02-17,-73493.14,-62338.96,96.14,97.94,-73493.14,-1.84,4000705.29,62338.96,4008967.06,62338.96,-4.38
NLONG20,2026-02-17,-55085.48,-31668.61,108.27,109.78,-55085.48,-1.38,4000705.29,31668.61,4008967.06,31668.61,-2.33
NLONG21,2026-02-17,-55245.15,-33321.91,109.26,110.79,-55245.15,-1.38,4000705.29,33321.91,4008967.06,33321.91,-1.38
NLONG22,2026-02-17,-54670.34,-30867.80,109.48,111.00,-54670.34,-1.37,4000705.29,30867.80,4008967.06,30867.80,-1.37
NLONG23,2026-02-17,-45754.43,-34764.92,113.85,115.17,-45754.43,-1.14,4000705.29,34764.92,4008967.06,34764.92,-1.15
NLONG24,2026-02-17,-49576.93,-23475.98,114.91,116.35,-49576.93,-1.24,4000705.29,23475.98,4008967.06,23475.98,-1.24
NLONG3,2026-02-17,-56271.63,-51438.34,110.02,111.59,-56271.63,-1.41,4000705.29,51438.34,4008967.06,51438.34,-1.41
NLONG4,2026-02-17,-100873.87,-62338.96,107.92,110.71,-100873.87,-2.52,4000705.29,62338.96,4008967.06,62338.96,-2.52
NLONG5,2026-02-17,-68748.64,-64497.75,110.69,112.63,-68748.64,-1.72,4000705.29,64497.75,4008967.06,64497.75,-1.72
NLONG6,2026-02-17,-73493.14,-62338.96,105.69,107.67,-73493.14,-1.84,4000705.29,62338.96,4008967.06,62338.96,-1.84
NLONG7,2026-02-17,-61898.80,-64497.75,112.94,114.71,-61898.80,-1.55,4000705.29,64497.75,4008967.06,64497.75,-1.54
NLONG8,2026-02-17,-100873.87,-62338.96,108.95,111.77,-100873.87,-2.52,4000705.29,62338.96,4008967.06,62338.96,-2.52
NLONG9,2026-02-17,-68748.64,-64497.75,112.63,114.60,-68748.64,-1.72,4000705.29,64497.75,4008967.06,64497.75,-1.72
SLONG1,2026-02-17,-33374.02,-38838.89,106.68,107.58,-33374.02,-0.83,4000705.29,38838.89,4008967.06,38838.89,-0.84
SLONG10,2026-02-17,-42624.05,-35210.71,103.53,104.64,-42624.05,-1.07,4000705.29,35210.71,4008967.06,35210.71,-1.11
SLONG11,2026-02-17,-31283.08,-38838.89,104.78,105.61,-31283.08,-0.78,4000705.29,38838.89,4008967.06,38838.89,-3.06
SLONG12,2026-02-17,-44500.16,-35210.71,101.99,103.14,-44500.16,-1.11,4000705.29,35210.71,4008967.06,35210.71,-1.90
SLONG13,2026-02-17,-29922.63,-21271.05,103.05,103.83,-29922.63,-0.75,4000705.29,21271.05,4008967.06,21271.05,-2.09
SLONG14,2026-02-17,-27983.01,-18808.99,103.39,104.12,-27983.01,-0.70,4000705.29,18808.99,4008967.06,18808.99,-2.31
SLONG15,2026-02-17,-27783.54,-30166.48,104.78,105.51,-27783.54,-0.69,4000705.29,30166.48,4008967.06,30166.48,-1.64
SLONG16,2026-02-17,-29000.97,-20123.48,104.03,104.79,-29000.97,-0.72,4000705.29,20123.48,4008967.06,20123.48,-2.16
SLONG17,2026-02-17,-29922.63,-21271.05,104.15,104.93,-29922.63,-0.75,4000705.29,21271.05,4008967.06,21271.05,-2.09
SLONG18,2026-02-17,-27983.01,-18808.99,103.76,104.49,-27983.01,-0.70,4000705.29,18808.99,4008967.06,18808.99,-2.24
SLONG19,2026-02-17,-27783.54,-30166.48,106.16,106.90,-27783.54,-0.69,4000705.29,30166.48,4008967.06,30166.48,-0.69
SLONG2,2026-02-17,-45480.95,-35210.71,95.10,96.19,-45480.95,-1.14,4000705.29,35210.71,4008967.06,35210.71,-5.90
SLONG20,2026-02-17,-29000.97,-20123.48,103.38,104.13,-29000.97,-0.72,4000705.29,20123.48,4008967.06,20123.48,-2.31
SLONG21,2026-02-17,-29922.63,-21271.05,105.74,106.54,-29922.63,-0.75,4000705.29,21271.05,4008967.06,21271.05,-1.03
SLONG22,2026-02-17,-27983.01,-18808.99,105.74,106.48,-27983.01,-0.70,4000705.29,18808.99,4008967.06,18808.99,-1.24
SLONG23,2026-02-17,-27783.54,-26707.37,106.92,107.67,-27783.54,-0.69,4000705.29,26707.37,4008967.06,26707.37,-0.76
SLONG24,2026-02-17,-29000.97,-16664.37,106.36,107.14,-29000.97,-0.72,4000705.29,16664.37,4008967.06,16664.37,-1.28
SLONG3,2026-02-17,-31283.08,-38838.89,100.84,101.63,-31283.08,-0.78,4000705.29,38838.89,4008967.06,38838.89,-3.11
SLONG4,2026-02-17,-47145.44,-35210.71,100.47,101.67,-47145.44,-1.18,4000705.29,35210.71,4008967.06,35210.71,-1.97
SLONG5,2026-02-17,-33374.02,-38838.89,107.67,108.58,-33374.02,-0.83,4000705.29,38838.89,4008967.06,38838.89,-0.84
SLONG6,2026-02-17,-45480.95,-35210.71,102.89,104.07,-45480.95,-1.14,4000705.29,35210.71,4008967.06,35210.71,-1.18
SLONG7,2026-02-17,-31283.08,-38838.89,101.29,102.09,-31283.08,-0.78,4000705.29,38838.89,4008967.06,38838.89,-3.06
SLONG8,2026-02-17,-44288.54,-35210.71,101.99,103.13,-44288.54,-1.11,4000705.29,35210.71,4008967.06,35210.71,-1.89
SLONG9,2026-02-17,-33374.02,-38838.89,109.91,110.83,-33374.02,-0.83,4000705.29,38838.89,4008967.06,38838.89,-0.83
Liquidcase Stock Holdings,2026-02-17,36212251.32,0.00,100.55,100.54,3211.16,0.01,36209040.16,36209040.16,36202617.84,6422.32,0.00
QYE++ Liquidcase Stock Holdings,2026-02-17,36212251.32,0.00,100.55,100.54,3211.16,0.01,36209040.16,36209040.16,36202617.84,6422.32,0.00
QYE++ Debt Stock Holdings,2026-02-17,36212251.32,0.00,100.55,100.54,3211.16,0.01,36209040.16,36209040.16,36202617.84,6422.32,0.00
Debt Stock Holdings,2026-02-17,36212251.32,0.00,100.55,100.54,3211.16,0.01,36209040.16,36209040.16,36202617.84,6422.32,0.00
QYE++ Stock Holdings,2026-02-17,36212251.32,0.00,100.55,100.54,3211.16,0.01,36209040.16,36209040.16,36202617.84,6422.32,0.00
Stock Holdings,2026-02-17,36212251.32,0.00,100.55,100.54,3211.16,0.01,36209040.16,36209040.16,36202617.84,6422.32,0.00
Small Cap Mutual Funds,2026-02-17,125556632.63,0.00,99.46,98.78,865616.89,0.69,124691015.74,124691015.74,124666416.54,24599.20,-1.49
QYE++ Small Cap Mutual Funds,2026-02-17,125556632.63,0.00,99.46,98.78,865616.89,0.69,124691015.74,124691015.74,124666416.54,24599.20,-1.49
QYE++ Mutual Funds,2026-02-17,125556632.63,0.00,99.46,98.78,865616.89,0.69,124691015.74,124691015.74,124666416.54,24599.20,-1.49
QYE++ Equity Mutual Funds,2026-02-17,125556632.63,0.00,99.46,98.78,865616.89,0.69,124691015.74,124691015.74,124666416.54,24599.20,-1.49
Equity Mutual Funds,2026-02-17,125556632.63,0.00,99.46,98.78,865616.89,0.69,124691015.74,124691015.74,124666416.54,24599.20,-1.49
Mutual Funds,2026-02-17,125556632.63,0.00,99.46,98.78,865616.89,0.69,124691015.74,124691015.74,124666416.54,24599.20,-1.49
QYE++ Miscellaneous P&L,2026-02-17,0.00,0.00,100.00,100.00,0.00,0.00,0.00,0.00,0.00,0.00,0.00
Miscellaneous P&L,2026-02-17,0.00,0.00,100.00,100.00,0.00,0.00,0.00,0.00,0.00,0.00,0.00
QYE++ Equity Holdings Tax,2026-02-17,0.00,0.00,100.00,100.00,0.00,0.00,0.00,0.00,0.00,0.00,0.00
QAW++ Equity Holdings Tax,2026-02-17,0.00,0.00,100.00,100.00,0.00,0.00,0.00,0.00,0.00,0.00,0.00
Equity Holdings Tax,2026-02-17,0.00,0.00,100.00,100.00,0.00,0.00,0.00,0.00,0.00,0.00,0.00
QYE++ Total Tax,2026-02-17,-9653.17,5806.47,100.00,100.00,-9653.17,0.00,0.00,-5806.47,0.00,0.00,0.00
Total Tax,2026-02-17,-9653.17,5806.47,100.00,100.00,-9653.17,0.00,0.00,-5806.47,0.00,0.00,0.00
QYE++ F&O Tax,2026-02-17,-9653.17,5806.47,100.00,100.00,-9653.17,0.00,0.00,-5806.47,0.00,0.00,0.00
F&O Tax,2026-02-17,-9653.17,5806.47,100.00,100.00,-9653.17,0.00,0.00,-5806.47,0.00,0.00,0.00
Equity Intraday Tax,2026-02-17,0.00,0.00,100.00,100.00,0.00,0.00,0.00,0.00,0.00,0.00,0.00
MCX Tax,2026-02-17,0.00,0.00,100.00,100.00,0.00,0.00,0.00,0.00,0.00,0.00,0.00
QYE++ Total Other Debits and Credits,2026-02-17,0.00,0.00,100.00,100.00,0.00,0.00,0.00,0.00,0.00,0.00,0.00
Total Other Debits and Credits,2026-02-17,0.00,0.00,100.00,100.00,0.00,0.00,0.00,0.00,0.00,0.00,0.00
QYE++ Equity Other Debits and Credits,2026-02-17,0.00,0.00,100.00,100.00,0.00,0.00,0.00,0.00,0.00,0.00,0.00
Equity Other Debits and Credits,2026-02-17,0.00,0.00,100.00,100.00,0.00,0.00,0.00,0.00,0.00,0.00,0.00
QYE++ NPSAR,2026-02-17,24075302.03,-74867.81,99.04,98.96,71070.19,0.07,96016927.36,24079099.68,96215209.90,25297.20,-1.63
NPSAR,2026-02-17,24075302.03,-74867.81,99.04,98.96,71070.19,0.07,96016927.36,24079099.68,96215209.90,25297.20,-1.63
QYE++ SPSAR,2026-02-17,24129914.22,-87695.00,100.59,100.45,125682.38,0.13,96016927.36,24091926.88,96215209.90,38124.40,-0.31
SPSAR,2026-02-17,24129914.22,-87695.00,100.59,100.45,125682.38,0.13,96016927.36,24091926.87,96215209.90,38124.40,-0.31
QYE++ NLONG,2026-02-17,-1539476.21,-1134963.79,108.89,110.66,-1539476.21,-1.60,96016926.96,1134963.79,96215209.44,1134963.79,-1.60
NLONG,2026-02-17,-1539476.21,-1134963.79,108.89,110.66,-1539476.21,-1.60,96016926.96,1134963.79,96215209.44,1134963.79,-1.60
QYE++ SLONG,2026-02-17,-807561.84,-708489.38,103.93,104.81,-807561.84,-0.84,96016926.96,708489.38,96215209.44,708489.38,-1.45
SLONG,2026-02-17,-807561.84,-708489.38,103.93,104.81,-807561.84,-0.84,96016926.96,708489.38,96215209.44,708489.38,-1.45
QYE++ PSAR,2026-02-17,48205216.25,-162562.81,99.81,99.71,196752.57,0.10,192033854.72,48171026.55,192430419.80,63421.60,-0.97
PSAR,2026-02-17,48205216.25,-162562.81,99.81,99.71,196752.57,0.10,192033854.72,48171026.55,192430419.80,63421.60,-0.97
QYE++ LONG,2026-02-17,-2347038.05,-1843453.17,106.39,107.71,-2347038.05,-1.22,192033853.92,1843453.17,192430418.88,1843453.17,-1.23
LONG,2026-02-17,-2347038.05,-1843453.17,106.39,107.71,-2347038.05,-1.22,192033853.92,1843453.17,192430418.88,1843453.17,-1.23
QYE++ Total Portfolio Value,2026-02-17,45848525.03,-2000209.51,106.07,107.28,-2159938.65,-1.12,192033854.00,50008673.25,192430419.00,1901068.30,-1.12
Total Portfolio Value,2026-02-17,45848525.03,-2000209.51,106.11,107.31,-2159938.65,-1.12,192033854.00,50008673.25,192430419.00,1901068.30,-1.12
QYE++ Zerodha Total Portfolio,2026-02-17,190560813.09,0.00,105.66,106.37,-1291110.60,-0.67,191851923.69,191851923.69,189919833.87,1932089.82,-0.67
Zerodha Total Portfolio,2026-02-17,190560813.09,0.00,105.66,106.37,-1291110.60,-0.67,191851923.69,191851923.69,189919833.87,1932089.82,-0.67
NPSAR1,2026-02-18,1317856.84,2492.72,98.52,98.77,-13396.50,-0.25,5325013.35,1328760.62,5334273.76,-4807.82,-5.45
NPSAR10,2026-02-18,3049328.49,-43076.97,105.79,105.32,54008.50,0.45,11981279.94,3038396.95,12002115.88,37867.98,0.00
NPSAR11,2026-02-18,2981484.88,-31425.46,100.37,100.49,-13835.11,-0.12,11981279.94,3026745.44,12002115.88,26216.47,-0.48
NPSAR12,2026-02-18,2998600.83,4302.82,98.69,98.66,3280.84,0.03,11981279.94,2991017.16,12002115.88,-9511.81,-3.44
NPSAR13,2026-02-18,2990955.33,63938.56,100.38,100.42,-4364.66,-0.04,11981279.94,2931381.42,12002115.88,-69147.55,-2.00
NPSAR2,2026-02-18,1317856.84,-5751.89,95.00,95.24,-13396.50,-0.25,5325013.35,1337005.23,5334273.76,3436.79,-6.86
NPSAR3,2026-02-18,1317856.84,-15373.33,100.93,101.18,-13396.50,-0.25,5325013.35,1346626.67,5334273.76,13058.23,-1.31
NPSAR4,2026-02-18,1317094.06,-11843.82,98.12,98.38,-14159.28,-0.27,5325013.35,1343097.16,5334273.76,9528.72,-1.88
NPSAR5,2026-02-18,1352215.84,10480.42,92.38,92.02,20962.50,0.39,5325013.35,1320772.92,5334273.76,-12795.52,-7.62
NPSAR6,2026-02-18,1352215.84,35.86,95.76,95.38,20962.50,0.39,5325013.35,1331217.48,5334273.76,-2350.96,-5.62
NPSAR7,2026-02-18,1352215.84,-21259.70,98.97,98.58,20962.50,0.39,5325013.35,1352513.04,5334273.76,18944.60,-2.19
NPSAR8,2026-02-18,1352215.84,-31107.61,94.79,94.42,20962.50,0.39,5325013.35,1362360.95,5334273.76,28792.51,-5.21
NPSAR9,2026-02-18,1352215.84,-34153.65,98.14,97.76,20962.50,0.39,5325013.35,1365406.99,5334273.76,31838.55,-1.86
SPSAR1,2026-02-18,1306533.34,-527.10,100.25,100.72,-24720.00,-0.46,5325013.35,1331780.44,5334273.76,-1788.00,-2.93
SPSAR10,2026-02-18,3020999.99,-42708.99,107.90,107.67,25680.00,0.21,11981279.94,3038028.97,12002115.88,37500.00,0.00
SPSAR11,2026-02-18,3002374.10,-40713.99,104.34,104.28,7054.11,0.06,11981279.94,3036033.97,12002115.88,35505.00,0.00
SPSAR12,2026-02-18,2997619.06,-8382.60,102.33,102.31,2299.07,0.02,11981279.94,3003702.59,12002115.88,3173.62,0.00
SPSAR13,2026-02-18,3042091.72,-35099.08,102.03,101.63,46771.73,0.39,11981279.94,3030419.06,12002115.88,29890.09,-0.86
SPSAR2,2026-02-18,1312545.34,-2765.10,95.28,95.62,-18708.00,-0.35,5325013.35,1334018.44,5334273.76,450.00,-6.70
SPSAR3,2026-02-18,1327899.34,-7433.10,100.24,100.30,-3354.00,-0.06,5325013.35,1338686.44,5334273.76,5118.00,-2.63
SPSAR4,2026-02-18,1327899.34,-7433.10,98.33,98.39,-3354.00,-0.06,5325013.35,1338686.44,5334273.76,5118.00,-1.78
SPSAR5,2026-02-18,1359063.34,15760.12,91.97,91.49,27810.00,0.52,5325013.35,1315493.22,5334273.76,-18075.22,-8.31
SPSAR6,2026-02-18,1359063.34,5222.12,97.49,96.98,27810.00,0.52,5325013.35,1326031.22,5334273.76,-7537.22,-4.53
SPSAR7,2026-02-18,1356831.34,-1623.14,95.64,95.18,25578.00,0.48,5325013.35,1332876.48,5334273.76,-691.96,-4.36
SPSAR8,2026-02-18,1351569.34,-17713.10,98.12,97.75,20316.00,0.38,5325013.35,1348966.44,5334273.76,15398.00,-1.88
SPSAR9,2026-02-18,1351569.34,-23937.17,99.66,99.28,20316.00,0.38,5325013.35,1355190.51,5334273.76,21622.07,-0.34
NLONG1,2026-02-18,0.00,62498.76,106.57,106.57,0.00,0.00,3993759.98,-62498.76,4000705.29,-62498.76,-1.56
NLONG10,2026-02-18,-5519.74,73493.14,109.69,109.84,-5519.74,-0.14,3993759.98,-73493.14,4000705.29,-73493.14,-1.97
NLONG11,2026-02-18,0.00,61898.80,115.68,115.68,0.00,0.00,3993759.98,-61898.80,4000705.29,-61898.80,-1.55
NLONG12,2026-02-18,0.00,100258.47,113.58,113.58,0.00,0.00,3993759.98,-100258.47,4000705.29,-100258.47,-2.51
NLONG13,2026-02-18,3724.59,55245.15,104.96,104.86,3724.59,0.09,3993759.98,-55245.15,4000705.29,-55245.15,-2.14
NLONG14,2026-02-18,1105.92,54670.34,105.76,105.73,1105.92,0.03,3993759.98,-54670.34,4000705.29,-54670.34,-2.31
NLONG15,2026-02-18,3724.59,50838.26,107.70,107.60,3724.59,0.09,3993759.98,-50838.26,4000705.29,-50838.26,-1.89
NLONG16,2026-02-18,1105.92,55085.48,107.33,107.30,1105.92,0.03,3993759.98,-55085.48,4000705.29,-55085.48,-2.40
NLONG17,2026-02-18,3724.59,55245.15,107.21,107.11,3724.59,0.09,3993759.98,-55245.15,4000705.29,-55245.15,-2.16
NLONG18,2026-02-18,1105.92,54670.34,106.71,106.68,1105.92,0.03,3993759.98,-54670.34,4000705.29,-54670.34,-2.32
NLONG19,2026-02-18,3724.59,50838.26,108.11,108.01,3724.59,0.09,3993759.98,-50838.26,4000705.29,-50838.26,-1.88
NLONG2,2026-02-18,-5519.74,73493.14,96.01,96.14,-5519.74,-0.14,3993759.98,-73493.14,4000705.29,-73493.14,-4.51
NLONG20,2026-02-18,1105.92,55085.48,108.30,108.27,1105.92,0.03,3993759.98,-55085.48,4000705.29,-55085.48,-2.30
NLONG21,2026-02-18,3724.59,55245.15,109.36,109.26,3724.59,0.09,3993759.98,-55245.15,4000705.29,-55245.15,-1.29
NLONG22,2026-02-18,1105.92,54670.34,109.51,109.48,1105.92,0.03,3993759.98,-54670.34,4000705.29,-54670.34,-1.34
NLONG23,2026-02-18,4735.08,45754.43,113.98,113.85,4735.08,0.12,3993759.98,-45754.43,4000705.29,-45754.43,-1.03
NLONG24,2026-02-18,4735.08,49576.93,115.05,114.91,4735.08,0.12,3993759.98,-49576.93,4000705.29,-49576.93,-1.12
NLONG3,2026-02-18,0.00,56271.63,110.02,110.02,0.00,0.00,3993759.98,-56271.63,4000705.29,-56271.63,-1.41
NLONG4,2026-02-18,0.00,100873.87,107.92,107.92,0.00,0.00,3993759.98,-100873.87,4000705.29,-100873.87,-2.52
NLONG5,2026-02-18,0.00,68748.64,110.69,110.69,0.00,0.00,3993759.98,-68748.64,4000705.29,-68748.64,-1.72
NLONG6,2026-02-18,-5519.74,73493.14,105.54,105.69,-5519.74,-0.14,3993759.98,-73493.14,4000705.29,-73493.14,-1.98
NLONG7,2026-02-18,0.00,61898.80,112.94,112.94,0.00,0.00,3993759.98,-61898.80,4000705.29,-61898.80,-1.54
NLONG8,2026-02-18,0.00,100873.87,108.95,108.95,0.00,0.00,3993759.98,-100873.87,4000705.29,-100873.87,-2.52
NLONG9,2026-02-18,0.00,68748.64,112.63,112.63,0.00,0.00,3993759.98,-68748.64,4000705.29,-68748.64,-1.72
SLONG1,2026-02-18,0.00,33374.02,106.68,106.68,0.00,0.00,3993759.98,-33374.02,4000705.29,-33374.02,-0.84
SLONG10,2026-02-18,-9430.79,42624.05,103.29,103.53,-9430.79,-0.24,3993759.98,-42624.05,4000705.29,-42624.05,-1.34
SLONG11,2026-02-18,0.00,31283.08,104.78,104.78,0.00,0.00,3993759.98,-31283.08,4000705.29,-31283.08,-3.06
SLONG12,2026-02-18,-8884.02,44500.16,101.76,101.99,-8884.02,-0.22,3993759.98,-44500.16,4000705.29,-44500.16,-2.13
SLONG13,2026-02-18,5783.32,29922.63,103.20,103.05,5783.32,0.14,3993759.98,-29922.63,4000705.29,-29922.63,-1.95
SLONG14,2026-02-18,5057.33,27983.01,103.52,103.39,5057.33,0.13,3993759.98,-27983.01,4000705.29,-27983.01,-2.18
SLONG15,2026-02-18,5783.32,27783.54,104.93,104.78,5783.32,0.14,3993759.98,-27783.54,4000705.29,-27783.54,-1.50
SLONG16,2026-02-18,5057.33,29000.97,104.16,104.03,5057.33,0.13,3993759.98,-29000.97,4000705.29,-29000.97,-2.04
SLONG17,2026-02-18,5783.32,29922.63,104.30,104.15,5783.32,0.14,3993759.98,-29922.63,4000705.29,-29922.63,-1.95
SLONG18,2026-02-18,5057.33,27983.01,103.89,103.76,5057.33,0.13,3993759.98,-27983.01,4000705.29,-27983.01,-2.12
SLONG19,2026-02-18,5783.32,27783.54,106.31,106.16,5783.32,0.14,3993759.98,-27783.54,4000705.29,-27783.54,-0.55
SLONG2,2026-02-18,-9430.79,45480.95,94.88,95.10,-9430.79,-0.24,3993759.98,-45480.95,4000705.29,-45480.95,-6.12
SLONG20,2026-02-18,5057.33,29000.97,103.51,103.38,5057.33,0.13,3993759.98,-29000.97,4000705.29,-29000.97,-2.18
SLONG21,2026-02-18,5783.32,29922.63,105.89,105.74,5783.32,0.14,3993759.98,-29922.63,4000705.29,-29922.63,-0.89
SLONG22,2026-02-18,5057.33,27983.01,105.87,105.74,5057.33,0.13,3993759.98,-27983.01,4000705.29,-27983.01,-1.12
SLONG23,2026-02-18,11947.61,27783.54,107.24,106.92,11947.61,0.30,3993759.98,-27783.54,4000705.29,-27783.54,-0.46
SLONG24,2026-02-18,8657.12,29000.97,106.59,106.36,8657.12,0.22,3993759.98,-29000.97,4000705.29,-29000.97,-1.07
SLONG3,2026-02-18,0.00,31283.08,100.84,100.84,0.00,0.00,3993759.98,-31283.08,4000705.29,-31283.08,-3.11
SLONG4,2026-02-18,-8884.02,47145.44,100.25,100.47,-8884.02,-0.22,3993759.98,-47145.44,4000705.29,-47145.44,-2.19
SLONG5,2026-02-18,0.00,33374.02,107.67,107.67,0.00,0.00,3993759.98,-33374.02,4000705.29,-33374.02,-0.84
SLONG6,2026-02-18,-9430.79,45480.95,102.65,102.89,-9430.79,-0.24,3993759.98,-45480.95,4000705.29,-45480.95,-1.41
SLONG7,2026-02-18,0.00,31283.08,101.29,101.29,0.00,0.00,3993759.98,-31283.08,4000705.29,-31283.08,-3.06
SLONG8,2026-02-18,-8884.02,44288.54,101.76,101.99,-8884.02,-0.22,3993759.98,-44288.54,4000705.29,-44288.54,-2.12
SLONG9,2026-02-18,0.00,33374.02,109.91,109.91,0.00,0.00,3993759.98,-33374.02,4000705.29,-33374.02,-0.83
Liquidcase Stock Holdings,2026-02-18,45952450.64,9735503.00,100.56,100.55,4696.32,0.01,36212251.32,36212251.32,36209040.16,3211.16,0.00
QYE++ Liquidcase Stock Holdings,2026-02-18,45952450.64,9735503.00,100.56,100.55,4696.32,0.01,36212251.32,36212251.32,36209040.16,3211.16,0.00
QYE++ Debt Stock Holdings,2026-02-18,45952450.64,9735503.00,100.56,100.55,4696.32,0.01,36212251.32,36212251.32,36209040.16,3211.16,0.00
Debt Stock Holdings,2026-02-18,45952450.64,9735503.00,100.56,100.55,4696.32,0.01,36212251.32,36212251.32,36209040.16,3211.16,0.00
QYE++ Stock Holdings,2026-02-18,45952450.64,9735503.00,100.56,100.55,4696.32,0.01,36212251.32,36212251.32,36209040.16,3211.16,0.00
Stock Holdings,2026-02-18,45952450.64,9735503.00,100.56,100.55,4696.32,0.01,36212251.32,36212251.32,36209040.16,3211.16,0.00
Small Cap Mutual Funds,2026-02-18,125662328.61,0.00,99.54,99.46,105695.98,0.08,125556632.63,125556632.63,124691015.74,865616.89,-1.41
QYE++ Small Cap Mutual Funds,2026-02-18,125662328.61,0.00,99.54,99.46,105695.98,0.08,125556632.63,125556632.63,124691015.74,865616.89,-1.41
QYE++ Mutual Funds,2026-02-18,125662328.61,0.00,99.54,99.46,105695.98,0.08,125556632.63,125556632.63,124691015.74,865616.89,-1.41
QYE++ Equity Mutual Funds,2026-02-18,125662328.61,0.00,99.54,99.46,105695.98,0.08,125556632.63,125556632.63,124691015.74,865616.89,-1.41
Equity Mutual Funds,2026-02-18,125662328.61,0.00,99.54,99.46,105695.98,0.08,125556632.63,125556632.63,124691015.74,865616.89,-1.41
Mutual Funds,2026-02-18,125662328.61,0.00,99.54,99.46,105695.98,0.08,125556632.63,125556632.63,124691015.74,865616.89,-1.41
QYE++ Miscellaneous P&L,2026-02-18,0.00,0.00,100.00,100.00,0.00,0.00,0.00,0.00,0.00,0.00,0.00
Miscellaneous P&L,2026-02-18,0.00,0.00,100.00,100.00,0.00,0.00,0.00,0.00,0.00,0.00,0.00
QYE++ Equity Holdings Tax,2026-02-18,-1848.10,0.00,100.00,100.00,-1848.10,0.00,0.00,0.00,0.00,0.00,0.00
QAW++ Equity Holdings Tax,2026-02-18,0.00,0.00,100.00,100.00,0.00,0.00,0.00,0.00,0.00,0.00,0.00
Equity Holdings Tax,2026-02-18,-1848.10,0.00,100.00,100.00,-1848.10,0.00,0.00,0.00,0.00,0.00,0.00
QYE++ Total Tax,2026-02-18,-6420.67,9653.17,100.00,100.00,-6420.67,0.00,0.00,-9653.17,0.00,0.00,0.00
Total Tax,2026-02-18,-6420.67,9653.17,100.00,100.00,-6420.67,0.00,0.00,-9653.17,0.00,0.00,0.00
QYE++ F&O Tax,2026-02-18,-4572.57,9653.17,100.00,100.00,-4572.57,0.00,0.00,-9653.17,0.00,0.00,0.00
F&O Tax,2026-02-18,-4572.57,9653.17,100.00,100.00,-4572.57,0.00,0.00,-9653.17,0.00,0.00,0.00
Equity Intraday Tax,2026-02-18,0.00,0.00,100.00,100.00,0.00,0.00,0.00,0.00,0.00,0.00,0.00
MCX Tax,2026-02-18,0.00,0.00,100.00,100.00,0.00,0.00,0.00,0.00,0.00,0.00,0.00
QYE++ Total Other Debits and Credits,2026-02-18,0.00,0.00,100.00,100.00,0.00,0.00,0.00,0.00,0.00,0.00,0.00
Total Other Debits and Credits,2026-02-18,0.00,0.00,100.00,100.00,0.00,0.00,0.00,0.00,0.00,0.00,0.00
QYE++ Equity Other Debits and Credits,2026-02-18,0.00,0.00,100.00,100.00,0.00,0.00,0.00,0.00,0.00,0.00,0.00
Equity Other Debits and Credits,2026-02-18,0.00,0.00,100.00,100.00,0.00,0.00,0.00,0.00,0.00,0.00,0.00
QYE++ NPSAR,2026-02-18,24052113.27,-112742.05,99.13,99.04,89553.29,0.09,95850239.91,24075302.03,96016927.36,71070.19,-1.54
NPSAR,2026-02-18,24052113.27,-112742.05,99.13,99.04,89553.29,0.09,95850239.91,24075302.03,96016927.36,71070.19,-1.54
QYE++ SPSAR,2026-02-18,24116058.89,-167354.24,100.75,100.59,153498.91,0.16,95850239.91,24129914.22,96016927.36,125682.38,-0.15
SPSAR,2026-02-18,24116058.89,-167354.24,100.75,100.59,153498.91,0.16,95850239.91,24129914.22,96016927.36,125682.38,-0.15
QYE++ NLONG,2026-02-18,17063.49,1539476.21,108.91,108.89,17063.49,0.02,95850239.52,-1539476.21,96016926.96,-1539476.21,-1.59
NLONG,2026-02-18,17063.49,1539476.21,108.91,108.89,17063.49,0.02,95850239.52,-1539476.21,96016926.96,-1539476.21,-1.59
QYE++ SLONG,2026-02-18,19863.55,807561.84,103.95,103.93,19863.55,0.02,95850239.52,-807561.84,96016926.96,-807561.84,-1.43
SLONG,2026-02-18,19863.55,807561.84,103.95,103.93,19863.55,0.02,95850239.52,-807561.84,96016926.96,-807561.84,-1.43
QYE++ PSAR,2026-02-18,48168172.16,-280096.30,99.93,99.81,243052.20,0.13,191700479.82,48205216.25,192033854.72,196752.57,-0.85
PSAR,2026-02-18,48168172.16,-280096.30,99.93,99.81,243052.20,0.13,191700479.82,48205216.25,192033854.72,196752.57,-0.85
QYE++ LONG,2026-02-18,36927.04,2347038.05,106.41,106.39,36927.04,0.02,191700479.04,-2347038.05,192033853.92,-2347038.05,-1.21
LONG,2026-02-18,36927.04,2347038.05,106.41,106.39,36927.04,0.02,191700479.04,-2347038.05,192033853.92,-2347038.05,-1.21
QYE++ Total Portfolio Value,2026-02-18,48200526.62,2076594.92,106.22,106.07,275406.67,0.14,191700479.00,45848525.03,192033854.00,-2159938.65,-0.98
Total Portfolio Value,2026-02-18,48200526.62,2076594.92,106.26,106.11,275406.67,0.14,191700479.00,45848525.03,192033854.00,-2159938.65,-0.98
QYE++ Zerodha Total Portfolio,2026-02-18,190944763.96,0.00,105.87,105.66,383950.87,0.20,190560813.09,190560813.09,191851923.69,-1291110.60,-0.47
Zerodha Total Portfolio,2026-02-18,190944763.96,0.00,105.87,105.66,383950.87,0.20,190560813.09,190560813.09,191851923.69,-1291110.60,-0.47
NPSAR1,2026-02-19,1384871.38,4712.04,99.68,98.52,62302.50,1.18,5290275.51,1317856.84,5325013.35,-13396.50,-4.34
NPSAR10,2026-02-19,3014155.87,-73548.53,106.13,105.79,38375.92,0.32,11903119.81,3049328.48,11981279.94,54008.50,0.00
NPSAR11,2026-02-19,3035429.74,-5704.93,100.87,100.37,59649.79,0.50,11903119.81,2981484.88,11981279.94,-13835.11,0.00
NPSAR12,2026-02-19,3040357.93,-22820.87,99.23,98.69,64577.98,0.54,11903119.81,2998600.82,11981279.94,3280.84,-2.92
NPSAR13,2026-02-19,3050767.99,-15175.37,101.01,100.38,74988.04,0.63,11903119.81,2990955.32,11981279.94,-4364.66,-1.39
NPSAR2,2026-02-19,1384871.38,4712.04,96.12,95.00,62302.50,1.18,5290275.51,1317856.84,5325013.35,-13396.50,-5.76
NPSAR3,2026-02-19,1384871.38,4712.04,102.12,100.93,62302.50,1.18,5290275.51,1317856.84,5325013.35,-13396.50,-0.15
NPSAR4,2026-02-19,1230764.53,5474.82,96.42,98.12,-91804.35,-1.74,5290275.51,1317094.06,5325013.35,-14159.28,-3.58
NPSAR5,2026-02-19,1285485.55,-29646.96,91.73,92.38,-37083.33,-0.70,5290275.51,1352215.84,5325013.35,20962.50,-8.27
NPSAR6,2026-02-19,1298005.14,-29646.96,95.32,95.76,-24563.74,-0.46,5290275.51,1352215.84,5325013.35,20962.50,-6.05
NPSAR7,2026-02-19,1295489.79,-29646.96,98.46,98.97,-27079.09,-0.51,5290275.51,1352215.84,5325013.35,20962.50,-2.70
NPSAR8,2026-02-19,1303873.34,-29646.96,94.46,94.79,-18695.54,-0.35,5290275.51,1352215.84,5325013.35,20962.50,-5.54
NPSAR9,2026-02-19,1303873.34,-29646.96,97.79,98.14,-18695.54,-0.35,5290275.51,1352215.84,5325013.35,20962.50,-2.21
SPSAR1,2026-02-19,1453170.13,16035.54,102.72,100.25,130601.25,2.47,5290275.51,1306533.34,5325013.35,-24720.00,-0.54
SPSAR10,2026-02-19,3033025.34,-45220.03,108.42,107.90,57245.39,0.48,11903119.81,3020999.98,11981279.94,25680.00,0.00
SPSAR11,2026-02-19,3024534.25,-26594.15,104.77,104.34,48754.30,0.41,11903119.81,3002374.10,11981279.94,7054.11,0.00
SPSAR12,2026-02-19,3020369.50,-21839.11,102.71,102.33,44589.55,0.37,11903119.81,2997619.06,11981279.94,2299.07,0.00
SPSAR13,2026-02-19,3026438.61,-66311.77,102.46,102.03,50658.66,0.43,11903119.81,3042091.72,11981279.94,46771.73,-0.44
SPSAR2,2026-02-19,1424945.78,10023.54,97.12,95.28,102376.90,1.94,5290275.51,1312545.34,5325013.35,-18708.00,-4.90
SPSAR3,2026-02-19,1365033.37,-5330.46,101.04,100.24,42464.49,0.80,5290275.51,1327899.34,5325013.35,-3354.00,-1.86
SPSAR4,2026-02-19,1202536.51,-5330.46,96.10,98.33,-120032.37,-2.27,5290275.51,1327899.34,5325013.35,-3354.00,-4.01
SPSAR5,2026-02-19,1270801.73,-36494.46,91.07,91.97,-51767.15,-0.98,5290275.51,1359063.34,5325013.35,27810.00,-9.21
SPSAR6,2026-02-19,1283368.10,-36494.46,96.77,97.49,-39200.78,-0.74,5290275.51,1359063.34,5325013.35,27810.00,-5.24
SPSAR7,2026-02-19,1309167.42,-34262.46,95.40,95.64,-13401.46,-0.25,5290275.51,1356831.34,5325013.35,25578.00,-4.60
SPSAR8,2026-02-19,1315619.57,-29000.46,97.99,98.12,-6949.31,-0.13,5290275.51,1351569.34,5325013.35,20316.00,-2.01
SPSAR9,2026-02-19,1324728.85,-29000.46,99.70,99.66,2159.97,0.04,5290275.51,1351569.34,5325013.35,20316.00,-0.30
NLONG1,2026-02-19,90978.18,0.00,109.01,106.57,90978.18,2.29,3967706.60,0.00,3993759.98,0.00,0.00
NLONG10,2026-02-19,71802.63,5519.74,111.68,109.69,71802.63,1.81,3967706.60,-5519.74,3993759.98,-5519.74,-0.20
NLONG11,2026-02-19,54051.59,0.00,117.26,115.68,54051.59,1.36,3967706.60,0.00,3993759.98,0.00,-0.20
NLONG12,2026-02-19,54051.59,0.00,115.13,113.58,54051.59,1.36,3967706.60,0.00,3993759.98,0.00,-1.18
NLONG13,2026-02-19,22807.02,-3724.59,105.56,104.96,22807.02,0.57,3967706.60,3724.59,3993759.98,3724.59,-1.58
NLONG14,2026-02-19,21983.64,-1105.92,106.35,105.76,21983.64,0.55,3967706.60,1105.92,3993759.98,1105.92,-1.76
NLONG15,2026-02-19,22694.31,-3724.59,108.32,107.70,22694.31,0.57,3967706.60,3724.59,3993759.98,3724.59,-1.32
NLONG16,2026-02-19,23471.36,-1105.92,107.96,107.33,23471.36,0.59,3967706.60,1105.92,3993759.98,1105.92,-1.83
NLONG17,2026-02-19,25955.66,-3724.59,107.91,107.21,25955.66,0.65,3967706.60,3724.59,3993759.98,3724.59,-1.52
NLONG18,2026-02-19,28090.69,-1105.92,107.47,106.71,28090.69,0.71,3967706.60,1105.92,3993759.98,1105.92,-1.63
NLONG19,2026-02-19,25842.95,-3724.59,108.81,108.11,25842.95,0.65,3967706.60,3724.59,3993759.98,3724.59,-1.24
NLONG2,2026-02-19,77726.01,5519.74,97.89,96.01,77726.01,1.96,3967706.60,-5519.74,3993759.98,-5519.74,-2.64
NLONG20,2026-02-19,29578.41,-1105.92,109.11,108.30,29578.41,0.75,3967706.60,1105.92,3993759.98,1105.92,-1.57
NLONG21,2026-02-19,22777.09,-3724.59,109.99,109.36,22777.09,0.57,3967706.60,3724.59,3993759.98,3724.59,-0.72
NLONG22,2026-02-19,26736.12,-1105.92,110.25,109.51,26736.12,0.67,3967706.60,1105.92,3993759.98,1105.92,-0.68
NLONG23,2026-02-19,23995.99,-4735.08,114.67,113.98,23995.99,0.60,3967706.60,4735.08,3993759.98,4735.08,-0.43
NLONG24,2026-02-19,30059.56,-4735.08,115.92,115.05,30059.56,0.76,3967706.60,4735.08,3993759.98,4735.08,-0.37
NLONG3,2026-02-19,90978.18,0.00,112.54,110.02,90978.18,2.29,3967706.60,0.00,3993759.98,0.00,0.00
NLONG4,2026-02-19,77726.01,0.00,110.03,107.92,77726.01,1.96,3967706.60,0.00,3993759.98,0.00,-0.61
NLONG5,2026-02-19,90978.18,0.00,113.23,110.69,90978.18,2.29,3967706.60,0.00,3993759.98,0.00,0.00
NLONG6,2026-02-19,77726.01,5519.74,107.61,105.54,77726.01,1.96,3967706.60,-5519.74,3993759.98,-5519.74,-0.06
NLONG7,2026-02-19,92240.92,0.00,115.57,112.94,92240.92,2.32,3967706.60,0.00,3993759.98,0.00,0.00
NLONG8,2026-02-19,92634.33,0.00,111.49,108.95,92634.33,2.33,3967706.60,0.00,3993759.98,0.00,-0.25
NLONG9,2026-02-19,71802.63,0.00,114.67,112.63,71802.63,1.81,3967706.60,0.00,3993759.98,0.00,0.00
SLONG1,2026-02-19,104588.33,0.00,109.49,106.68,104588.33,2.64,3967706.60,0.00,3993759.98,0.00,0.00
SLONG10,2026-02-19,67103.23,9430.79,105.04,103.29,67103.23,1.69,3967706.60,-9430.79,3993759.98,-9430.79,0.00
SLONG11,2026-02-19,189204.45,0.00,109.78,104.78,189204.45,4.77,3967706.60,0.00,3993759.98,0.00,0.00
SLONG12,2026-02-19,197100.33,8884.02,106.82,101.76,197100.33,4.97,3967706.60,-8884.02,3993759.98,-8884.02,0.00
SLONG13,2026-02-19,27447.71,-5783.32,103.91,103.20,27447.71,0.69,3967706.60,5783.32,3993759.98,5783.32,-1.27
SLONG14,2026-02-19,33360.71,-5057.33,104.39,103.52,33360.71,0.84,3967706.60,5057.33,3993759.98,5057.33,-1.36
SLONG15,2026-02-19,84186.76,-5783.32,107.16,104.93,84186.76,2.12,3967706.60,5783.32,3993759.98,5783.32,0.00
SLONG16,2026-02-19,-28444.94,-5057.33,103.41,104.16,-28444.94,-0.72,3967706.60,5057.33,3993759.98,5057.33,-2.75
SLONG17,2026-02-19,30469.19,-5783.32,105.10,104.30,30469.19,0.77,3967706.60,5783.32,3993759.98,5783.32,-1.19
SLONG18,2026-02-19,35867.51,-5057.33,104.83,103.89,35867.51,0.90,3967706.60,5057.33,3993759.98,5057.33,-1.23
SLONG19,2026-02-19,133140.92,-5783.32,109.88,106.31,133140.92,3.36,3967706.60,5783.32,3993759.98,5783.32,0.00
SLONG2,2026-02-19,74525.24,9430.79,96.66,94.88,74525.24,1.88,3967706.60,-9430.79,3993759.98,-9430.79,-4.35
SLONG20,2026-02-19,130830.66,-5057.33,106.92,103.51,130830.66,3.30,3967706.60,5057.33,3993759.98,5057.33,0.00
SLONG21,2026-02-19,24700.06,-5783.32,106.55,105.89,24700.06,0.62,3967706.60,5783.32,3993759.98,5783.32,-0.27
SLONG22,2026-02-19,30613.06,-5057.33,106.69,105.87,30613.06,0.77,3967706.60,5057.33,3993759.98,5057.33,-0.35
SLONG23,2026-02-19,199558.28,-11947.61,112.63,107.24,199558.28,5.03,3967706.60,11947.61,3993759.98,11947.61,0.00
SLONG24,2026-02-19,224717.63,-8657.12,112.63,106.59,224717.63,5.66,3967706.60,8657.12,3993759.98,8657.12,0.00
SLONG3,2026-02-19,348726.80,0.00,109.70,100.84,348726.80,8.79,3967706.60,0.00,3993759.98,0.00,0.00
SLONG4,2026-02-19,263633.50,8884.02,106.91,100.25,263633.50,6.64,3967706.60,-8884.02,3993759.98,-8884.02,0.00
SLONG5,2026-02-19,85184.55,0.00,109.98,107.67,85184.55,2.15,3967706.60,0.00,3993759.98,0.00,0.00
SLONG6,2026-02-19,74525.24,9430.79,104.58,102.65,74525.24,1.88,3967706.60,-9430.79,3993759.98,-9430.79,0.00
SLONG7,2026-02-19,368125.24,0.00,110.69,101.29,368125.24,9.28,3967706.60,0.00,3993759.98,0.00,0.00
SLONG8,2026-02-19,356343.87,8884.02,110.90,101.76,356343.87,8.98,3967706.60,-8884.02,3993759.98,-8884.02,0.00
SLONG9,2026-02-19,67103.23,0.00,111.77,109.91,67103.23,1.69,3967706.60,0.00,3993759.98,0.00,0.00
Liquidcase Stock Holdings,2026-02-19,45952450.64,0.00,100.56,100.56,0.00,0.00,45952450.64,45952450.64,36212251.32,4696.32,0.00
QYE++ Liquidcase Stock Holdings,2026-02-19,45952450.64,0.00,100.56,100.56,0.00,0.00,45952450.64,45952450.64,36212251.32,4696.32,0.00
QYE++ Debt Stock Holdings,2026-02-19,45952450.64,0.00,100.56,100.56,0.00,0.00,45952450.64,45952450.64,36212251.32,4696.32,0.00
Debt Stock Holdings,2026-02-19,45952450.64,0.00,100.56,100.56,0.00,0.00,45952450.64,45952450.64,36212251.32,4696.32,0.00
QYE++ Stock Holdings,2026-02-19,45952450.64,0.00,100.56,100.56,0.00,0.00,45952450.64,45952450.64,36212251.32,4696.32,0.00
Stock Holdings,2026-02-19,45952450.64,0.00,100.56,100.56,0.00,0.00,45952450.64,45952450.64,36212251.32,4696.32,0.00
Small Cap Mutual Funds,2026-02-19,123936735.11,0.00,98.18,99.54,-1725593.50,-1.37,125662328.61,125662328.61,125556632.63,105695.98,-2.75
QYE++ Small Cap Mutual Funds,2026-02-19,123936735.11,0.00,98.18,99.54,-1725593.50,-1.37,125662328.61,125662328.61,125556632.63,105695.98,-2.75
QYE++ Mutual Funds,2026-02-19,123936735.11,0.00,98.18,99.54,-1725593.50,-1.37,125662328.61,125662328.61,125556632.63,105695.98,-2.75
QYE++ Equity Mutual Funds,2026-02-19,123936735.11,0.00,98.18,99.54,-1725593.50,-1.37,125662328.61,125662328.61,125556632.63,105695.98,-2.75
Equity Mutual Funds,2026-02-19,123936735.11,0.00,98.18,99.54,-1725593.50,-1.37,125662328.61,125662328.61,125556632.63,105695.98,-2.75
Mutual Funds,2026-02-19,123936735.11,0.00,98.18,99.54,-1725593.50,-1.37,125662328.61,125662328.61,125556632.63,105695.98,-2.75
QYE++ Miscellaneous P&L,2026-02-19,0.00,0.00,100.00,100.00,0.00,0.00,0.00,0.00,0.00,0.00,0.00
Miscellaneous P&L,2026-02-19,0.00,0.00,100.00,100.00,0.00,0.00,0.00,0.00,0.00,0.00,0.00
QYE++ Equity Holdings Tax,2026-02-19,0.00,1848.10,100.00,100.00,0.00,0.00,0.00,-1848.10,0.00,-1848.10,0.00
QAW++ Equity Holdings Tax,2026-02-19,0.00,0.00,100.00,100.00,0.00,0.00,0.00,0.00,0.00,0.00,0.00
Equity Holdings Tax,2026-02-19,0.00,1848.10,100.00,100.00,0.00,0.00,0.00,-1848.10,0.00,0.00,0.00
QYE++ Total Tax,2026-02-19,-14821.00,6420.67,100.00,100.00,-14821.00,0.00,0.00,-6420.67,0.00,0.00,0.00
Total Tax,2026-02-19,-14821.00,6420.67,100.00,100.00,-14821.00,0.00,0.00,-6420.67,0.00,0.00,0.00
QYE++ F&O Tax,2026-02-19,-14821.00,4572.57,100.00,100.00,-14821.00,0.00,0.00,-4572.57,0.00,0.00,0.00
F&O Tax,2026-02-19,-14821.00,4572.57,100.00,100.00,-14821.00,0.00,0.00,-4572.57,0.00,0.00,0.00
Equity Intraday Tax,2026-02-19,0.00,0.00,100.00,100.00,0.00,0.00,0.00,0.00,0.00,0.00,0.00
MCX Tax,2026-02-19,0.00,0.00,100.00,100.00,0.00,0.00,0.00,0.00,0.00,0.00,0.00
QYE++ Total Other Debits and Credits,2026-02-19,0.00,0.00,100.00,100.00,0.00,0.00,0.00,0.00,0.00,0.00,0.00
Total Other Debits and Credits,2026-02-19,0.00,0.00,100.00,100.00,0.00,0.00,0.00,0.00,0.00,0.00,0.00
QYE++ Equity Other Debits and Credits,2026-02-19,0.00,0.00,100.00,100.00,0.00,0.00,0.00,0.00,0.00,0.00,0.00
Equity Other Debits and Credits,2026-02-19,0.00,0.00,100.00,100.00,0.00,0.00,0.00,0.00,0.00,0.00,0.00
QYE++ NPSAR,2026-02-19,24012817.35,-245873.57,99.34,99.13,206577.64,0.22,95224958.83,24052113.27,95850239.91,89553.29,-1.33
NPSAR,2026-02-19,24012817.35,-245873.57,99.34,99.13,206577.64,0.22,95224958.83,24052113.27,95850239.91,89553.29,-1.33
QYE++ SPSAR,2026-02-19,24053739.15,-309819.21,101.01,100.75,247499.44,0.26,95224958.83,24116058.89,95850239.91,153498.91,0.00
SPSAR,2026-02-19,24053739.15,-309819.21,101.01,100.75,247499.44,0.26,95224958.83,24116058.89,95850239.91,153498.91,0.00
QYE++ NLONG,2026-02-19,1246689.06,-17063.49,110.33,108.91,1246689.06,1.31,95224958.40,17063.49,95850239.52,17063.49,-0.30
NLONG,2026-02-19,1246689.06,-17063.49,110.33,108.91,1246689.06,1.31,95224958.40,17063.49,95850239.52,17063.49,-0.30
QYE++ SLONG,2026-02-19,3122611.56,-19863.55,107.36,103.95,3122611.56,3.28,95224958.40,19863.55,95850239.52,19863.55,0.00
SLONG,2026-02-19,3122611.56,-19863.55,107.36,103.95,3122611.56,3.28,95224958.40,19863.55,95850239.52,19863.55,0.00
QYE++ PSAR,2026-02-19,48066556.50,-555692.79,100.17,99.93,454077.08,0.24,190449917.66,48168172.16,191700479.82,243052.20,-0.61
PSAR,2026-02-19,48066556.50,-555692.79,100.17,99.93,454077.08,0.24,190449917.66,48168172.16,191700479.82,243052.20,-0.61
QYE++ LONG,2026-02-19,4369300.62,-36927.04,108.86,106.41,4369300.62,2.29,190449916.80,36927.04,191700479.04,36927.04,0.00
LONG,2026-02-19,4369300.62,-36927.04,108.86,106.41,4369300.62,2.29,190449916.80,36927.04,191700479.04,36927.04,0.00
QYE++ Total Portfolio Value,2026-02-19,52421036.11,-588047.26,108.90,106.22,4808556.70,2.52,190449917.00,48200526.62,191700479.00,275406.67,0.00
Total Portfolio Value,2026-02-19,52421036.11,-588047.26,108.94,106.26,4808556.70,2.52,190449917.00,48200526.62,191700479.00,275406.67,0.00
QYE++ Zerodha Total Portfolio,2026-02-19,194027727.16,0.00,107.58,105.87,3082963.20,1.61,190944763.96,190944763.96,190560813.09,383950.87,0.00
Zerodha Total Portfolio,2026-02-19,194027727.16,0.00,107.58,105.87,3082963.20,1.61,190944763.96,190944763.96,190560813.09,383950.87,0.00
NPSAR1,2026-02-20,1361106.69,-19572.19,99.60,99.68,-4192.50,-0.08,5461196.77,1384871.38,5290275.51,62302.50,-4.41
NPSAR10,2026-02-20,2991293.63,57767.28,105.43,106.13,-80629.53,-0.66,12287692.62,3014155.87,11903119.81,38375.92,-0.66
NPSAR11,2026-02-20,3050867.39,36493.41,100.70,100.87,-21055.77,-0.17,12287692.62,3035429.74,11903119.81,59649.79,-0.17
NPSAR12,2026-02-20,3059603.01,31565.22,99.13,99.23,-12320.15,-0.10,12287692.62,3040357.93,11903119.81,64577.98,-3.01
NPSAR13,2026-02-20,3086244.16,21155.16,101.13,101.01,14321.00,0.12,12287692.62,3050767.99,11903119.81,74988.04,-1.27
NPSAR2,2026-02-20,1361106.69,-19572.19,96.05,96.12,-4192.50,-0.08,5461196.77,1384871.38,5290275.51,62302.50,-5.83
NPSAR3,2026-02-20,1361106.69,-19572.19,102.04,102.12,-4192.50,-0.08,5461196.77,1384871.38,5290275.51,62302.50,-0.22
NPSAR4,2026-02-20,1348158.69,134534.66,96.12,96.42,-17140.50,-0.31,5461196.77,1230764.53,5290275.51,-91804.35,-3.88
NPSAR5,2026-02-20,1351532.19,79813.64,91.50,91.73,-13767.00,-0.25,5461196.77,1285485.55,5290275.51,-37083.33,-8.50
NPSAR6,2026-02-20,1354769.19,67294.05,95.14,95.32,-10530.00,-0.19,5461196.77,1298005.14,5290275.51,-24563.74,-6.23
NPSAR7,2026-02-20,1354769.19,69809.40,98.27,98.46,-10530.00,-0.19,5461196.77,1295489.79,5290275.51,-27079.09,-2.89
NPSAR8,2026-02-20,1354769.19,61425.85,94.28,94.46,-10530.00,-0.19,5461196.77,1303873.34,5290275.51,-18695.54,-5.72
NPSAR9,2026-02-20,1354769.19,61425.85,97.60,97.79,-10530.00,-0.19,5461196.77,1303873.34,5290275.51,-18695.54,-2.40
SPSAR1,2026-02-20,1344755.19,-87870.94,102.33,102.72,-20544.00,-0.38,5461196.77,1453170.13,5290275.51,130601.25,-0.92
SPSAR10,2026-02-20,2922553.78,38897.81,107.10,108.42,-149369.38,-1.22,12287692.62,3033025.34,11903119.81,57245.39,-1.22
SPSAR11,2026-02-20,2974875.85,47388.90,103.94,104.77,-97047.31,-0.79,12287692.62,3024534.25,11903119.81,48754.30,-0.79
SPSAR12,2026-02-20,2971128.40,51553.65,101.87,102.71,-100794.76,-0.82,12287692.62,3020369.50,11903119.81,44589.55,-0.82
SPSAR13,2026-02-20,2939295.64,45484.54,101.35,102.46,-132627.52,-1.08,12287692.62,3026438.61,11903119.81,50658.66,-1.52
SPSAR2,2026-02-20,1344755.19,-59646.59,96.75,97.12,-20544.00,-0.38,5461196.77,1424945.78,5290275.51,102376.90,-5.26
SPSAR3,2026-02-20,1344755.19,265.82,100.66,101.04,-20544.00,-0.38,5461196.77,1365033.37,5290275.51,42464.49,-2.22
SPSAR4,2026-02-20,1342385.19,162762.68,95.70,96.10,-22914.00,-0.42,5461196.77,1202536.51,5290275.51,-120032.37,-4.41
SPSAR5,2026-02-20,1344755.19,94497.46,90.73,91.07,-20544.00,-0.38,5461196.77,1270801.73,5290275.51,-51767.15,-9.55
SPSAR6,2026-02-20,1344755.19,81931.09,96.41,96.77,-20544.00,-0.38,5461196.77,1283368.10,5290275.51,-39200.78,-5.59
SPSAR7,2026-02-20,1344755.19,56131.77,95.04,95.40,-20544.00,-0.38,5461196.77,1309167.42,5290275.51,-13401.46,-4.96
SPSAR8,2026-02-20,1344755.19,49679.62,97.62,97.99,-20544.00,-0.38,5461196.77,1315619.57,5290275.51,-6949.31,-2.38
SPSAR9,2026-02-20,1344755.19,40570.34,99.32,99.70,-20544.00,-0.38,5461196.77,1324728.85,5290275.51,2159.97,-0.68
NLONG1,2026-02-20,-13362.60,-90978.18,108.65,109.01,-13362.60,-0.33,4095897.54,90978.18,3967706.60,90978.18,-0.33
NLONG10,2026-02-20,-21192.41,-71802.63,111.10,111.68,-21192.41,-0.52,4095897.54,71802.63,3967706.60,71802.63,-0.71
NLONG11,2026-02-20,-27998.67,-54051.59,116.46,117.26,-27998.67,-0.68,4095897.54,54051.59,3967706.60,54051.59,-0.89
NLONG12,2026-02-20,-19247.78,-54051.59,114.59,115.13,-19247.78,-0.47,4095897.54,54051.59,3967706.60,54051.59,-1.64
NLONG13,2026-02-20,-10193.33,-22807.02,105.30,105.56,-10193.33,-0.25,4095897.54,22807.02,3967706.60,22807.02,-1.82
NLONG14,2026-02-20,-753.75,-21983.64,106.33,106.35,-753.75,-0.02,4095897.54,21983.64,3967706.60,21983.64,-1.78
NLONG15,2026-02-20,-11735.90,-22694.31,108.01,108.32,-11735.90,-0.29,4095897.54,22694.31,3967706.60,22694.31,-1.60
NLONG16,2026-02-20,-2665.90,-23471.36,107.89,107.96,-2665.90,-0.07,4095897.54,23471.36,3967706.60,23471.36,-1.89
NLONG17,2026-02-20,-10193.33,-25955.66,107.64,107.91,-10193.33,-0.25,4095897.54,25955.66,3967706.60,25955.66,-1.77
NLONG18,2026-02-20,-753.75,-28090.69,107.45,107.47,-753.75,-0.02,4095897.54,28090.69,3967706.60,28090.69,-1.65
NLONG19,2026-02-20,-11735.90,-25842.95,108.50,108.81,-11735.90,-0.29,4095897.54,25842.95,3967706.60,25842.95,-1.52
NLONG2,2026-02-20,-20201.20,-77726.01,97.41,97.89,-20201.20,-0.49,4095897.54,77726.01,3967706.60,77726.01,-3.11
NLONG20,2026-02-20,-2665.90,-29578.41,109.04,109.11,-2665.90,-0.07,4095897.54,29578.41,3967706.60,29578.41,-1.63
NLONG21,2026-02-20,-9279.68,-22777.09,109.74,109.99,-9279.68,-0.23,4095897.54,22777.09,3967706.60,22777.09,-0.95
NLONG22,2026-02-20,-753.75,-26736.12,110.23,110.25,-753.75,-0.02,4095897.54,26736.12,3967706.60,26736.12,-0.69
NLONG23,2026-02-20,-11304.31,-23995.99,114.35,114.67,-11304.31,-0.28,4095897.54,23995.99,3967706.60,23995.99,-0.71
NLONG24,2026-02-20,-2665.90,-30059.56,115.84,115.92,-2665.90,-0.07,4095897.54,30059.56,3967706.60,30059.56,-0.44
NLONG3,2026-02-20,-12147.82,-90978.18,112.21,112.54,-12147.82,-0.30,4095897.54,90978.18,3967706.60,90978.18,-0.29
NLONG4,2026-02-20,-22225.82,-77726.01,109.43,110.03,-22225.82,-0.54,4095897.54,77726.01,3967706.60,77726.01,-1.16
NLONG5,2026-02-20,-21733.42,-90978.18,112.63,113.23,-21733.42,-0.53,4095897.54,90978.18,3967706.60,90978.18,-0.53
NLONG6,2026-02-20,-20201.20,-77726.01,107.08,107.61,-20201.20,-0.49,4095897.54,77726.01,3967706.60,77726.01,-0.55
NLONG7,2026-02-20,-29603.41,-92240.92,114.73,115.57,-29603.41,-0.72,4095897.54,92240.92,3967706.60,92240.92,-0.73
NLONG8,2026-02-20,-23189.55,-92634.33,110.86,111.49,-23189.55,-0.57,4095897.54,92634.33,3967706.60,92634.33,-0.81
NLONG9,2026-02-20,-30505.69,-71802.63,113.82,114.67,-30505.69,-0.74,4095897.54,71802.63,3967706.60,71802.63,-0.74
SLONG1,2026-02-20,-13377.81,-104588.33,109.13,109.49,-13377.81,-0.33,4095897.54,104588.33,3967706.60,104588.33,-0.33
SLONG10,2026-02-20,-11741.13,-67103.23,104.74,105.04,-11741.13,-0.29,4095897.54,67103.23,3967706.60,67103.23,-0.29
SLONG11,2026-02-20,-6907.77,-189204.45,109.59,109.78,-6907.77,-0.17,4095897.54,189204.45,3967706.60,189204.45,-0.17
SLONG12,2026-02-20,-6102.38,-197100.33,106.66,106.82,-6102.38,-0.15,4095897.54,197100.33,3967706.60,197100.33,-0.15
SLONG13,2026-02-20,-12287.62,-27447.71,103.60,103.91,-12287.62,-0.30,4095897.54,27447.71,3967706.60,27447.71,-1.57
SLONG14,2026-02-20,-1952.38,-33360.71,104.34,104.39,-1952.38,-0.05,4095897.54,33360.71,3967706.60,33360.71,-1.41
SLONG15,2026-02-20,0.00,-84186.76,107.16,107.16,0.00,0.00,4095897.54,84186.76,3967706.60,84186.76,0.00
SLONG16,2026-02-20,0.00,28444.94,103.41,103.41,0.00,0.00,4095897.54,-28444.94,3967706.60,-28444.94,-2.75
SLONG17,2026-02-20,-12287.62,-30469.19,104.78,105.10,-12287.62,-0.30,4095897.54,30469.19,3967706.60,30469.19,-1.49
SLONG18,2026-02-20,-1952.38,-35867.51,104.78,104.83,-1952.38,-0.05,4095897.54,35867.51,3967706.60,35867.51,-1.28
SLONG19,2026-02-20,0.00,-133140.92,109.88,109.88,0.00,0.00,4095897.54,133140.92,3967706.60,133140.92,0.00
SLONG2,2026-02-20,-11154.52,-74525.24,96.40,96.66,-11154.52,-0.27,4095897.54,74525.24,3967706.60,74525.24,-4.61
SLONG20,2026-02-20,805.39,-130830.66,106.94,106.92,805.39,0.02,4095897.54,130830.66,3967706.60,130830.66,0.00
SLONG21,2026-02-20,-12188.55,-24700.06,106.23,106.55,-12188.55,-0.30,4095897.54,24700.06,3967706.60,24700.06,-0.57
SLONG22,2026-02-20,-2618.67,-30613.06,106.62,106.69,-2618.67,-0.06,4095897.54,30613.06,3967706.60,30613.06,-0.42
SLONG23,2026-02-20,0.00,-199558.28,112.63,112.63,0.00,0.00,4095897.54,199558.28,3967706.60,199558.28,0.00
SLONG24,2026-02-20,805.39,-224717.63,112.65,112.63,805.39,0.02,4095897.54,224717.63,3967706.60,224717.63,0.00
SLONG3,2026-02-20,87.86,-348726.80,109.70,109.70,87.86,0.00,4095897.54,348726.80,3967706.60,348726.80,0.00
SLONG4,2026-02-20,-9914.50,-263633.50,106.65,106.91,-9914.50,-0.24,4095897.54,263633.50,3967706.60,263633.50,-0.24
SLONG5,2026-02-20,-17126.82,-85184.55,109.52,109.98,-17126.82,-0.42,4095897.54,85184.55,3967706.60,85184.55,-0.42
SLONG6,2026-02-20,-11154.52,-74525.24,104.30,104.58,-11154.52,-0.27,4095897.54,74525.24,3967706.60,74525.24,-0.27
SLONG7,2026-02-20,-7135.29,-368125.24,110.50,110.69,-7135.29,-0.17,4095897.54,368125.24,3967706.60,368125.24,-0.17
SLONG8,2026-02-20,-7371.40,-356343.87,110.70,110.90,-7371.40,-0.18,4095897.54,356343.87,3967706.60,356343.87,-0.18
SLONG9,2026-02-20,-21750.94,-67103.23,111.18,111.77,-21750.94,-0.53,4095897.54,67103.23,3967706.60,67103.23,-0.53
Liquidcase Stock Holdings,2026-02-20,45972821.44,0.00,100.60,100.56,20370.80,0.04,45952450.64,45952450.64,45952450.64,0.00,0.00
QYE++ Liquidcase Stock Holdings,2026-02-20,45972821.44,0.00,100.60,100.56,20370.80,0.04,45952450.64,45952450.64,45952450.64,0.00,0.00
QYE++ Debt Stock Holdings,2026-02-20,45972821.44,0.00,100.60,100.56,20370.80,0.04,45952450.64,45952450.64,45952450.64,0.00,0.00
Debt Stock Holdings,2026-02-20,45972821.44,0.00,100.60,100.56,20370.80,0.04,45952450.64,45952450.64,45952450.64,0.00,0.00
QYE++ Stock Holdings,2026-02-20,45972821.44,0.00,100.60,100.56,20370.80,0.04,45952450.64,45952450.64,45952450.64,0.00,0.00
Stock Holdings,2026-02-20,45972821.44,0.00,100.60,100.56,20370.80,0.04,45952450.64,45952450.64,45952450.64,0.00,0.00
Small Cap Mutual Funds,2026-02-20,123738140.42,0.00,98.02,98.18,-198594.69,-0.16,123936735.11,123936735.11,125662328.61,-1725593.50,-2.91
QYE++ Small Cap Mutual Funds,2026-02-20,123738140.42,0.00,98.02,98.18,-198594.69,-0.16,123936735.11,123936735.11,125662328.61,-1725593.50,-2.91
QYE++ Mutual Funds,2026-02-20,123738140.42,0.00,98.02,98.18,-198594.69,-0.16,123936735.11,123936735.11,125662328.61,-1725593.50,-2.91
QYE++ Equity Mutual Funds,2026-02-20,123738140.42,0.00,98.02,98.18,-198594.69,-0.16,123936735.11,123936735.11,125662328.61,-1725593.50,-2.91
Equity Mutual Funds,2026-02-20,123738140.42,0.00,98.02,98.18,-198594.69,-0.16,123936735.11,123936735.11,125662328.61,-1725593.50,-2.91
Mutual Funds,2026-02-20,123738140.42,0.00,98.02,98.18,-198594.69,-0.16,123936735.11,123936735.11,125662328.61,-1725593.50,-2.91
QYE++ Miscellaneous P&L,2026-02-20,0.00,0.00,100.00,100.00,0.00,0.00,0.00,0.00,0.00,0.00,0.00
Miscellaneous P&L,2026-02-20,0.00,0.00,100.00,100.00,0.00,0.00,0.00,0.00,0.00,0.00,0.00
QYE++ Equity Holdings Tax,2026-02-20,0.00,0.00,100.00,100.00,0.00,0.00,0.00,0.00,0.00,0.00,0.00
QAW++ Equity Holdings Tax,2026-02-20,0.00,0.00,100.00,100.00,0.00,0.00,0.00,0.00,0.00,0.00,0.00
Equity Holdings Tax,2026-02-20,0.00,0.00,100.00,100.00,0.00,0.00,0.00,0.00,0.00,0.00,0.00
QYE++ Total Tax,2026-02-20,-11151.16,14821.00,100.00,100.00,-11151.16,0.00,0.00,-14821.00,0.00,0.00,0.00
Total Tax,2026-02-20,-11151.16,14821.00,100.00,100.00,-11151.16,0.00,0.00,-14821.00,0.00,0.00,0.00
QYE++ F&O Tax,2026-02-20,-11151.16,14821.00,100.00,100.00,-11151.16,0.00,0.00,-14821.00,0.00,0.00,0.00
F&O Tax,2026-02-20,-11151.16,14821.00,100.00,100.00,-11151.16,0.00,0.00,-14821.00,0.00,0.00,0.00
Equity Intraday Tax,2026-02-20,0.00,0.00,100.00,100.00,0.00,0.00,0.00,0.00,0.00,0.00,0.00
MCX Tax,2026-02-20,0.00,0.00,100.00,100.00,0.00,0.00,0.00,0.00,0.00,0.00,0.00
QYE++ Total Other Debits and Credits,2026-02-20,0.00,0.00,100.00,100.00,0.00,0.00,0.00,0.00,0.00,0.00,0.00
Total Other Debits and Credits,2026-02-20,0.00,0.00,100.00,100.00,0.00,0.00,0.00,0.00,0.00,0.00,0.00
QYE++ Equity Other Debits and Credits,2026-02-20,0.00,0.00,100.00,100.00,0.00,0.00,0.00,0.00,0.00,0.00,0.00
Equity Other Debits and Credits,2026-02-20,0.00,0.00,100.00,100.00,0.00,0.00,0.00,0.00,0.00,0.00,0.00
QYE++ NPSAR,2026-02-20,24390095.90,562567.99,99.16,99.34,-185289.45,-0.19,98301541.41,24012817.35,95224958.83,206577.64,-1.52
NPSAR,2026-02-20,24390095.90,562567.99,99.16,99.34,-185289.45,-0.19,98301541.41,24012817.35,95224958.83,206577.64,-1.52
QYE++ SPSAR,2026-02-20,23908280.38,521646.19,100.32,101.01,-667104.97,-0.68,98301541.41,24053739.15,95224958.83,247499.44,-0.68
SPSAR,2026-02-20,23908280.38,521646.19,100.32,101.01,-667104.97,-0.68,98301541.41,24053739.15,95224958.83,247499.44,-0.68
QYE++ NLONG,2026-02-20,-336310.97,-1246689.06,109.95,110.33,-336310.97,-0.34,98301540.96,1246689.06,95224958.40,1246689.06,-0.64
NLONG,2026-02-20,-336310.97,-1246689.06,109.95,110.33,-336310.97,-0.34,98301540.96,1246689.06,95224958.40,1246689.06,-0.64
QYE++ SLONG,2026-02-20,-165325.66,-3122611.56,107.18,107.36,-165325.66,-0.17,98301540.96,3122611.56,95224958.40,3122611.56,-0.17
SLONG,2026-02-20,-165325.66,-3122611.56,107.18,107.36,-165325.66,-0.17,98301540.96,3122611.56,95224958.40,3122611.56,-0.17
QYE++ PSAR,2026-02-20,48298376.29,1084214.19,99.74,100.17,-852394.42,-0.43,196603082.82,48066556.50,190449917.66,454077.08,-1.04
PSAR,2026-02-20,48298376.29,1084214.19,99.74,100.17,-852394.42,-0.43,196603082.82,48066556.49,190449917.66,454077.08,-1.04
QYE++ LONG,2026-02-20,-501636.63,-4369300.62,108.58,108.86,-501636.63,-0.26,196603081.92,4369300.62,190449916.80,4369300.62,-0.26
LONG,2026-02-20,-501636.63,-4369300.62,108.58,108.86,-501636.63,-0.26,196603081.92,4369300.62,190449916.80,4369300.62,-0.26
QYE++ Total Portfolio Value,2026-02-20,47785588.50,-3270265.44,108.15,108.90,-1365182.21,-0.69,196603082.00,52421036.11,190449917.00,4808556.70,-0.69
Total Portfolio Value,2026-02-20,47785588.50,-3270265.44,108.19,108.94,-1365182.21,-0.69,196603082.00,52421036.11,190449917.00,4808556.70,-0.69
QYE++ Zerodha Total Portfolio,2026-02-20,192484321.06,0.00,106.72,107.58,-1543406.10,-0.80,194027727.16,194027727.16,190944763.96,3082963.20,-0.80
Zerodha Total Portfolio,2026-02-20,192484321.06,0.00,106.72,107.58,-1543406.10,-0.80,194027727.16,194027727.16,190944763.96,3082963.20,-0.80
NPSAR1,2026-02-23,1327711.38,-23060.31,99.41,99.60,-10335.00,-0.19,5352185.52,1361106.69,5461196.77,-4192.50,-4.60
NPSAR10,2026-02-23,3097086.83,19310.71,106.19,105.43,86482.50,0.72,12042417.31,2991293.62,12287692.62,-80629.53,0.00
NPSAR11,2026-02-23,3014213.51,-40263.05,100.73,100.70,3609.18,0.03,12042417.31,3050867.38,12287692.62,-21055.77,-0.14
NPSAR12,2026-02-23,3030921.81,-48998.67,99.30,99.13,20317.48,0.17,12042417.31,3059603.00,12287692.62,-12320.15,-2.85
NPSAR13,2026-02-23,2991829.24,-75639.83,100.97,101.13,-18775.09,-0.16,12042417.31,3086244.16,12287692.62,14321.00,-1.43
NPSAR2,2026-02-23,1327711.38,-23060.31,95.86,96.05,-10335.00,-0.19,5352185.52,1361106.69,5461196.77,-4192.50,-6.02
NPSAR3,2026-02-23,1300977.62,-23060.31,101.33,102.04,-37068.76,-0.69,5352185.52,1361106.69,5461196.77,-4192.50,-0.92
NPSAR4,2026-02-23,1313990.98,-10112.31,95.69,96.12,-24055.40,-0.45,5352185.52,1348158.69,5461196.77,-17140.50,-4.31
NPSAR5,2026-02-23,1285005.40,-13485.81,90.59,91.50,-53040.98,-0.99,5352185.52,1351532.19,5461196.77,-13767.00,-9.41
NPSAR6,2026-02-23,1289641.80,-16722.81,94.28,95.14,-48404.58,-0.90,5352185.52,1354769.19,5461196.77,-10530.00,-7.08
NPSAR7,2026-02-23,1302821.46,-16722.81,97.62,98.27,-35224.92,-0.66,5352185.52,1354769.19,5461196.77,-10530.00,-3.53
NPSAR8,2026-02-23,1321332.70,-16722.81,93.99,94.28,-16713.68,-0.31,5352185.52,1354769.19,5461196.77,-10530.00,-6.01
NPSAR9,2026-02-23,1347269.62,-16722.81,97.77,97.60,9223.24,0.17,5352185.52,1354769.19,5461196.77,-10530.00,-2.23
SPSAR1,2026-02-23,1313578.38,-6708.81,101.86,102.33,-24468.00,-0.46,5352185.52,1344755.19,5461196.77,-20544.00,-1.37
SPSAR10,2026-02-23,3086099.33,88050.55,107.77,107.10,75495.00,0.63,12042417.31,2922553.78,12287692.62,-149369.38,-0.60
SPSAR11,2026-02-23,3029624.12,35728.49,104.10,103.94,19019.79,0.16,12042417.31,2974875.84,12287692.62,-97047.31,-0.64
SPSAR12,2026-02-23,2923261.99,39475.93,101.13,101.87,-87342.34,-0.73,12042417.31,2971128.40,12287692.62,-100794.76,-1.54
SPSAR13,2026-02-23,2977493.64,71308.69,101.07,101.35,-33110.69,-0.27,12042417.31,2939295.64,12287692.62,-132627.52,-1.79
SPSAR2,2026-02-23,1313578.38,-6708.81,96.31,96.75,-24468.00,-0.46,5352185.52,1344755.19,5461196.77,-20544.00,-5.69
SPSAR3,2026-02-23,1313578.38,-6708.81,100.20,100.66,-24468.00,-0.46,5352185.52,1344755.19,5461196.77,-20544.00,-2.67
SPSAR4,2026-02-23,1313092.38,-4338.81,95.25,95.70,-24954.00,-0.47,5352185.52,1342385.19,5461196.77,-22914.00,-4.85
SPSAR5,2026-02-23,1309768.69,-6708.81,90.25,90.73,-28277.69,-0.53,5352185.52,1344755.19,5461196.77,-20544.00,-10.03
SPSAR6,2026-02-23,1283729.73,-6708.81,95.43,96.41,-54316.65,-1.01,5352185.52,1344755.19,5461196.77,-20544.00,-6.55
SPSAR7,2026-02-23,1295569.94,-6708.81,94.29,95.04,-42476.44,-0.79,5352185.52,1344755.19,5461196.77,-20544.00,-5.71
SPSAR8,2026-02-23,1295569.94,-6708.81,96.85,97.62,-42476.44,-0.79,5352185.52,1344755.19,5461196.77,-20544.00,-3.15
SPSAR9,2026-02-23,1314915.16,-6708.81,98.89,99.32,-23131.22,-0.43,5352185.52,1344755.19,5461196.77,-20544.00,-1.11
NLONG1,2026-02-23,16956.24,13362.60,109.11,108.65,16956.24,0.42,4014139.10,-13362.60,4095897.54,-13362.60,0.00
NLONG10,2026-02-23,24801.85,21192.41,111.79,111.10,24801.85,0.62,4014139.10,-21192.41,4095897.54,-21192.41,-0.10
NLONG11,2026-02-23,8516.64,27998.67,116.71,116.46,8516.64,0.21,4014139.10,-27998.67,4095897.54,-27998.67,-0.67
NLONG12,2026-02-23,27147.65,19247.78,115.36,114.59,27147.65,0.68,4014139.10,-19247.78,4095897.54,-19247.78,-0.98
NLONG13,2026-02-23,0.00,10193.33,105.30,105.30,0.00,0.00,4014139.10,-10193.33,4095897.54,-10193.33,-1.82
NLONG14,2026-02-23,-3586.55,753.75,106.23,106.33,-3586.55,-0.09,4014139.10,-753.75,4095897.54,-753.75,-1.88
NLONG15,2026-02-23,0.00,11735.90,108.01,108.01,0.00,0.00,4014139.10,-11735.90,4095897.54,-11735.90,-1.60
NLONG16,2026-02-23,-3586.55,2665.90,107.79,107.89,-3586.55,-0.09,4014139.10,-2665.90,4095897.54,-2665.90,-1.98
NLONG17,2026-02-23,0.00,10193.33,107.64,107.64,0.00,0.00,4014139.10,-10193.33,4095897.54,-10193.33,-1.77
NLONG18,2026-02-23,-3586.55,753.75,107.35,107.45,-3586.55,-0.09,4014139.10,-753.75,4095897.54,-753.75,-1.74
NLONG19,2026-02-23,0.00,11735.90,108.50,108.50,0.00,0.00,4014139.10,-11735.90,4095897.54,-11735.90,-1.52
NLONG2,2026-02-23,-11028.28,20201.20,97.14,97.41,-11028.28,-0.27,4014139.10,-20201.20,4095897.54,-20201.20,-3.38
NLONG20,2026-02-23,-3586.55,2665.90,108.94,109.04,-3586.55,-0.09,4014139.10,-2665.90,4095897.54,-2665.90,-1.72
NLONG21,2026-02-23,0.00,9279.68,109.74,109.74,0.00,0.00,4014139.10,-9279.68,4095897.54,-9279.68,-0.95
NLONG22,2026-02-23,-3586.55,753.75,110.13,110.23,-3586.55,-0.09,4014139.10,-753.75,4095897.54,-753.75,-0.78
NLONG23,2026-02-23,0.00,11304.31,114.35,114.35,0.00,0.00,4014139.10,-11304.31,4095897.54,-11304.31,-0.71
NLONG24,2026-02-23,-3586.55,2665.90,115.74,115.84,-3586.55,-0.09,4014139.10,-2665.90,4095897.54,-2665.90,-0.52
NLONG3,2026-02-23,9738.42,12147.82,112.48,112.21,9738.42,0.24,4014139.10,-12147.82,4095897.54,-12147.82,-0.05
NLONG4,2026-02-23,23269.41,22225.82,110.06,109.43,23269.41,0.58,4014139.10,-22225.82,4095897.54,-22225.82,-0.59
NLONG5,2026-02-23,14533.92,21733.42,113.04,112.63,14533.92,0.36,4014139.10,-21733.42,4095897.54,-21733.42,-0.17
NLONG6,2026-02-23,21258.73,20201.20,107.65,107.08,21258.73,0.53,4014139.10,-20201.20,4095897.54,-20201.20,-0.02
NLONG7,2026-02-23,8516.64,29603.41,114.97,114.73,8516.64,0.21,4014139.10,-29603.41,4095897.54,-29603.41,-0.52
NLONG8,2026-02-23,27147.65,23189.55,111.61,110.86,27147.65,0.68,4014139.10,-23189.55,4095897.54,-23189.55,-0.14
NLONG9,2026-02-23,14877.35,30505.69,114.24,113.82,14877.35,0.37,4014139.10,-30505.69,4095897.54,-30505.69,-0.37
SLONG1,2026-02-23,-4504.58,13377.81,109.01,109.13,-4504.58,-0.11,4014139.10,-13377.81,4095897.54,-13377.81,-0.44
SLONG10,2026-02-23,15659.43,11741.13,105.15,104.74,15659.43,0.39,4014139.10,-11741.13,4095897.54,-11741.13,0.00
SLONG11,2026-02-23,3801.57,6907.77,109.69,109.59,3801.57,0.09,4014139.10,-6907.77,4095897.54,-6907.77,-0.08
SLONG12,2026-02-23,16938.41,6102.38,107.11,106.66,16938.41,0.42,4014139.10,-6102.38,4095897.54,-6102.38,0.00
SLONG13,2026-02-23,0.00,12287.62,103.60,103.60,0.00,0.00,4014139.10,-12287.62,4095897.54,-12287.62,-1.57
SLONG14,2026-02-23,0.00,1952.38,104.34,104.34,0.00,0.00,4014139.10,-1952.38,4095897.54,-1952.38,-1.41
SLONG15,2026-02-23,0.00,0.00,107.16,107.16,0.00,0.00,4014139.10,0.00,4095897.54,0.00,0.00
SLONG16,2026-02-23,0.00,0.00,103.41,103.41,0.00,0.00,4014139.10,0.00,4095897.54,0.00,-2.75
SLONG17,2026-02-23,0.00,12287.62,104.78,104.78,0.00,0.00,4014139.10,-12287.62,4095897.54,-12287.62,-1.49
SLONG18,2026-02-23,0.00,1952.38,104.78,104.78,0.00,0.00,4014139.10,-1952.38,4095897.54,-1952.38,-1.28
SLONG19,2026-02-23,0.00,0.00,109.88,109.88,0.00,0.00,4014139.10,0.00,4095897.54,0.00,0.00
SLONG2,2026-02-23,15659.43,11154.52,96.78,96.40,15659.43,0.39,4014139.10,-11154.52,4095897.54,-11154.52,-4.24
SLONG20,2026-02-23,0.00,-805.39,106.94,106.94,0.00,0.00,4014139.10,805.39,4095897.54,805.39,0.00
SLONG21,2026-02-23,0.00,12188.55,106.23,106.23,0.00,0.00,4014139.10,-12188.55,4095897.54,-12188.55,-0.57
SLONG22,2026-02-23,0.00,2618.67,106.62,106.62,0.00,0.00,4014139.10,-2618.67,4095897.54,-2618.67,-0.42
SLONG23,2026-02-23,0.00,0.00,112.63,112.63,0.00,0.00,4014139.10,0.00,4095897.54,0.00,0.00
SLONG24,2026-02-23,0.00,-805.39,112.65,112.65,0.00,0.00,4014139.10,805.39,4095897.54,805.39,0.00
SLONG3,2026-02-23,6575.20,-87.86,109.88,109.70,6575.20,0.16,4014139.10,87.86,4095897.54,87.86,0.00
SLONG4,2026-02-23,16938.41,9914.50,107.10,106.65,16938.41,0.42,4014139.10,-9914.50,4095897.54,-9914.50,0.00
SLONG5,2026-02-23,11730.79,17126.82,109.84,109.52,11730.79,0.29,4014139.10,-17126.82,4095897.54,-17126.82,-0.13
SLONG6,2026-02-23,15659.43,11154.52,104.71,104.30,15659.43,0.39,4014139.10,-11154.52,4095897.54,-11154.52,0.00
SLONG7,2026-02-23,3801.57,7135.29,110.60,110.50,3801.57,0.09,4014139.10,-7135.29,4095897.54,-7135.29,-0.08
SLONG8,2026-02-23,16938.41,7371.40,111.17,110.70,16938.41,0.42,4014139.10,-7371.40,4095897.54,-7371.40,0.00
SLONG9,2026-02-23,9383.49,21750.94,111.44,111.18,9383.49,0.23,4014139.10,-21750.94,4095897.54,-21750.94,-0.30
Liquidcase Stock Holdings,2026-02-23,45980969.76,0.00,100.62,100.60,8148.32,0.02,45972821.44,45972821.44,45952450.64,20370.80,0.00
QYE++ Liquidcase Stock Holdings,2026-02-23,45980969.76,0.00,100.62,100.60,8148.32,0.02,45972821.44,45972821.44,45952450.64,20370.80,0.00
QYE++ Debt Stock Holdings,2026-02-23,45980969.76,0.00,100.62,100.60,8148.32,0.02,45972821.44,45972821.44,45952450.64,20370.80,0.00
Debt Stock Holdings,2026-02-23,45980969.76,0.00,100.62,100.60,8148.32,0.02,45972821.44,45972821.44,45952450.64,20370.80,0.00
QYE++ Stock Holdings,2026-02-23,45980969.76,0.00,100.62,100.60,8148.32,0.02,45972821.44,45972821.44,45952450.64,20370.80,0.00
Stock Holdings,2026-02-23,45980969.76,0.00,100.62,100.60,8148.32,0.02,45972821.44,45972821.44,45952450.64,20370.80,0.00
Small Cap Mutual Funds,2026-02-23,123988113.78,0.00,98.22,98.02,249973.36,0.20,123738140.42,123738140.42,123936735.11,-198594.69,-2.71
QYE++ Small Cap Mutual Funds,2026-02-23,123988113.78,0.00,98.22,98.02,249973.36,0.20,123738140.42,123738140.42,123936735.11,-198594.69,-2.71
QYE++ Mutual Funds,2026-02-23,123988113.78,0.00,98.22,98.02,249973.36,0.20,123738140.42,123738140.42,123936735.11,-198594.69,-2.71
QYE++ Equity Mutual Funds,2026-02-23,123988113.78,0.00,98.22,98.02,249973.36,0.20,123738140.42,123738140.42,123936735.11,-198594.69,-2.71
Equity Mutual Funds,2026-02-23,123988113.78,0.00,98.22,98.02,249973.36,0.20,123738140.42,123738140.42,123936735.11,-198594.69,-2.71
Mutual Funds,2026-02-23,123988113.78,0.00,98.22,98.02,249973.36,0.20,123738140.42,123738140.42,123936735.11,-198594.69,-2.71
QYE++ Miscellaneous P&L,2026-02-23,0.00,0.00,100.00,100.00,0.00,0.00,0.00,0.00,0.00,0.00,0.00
Miscellaneous P&L,2026-02-23,0.00,0.00,100.00,100.00,0.00,0.00,0.00,0.00,0.00,0.00,0.00
QYE++ Equity Holdings Tax,2026-02-23,0.00,0.00,100.00,100.00,0.00,0.00,0.00,0.00,0.00,0.00,0.00
QAW++ Equity Holdings Tax,2026-02-23,0.00,0.00,100.00,100.00,0.00,0.00,0.00,0.00,0.00,0.00,0.00
Equity Holdings Tax,2026-02-23,0.00,0.00,100.00,100.00,0.00,0.00,0.00,0.00,0.00,0.00,0.00
QYE++ Total Tax,2026-02-23,-8387.05,11151.16,100.00,100.00,-8387.05,0.00,0.00,-11151.16,0.00,0.00,0.00
Total Tax,2026-02-23,-8387.05,11151.16,100.00,100.00,-8387.05,0.00,0.00,-11151.16,0.00,0.00,0.00
QYE++ F&O Tax,2026-02-23,-8387.05,11151.16,100.00,100.00,-8387.05,0.00,0.00,-11151.16,0.00,0.00,0.00
F&O Tax,2026-02-23,-8387.05,11151.16,100.00,100.00,-8387.05,0.00,0.00,-11151.16,0.00,0.00,0.00
Equity Intraday Tax,2026-02-23,0.00,0.00,100.00,100.00,0.00,0.00,0.00,0.00,0.00,0.00,0.00
MCX Tax,2026-02-23,0.00,0.00,100.00,100.00,0.00,0.00,0.00,0.00,0.00,0.00,0.00
QYE++ Total Other Debits and Credits,2026-02-23,-35.40,0.00,100.00,100.00,-35.40,0.00,0.00,0.00,0.00,0.00,0.00
Total Other Debits and Credits,2026-02-23,-35.40,0.00,100.00,100.00,-35.40,0.00,0.00,0.00,0.00,0.00,0.00
QYE++ Equity Other Debits and Credits,2026-02-23,-35.40,0.00,100.00,100.00,-35.40,0.00,0.00,0.00,0.00,0.00,0.00
Equity Other Debits and Credits,2026-02-23,-35.40,0.00,100.00,100.00,-35.40,0.00,0.00,0.00,0.00,0.00,0.00
QYE++ NPSAR,2026-02-23,23950513.72,-305261.14,99.02,99.16,-134321.01,-0.14,96339338.92,24390095.90,98301541.41,-185289.45,-1.65
NPSAR,2026-02-23,23950513.72,-305261.14,99.02,99.16,-134321.01,-0.14,96339338.92,24390095.90,98301541.41,-185289.45,-1.65
QYE++ SPSAR,2026-02-23,23769860.05,176554.36,99.99,100.32,-314974.68,-0.33,96339338.92,23908280.38,98301541.41,-667104.97,-1.00
SPSAR,2026-02-23,23769860.05,176554.36,99.99,100.32,-314974.68,-0.33,96339338.92,23908280.38,98301541.41,-667104.97,-1.00
QYE++ NLONG,2026-02-23,164216.92,336310.97,110.14,109.95,164216.92,0.17,96339338.40,-336310.97,98301540.96,-336310.97,-0.47
NLONG,2026-02-23,164216.92,336310.97,110.14,109.95,164216.92,0.17,96339338.40,-336310.97,98301540.96,-336310.97,-0.47
QYE++ SLONG,2026-02-23,128581.56,165325.66,107.33,107.18,128581.56,0.13,96339338.40,-165325.66,98301540.96,-165325.66,-0.03
SLONG,2026-02-23,128581.56,165325.66,107.33,107.18,128581.56,0.13,96339338.40,-165325.66,98301540.96,-165325.66,-0.03
QYE++ PSAR,2026-02-23,47720373.77,-128706.78,99.51,99.74,-449295.69,-0.23,192678677.84,48298376.29,196603082.82,-852394.42,-1.27
PSAR,2026-02-23,47720373.77,-128706.78,99.51,99.74,-449295.69,-0.23,192678677.84,48298376.28,196603082.82,-852394.42,-1.27
QYE++ LONG,2026-02-23,292798.48,501636.63,108.74,108.58,292798.48,0.15,192678676.80,-501636.63,196603081.92,-501636.63,-0.10
LONG,2026-02-23,292798.48,501636.63,108.74,108.58,292798.48,0.15,192678676.80,-501636.63,196603081.92,-501636.63,-0.10
QYE++ Total Portfolio Value,2026-02-23,48004785.20,384081.01,108.05,108.15,-164884.26,-0.09,192678677.00,47785588.50,196603082.00,-1365182.21,-0.78
Total Portfolio Value,2026-02-23,48004785.20,384081.01,108.09,108.19,-164884.26,-0.09,192678677.00,47785588.50,196603082.00,-1365182.21,-0.78
QYE++ Zerodha Total Portfolio,2026-02-23,192577523.08,0.00,106.77,106.72,93202.02,0.05,192484321.06,192484321.06,194027727.16,-1543406.10,-0.75
Zerodha Total Portfolio,2026-02-23,192577523.08,0.00,106.77,106.72,93202.02,0.05,192484321.06,192484321.06,194027727.16,-1543406.10,-0.75
NPSAR1,2026-02-24,1347992.39,7568.06,99.65,99.41,12712.95,0.24,5341117.76,1327711.38,5352185.52,-10335.00,-4.37
NPSAR10,2026-02-24,3025463.92,-92708.11,106.38,106.19,21085.20,0.18,12017514.88,3097086.83,12042417.31,86482.50,0.00
NPSAR11,2026-02-24,3020691.15,-9834.79,100.87,100.73,16312.43,0.14,12017514.88,3014213.51,12042417.31,3609.18,0.00
NPSAR12,2026-02-24,3015730.47,-26543.09,99.39,99.30,11351.75,0.09,12017514.88,3030921.81,12042417.31,20317.48,-2.76
NPSAR13,2026-02-24,3013838.63,12549.48,101.05,100.97,9459.91,0.08,12017514.88,2991829.24,12042417.31,-18775.09,-1.35
NPSAR2,2026-02-24,1347615.46,7568.06,96.08,95.86,12336.02,0.23,5341117.76,1327711.38,5352185.52,-10335.00,-5.80
NPSAR3,2026-02-24,1302648.41,34301.82,100.71,101.33,-32631.03,-0.61,5341117.76,1300977.62,5352185.52,-37068.76,-1.53
NPSAR4,2026-02-24,1279460.42,21288.46,94.69,95.69,-55819.02,-1.05,5341117.76,1313990.98,5352185.52,-24055.40,-5.31
NPSAR5,2026-02-24,1308908.63,50274.04,90.14,90.59,-26370.81,-0.49,5341117.76,1285005.40,5352185.52,-53040.98,-9.86
NPSAR6,2026-02-24,1317590.37,45637.64,93.97,94.28,-17689.07,-0.33,5341117.76,1289641.80,5352185.52,-48404.58,-7.38
NPSAR7,2026-02-24,1318703.11,32457.98,97.32,97.62,-16576.33,-0.31,5341117.76,1302821.46,5352185.52,-35224.92,-3.82
NPSAR8,2026-02-24,1319400.54,13946.74,93.71,93.99,-15878.90,-0.30,5341117.76,1321332.70,5352185.52,-16713.68,-6.29
NPSAR9,2026-02-24,1323148.87,-11990.18,97.55,97.77,-12130.57,-0.23,5341117.76,1347269.62,5352185.52,9223.24,-2.45
SPSAR1,2026-02-24,1360100.31,21701.06,102.33,101.86,24820.87,0.46,5341117.76,1313578.38,5352185.52,-24468.00,-0.92
SPSAR10,2026-02-24,3022508.91,-81720.61,107.93,107.77,18130.19,0.15,12017514.88,3086099.33,12042417.31,75495.00,-0.45
SPSAR11,2026-02-24,3022508.91,-25245.40,104.26,104.10,18130.19,0.15,12017514.88,3029624.12,12042417.31,19019.79,-0.49
SPSAR12,2026-02-24,3062294.08,81116.73,101.62,101.13,57915.36,0.48,12017514.88,2923261.99,12042417.31,-87342.34,-1.06
SPSAR13,2026-02-24,3062294.08,26885.08,101.56,101.07,57915.36,0.48,12017514.88,2977493.64,12042417.31,-33110.69,-1.31
SPSAR2,2026-02-24,1360100.31,21701.06,96.76,96.31,24820.87,0.46,5341117.76,1313578.38,5352185.52,-24468.00,-5.25
SPSAR3,2026-02-24,1360100.31,21701.06,100.67,100.20,24820.87,0.46,5341117.76,1313578.38,5352185.52,-24468.00,-2.21
SPSAR4,2026-02-24,1360100.31,22187.06,95.69,95.25,24820.87,0.46,5341117.76,1313092.38,5352185.52,-24954.00,-4.42
SPSAR5,2026-02-24,1289979.40,25510.75,89.48,90.25,-45300.04,-0.85,5341117.76,1309768.69,5352185.52,-28277.69,-10.80
SPSAR6,2026-02-24,1312694.78,51549.71,95.03,95.43,-22584.66,-0.42,5341117.76,1283729.73,5352185.52,-54316.65,-6.94
SPSAR7,2026-02-24,1312694.78,39709.50,93.89,94.29,-22584.66,-0.42,5341117.76,1295569.94,5352185.52,-42476.44,-6.11
SPSAR8,2026-02-24,1317253.54,39709.50,96.52,96.85,-18025.90,-0.34,5341117.76,1295569.94,5352185.52,-42476.44,-3.48
SPSAR9,2026-02-24,1317253.54,20364.28,98.56,98.89,-18025.90,-0.34,5341117.76,1314915.16,5352185.52,-23131.22,-1.44
NLONG1,2026-02-24,1805.43,-16956.24,109.16,109.11,1805.43,0.05,4005838.29,16956.24,4014139.10,16956.24,0.00
NLONG10,2026-02-24,-5438.25,-24801.85,111.64,111.79,-5438.25,-0.14,4005838.29,24801.85,4014139.10,24801.85,-0.23
NLONG11,2026-02-24,-2856.59,-8516.64,116.63,116.71,-2856.59,-0.07,4005838.29,8516.64,4014139.10,8516.64,-0.74
NLONG12,2026-02-24,-19372.53,-27147.65,114.80,115.36,-19372.53,-0.48,4005838.29,27147.65,4014139.10,27147.65,-1.46
NLONG13,2026-02-24,-15085.91,0.00,104.90,105.30,-15085.91,-0.38,4005838.29,0.00,4014139.10,0.00,-2.19
NLONG14,2026-02-24,-15085.91,3586.55,105.83,106.23,-15085.91,-0.38,4005838.29,-3586.55,4014139.10,-3586.55,-2.24
NLONG15,2026-02-24,-59282.71,0.00,106.41,108.01,-59282.71,-1.48,4005838.29,0.00,4014139.10,0.00,-3.06
NLONG16,2026-02-24,-42238.57,3586.55,106.65,107.79,-42238.57,-1.05,4005838.29,-3586.55,4014139.10,-3586.55,-3.02
NLONG17,2026-02-24,-17632.13,0.00,107.17,107.64,-17632.13,-0.44,4005838.29,0.00,4014139.10,0.00,-2.20
NLONG18,2026-02-24,-17632.13,3586.55,106.88,107.35,-17632.13,-0.44,4005838.29,-3586.55,4014139.10,-3586.55,-2.17
NLONG19,2026-02-24,-65145.82,0.00,106.74,108.50,-65145.82,-1.63,4005838.29,0.00,4014139.10,0.00,-3.12
NLONG2,2026-02-24,-7439.25,11028.28,96.96,97.14,-7439.25,-0.19,4005838.29,-11028.28,4014139.10,-11028.28,-3.56
NLONG20,2026-02-24,-41611.56,3586.55,107.81,108.94,-41611.56,-1.04,4005838.29,-3586.55,4014139.10,-3586.55,-2.74
NLONG21,2026-02-24,-15537.37,0.00,109.31,109.74,-15537.37,-0.39,4005838.29,0.00,4014139.10,0.00,-1.34
NLONG22,2026-02-24,-15537.37,3586.55,109.70,110.13,-15537.37,-0.39,4005838.29,-3586.55,4014139.10,-3586.55,-1.17
NLONG23,2026-02-24,-56163.44,0.00,112.75,114.35,-56163.44,-1.40,4005838.29,0.00,4014139.10,0.00,-2.10
NLONG24,2026-02-24,-42372.61,3586.55,114.52,115.74,-42372.61,-1.06,4005838.29,-3586.55,4014139.10,-3586.55,-1.57
NLONG3,2026-02-24,20346.52,-9738.42,113.05,112.48,20346.52,0.51,4005838.29,9738.42,4014139.10,9738.42,0.00
NLONG4,2026-02-24,-40237.02,-23269.41,108.95,110.06,-40237.02,-1.00,4005838.29,23269.41,4014139.10,23269.41,-1.59
NLONG5,2026-02-24,53.78,-14533.92,113.04,113.04,53.78,0.00,4005838.29,14533.92,4014139.10,14533.92,-0.17
NLONG6,2026-02-24,-7439.25,-21258.73,107.45,107.65,-7439.25,-0.19,4005838.29,21258.73,4014139.10,21258.73,-0.20
NLONG7,2026-02-24,13169.81,-8516.64,115.35,114.97,13169.81,0.33,4005838.29,8516.64,4014139.10,8516.64,-0.19
NLONG8,2026-02-24,-19372.53,-27147.65,111.07,111.61,-19372.53,-0.48,4005838.29,27147.65,4014139.10,27147.65,-0.63
NLONG9,2026-02-24,2946.64,-14877.35,114.32,114.24,2946.64,0.07,4005838.29,14877.35,4014139.10,14877.35,-0.31
SLONG1,2026-02-24,18636.47,4504.58,109.52,109.01,18636.47,0.47,4005838.29,-4504.58,4014139.10,-4504.58,0.00
SLONG10,2026-02-24,3933.89,-15659.43,105.25,105.15,3933.89,0.10,4005838.29,15659.43,4014139.10,15659.43,0.00
SLONG11,2026-02-24,4405.07,-3801.57,109.81,109.69,4405.07,0.11,4005838.29,3801.57,4014139.10,3801.57,0.00
SLONG12,2026-02-24,4405.07,-16938.41,107.23,107.11,4405.07,0.11,4005838.29,16938.41,4014139.10,16938.41,0.00
SLONG13,2026-02-24,-15162.29,0.00,103.21,103.60,-15162.29,-0.38,4005838.29,0.00,4014139.10,0.00,-1.94
SLONG14,2026-02-24,-18276.83,0.00,103.86,104.34,-18276.83,-0.46,4005838.29,0.00,4014139.10,0.00,-1.86
SLONG15,2026-02-24,-15162.29,0.00,106.75,107.16,-15162.29,-0.38,4005838.29,0.00,4014139.10,0.00,-0.38
SLONG16,2026-02-24,-18276.83,0.00,102.94,103.41,-18276.83,-0.46,4005838.29,0.00,4014139.10,0.00,-3.19
SLONG17,2026-02-24,-14892.41,0.00,104.39,104.78,-14892.41,-0.37,4005838.29,0.00,4014139.10,0.00,-1.86
SLONG18,2026-02-24,-14892.41,0.00,104.39,104.78,-14892.41,-0.37,4005838.29,0.00,4014139.10,0.00,-1.65
SLONG19,2026-02-24,-22899.93,0.00,109.25,109.88,-22899.93,-0.57,4005838.29,0.00,4014139.10,0.00,-0.57
SLONG2,2026-02-24,-1924.84,-15659.43,96.73,96.78,-1924.84,-0.05,4005838.29,15659.43,4014139.10,15659.43,-4.28
SLONG20,2026-02-24,-22899.93,0.00,106.33,106.94,-22899.93,-0.57,4005838.29,0.00,4014139.10,0.00,-0.57
SLONG21,2026-02-24,-13398.85,0.00,105.87,106.23,-13398.85,-0.33,4005838.29,0.00,4014139.10,0.00,-0.91
SLONG22,2026-02-24,-13398.85,0.00,106.26,106.62,-13398.85,-0.33,4005838.29,0.00,4014139.10,0.00,-0.76
SLONG23,2026-02-24,-13855.43,0.00,112.24,112.63,-13855.43,-0.35,4005838.29,0.00,4014139.10,0.00,-0.35
SLONG24,2026-02-24,-13855.43,0.00,112.26,112.65,-13855.43,-0.35,4005838.29,0.00,4014139.10,0.00,-0.35
SLONG3,2026-02-24,12028.49,-6575.20,110.21,109.88,12028.49,0.30,4005838.29,6575.20,4014139.10,6575.20,0.00
SLONG4,2026-02-24,-1924.84,-16938.41,107.05,107.10,-1924.84,-0.05,4005838.29,16938.41,4014139.10,16938.41,-0.05
SLONG5,2026-02-24,7207.64,-11730.79,110.04,109.84,7207.64,0.18,4005838.29,11730.79,4014139.10,11730.79,0.00
SLONG6,2026-02-24,2680.29,-15659.43,104.78,104.71,2680.29,0.07,4005838.29,15659.43,4014139.10,15659.43,0.00
SLONG7,2026-02-24,4057.17,-3801.57,110.71,110.60,4057.17,0.10,4005838.29,3801.57,4014139.10,3801.57,0.00
SLONG8,2026-02-24,4057.17,-16938.41,111.28,111.17,4057.17,0.10,4005838.29,16938.41,4014139.10,16938.41,0.00
SLONG9,2026-02-24,21019.05,-9383.49,112.02,111.44,21019.05,0.52,4005838.29,9383.49,4014139.10,9383.49,0.00
Liquidcase Stock Holdings,2026-02-24,45980969.76,0.00,100.62,100.62,0.00,0.00,45980969.76,45980969.76,45972821.44,8148.32,0.00
QYE++ Liquidcase Stock Holdings,2026-02-24,45980969.76,0.00,100.62,100.62,0.00,0.00,45980969.76,45980969.76,45972821.44,8148.32,0.00
QYE++ Debt Stock Holdings,2026-02-24,45980969.76,0.00,100.62,100.62,0.00,0.00,45980969.76,45980969.76,45972821.44,8148.32,0.00
Debt Stock Holdings,2026-02-24,45980969.76,0.00,100.62,100.62,0.00,0.00,45980969.76,45980969.76,45972821.44,8148.32,0.00
QYE++ Stock Holdings,2026-02-24,45980969.76,0.00,100.62,100.62,0.00,0.00,45980969.76,45980969.76,45972821.44,8148.32,0.00
Stock Holdings,2026-02-24,45980969.76,0.00,100.62,100.62,0.00,0.00,45980969.76,45980969.76,45972821.44,8148.32,0.00
Small Cap Mutual Funds,2026-02-24,123303033.21,0.00,97.68,98.22,-685080.57,-0.55,123988113.78,123988113.78,123738140.42,249973.36,-3.25
QYE++ Small Cap Mutual Funds,2026-02-24,123303033.21,0.00,97.68,98.22,-685080.57,-0.55,123988113.78,123988113.78,123738140.42,249973.36,-3.25
QYE++ Mutual Funds,2026-02-24,123303033.21,0.00,97.68,98.22,-685080.57,-0.55,123988113.78,123988113.78,123738140.42,249973.36,-3.25
QYE++ Equity Mutual Funds,2026-02-24,123303033.21,0.00,97.68,98.22,-685080.57,-0.55,123988113.78,123988113.78,123738140.42,249973.36,-3.25
Equity Mutual Funds,2026-02-24,123303033.21,0.00,97.68,98.22,-685080.57,-0.55,123988113.78,123988113.78,123738140.42,249973.36,-3.25
Mutual Funds,2026-02-24,123303033.21,0.00,97.68,98.22,-685080.57,-0.55,123988113.78,123988113.78,123738140.42,249973.36,-3.25
QYE++ Miscellaneous P&L,2026-02-24,0.00,0.00,100.00,100.00,0.00,0.00,0.00,0.00,0.00,0.00,0.00
Miscellaneous P&L,2026-02-24,0.00,0.00,100.00,100.00,0.00,0.00,0.00,0.00,0.00,0.00,0.00
QYE++ Equity Holdings Tax,2026-02-24,0.00,0.00,100.00,100.00,0.00,0.00,0.00,0.00,0.00,0.00,0.00
QAW++ Equity Holdings Tax,2026-02-24,0.00,0.00,100.00,100.00,0.00,0.00,0.00,0.00,0.00,0.00,0.00
Equity Holdings Tax,2026-02-24,0.00,0.00,100.00,100.00,0.00,0.00,0.00,0.00,0.00,0.00,0.00
QYE++ Total Tax,2026-02-24,-10691.67,8387.05,100.00,100.00,-10691.67,0.00,0.00,-8387.05,0.00,0.00,0.00
Total Tax,2026-02-24,-10691.67,8387.05,100.00,100.00,-10691.67,0.00,0.00,-8387.05,0.00,0.00,0.00
QYE++ F&O Tax,2026-02-24,-10691.67,8387.05,100.00,100.00,-10691.67,0.00,0.00,-8387.05,0.00,0.00,0.00
F&O Tax,2026-02-24,-10691.67,8387.05,100.00,100.00,-10691.67,0.00,0.00,-8387.05,0.00,0.00,0.00
Equity Intraday Tax,2026-02-24,0.00,0.00,100.00,100.00,0.00,0.00,0.00,0.00,0.00,0.00,0.00
MCX Tax,2026-02-24,0.00,0.00,100.00,100.00,0.00,0.00,0.00,0.00,0.00,0.00,0.00
QYE++ Total Other Debits and Credits,2026-02-24,0.00,35.40,100.00,100.00,0.00,0.00,0.00,-35.40,0.00,-35.40,0.00
Total Other Debits and Credits,2026-02-24,0.00,35.40,100.00,100.00,0.00,0.00,0.00,-35.40,0.00,0.00,0.00
QYE++ Equity Other Debits and Credits,2026-02-24,0.00,35.40,100.00,100.00,0.00,0.00,0.00,-35.40,0.00,-35.40,0.00
Equity Other Debits and Credits,2026-02-24,0.00,35.40,100.00,100.00,0.00,0.00,0.00,-35.40,0.00,0.00,0.00
QYE++ NPSAR,2026-02-24,23941192.37,84516.11,98.92,99.02,-93837.47,-0.10,96140119.36,23950513.72,96339338.92,-134321.01,-1.75
NPSAR,2026-02-24,23941192.37,84516.11,98.92,99.02,-93837.47,-0.10,96140119.36,23950513.72,96339338.92,-134321.01,-1.75
QYE++ SPSAR,2026-02-24,24159883.26,265169.78,100.12,99.99,124853.42,0.13,96140119.36,23769860.05,96339338.92,-314974.68,-0.87
SPSAR,2026-02-24,24159883.26,265169.78,100.12,99.99,124853.42,0.13,96140119.36,23769860.05,96339338.92,-314974.68,-0.87
QYE++ NLONG,2026-02-24,-467158.77,-164216.92,109.61,110.14,-467158.77,-0.49,96140118.96,164216.92,96339338.40,164216.92,-0.95
NLONG,2026-02-24,-467158.77,-164216.92,109.61,110.14,-467158.77,-0.49,96140118.96,164216.92,96339338.40,164216.92,-0.95
QYE++ SLONG,2026-02-24,-118390.85,-128581.56,107.19,107.33,-118390.85,-0.12,96140118.96,128581.56,96339338.40,128581.56,-0.16
SLONG,2026-02-24,-118390.85,-128581.56,107.19,107.33,-118390.85,-0.12,96140118.96,128581.56,96339338.40,128581.56,-0.16
QYE++ PSAR,2026-02-24,48101075.63,349685.89,99.52,99.51,31015.95,0.02,192280238.72,47720373.77,192678677.84,-449295.69,-1.26
PSAR,2026-02-24,48101075.63,349685.89,99.52,99.51,31015.95,0.02,192280238.72,47720373.77,192678677.84,-449295.69,-1.26
QYE++ LONG,2026-02-24,-585549.62,-292798.48,108.41,108.74,-585549.62,-0.30,192280237.92,292798.48,192678676.80,292798.48,-0.41
LONG,2026-02-24,-585549.62,-292798.48,108.41,108.74,-585549.62,-0.30,192280237.92,292798.48,192678676.80,292798.48,-0.41
QYE++ Total Portfolio Value,2026-02-24,47504834.34,65274.46,107.74,108.05,-565225.34,-0.29,192280238.00,48004785.20,192678677.00,-164884.26,-1.07
Total Portfolio Value,2026-02-24,47504834.34,65274.46,107.78,108.09,-565225.34,-0.29,192280238.00,48004785.20,192678677.00,-164884.26,-1.06
QYE++ Zerodha Total Portfolio,2026-02-24,191327217.17,0.00,106.08,106.77,-1250305.91,-0.65,192577523.08,192577523.08,192484321.06,93202.02,-1.40
Zerodha Total Portfolio,2026-02-24,191327217.17,0.00,106.08,106.77,-1250305.91,-0.65,192577523.08,192577523.08,192484321.06,93202.02,-1.40
NPSAR1,2026-02-25,1350526.66,-12712.95,99.93,99.65,15247.22,0.29,5341117.76,1347992.39,5341117.76,12712.95,-4.10
NPSAR10,2026-02-25,2913188.93,-21085.20,105.57,106.38,-91189.79,-0.76,12017514.88,3025463.92,12017514.88,21085.20,-0.76
NPSAR11,2026-02-25,2933022.47,-16312.43,100.27,100.87,-71356.25,-0.59,12017514.88,3020691.15,12017514.88,16312.43,-0.59
NPSAR12,2026-02-25,2977175.32,-11351.75,99.17,99.39,-27203.40,-0.23,12017514.88,3015730.47,12017514.88,11351.75,-2.97
NPSAR13,2026-02-25,3000175.06,-9459.91,101.01,101.05,-4203.66,-0.03,12017514.88,3013838.63,12017514.88,9459.91,-1.39
NPSAR2,2026-02-25,1350526.66,-12336.02,96.35,96.08,15247.22,0.29,5341117.76,1347615.46,5341117.76,12336.02,-5.54
NPSAR3,2026-02-25,1350526.66,32631.03,101.00,100.71,15247.22,0.29,5341117.76,1302648.41,5341117.76,-32631.03,-1.24
NPSAR4,2026-02-25,1350526.66,55819.02,94.96,94.69,15247.22,0.29,5341117.76,1279460.42,5341117.76,-55819.02,-5.04
NPSAR5,2026-02-25,1350526.66,26370.81,90.40,90.14,15247.22,0.29,5341117.76,1308908.63,5341117.76,-26370.81,-9.60
NPSAR6,2026-02-25,1350526.66,17689.07,94.24,93.97,15247.22,0.29,5341117.76,1317590.37,5341117.76,-17689.07,-7.12
NPSAR7,2026-02-25,1350526.66,16576.33,97.60,97.32,15247.22,0.29,5341117.76,1318703.11,5341117.76,-16576.33,-3.55
NPSAR8,2026-02-25,1271652.94,15878.90,92.59,93.71,-63626.50,-1.19,5341117.76,1319400.54,5341117.76,-15878.90,-7.41
NPSAR9,2026-02-25,1271652.94,12130.57,96.39,97.55,-63626.50,-1.19,5341117.76,1323148.87,5341117.76,-12130.57,-3.61
SPSAR1,2026-02-25,1359145.13,-24820.87,102.79,102.33,23865.69,0.45,5341117.76,1360100.31,5341117.76,24820.87,-0.47
SPSAR10,2026-02-25,2868898.46,-18130.19,106.71,107.93,-135480.26,-1.13,12017514.88,3022508.91,12017514.88,18130.19,-1.58
SPSAR11,2026-02-25,2983055.94,-18130.19,104.08,104.26,-21322.78,-0.18,12017514.88,3022508.91,12017514.88,18130.19,-0.66
SPSAR12,2026-02-25,2993873.11,-57915.36,101.53,101.62,-10505.61,-0.09,12017514.88,3062294.08,12017514.88,57915.36,-1.15
SPSAR13,2026-02-25,2993873.11,-57915.36,101.47,101.56,-10505.61,-0.09,12017514.88,3062294.08,12017514.88,57915.36,-1.40
SPSAR2,2026-02-25,1359145.13,-24820.87,97.19,96.76,23865.69,0.45,5341117.76,1360100.31,5341117.76,24820.87,-4.83
SPSAR3,2026-02-25,1359145.13,-24820.87,101.12,100.67,23865.69,0.45,5341117.76,1360100.31,5341117.76,24820.87,-1.78
SPSAR4,2026-02-25,1359145.13,-24820.87,96.12,95.69,23865.69,0.45,5341117.76,1360100.31,5341117.76,24820.87,-3.99
SPSAR5,2026-02-25,1359145.13,45300.04,89.88,89.48,23865.69,0.45,5341117.76,1289979.40,5341117.76,-45300.04,-10.40
SPSAR6,2026-02-25,1359145.13,22584.66,95.45,95.03,23865.69,0.45,5341117.76,1312694.78,5341117.76,-22584.66,-6.53
SPSAR7,2026-02-25,1359145.13,22584.66,94.31,93.89,23865.69,0.45,5341117.76,1312694.78,5341117.76,-22584.66,-5.69
SPSAR8,2026-02-25,1359145.13,18025.90,96.95,96.52,23865.69,0.45,5341117.76,1317253.54,5341117.76,-18025.90,-3.05
SPSAR9,2026-02-25,1359145.13,18025.90,99.00,98.56,23865.69,0.45,5341117.76,1317253.54,5341117.76,-18025.90,-1.00
NLONG1,2026-02-25,-34282.50,-1805.43,108.23,109.16,-34282.50,-0.86,4005838.29,1805.43,4005838.29,1805.43,-0.85
NLONG10,2026-02-25,0.00,5438.25,111.64,111.64,0.00,0.00,4005838.29,-5438.25,4005838.29,-5438.25,-0.23
NLONG11,2026-02-25,0.00,2856.59,116.63,116.63,0.00,0.00,4005838.29,-2856.59,4005838.29,-2856.59,-0.74
NLONG12,2026-02-25,0.00,19372.53,114.80,114.80,0.00,0.00,4005838.29,-19372.53,4005838.29,-19372.53,-1.46
NLONG13,2026-02-25,2790.46,15085.91,104.97,104.90,2790.46,0.07,4005838.29,-15085.91,4005838.29,-15085.91,-2.13
NLONG14,2026-02-25,6013.69,15085.91,105.99,105.83,6013.69,0.15,4005838.29,-15085.91,4005838.29,-15085.91,-2.10
NLONG15,2026-02-25,2790.46,59282.71,106.48,106.41,2790.46,0.07,4005838.29,-59282.71,4005838.29,-59282.71,-3.00
NLONG16,2026-02-25,6013.69,42238.57,106.81,106.65,6013.69,0.15,4005838.29,-42238.57,4005838.29,-42238.57,-2.87
NLONG17,2026-02-25,-9306.16,17632.13,106.92,107.17,-9306.16,-0.23,4005838.29,-17632.13,4005838.29,-17632.13,-2.43
NLONG18,2026-02-25,-9306.16,17632.13,106.63,106.88,-9306.16,-0.23,4005838.29,-17632.13,4005838.29,-17632.13,-2.40
NLONG19,2026-02-25,-6319.93,65145.82,106.57,106.74,-6319.93,-0.16,4005838.29,-65145.82,4005838.29,-65145.82,-3.28
NLONG2,2026-02-25,0.00,7439.25,96.96,96.96,0.00,0.00,4005838.29,-7439.25,4005838.29,-7439.25,-3.56
NLONG20,2026-02-25,-6319.93,41611.56,107.64,107.81,-6319.93,-0.16,4005838.29,-41611.56,4005838.29,-41611.56,-2.90
NLONG21,2026-02-25,-7623.44,15537.37,109.10,109.31,-7623.44,-0.19,4005838.29,-15537.37,4005838.29,-15537.37,-1.53
NLONG22,2026-02-25,-7623.44,15537.37,109.49,109.70,-7623.44,-0.19,4005838.29,-15537.37,4005838.29,-15537.37,-1.36
NLONG23,2026-02-25,-5917.03,56163.44,112.58,112.75,-5917.03,-0.15,4005838.29,-56163.44,4005838.29,-56163.44,-2.25
NLONG24,2026-02-25,-5917.03,42372.61,114.35,114.52,-5917.03,-0.15,4005838.29,-42372.61,4005838.29,-42372.61,-1.72
NLONG3,2026-02-25,-34282.50,-20346.52,112.08,113.05,-34282.50,-0.86,4005838.29,20346.52,4005838.29,20346.52,-0.86
NLONG4,2026-02-25,0.00,40237.02,108.95,108.95,0.00,0.00,4005838.29,-40237.02,4005838.29,-40237.02,-1.59
NLONG5,2026-02-25,-30564.96,-53.78,112.18,113.04,-30564.96,-0.76,4005838.29,53.78,4005838.29,53.78,-0.93
NLONG6,2026-02-25,0.00,7439.25,107.45,107.45,0.00,0.00,4005838.29,-7439.25,4005838.29,-7439.25,-0.20
NLONG7,2026-02-25,0.00,-13169.81,115.35,115.35,0.00,0.00,4005838.29,13169.81,4005838.29,13169.81,-0.19
NLONG8,2026-02-25,0.00,19372.53,111.07,111.07,0.00,0.00,4005838.29,-19372.53,4005838.29,-19372.53,-0.63
NLONG9,2026-02-25,0.00,-2946.64,114.32,114.32,0.00,0.00,4005838.29,2946.64,4005838.29,2946.64,-0.31
SLONG1,2026-02-25,-49857.67,-18636.47,108.16,109.52,-49857.67,-1.24,4005838.29,18636.47,4005838.29,18636.47,-1.24
SLONG10,2026-02-25,-16457.92,-3933.89,104.82,105.25,-16457.92,-0.41,4005838.29,3933.89,4005838.29,3933.89,-0.41
SLONG11,2026-02-25,0.00,-4405.07,109.81,109.81,0.00,0.00,4005838.29,4405.07,4005838.29,4405.07,0.00
SLONG12,2026-02-25,-16457.92,-4405.07,106.79,107.23,-16457.92,-0.41,4005838.29,4405.07,4005838.29,4405.07,-0.41
SLONG13,2026-02-25,6790.83,15162.29,103.38,103.21,6790.83,0.17,4005838.29,-15162.29,4005838.29,-15162.29,-1.78
SLONG14,2026-02-25,6790.83,18276.83,104.04,103.86,6790.83,0.17,4005838.29,-18276.83,4005838.29,-18276.83,-1.69
SLONG15,2026-02-25,6790.83,15162.29,106.93,106.75,6790.83,0.17,4005838.29,-15162.29,4005838.29,-15162.29,-0.21
SLONG16,2026-02-25,6790.83,18276.83,103.11,102.94,6790.83,0.17,4005838.29,-18276.83,4005838.29,-18276.83,-3.03
SLONG17,2026-02-25,-12326.08,14892.41,104.07,104.39,-12326.08,-0.31,4005838.29,-14892.41,4005838.29,-14892.41,-2.16
SLONG18,2026-02-25,-12326.08,14892.41,104.07,104.39,-12326.08,-0.31,4005838.29,-14892.41,4005838.29,-14892.41,-1.95
SLONG19,2026-02-25,-8752.82,22899.93,109.01,109.25,-8752.82,-0.22,4005838.29,-22899.93,4005838.29,-22899.93,-0.79
SLONG2,2026-02-25,-16457.92,1924.84,96.33,96.73,-16457.92,-0.41,4005838.29,-1924.84,4005838.29,-1924.84,-4.68
SLONG20,2026-02-25,-8752.82,22899.93,106.10,106.33,-8752.82,-0.22,4005838.29,-22899.93,4005838.29,-22899.93,-0.79
SLONG21,2026-02-25,-12841.11,13398.85,105.53,105.87,-12841.11,-0.32,4005838.29,-13398.85,4005838.29,-13398.85,-1.23
SLONG22,2026-02-25,-12841.11,13398.85,105.92,106.26,-12841.11,-0.32,4005838.29,-13398.85,4005838.29,-13398.85,-1.07
SLONG23,2026-02-25,-10115.85,13855.43,111.96,112.24,-10115.85,-0.25,4005838.29,-13855.43,4005838.29,-13855.43,-0.59
SLONG24,2026-02-25,-10115.85,13855.43,111.98,112.26,-10115.85,-0.25,4005838.29,-13855.43,4005838.29,-13855.43,-0.59
SLONG3,2026-02-25,-49857.67,-12028.49,108.84,110.21,-49857.67,-1.24,4005838.29,12028.49,4005838.29,12028.49,-1.24
SLONG4,2026-02-25,-16457.92,1924.84,106.61,107.05,-16457.92,-0.41,4005838.29,-1924.84,4005838.29,-1924.84,-0.46
SLONG5,2026-02-25,0.00,-7207.64,110.04,110.04,0.00,0.00,4005838.29,7207.64,4005838.29,7207.64,0.00
SLONG6,2026-02-25,-16457.92,-2680.29,104.35,104.78,-16457.92,-0.41,4005838.29,2680.29,4005838.29,2680.29,-0.41
SLONG7,2026-02-25,0.00,-4057.17,110.71,110.71,0.00,0.00,4005838.29,4057.17,4005838.29,4057.17,0.00
SLONG8,2026-02-25,-16457.92,-4057.17,110.82,111.28,-16457.92,-0.41,4005838.29,4057.17,4005838.29,4057.17,-0.41
SLONG9,2026-02-25,0.00,-21019.05,112.02,112.02,0.00,0.00,4005838.29,21019.05,4005838.29,21019.05,0.00
Liquidcase Stock Holdings,2026-02-25,45993192.24,0.00,100.65,100.62,12222.48,0.03,45980969.76,45980969.76,45980969.76,0.00,0.00
QYE++ Liquidcase Stock Holdings,2026-02-25,45993192.24,0.00,100.65,100.62,12222.48,0.03,45980969.76,45980969.76,45980969.76,0.00,0.00
QYE++ Debt Stock Holdings,2026-02-25,45993192.24,0.00,100.65,100.62,12222.48,0.03,45980969.76,45980969.76,45980969.76,0.00,0.00
Debt Stock Holdings,2026-02-25,45993192.24,0.00,100.65,100.62,12222.48,0.03,45980969.76,45980969.76,45980969.76,0.00,0.00
QYE++ Stock Holdings,2026-02-25,45993192.24,0.00,100.65,100.62,12222.48,0.03,45980969.76,45980969.76,45980969.76,0.00,0.00
Stock Holdings,2026-02-25,45993192.24,0.00,100.65,100.62,12222.48,0.03,45980969.76,45980969.76,45980969.76,0.00,0.00
Small Cap Mutual Funds,2026-02-25,123802505.96,0.00,98.08,97.68,499472.75,0.41,123303033.21,123303033.21,123988113.78,-685080.57,-2.85
QYE++ Small Cap Mutual Funds,2026-02-25,123802505.96,0.00,98.08,97.68,499472.75,0.41,123303033.21,123303033.21,123988113.78,-685080.57,-2.85
QYE++ Mutual Funds,2026-02-25,123802505.96,0.00,98.08,97.68,499472.75,0.41,123303033.21,123303033.21,123988113.78,-685080.57,-2.85
QYE++ Equity Mutual Funds,2026-02-25,123802505.96,0.00,98.08,97.68,499472.75,0.41,123303033.21,123303033.21,123988113.78,-685080.57,-2.85
Equity Mutual Funds,2026-02-25,123802505.96,0.00,98.08,97.68,499472.75,0.41,123303033.21,123303033.21,123988113.78,-685080.57,-2.85
Mutual Funds,2026-02-25,123802505.96,0.00,98.08,97.68,499472.75,0.41,123303033.21,123303033.21,123988113.78,-685080.57,-2.85
QYE++ Miscellaneous P&L,2026-02-25,0.00,0.00,100.00,100.00,0.00,0.00,0.00,0.00,0.00,0.00,0.00
Miscellaneous P&L,2026-02-25,0.00,0.00,100.00,100.00,0.00,0.00,0.00,0.00,0.00,0.00,0.00
QYE++ Equity Holdings Tax,2026-02-25,0.00,0.00,100.00,100.00,0.00,0.00,0.00,0.00,0.00,0.00,0.00
QAW++ Equity Holdings Tax,2026-02-25,0.00,0.00,100.00,100.00,0.00,0.00,0.00,0.00,0.00,0.00,0.00
Equity Holdings Tax,2026-02-25,0.00,0.00,100.00,100.00,0.00,0.00,0.00,0.00,0.00,0.00,0.00
QYE++ Total Tax,2026-02-25,-18236.86,10691.67,100.00,100.00,-18236.86,0.00,0.00,-10691.67,0.00,0.00,0.00
Total Tax,2026-02-25,-18236.86,10691.67,100.00,100.00,-18236.86,0.00,0.00,-10691.67,0.00,0.00,0.00
QYE++ F&O Tax,2026-02-25,-18236.86,10691.67,100.00,100.00,-18236.86,0.00,0.00,-10691.67,0.00,0.00,0.00
F&O Tax,2026-02-25,-18236.86,10691.67,100.00,100.00,-18236.86,0.00,0.00,-10691.67,0.00,0.00,0.00
Equity Intraday Tax,2026-02-25,0.00,0.00,100.00,100.00,0.00,0.00,0.00,0.00,0.00,0.00,0.00
MCX Tax,2026-02-25,0.00,0.00,100.00,100.00,0.00,0.00,0.00,0.00,0.00,0.00,0.00
QYE++ Total Other Debits and Credits,2026-02-25,0.00,0.00,100.00,100.00,0.00,0.00,0.00,0.00,0.00,0.00,0.00
Total Other Debits and Credits,2026-02-25,0.00,0.00,100.00,100.00,0.00,0.00,0.00,0.00,0.00,0.00,0.00
QYE++ Equity Other Debits and Credits,2026-02-25,0.00,0.00,100.00,100.00,0.00,0.00,0.00,0.00,0.00,0.00,0.00
Equity Other Debits and Credits,2026-02-25,0.00,0.00,100.00,100.00,0.00,0.00,0.00,0.00,0.00,0.00,0.00
QYE++ NPSAR,2026-02-25,23820554.28,93837.47,98.70,98.92,-214475.56,-0.22,96140119.36,23941192.37,96140119.36,-93837.47,-1.97
NPSAR,2026-02-25,23820554.28,93837.47,98.70,98.92,-214475.56,-0.22,96140119.36,23941192.37,96140119.36,-93837.47,-1.97
QYE++ SPSAR,2026-02-25,24072006.79,-124853.42,100.16,100.12,36976.95,0.04,96140119.36,24159883.26,96140119.36,124853.42,-0.84
SPSAR,2026-02-25,24072006.79,-124853.42,100.16,100.12,36976.95,0.04,96140119.36,24159883.26,96140119.36,124853.42,-0.84
QYE++ NLONG,2026-02-25,-139854.78,467158.77,109.45,109.61,-139854.78,-0.15,96140118.96,-467158.77,96140118.96,-467158.77,-1.10
NLONG,2026-02-25,-139854.78,467158.77,109.45,109.61,-139854.78,-0.15,96140118.96,-467158.77,96140118.96,-467158.77,-1.10
QYE++ SLONG,2026-02-25,-259371.26,118390.85,106.90,107.19,-259371.26,-0.27,96140118.96,-118390.85,96140118.96,-118390.85,-0.43
SLONG,2026-02-25,-259371.26,118390.85,106.90,107.19,-259371.26,-0.27,96140118.96,-118390.85,96140118.96,-118390.85,-0.43
QYE++ PSAR,2026-02-25,47892561.07,-31015.95,99.43,99.52,-177498.61,-0.09,192280238.72,48101075.63,192280238.72,31015.95,-1.35
PSAR,2026-02-25,47892561.07,-31015.95,99.43,99.52,-177498.61,-0.09,192280238.72,48101075.63,192280238.72,31015.95,-1.35
QYE++ LONG,2026-02-25,-399226.04,585549.62,108.19,108.41,-399226.04,-0.21,192280237.92,-585549.62,192280237.92,-585549.62,-0.61
LONG,2026-02-25,-399226.04,585549.62,108.19,108.41,-399226.04,-0.21,192280237.92,-585549.62,192280237.92,-585549.62,-0.61
QYE++ Total Portfolio Value,2026-02-25,47475098.17,565225.34,107.40,107.74,-594961.51,-0.31,192280238.00,47504834.34,192280238.00,-565225.34,-1.38
Total Portfolio Value,2026-02-25,47475098.17,565225.34,107.45,107.78,-594961.51,-0.31,192280238.00,47504834.34,192280238.00,-565225.34,-1.37
QYE++ Zerodha Total Portfolio,2026-02-25,191243950.89,0.00,106.03,106.08,-83266.28,-0.04,191327217.17,191327217.17,192577523.08,-1250305.91,-1.43
Zerodha Total Portfolio,2026-02-25,191243950.89,0.00,106.03,106.08,-83266.28,-0.04,191327217.17,191327217.17,192577523.08,-1250305.91,-1.43
NPSAR1,2026-02-26,1341569.75,-19213.91,100.12,99.93,10257.00,0.19,5325250.99,1350526.66,5341117.76,15247.22,-3.92
NPSAR10,2026-02-26,2913542.64,82264.72,104.85,105.57,-81911.02,-0.68,11981814.62,2913188.93,12017514.88,-91189.79,-1.44
NPSAR11,2026-02-26,2913262.28,62431.18,99.58,100.27,-82191.38,-0.69,11981814.62,2933022.47,12017514.88,-71356.25,-1.28
NPSAR12,2026-02-26,2882342.37,18278.34,98.23,99.17,-113111.29,-0.94,11981814.62,2977175.32,12017514.88,-27203.40,-3.89
NPSAR13,2026-02-26,2969627.85,-4721.41,100.79,101.01,-25825.81,-0.22,11981814.62,3000175.06,12017514.88,-4203.66,-1.60
NPSAR2,2026-02-26,1341569.75,-19213.91,96.54,96.35,10257.00,0.19,5325250.99,1350526.66,5341117.76,15247.22,-5.35
NPSAR3,2026-02-26,1341569.75,-19213.91,101.19,101.00,10257.00,0.19,5325250.99,1350526.66,5341117.76,15247.22,-1.06
NPSAR4,2026-02-26,1341569.75,-19213.91,95.14,94.96,10257.00,0.19,5325250.99,1350526.66,5341117.76,15247.22,-4.86
NPSAR5,2026-02-26,1341569.75,-19213.91,90.57,90.40,10257.00,0.19,5325250.99,1350526.66,5341117.76,15247.22,-9.43
NPSAR6,2026-02-26,1341569.75,-19213.91,94.42,94.24,10257.00,0.19,5325250.99,1350526.66,5341117.76,15247.22,-6.94
NPSAR7,2026-02-26,1321989.63,-19213.91,97.43,97.60,-9323.12,-0.18,5325250.99,1350526.66,5341117.76,15247.22,-3.72
NPSAR8,2026-02-26,1320742.71,59659.81,92.41,92.59,-10570.04,-0.20,5325250.99,1271652.94,5341117.76,-63626.50,-7.59
NPSAR9,2026-02-26,1320662.86,59659.81,96.20,96.39,-10649.89,-0.20,5325250.99,1271652.94,5341117.76,-63626.50,-3.80
SPSAR1,2026-02-26,1345303.44,-27832.38,103.06,102.79,13990.69,0.26,5325250.99,1359145.13,5341117.76,23865.69,-0.21
SPSAR10,2026-02-26,3051639.57,126555.20,107.21,106.71,56185.91,0.47,11981814.62,2868898.46,12017514.88,-135480.26,-1.12
SPSAR11,2026-02-26,2892678.48,12397.71,103.19,104.08,-102775.18,-0.86,11981814.62,2983055.94,12017514.88,-21322.78,-1.51
SPSAR12,2026-02-26,2962864.99,1580.54,101.25,101.53,-32588.67,-0.27,11981814.62,2993873.11,12017514.88,-10505.61,-1.42
SPSAR13,2026-02-26,3007003.91,1580.54,101.57,101.47,11550.25,0.10,11981814.62,2993873.11,12017514.88,-10505.61,-1.30
SPSAR2,2026-02-26,1344270.81,-27832.38,97.43,97.19,12958.06,0.24,5325250.99,1359145.13,5341117.76,23865.69,-4.59
SPSAR3,2026-02-26,1347520.47,-27832.38,101.43,101.12,16207.72,0.30,5325250.99,1359145.13,5341117.76,23865.69,-1.48
SPSAR4,2026-02-26,1345428.81,-27832.38,96.37,96.12,14116.06,0.27,5325250.99,1359145.13,5341117.76,23865.69,-3.74
SPSAR5,2026-02-26,1345880.69,-27832.38,90.13,89.88,14567.94,0.27,5325250.99,1359145.13,5341117.76,23865.69,-10.15
SPSAR6,2026-02-26,1343420.37,-27832.38,95.67,95.45,12107.62,0.23,5325250.99,1359145.13,5341117.76,23865.69,-6.32
SPSAR7,2026-02-26,1345571.68,-27832.38,94.56,94.31,14258.93,0.27,5325250.99,1359145.13,5341117.76,23865.69,-5.44
SPSAR8,2026-02-26,1343587.35,-27832.38,97.17,96.95,12274.60,0.23,5325250.99,1359145.13,5341117.76,23865.69,-2.83
SPSAR9,2026-02-26,1344192.64,-27832.38,99.24,99.00,12879.89,0.24,5325250.99,1359145.13,5341117.76,23865.69,-0.76
NLONG1,2026-02-26,-21277.06,34282.50,107.65,108.23,-21277.06,-0.53,3993938.21,-34282.50,4005838.29,-34282.50,-1.38
NLONG10,2026-02-26,-18671.53,0.00,111.12,111.64,-18671.53,-0.47,3993938.21,0.00,4005838.29,0.00,-0.70
NLONG11,2026-02-26,-23167.53,0.00,115.95,116.63,-23167.53,-0.58,3993938.21,0.00,4005838.29,0.00,-1.32
NLONG12,2026-02-26,-18671.53,0.00,114.26,114.80,-18671.53,-0.47,3993938.21,0.00,4005838.29,0.00,-1.92
NLONG13,2026-02-26,-17379.90,-2790.46,104.51,104.97,-17379.90,-0.44,3993938.21,2790.46,4005838.29,2790.46,-2.55
NLONG14,2026-02-26,-15599.68,-6013.69,105.58,105.99,-15599.68,-0.39,3993938.21,6013.69,4005838.29,6013.69,-2.48
NLONG15,2026-02-26,-25402.17,-2790.46,105.80,106.48,-25402.17,-0.64,3993938.21,2790.46,4005838.29,2790.46,-3.62
NLONG16,2026-02-26,-19633.35,-6013.69,106.28,106.81,-19633.35,-0.49,3993938.21,6013.69,4005838.29,6013.69,-3.36
NLONG17,2026-02-26,-16096.35,9306.16,106.49,106.92,-16096.35,-0.40,3993938.21,-9306.16,4005838.29,-9306.16,-2.82
NLONG18,2026-02-26,-14361.19,9306.16,106.25,106.63,-14361.19,-0.36,3993938.21,-9306.16,4005838.29,-9306.16,-2.75
NLONG19,2026-02-26,-22879.22,6319.93,105.96,106.57,-22879.22,-0.57,3993938.21,-6319.93,4005838.29,-6319.93,-3.83
NLONG2,2026-02-26,-18671.53,0.00,96.51,96.96,-18671.53,-0.47,3993938.21,0.00,4005838.29,0.00,-4.01
NLONG20,2026-02-26,-17876.57,6319.93,107.16,107.64,-17876.57,-0.45,3993938.21,-6319.93,4005838.29,-6319.93,-3.33
NLONG21,2026-02-26,-16096.35,7623.44,108.66,109.10,-16096.35,-0.40,3993938.21,-7623.44,4005838.29,-7623.44,-1.92
NLONG22,2026-02-26,-14361.19,7623.44,109.10,109.49,-14361.19,-0.36,3993938.21,-7623.44,4005838.29,-7623.44,-1.71
NLONG23,2026-02-26,-22879.22,5917.03,111.94,112.58,-22879.22,-0.57,3993938.21,-5917.03,4005838.29,-5917.03,-2.80
NLONG24,2026-02-26,-17876.57,5917.03,113.84,114.35,-17876.57,-0.45,3993938.21,-5917.03,4005838.29,-5917.03,-2.16
NLONG3,2026-02-26,-16834.55,34282.50,111.61,112.08,-16834.55,-0.42,3993938.21,-34282.50,4005838.29,-34282.50,-1.27
NLONG4,2026-02-26,-18671.53,0.00,108.44,108.95,-18671.53,-0.47,3993938.21,0.00,4005838.29,0.00,-2.05
NLONG5,2026-02-26,-21277.06,30564.96,111.58,112.18,-21277.06,-0.53,3993938.21,-30564.96,4005838.29,-30564.96,-1.46
NLONG6,2026-02-26,-18671.53,0.00,106.95,107.45,-18671.53,-0.47,3993938.21,0.00,4005838.29,0.00,-0.67
NLONG7,2026-02-26,-23167.53,0.00,114.68,115.35,-23167.53,-0.58,3993938.21,0.00,4005838.29,0.00,-0.77
NLONG8,2026-02-26,-18671.53,0.00,110.55,111.07,-18671.53,-0.47,3993938.21,0.00,4005838.29,0.00,-1.09
NLONG9,2026-02-26,-23167.53,0.00,113.66,114.32,-23167.53,-0.58,3993938.21,0.00,4005838.29,0.00,-0.88
SLONG1,2026-02-26,-20807.96,49857.67,107.60,108.16,-20807.96,-0.52,3993938.21,-49857.67,4005838.29,-49857.67,-1.75
SLONG10,2026-02-26,-32514.86,16457.92,103.97,104.82,-32514.86,-0.81,3993938.21,-16457.92,4005838.29,-16457.92,-1.22
SLONG11,2026-02-26,-60879.54,0.00,108.14,109.81,-60879.54,-1.52,3993938.21,0.00,4005838.29,0.00,-1.52
SLONG12,2026-02-26,-63899.69,16457.92,105.08,106.79,-63899.69,-1.60,3993938.21,-16457.92,4005838.29,-16457.92,-2.01
SLONG13,2026-02-26,-32349.83,-6790.83,102.54,103.38,-32349.83,-0.81,3993938.21,6790.83,4005838.29,6790.83,-2.57
SLONG14,2026-02-26,-27294.19,-6790.83,103.33,104.04,-27294.19,-0.68,3993938.21,6790.83,4005838.29,6790.83,-2.36
SLONG15,2026-02-26,-44433.26,-6790.83,105.74,106.93,-44433.26,-1.11,3993938.21,6790.83,4005838.29,6790.83,-1.33
SLONG16,2026-02-26,-36544.71,-6790.83,102.17,103.11,-36544.71,-0.92,3993938.21,6790.83,4005838.29,6790.83,-3.91
SLONG17,2026-02-26,-27243.72,12326.08,103.36,104.07,-27243.72,-0.68,3993938.21,-12326.08,4005838.29,-12326.08,-2.83
SLONG18,2026-02-26,-22617.96,12326.08,103.48,104.07,-22617.96,-0.57,3993938.21,-12326.08,4005838.29,-12326.08,-2.51
SLONG19,2026-02-26,-35286.79,8752.82,108.05,109.01,-35286.79,-0.88,3993938.21,-8752.82,4005838.29,-8752.82,-1.67
SLONG2,2026-02-26,-32514.86,16457.92,95.55,96.33,-32514.86,-0.81,3993938.21,-16457.92,4005838.29,-16457.92,-5.45
SLONG20,2026-02-26,-30037.00,8752.82,105.30,106.10,-30037.00,-0.75,3993938.21,-8752.82,4005838.29,-8752.82,-1.53
SLONG21,2026-02-26,-29062.98,12841.11,104.76,105.53,-29062.98,-0.73,3993938.21,-12841.11,4005838.29,-12841.11,-1.95
SLONG22,2026-02-26,-24593.72,12841.11,105.27,105.92,-24593.72,-0.62,3993938.21,-12841.11,4005838.29,-12841.11,-1.68
SLONG23,2026-02-26,-36812.86,10115.85,110.93,111.96,-36812.86,-0.92,3993938.21,-10115.85,4005838.29,-10115.85,-1.51
SLONG24,2026-02-26,-31773.06,10115.85,111.09,111.98,-31773.06,-0.80,3993938.21,-10115.85,4005838.29,-10115.85,-1.38
SLONG3,2026-02-26,-60480.83,49857.67,107.19,108.84,-60480.83,-1.51,3993938.21,-49857.67,4005838.29,-49857.67,-2.74
SLONG4,2026-02-26,-64475.35,16457.92,104.89,106.61,-64475.35,-1.61,3993938.21,-16457.92,4005838.29,-16457.92,-2.06
SLONG5,2026-02-26,-18353.95,0.00,109.53,110.04,-18353.95,-0.46,3993938.21,0.00,4005838.29,0.00,-0.46
SLONG6,2026-02-26,-32514.86,16457.92,103.50,104.35,-32514.86,-0.81,3993938.21,-16457.92,4005838.29,-16457.92,-1.22
SLONG7,2026-02-26,-60879.54,0.00,109.02,110.71,-60879.54,-1.52,3993938.21,0.00,4005838.29,0.00,-1.53
SLONG8,2026-02-26,-64475.35,16457.92,109.03,110.82,-64475.35,-1.61,3993938.21,-16457.92,4005838.29,-16457.92,-2.02
SLONG9,2026-02-26,-18353.95,0.00,111.51,112.02,-18353.95,-0.46,3993938.21,0.00,4005838.29,0.00,-0.46
Liquidcase Stock Holdings,2026-02-26,45997266.40,0.00,100.66,100.65,4074.16,0.01,45993192.24,45993192.24,45980969.76,12222.48,0.00
QYE++ Liquidcase Stock Holdings,2026-02-26,45997266.40,0.00,100.66,100.65,4074.16,0.01,45993192.24,45993192.24,45980969.76,12222.48,0.00
QYE++ Debt Stock Holdings,2026-02-26,45997266.40,0.00,100.66,100.65,4074.16,0.01,45993192.24,45993192.24,45980969.76,12222.48,0.00
Debt Stock Holdings,2026-02-26,45997266.40,0.00,100.66,100.65,4074.16,0.01,45993192.24,45993192.24,45980969.76,12222.48,0.00
QYE++ Stock Holdings,2026-02-26,45997266.40,0.00,100.66,100.65,4074.16,0.01,45993192.24,45993192.24,45980969.76,12222.48,0.00
Stock Holdings,2026-02-26,45997266.40,0.00,100.66,100.65,4074.16,0.01,45993192.24,45993192.24,45980969.76,12222.48,0.00
Small Cap Mutual Funds,2026-02-26,123608887.99,0.00,97.92,98.08,-193617.97,-0.16,123802505.96,123802505.96,123303033.21,499472.75,-3.01
QYE++ Small Cap Mutual Funds,2026-02-26,123608887.99,0.00,97.92,98.08,-193617.97,-0.16,123802505.96,123802505.96,123303033.21,499472.75,-3.01
QYE++ Mutual Funds,2026-02-26,123608887.99,0.00,97.92,98.08,-193617.97,-0.16,123802505.96,123802505.96,123303033.21,499472.75,-3.01
QYE++ Equity Mutual Funds,2026-02-26,123608887.99,0.00,97.92,98.08,-193617.97,-0.16,123802505.96,123802505.96,123303033.21,499472.75,-3.01
Equity Mutual Funds,2026-02-26,123608887.99,0.00,97.92,98.08,-193617.97,-0.16,123802505.96,123802505.96,123303033.21,499472.75,-3.01
Mutual Funds,2026-02-26,123608887.99,0.00,97.92,98.08,-193617.97,-0.16,123802505.96,123802505.96,123303033.21,499472.75,-3.01
QYE++ Miscellaneous P&L,2026-02-26,0.00,0.00,100.00,100.00,0.00,0.00,0.00,0.00,0.00,0.00,0.00
Miscellaneous P&L,2026-02-26,0.00,0.00,100.00,100.00,0.00,0.00,0.00,0.00,0.00,0.00,0.00
QYE++ Equity Holdings Tax,2026-02-26,0.00,0.00,100.00,100.00,0.00,0.00,0.00,0.00,0.00,0.00,0.00
QAW++ Equity Holdings Tax,2026-02-26,0.00,0.00,100.00,100.00,0.00,0.00,0.00,0.00,0.00,0.00,0.00
Equity Holdings Tax,2026-02-26,0.00,0.00,100.00,100.00,0.00,0.00,0.00,0.00,0.00,0.00,0.00
QYE++ Total Tax,2026-02-26,-10312.20,18236.86,100.00,100.00,-10312.20,0.00,0.00,-18236.86,0.00,0.00,0.00
Total Tax,2026-02-26,-10312.20,18236.86,100.00,100.00,-10312.20,0.00,0.00,-18236.86,0.00,0.00,0.00
QYE++ F&O Tax,2026-02-26,-10312.20,18236.86,100.00,100.00,-10312.20,0.00,0.00,-18236.86,0.00,0.00,0.00
F&O Tax,2026-02-26,-10312.20,18236.86,100.00,100.00,-10312.20,0.00,0.00,-18236.86,0.00,0.00,0.00
Equity Intraday Tax,2026-02-26,0.00,0.00,100.00,100.00,0.00,0.00,0.00,0.00,0.00,0.00,0.00
MCX Tax,2026-02-26,0.00,0.00,100.00,100.00,0.00,0.00,0.00,0.00,0.00,0.00,0.00
QYE++ Total Other Debits and Credits,2026-02-26,0.00,0.00,100.00,100.00,0.00,0.00,0.00,0.00,0.00,0.00,0.00
Total Other Debits and Credits,2026-02-26,0.00,0.00,100.00,100.00,0.00,0.00,0.00,0.00,0.00,0.00,0.00
QYE++ Equity Other Debits and Credits,2026-02-26,0.00,0.00,100.00,100.00,0.00,0.00,0.00,0.00,0.00,0.00,0.00
Equity Other Debits and Credits,2026-02-26,0.00,0.00,100.00,100.00,0.00,0.00,0.00,0.00,0.00,0.00,0.00
QYE++ NPSAR,2026-02-26,23691588.80,143075.07,98.42,98.70,-272040.55,-0.28,95854517.39,23820554.28,96140119.36,-214475.56,-2.25
NPSAR,2026-02-26,23691588.80,143075.07,98.42,98.70,-272040.55,-0.28,95854517.39,23820554.28,96140119.36,-214475.56,-2.25
QYE++ SPSAR,2026-02-26,24019363.17,-108377.44,100.22,100.16,55733.82,0.06,95854517.39,24072006.79,96140119.36,36976.95,-0.78
SPSAR,2026-02-26,24019363.17,-108377.44,100.22,100.16,55733.82,0.06,95854517.39,24072006.79,96140119.36,36976.95,-0.78
QYE++ NLONG,2026-02-26,-461362.20,139854.78,108.92,109.45,-461362.20,-0.48,95854517.04,-139854.78,96140118.96,-139854.78,-1.57
NLONG,2026-02-26,-461362.20,139854.78,108.92,109.45,-461362.20,-0.48,95854517.04,-139854.78,96140118.96,-139854.78,-1.57
QYE++ SLONG,2026-02-26,-908200.82,259371.26,105.89,106.90,-908200.82,-0.95,95854517.04,-259371.26,96140118.96,-259371.26,-1.37
SLONG,2026-02-26,-908200.82,259371.26,105.89,106.90,-908200.82,-0.95,95854517.04,-259371.26,96140118.96,-259371.26,-1.37
QYE++ PSAR,2026-02-26,47710951.97,34697.63,99.32,99.43,-216306.73,-0.11,191709034.78,47892561.07,192280238.72,-177498.61,-1.46
PSAR,2026-02-26,47710951.97,34697.63,99.32,99.43,-216306.73,-0.11,191709034.78,47892561.07,192280238.72,-177498.61,-1.46
QYE++ LONG,2026-02-26,-1369563.02,399226.04,107.41,108.19,-1369563.02,-0.71,191709034.08,-399226.04,192280237.92,-399226.04,-1.32
LONG,2026-02-26,-1369563.02,399226.04,107.41,108.19,-1369563.02,-0.71,191709034.08,-399226.04,192280237.92,-399226.04,-1.32
QYE++ Total Portfolio Value,2026-02-26,46331076.74,452160.53,106.51,107.40,-1596181.95,-0.83,191709034.00,47475098.17,192280238.00,-594961.51,-2.20
Total Portfolio Value,2026-02-26,46331076.74,452160.53,106.56,107.45,-1596181.95,-0.83,191709034.00,47475098.17,192280238.00,-594961.51,-2.18
QYE++ Zerodha Total Portfolio,2026-02-26,189458225.13,0.00,105.05,106.03,-1785725.76,-0.93,191243950.89,191243950.89,191327217.17,-83266.28,-2.35
Zerodha Total Portfolio,2026-02-26,189458225.13,0.00,105.05,106.03,-1785725.76,-0.93,191243950.89,191243950.89,191327217.17,-83266.28,-2.35
NPSAR1,2026-02-27,1351853.84,-21383.91,100.72,100.12,31668.00,0.60,5280743.35,1341569.75,5325250.99,10257.00,-3.34
NPSAR10,2026-02-27,2979516.11,56875.47,104.93,104.85,9098.00,0.08,11881672.44,2913542.64,11981814.62,-81911.02,-1.36
NPSAR11,2026-02-27,2979516.11,57155.83,99.66,99.58,9098.00,0.08,11881672.44,2913262.28,11981814.62,-82191.38,-1.20
NPSAR12,2026-02-27,2979516.11,88075.75,98.31,98.23,9098.00,0.08,11881672.44,2882342.36,11981814.62,-113111.29,-3.82
NPSAR13,2026-02-27,2862319.51,790.27,99.87,100.79,-108098.60,-0.91,11881672.44,2969627.84,11981814.62,-25825.81,-2.50
NPSAR2,2026-02-27,1351853.84,-21383.91,97.12,96.54,31668.00,0.60,5280743.35,1341569.75,5325250.99,10257.00,-4.78
NPSAR3,2026-02-27,1351853.84,-21383.91,101.80,101.19,31668.00,0.60,5280743.35,1341569.75,5325250.99,10257.00,-0.46
NPSAR4,2026-02-27,1351853.84,-21383.91,95.71,95.14,31668.00,0.60,5280743.35,1341569.75,5325250.99,10257.00,-4.29
NPSAR5,2026-02-27,1351853.84,-21383.91,91.11,90.57,31668.00,0.60,5280743.35,1341569.75,5325250.99,10257.00,-8.89
NPSAR6,2026-02-27,1351853.84,-21383.91,94.99,94.42,31668.00,0.60,5280743.35,1341569.75,5325250.99,10257.00,-6.38
NPSAR7,2026-02-27,1309559.10,-1803.79,97.23,97.43,-10626.74,-0.20,5280743.35,1321989.63,5325250.99,-9323.12,-3.91
NPSAR8,2026-02-27,1368272.84,-556.87,93.25,92.41,48087.00,0.91,5280743.35,1320742.71,5325250.99,-10570.04,-6.75
NPSAR9,2026-02-27,1368272.84,-477.02,97.08,96.20,48087.00,0.91,5280743.35,1320662.86,5325250.99,-10649.89,-2.92
SPSAR1,2026-02-27,1362797.84,-25117.60,103.89,103.06,42612.00,0.81,5280743.35,1345303.44,5325250.99,13990.69,0.00
SPSAR10,2026-02-27,2980130.65,-81221.45,107.30,107.21,9712.54,0.08,11881672.44,3051639.56,11981814.62,56185.91,-1.03
SPSAR11,2026-02-27,2985607.10,77739.63,103.32,103.19,15188.99,0.13,11881672.44,2892678.48,11981814.62,-102775.18,-1.38
SPSAR12,2026-02-27,2990260.47,7553.13,101.42,101.25,19842.36,0.17,11881672.44,2962864.98,11981814.62,-32588.67,-1.26
SPSAR13,2026-02-27,2955574.53,-36585.79,101.44,101.57,-14843.58,-0.12,11881672.44,3007003.90,11981814.62,11550.25,-1.43
SPSAR2,2026-02-27,1362797.84,-24084.97,98.22,97.43,42612.00,0.81,5280743.35,1344270.81,5325250.99,12958.06,-3.82
SPSAR3,2026-02-27,1362797.84,-27334.63,102.25,101.43,42612.00,0.81,5280743.35,1347520.47,5325250.99,16207.72,-0.68
SPSAR4,2026-02-27,1362797.84,-25242.97,97.15,96.37,42612.00,0.81,5280743.35,1345428.81,5325250.99,14116.06,-2.96
SPSAR5,2026-02-27,1359119.84,-25694.85,90.79,90.13,38934.00,0.74,5280743.35,1345880.69,5325250.99,14567.94,-9.49
SPSAR6,2026-02-27,1362797.84,-23234.53,96.44,95.67,42612.00,0.81,5280743.35,1343420.37,5325250.99,12107.62,-5.56
SPSAR7,2026-02-27,1362797.84,-25385.84,95.32,94.56,42612.00,0.81,5280743.35,1345571.68,5325250.99,14258.93,-4.68
SPSAR8,2026-02-27,1362797.84,-23401.51,97.95,97.17,42612.00,0.81,5280743.35,1343587.35,5325250.99,12274.60,-2.05
SPSAR9,2026-02-27,1362797.84,-24006.80,100.04,99.24,42612.00,0.81,5280743.35,1344192.64,5325250.99,12879.89,0.00
NLONG1,2026-02-27,44411.97,21277.06,108.86,107.65,44411.97,1.12,3960557.48,-21277.06,3993938.21,-21277.06,-0.27
NLONG10,2026-02-27,34080.72,18671.53,112.08,111.12,34080.72,0.86,3960557.48,-18671.53,3993938.21,-18671.53,0.00
NLONG11,2026-02-27,42530.59,23167.53,117.20,115.95,42530.59,1.07,3960557.48,-23167.53,3993938.21,-23167.53,-0.26
NLONG12,2026-02-27,29550.12,18671.53,115.11,114.26,29550.12,0.75,3960557.48,-18671.53,3993938.21,-18671.53,-1.19
NLONG13,2026-02-27,10512.58,17379.90,104.79,104.51,10512.58,0.27,3960557.48,-17379.90,3993938.21,-17379.90,-2.29
NLONG14,2026-02-27,9111.74,15599.68,105.82,105.58,9111.74,0.23,3960557.48,-15599.68,3993938.21,-15599.68,-2.25
NLONG15,2026-02-27,10512.58,25402.17,106.08,105.80,10512.58,0.27,3960557.48,-25402.17,3993938.21,-25402.17,-3.36
NLONG16,2026-02-27,9111.74,19633.35,106.52,106.28,9111.74,0.23,3960557.48,-19633.35,3993938.21,-19633.35,-3.14
NLONG17,2026-02-27,10512.58,16096.35,106.77,106.49,10512.58,0.27,3960557.48,-16096.35,3993938.21,-16096.35,-2.56
NLONG18,2026-02-27,9111.74,14361.19,106.49,106.25,9111.74,0.23,3960557.48,-14361.19,3993938.21,-14361.19,-2.53
NLONG19,2026-02-27,10512.58,22879.22,106.24,105.96,10512.58,0.27,3960557.48,-22879.22,3993938.21,-22879.22,-3.58
NLONG2,2026-02-27,34080.72,18671.53,97.34,96.51,34080.72,0.86,3960557.48,-18671.53,3993938.21,-18671.53,-3.18
NLONG20,2026-02-27,9111.74,17876.57,107.41,107.16,9111.74,0.23,3960557.48,-17876.57,3993938.21,-17876.57,-3.10
NLONG21,2026-02-27,10512.58,16096.35,108.95,108.66,10512.58,0.27,3960557.48,-16096.35,3993938.21,-16096.35,-1.66
NLONG22,2026-02-27,9111.74,14361.19,109.35,109.10,9111.74,0.23,3960557.48,-14361.19,3993938.21,-14361.19,-1.49
NLONG23,2026-02-27,10512.58,22879.22,112.24,111.94,10512.58,0.27,3960557.48,-22879.22,3993938.21,-22879.22,-2.54
NLONG24,2026-02-27,9111.74,17876.57,114.10,113.84,9111.74,0.23,3960557.48,-17876.57,3993938.21,-17876.57,-1.93
NLONG3,2026-02-27,47408.92,16834.55,112.95,111.61,47408.92,1.20,3960557.48,-16834.55,3993938.21,-16834.55,-0.09
NLONG4,2026-02-27,29550.12,18671.53,109.25,108.44,29550.12,0.75,3960557.48,-18671.53,3993938.21,-18671.53,-1.32
NLONG5,2026-02-27,39447.54,21277.06,112.69,111.58,39447.54,1.00,3960557.48,-21277.06,3993938.21,-21277.06,-0.48
NLONG6,2026-02-27,34080.72,18671.53,107.87,106.95,34080.72,0.86,3960557.48,-18671.53,3993938.21,-18671.53,0.00
NLONG7,2026-02-27,38506.90,23167.53,115.79,114.68,38506.90,0.97,3960557.48,-23167.53,3993938.21,-23167.53,0.00
NLONG8,2026-02-27,29550.12,18671.53,111.37,110.55,29550.12,0.75,3960557.48,-18671.53,3993938.21,-18671.53,-0.36
NLONG9,2026-02-27,36318.01,23167.53,114.70,113.66,36318.01,0.92,3960557.48,-23167.53,3993938.21,-23167.53,0.00
SLONG1,2026-02-27,26671.42,20807.96,108.32,107.60,26671.42,0.67,3960557.48,-20807.96,3993938.21,-20807.96,-1.10
SLONG10,2026-02-27,21833.13,32514.86,104.54,103.97,21833.13,0.55,3960557.48,-32514.86,3993938.21,-32514.86,-0.67
SLONG11,2026-02-27,13918.16,60879.54,108.52,108.14,13918.16,0.35,3960557.48,-60879.54,3993938.21,-60879.54,-1.17
SLONG12,2026-02-27,2367.43,63899.69,105.14,105.08,2367.43,0.06,3960557.48,-63899.69,3993938.21,-63899.69,-1.95
SLONG13,2026-02-27,2367.43,32349.83,102.60,102.54,2367.43,0.06,3960557.48,-32349.83,3993938.21,-32349.83,-2.52
SLONG14,2026-02-27,2367.43,27294.19,103.39,103.33,2367.43,0.06,3960557.48,-27294.19,3993938.21,-27294.19,-2.31
SLONG15,2026-02-27,2367.43,44433.26,105.80,105.74,2367.43,0.06,3960557.48,-44433.26,3993938.21,-44433.26,-1.27
SLONG16,2026-02-27,2367.43,36544.71,102.23,102.17,2367.43,0.06,3960557.48,-36544.71,3993938.21,-36544.71,-3.86
SLONG17,2026-02-27,2367.43,27243.72,103.42,103.36,2367.43,0.06,3960557.48,-27243.72,3993938.21,-27243.72,-2.77
SLONG18,2026-02-27,2367.43,22617.96,103.54,103.48,2367.43,0.06,3960557.48,-22617.96,3993938.21,-22617.96,-2.45
SLONG19,2026-02-27,2367.43,35286.79,108.11,108.05,2367.43,0.06,3960557.48,-35286.79,3993938.21,-35286.79,-1.61
SLONG2,2026-02-27,21833.13,32514.86,96.08,95.55,21833.13,0.55,3960557.48,-32514.86,3993938.21,-32514.86,-4.93
SLONG20,2026-02-27,2367.43,30037.00,105.36,105.30,2367.43,0.06,3960557.48,-30037.00,3993938.21,-30037.00,-1.48
SLONG21,2026-02-27,2367.43,29062.98,104.82,104.76,2367.43,0.06,3960557.48,-29062.98,3993938.21,-29062.98,-1.89
SLONG22,2026-02-27,2367.43,24593.72,105.33,105.27,2367.43,0.06,3960557.48,-24593.72,3993938.21,-24593.72,-1.63
SLONG23,2026-02-27,2367.43,36812.86,111.00,110.93,2367.43,0.06,3960557.48,-36812.86,3993938.21,-36812.86,-1.45
SLONG24,2026-02-27,2367.43,31773.06,111.16,111.09,2367.43,0.06,3960557.48,-31773.06,3993938.21,-31773.06,-1.32
SLONG3,2026-02-27,13826.45,60480.83,107.56,107.19,13826.45,0.35,3960557.48,-60480.83,3993938.21,-60480.83,-2.40
SLONG4,2026-02-27,2367.43,64475.35,104.95,104.89,2367.43,0.06,3960557.48,-64475.35,3993938.21,-64475.35,-2.01
SLONG5,2026-02-27,27258.35,18353.95,110.28,109.53,27258.35,0.69,3960557.48,-18353.95,3993938.21,-18353.95,0.00
SLONG6,2026-02-27,21833.13,32514.86,104.07,103.50,21833.13,0.55,3960557.48,-32514.86,3993938.21,-32514.86,-0.68
SLONG7,2026-02-27,14413.38,60879.54,109.42,109.02,14413.38,0.36,3960557.48,-60879.54,3993938.21,-60879.54,-1.17
SLONG8,2026-02-27,2367.43,64475.35,109.10,109.03,2367.43,0.06,3960557.48,-64475.35,3993938.21,-64475.35,-1.96
SLONG9,2026-02-27,27258.35,18353.95,112.28,111.51,27258.35,0.69,3960557.48,-18353.95,3993938.21,-18353.95,0.00
Liquidcase Stock Holdings,2026-02-27,46013563.04,0.00,100.70,100.66,16296.64,0.04,45997266.40,45997266.40,45993192.24,4074.16,0.00
QYE++ Liquidcase Stock Holdings,2026-02-27,46013563.04,0.00,100.70,100.66,16296.64,0.04,45997266.40,45997266.40,45993192.24,4074.16,0.00
QYE++ Debt Stock Holdings,2026-02-27,46013563.04,0.00,100.70,100.66,16296.64,0.04,45997266.40,45997266.40,45993192.24,4074.16,0.00
Debt Stock Holdings,2026-02-27,46013563.04,0.00,100.70,100.66,16296.64,0.04,45997266.40,45997266.40,45993192.24,4074.16,0.00
QYE++ Stock Holdings,2026-02-27,46013563.04,0.00,100.70,100.66,16296.64,0.04,45997266.40,45997266.40,45993192.24,4074.16,0.00
Stock Holdings,2026-02-27,46013563.04,0.00,100.70,100.66,16296.64,0.04,45997266.40,45997266.40,45993192.24,4074.16,0.00
Small Cap Mutual Funds,2026-02-27,122490975.27,0.00,97.04,97.92,-1117912.72,-0.90,123608887.99,123608887.99,123802505.96,-193617.97,-3.88
QYE++ Small Cap Mutual Funds,2026-02-27,122490975.27,0.00,97.04,97.92,-1117912.72,-0.90,123608887.99,123608887.99,123802505.96,-193617.97,-3.88
QYE++ Mutual Funds,2026-02-27,122490975.27,0.00,97.04,97.92,-1117912.72,-0.90,123608887.99,123608887.99,123802505.96,-193617.97,-3.88
QYE++ Equity Mutual Funds,2026-02-27,122490975.27,0.00,97.04,97.92,-1117912.72,-0.90,123608887.99,123608887.99,123802505.96,-193617.97,-3.88
Equity Mutual Funds,2026-02-27,122490975.27,0.00,97.04,97.92,-1117912.72,-0.90,123608887.99,123608887.99,123802505.96,-193617.97,-3.88
Mutual Funds,2026-02-27,122490975.27,0.00,97.04,97.92,-1117912.72,-0.90,123608887.99,123608887.99,123802505.96,-193617.97,-3.88
QYE++ Miscellaneous P&L,2026-02-27,0.00,0.00,100.00,100.00,0.00,0.00,0.00,0.00,0.00,0.00,0.00
Miscellaneous P&L,2026-02-27,0.00,0.00,100.00,100.00,0.00,0.00,0.00,0.00,0.00,0.00,0.00
QYE++ Equity Holdings Tax,2026-02-27,0.00,0.00,100.00,100.00,0.00,0.00,0.00,0.00,0.00,0.00,0.00
QAW++ Equity Holdings Tax,2026-02-27,0.00,0.00,100.00,100.00,0.00,0.00,0.00,0.00,0.00,0.00,0.00
Equity Holdings Tax,2026-02-27,0.00,0.00,100.00,100.00,0.00,0.00,0.00,0.00,0.00,0.00,0.00
QYE++ Total Tax,2026-02-27,-6967.99,10312.20,100.00,100.00,-6967.99,0.00,0.00,-10312.20,0.00,0.00,0.00
Total Tax,2026-02-27,-6967.99,10312.20,100.00,100.00,-6967.99,0.00,0.00,-10312.20,0.00,0.00,0.00
QYE++ F&O Tax,2026-02-27,-6967.99,10312.20,100.00,100.00,-6967.99,0.00,0.00,-10312.20,0.00,0.00,0.00
F&O Tax,2026-02-27,-6967.99,10312.20,100.00,100.00,-6967.99,0.00,0.00,-10312.20,0.00,0.00,0.00
Equity Intraday Tax,2026-02-27,0.00,0.00,100.00,100.00,0.00,0.00,0.00,0.00,0.00,0.00,0.00
MCX Tax,2026-02-27,0.00,0.00,100.00,100.00,0.00,0.00,0.00,0.00,0.00,0.00,0.00
QYE++ Total Other Debits and Credits,2026-02-27,0.00,0.00,100.00,100.00,0.00,0.00,0.00,0.00,0.00,0.00,0.00
Total Other Debits and Credits,2026-02-27,0.00,0.00,100.00,100.00,0.00,0.00,0.00,0.00,0.00,0.00,0.00
QYE++ Equity Other Debits and Credits,2026-02-27,0.00,0.00,100.00,100.00,0.00,0.00,0.00,0.00,0.00,0.00,0.00
Equity Other Debits and Credits,2026-02-27,0.00,0.00,100.00,100.00,0.00,0.00,0.00,0.00,0.00,0.00,0.00
QYE++ NPSAR,2026-02-27,23958095.64,71756.16,98.62,98.42,194750.66,0.20,95053379.91,23691588.80,95854517.39,-272040.55,-2.05
NPSAR,2026-02-27,23958095.64,71756.16,98.62,98.42,194750.66,0.20,95053379.91,23691588.80,95854517.39,-272040.55,-2.05
QYE++ SPSAR,2026-02-27,24173075.29,-256018.20,100.65,100.22,409730.31,0.43,95053379.91,24019363.17,95854517.39,55733.82,-0.35
SPSAR,2026-02-27,24173075.29,-256018.20,100.65,100.22,409730.31,0.43,95053379.91,24019363.17,95854517.39,55733.82,-0.35
QYE++ NLONG,2026-02-27,557262.37,461362.20,109.56,108.92,557262.37,0.59,95053379.52,-461362.20,95854517.04,-461362.20,-1.00
NLONG,2026-02-27,557262.37,461362.20,109.56,108.92,557262.37,0.59,95053379.52,-461362.20,95854517.04,-461362.20,-1.00
QYE++ SLONG,2026-02-27,224356.95,908200.82,106.14,105.89,224356.95,0.24,95053379.52,-908200.82,95854517.04,-908200.82,-1.14
SLONG,2026-02-27,224356.95,908200.82,106.14,105.89,224356.95,0.24,95053379.52,-908200.82,95854517.04,-908200.82,-1.14
QYE++ PSAR,2026-02-27,48131170.93,-184262.05,99.63,99.32,604480.97,0.32,190106759.82,47710951.97,191709034.78,-216306.73,-1.15
PSAR,2026-02-27,48131170.93,-184262.05,99.63,99.32,604480.97,0.32,190106759.82,47710951.97,191709034.78,-216306.73,-1.15
QYE++ LONG,2026-02-27,781619.32,1369563.02,107.85,107.41,781619.32,0.41,190106759.04,-1369563.02,191709034.08,-1369563.02,-0.92
LONG,2026-02-27,781619.32,1369563.02,107.85,107.41,781619.32,0.41,190106759.04,-1369563.02,191709034.08,-1369563.02,-0.92
QYE++ Total Portfolio Value,2026-02-27,48905822.26,1195613.17,107.28,106.51,1379132.30,0.73,190106759.00,46331076.74,191709034.00,-1596181.95,-1.49
Total Portfolio Value,2026-02-27,48905822.26,1195613.17,107.34,106.56,1379132.30,0.73,190106759.00,46331076.74,191709034.00,-1596181.95,-1.47
QYE++ Zerodha Total Portfolio,2026-02-27,189735741.35,0.00,105.21,105.05,277516.22,0.15,189458225.13,189458225.13,191243950.89,-1785725.76,-2.21
Zerodha Total Portfolio,2026-02-27,189735741.35,0.00,105.21,105.05,277516.22,0.15,189458225.13,189458225.13,191243950.89,-1785725.76,-2.21
NPSAR1,2026-03-02,1334047.39,-27073.83,100.90,100.72,9267.38,0.17,5299120.04,1351853.84,5280743.35,31668.00,-3.17
NPSAR10,2026-03-02,2998647.75,1238.89,105.09,104.93,17892.75,0.15,11923020.00,2979516.11,11881672.44,9098.00,-1.21
NPSAR11,2026-03-02,3007844.94,1238.89,99.89,99.66,27089.94,0.23,11923020.00,2979516.11,11881672.44,9098.00,-0.97
NPSAR12,2026-03-02,3035136.80,1238.89,98.76,98.31,54381.80,0.46,11923020.00,2979516.11,11881672.44,9098.00,-3.38
NPSAR13,2026-03-02,3150610.78,118435.49,101.29,99.87,169855.78,1.42,11923020.00,2862319.51,11881672.44,-108098.60,-1.11
NPSAR2,2026-03-02,1336426.46,-27073.83,97.33,97.12,11646.45,0.22,5299120.04,1351853.84,5280743.35,31668.00,-4.58
NPSAR3,2026-03-02,1336277.91,-27073.83,102.02,101.80,11497.90,0.22,5299120.04,1351853.84,5280743.35,31668.00,-0.24
NPSAR4,2026-03-02,1335380.54,-27073.83,95.90,95.71,10600.53,0.20,5299120.04,1351853.84,5280743.35,31668.00,-4.10
NPSAR5,2026-03-02,1335385.71,-27073.83,91.29,91.11,10605.70,0.20,5299120.04,1351853.84,5280743.35,31668.00,-8.71
NPSAR6,2026-03-02,1332907.40,-27073.83,95.14,94.99,8127.39,0.15,5299120.04,1351853.84,5280743.35,31668.00,-6.23
NPSAR7,2026-03-02,1340509.54,15220.91,97.52,97.23,15729.53,0.30,5299120.04,1309559.10,5280743.35,-10626.74,-3.63
NPSAR8,2026-03-02,1330686.82,-43492.83,93.35,93.25,5906.81,0.11,5299120.04,1368272.84,5280743.35,48087.00,-6.65
NPSAR9,2026-03-02,1326440.52,-43492.83,97.11,97.08,1660.51,0.03,5299120.04,1368272.84,5280743.35,48087.00,-2.89
SPSAR1,2026-03-02,1344568.01,-38017.83,104.28,103.89,19788.00,0.37,5299120.04,1362797.84,5280743.35,42612.00,0.00
SPSAR10,2026-03-02,3051475.42,624.35,107.94,107.30,70720.42,0.59,11923020.00,2980130.65,11881672.44,9712.54,-0.44
SPSAR11,2026-03-02,3114011.61,-4852.10,104.47,103.32,133256.61,1.12,11923020.00,2985607.10,11881672.44,15188.99,-0.29
SPSAR12,2026-03-02,3104406.75,-9505.47,102.47,101.42,123651.75,1.04,11923020.00,2990260.47,11881672.44,19842.36,-0.23
SPSAR13,2026-03-02,2793454.82,25180.47,99.85,101.44,-187300.18,-1.57,11923020.00,2955574.53,11881672.44,-14843.58,-2.97
SPSAR2,2026-03-02,1344568.01,-38017.83,98.59,98.22,19788.00,0.37,5299120.04,1362797.84,5280743.35,42612.00,-3.46
SPSAR3,2026-03-02,1344568.01,-38017.83,102.63,102.25,19788.00,0.37,5299120.04,1362797.84,5280743.35,42612.00,-0.31
SPSAR4,2026-03-02,1344568.01,-38017.83,97.51,97.15,19788.00,0.37,5299120.04,1362797.84,5280743.35,42612.00,-2.60
SPSAR5,2026-03-02,1342516.01,-34339.83,91.09,90.79,17736.00,0.33,5299120.04,1359119.84,5280743.35,38934.00,-9.19
SPSAR6,2026-03-02,1344568.01,-38017.83,96.80,96.44,19788.00,0.37,5299120.04,1362797.84,5280743.35,42612.00,-5.21
SPSAR7,2026-03-02,1344568.01,-38017.83,95.68,95.32,19788.00,0.37,5299120.04,1362797.84,5280743.35,42612.00,-4.32
SPSAR8,2026-03-02,1344568.01,-38017.83,98.32,97.95,19788.00,0.37,5299120.04,1362797.84,5280743.35,42612.00,-1.68
SPSAR9,2026-03-02,1344568.01,-38017.83,100.41,100.04,19788.00,0.37,5299120.04,1362797.84,5280743.35,42612.00,0.00
NLONG1,2026-03-02,149436.49,-44411.97,112.95,108.86,149436.49,3.76,3974340.00,44411.97,3960557.48,44411.97,0.00
NLONG10,2026-03-02,146999.38,-34080.72,116.23,112.08,146999.38,3.70,3974340.00,34080.72,3960557.48,34080.72,0.00
NLONG11,2026-03-02,187879.50,-42530.59,122.74,117.20,187879.50,4.73,3974340.00,42530.59,3960557.48,42530.59,0.00
NLONG12,2026-03-02,112179.03,-29550.12,118.36,115.11,112179.03,2.82,3974340.00,29550.12,3960557.48,29550.12,0.00
NLONG13,2026-03-02,147524.39,-10512.58,108.68,104.79,147524.39,3.71,3974340.00,10512.58,3960557.48,10512.58,0.00
NLONG14,2026-03-02,143394.75,-9111.74,109.64,105.82,143394.75,3.61,3974340.00,9111.74,3960557.48,9111.74,0.00
NLONG15,2026-03-02,94579.32,-10512.58,108.60,106.08,94579.32,2.38,3974340.00,10512.58,3960557.48,10512.58,-1.07
NLONG16,2026-03-02,110750.58,-9111.74,109.49,106.52,110750.58,2.79,3974340.00,9111.74,3960557.48,9111.74,-0.44
NLONG17,2026-03-02,145668.80,-10512.58,110.68,106.77,145668.80,3.67,3974340.00,10512.58,3960557.48,10512.58,0.00
NLONG18,2026-03-02,141539.16,-9111.74,110.28,106.49,141539.16,3.56,3974340.00,9111.74,3960557.48,9111.74,0.00
NLONG19,2026-03-02,95912.10,-10512.58,108.80,106.24,95912.10,2.41,3974340.00,10512.58,3960557.48,10512.58,-1.25
NLONG2,2026-03-02,146999.38,-34080.72,100.94,97.34,146999.38,3.70,3974340.00,34080.72,3960557.48,34080.72,0.00
NLONG20,2026-03-02,108425.32,-9111.74,110.34,107.41,108425.32,2.73,3974340.00,9111.74,3960557.48,9111.74,-0.46
NLONG21,2026-03-02,141454.03,-10512.58,112.83,108.95,141454.03,3.56,3974340.00,10512.58,3960557.48,10512.58,0.00
NLONG22,2026-03-02,137324.39,-9111.74,113.13,109.35,137324.39,3.46,3974340.00,9111.74,3960557.48,9111.74,0.00
NLONG23,2026-03-02,97326.17,-10512.58,114.99,112.24,97326.17,2.45,3974340.00,10512.58,3960557.48,10512.58,-0.16
NLONG24,2026-03-02,101605.58,-9111.74,117.02,114.10,101605.58,2.56,3974340.00,9111.74,3960557.48,9111.74,0.00
NLONG3,2026-03-02,95905.87,-47408.92,115.68,112.95,95905.87,2.41,3974340.00,47408.92,3960557.48,47408.92,0.00
NLONG4,2026-03-02,112179.03,-29550.12,112.33,109.25,112179.03,2.82,3974340.00,29550.12,3960557.48,29550.12,0.00
NLONG5,2026-03-02,170800.73,-39447.54,117.53,112.69,170800.73,4.30,3974340.00,39447.54,3960557.48,39447.54,0.00
NLONG6,2026-03-02,146999.38,-34080.72,111.86,107.87,146999.38,3.70,3974340.00,34080.72,3960557.48,34080.72,0.00
NLONG7,2026-03-02,112754.50,-38506.90,119.08,115.79,112754.50,2.84,3974340.00,38506.90,3960557.48,38506.90,0.00
NLONG8,2026-03-02,112179.03,-29550.12,114.51,111.37,112179.03,2.82,3974340.00,29550.12,3960557.48,29550.12,0.00
NLONG9,2026-03-02,178417.30,-36318.01,119.85,114.70,178417.30,4.49,3974340.00,36318.01,3960557.48,36318.01,0.00
SLONG1,2026-03-02,95643.61,-26671.42,110.93,108.32,95643.61,2.41,3974340.00,26671.42,3960557.48,26671.42,0.00
SLONG10,2026-03-02,91470.81,-21833.13,106.95,104.54,91470.81,2.30,3974340.00,21833.13,3960557.48,21833.13,0.00
SLONG11,2026-03-02,130903.86,-13918.16,112.09,108.52,130903.86,3.29,3974340.00,13918.16,3960557.48,13918.16,0.00
SLONG12,2026-03-02,80329.00,-2367.43,107.27,105.14,80329.00,2.02,3974340.00,2367.43,3960557.48,2367.43,0.00
SLONG13,2026-03-02,86387.60,-2367.43,104.83,102.60,86387.60,2.17,3974340.00,2367.43,3960557.48,2367.43,-0.40
SLONG14,2026-03-02,84587.50,-2367.43,105.59,103.39,84587.50,2.13,3974340.00,2367.43,3960557.48,2367.43,-0.23
SLONG15,2026-03-02,92511.48,-2367.43,108.26,105.80,92511.48,2.33,3974340.00,2367.43,3960557.48,2367.43,0.00
SLONG16,2026-03-02,73445.69,-2367.43,104.12,102.23,73445.69,1.85,3974340.00,2367.43,3960557.48,2367.43,-2.08
SLONG17,2026-03-02,87998.49,-2367.43,105.71,103.42,87998.49,2.21,3974340.00,2367.43,3960557.48,2367.43,-0.62
SLONG18,2026-03-02,86198.39,-2367.43,105.79,103.54,86198.39,2.17,3974340.00,2367.43,3960557.48,2367.43,-0.33
SLONG19,2026-03-02,91310.50,-2367.43,110.59,108.11,91310.50,2.30,3974340.00,2367.43,3960557.48,2367.43,0.00
SLONG2,2026-03-02,73538.66,-21833.13,97.86,96.08,73538.66,1.85,3974340.00,21833.13,3960557.48,21833.13,-3.17
SLONG20,2026-03-02,72244.71,-2367.43,107.28,105.36,72244.71,1.82,3974340.00,2367.43,3960557.48,2367.43,0.00
SLONG21,2026-03-02,74661.02,-2367.43,106.79,104.82,74661.02,1.88,3974340.00,2367.43,3960557.48,2367.43,-0.05
SLONG22,2026-03-02,68628.18,-2367.43,107.15,105.33,68628.18,1.73,3974340.00,2367.43,3960557.48,2367.43,0.00
SLONG23,2026-03-02,103977.01,-2367.43,113.90,111.00,103977.01,2.62,3974340.00,2367.43,3960557.48,2367.43,0.00
SLONG24,2026-03-02,87002.43,-2367.43,113.59,111.16,87002.43,2.19,3974340.00,2367.43,3960557.48,2367.43,0.00
SLONG3,2026-03-02,95057.62,-13826.45,110.13,107.56,95057.62,2.39,3974340.00,13826.45,3960557.48,13826.45,-0.07
SLONG4,2026-03-02,80329.00,-2367.43,107.07,104.95,80329.00,2.02,3974340.00,2367.43,3960557.48,2367.43,-0.03
SLONG5,2026-03-02,107350.61,-27258.35,113.26,110.28,107350.61,2.70,3974340.00,27258.35,3960557.48,27258.35,0.00
SLONG6,2026-03-02,91470.81,-21833.13,106.47,104.07,91470.81,2.30,3974340.00,21833.13,3960557.48,21833.13,0.00
SLONG7,2026-03-02,114457.34,-14413.38,112.57,109.42,114457.34,2.88,3974340.00,14413.38,3960557.48,14413.38,0.00
SLONG8,2026-03-02,80329.00,-2367.43,111.31,109.10,80329.00,2.02,3974340.00,2367.43,3960557.48,2367.43,0.00
SLONG9,2026-03-02,121411.38,-27258.35,115.71,112.28,121411.38,3.05,3974340.00,27258.35,3960557.48,27258.35,0.00
Liquidcase Stock Holdings,2026-03-02,46025785.52,0.00,100.73,100.70,12222.48,0.03,46013563.04,46013563.04,45997266.40,16296.64,0.00
QYE++ Liquidcase Stock Holdings,2026-03-02,46025785.52,0.00,100.73,100.70,12222.48,0.03,46013563.04,46013563.04,45997266.40,16296.64,0.00
QYE++ Debt Stock Holdings,2026-03-02,46025785.52,0.00,100.73,100.70,12222.48,0.03,46013563.04,46013563.04,45997266.40,16296.64,0.00
Debt Stock Holdings,2026-03-02,46025785.52,0.00,100.73,100.70,12222.48,0.03,46013563.04,46013563.04,45997266.40,16296.64,0.00
QYE++ Stock Holdings,2026-03-02,46025785.52,0.00,100.73,100.70,12222.48,0.03,46013563.04,46013563.04,45997266.40,16296.64,0.00
Stock Holdings,2026-03-02,46025785.52,0.00,100.73,100.70,12222.48,0.03,46013563.04,46013563.04,45997266.40,16296.64,0.00
Small Cap Mutual Funds,2026-03-02,120675895.67,0.00,95.60,97.04,-1815079.61,-1.48,122490975.27,122490975.27,123608887.99,-1117912.72,-5.31
QYE++ Small Cap Mutual Funds,2026-03-02,120675895.67,0.00,95.60,97.04,-1815079.61,-1.48,122490975.27,122490975.27,123608887.99,-1117912.72,-5.31
QYE++ Mutual Funds,2026-03-02,120675895.67,0.00,95.60,97.04,-1815079.61,-1.48,122490975.27,122490975.27,123608887.99,-1117912.72,-5.31
QYE++ Equity Mutual Funds,2026-03-02,120675895.67,0.00,95.60,97.04,-1815079.61,-1.48,122490975.27,122490975.27,123608887.99,-1117912.72,-5.31
Equity Mutual Funds,2026-03-02,120675895.67,0.00,95.60,97.04,-1815079.61,-1.48,122490975.27,122490975.27,123608887.99,-1117912.72,-5.31
Mutual Funds,2026-03-02,120675895.67,0.00,95.60,97.04,-1815079.61,-1.48,122490975.27,122490975.27,123608887.99,-1117912.72,-5.31
QYE++ Miscellaneous P&L,2026-03-02,0.00,0.00,100.00,100.00,0.00,0.00,0.00,0.00,0.00,0.00,0.00
Miscellaneous P&L,2026-03-02,0.00,0.00,100.00,100.00,0.00,0.00,0.00,0.00,0.00,0.00,0.00
QYE++ Equity Holdings Tax,2026-03-02,0.00,0.00,100.00,100.00,0.00,0.00,0.00,0.00,0.00,0.00,0.00
QAW++ Equity Holdings Tax,2026-03-02,0.00,0.00,100.00,100.00,0.00,0.00,0.00,0.00,0.00,0.00,0.00
Equity Holdings Tax,2026-03-02,0.00,0.00,100.00,100.00,0.00,0.00,0.00,0.00,0.00,0.00,0.00
QYE++ Total Tax,2026-03-02,-22632.43,6967.99,100.00,100.00,-22632.43,0.00,0.00,-6967.99,0.00,0.00,0.00
Total Tax,2026-03-02,-22632.43,6967.99,100.00,100.00,-22632.43,0.00,0.00,-6967.99,0.00,0.00,0.00
QYE++ F&O Tax,2026-03-02,-22632.43,6967.99,100.00,100.00,-22632.43,0.00,0.00,-6967.99,0.00,0.00,0.00
F&O Tax,2026-03-02,-22632.43,6967.99,100.00,100.00,-22632.43,0.00,0.00,-6967.99,0.00,0.00,0.00
Equity Intraday Tax,2026-03-02,0.00,0.00,100.00,100.00,0.00,0.00,0.00,0.00,0.00,0.00,0.00
MCX Tax,2026-03-02,0.00,0.00,100.00,100.00,0.00,0.00,0.00,0.00,0.00,0.00,0.00
QYE++ Total Other Debits and Credits,2026-03-02,0.00,0.00,100.00,100.00,0.00,0.00,0.00,0.00,0.00,0.00,0.00
Total Other Debits and Credits,2026-03-02,0.00,0.00,100.00,100.00,0.00,0.00,0.00,0.00,0.00,0.00,0.00
QYE++ Equity Other Debits and Credits,2026-03-02,0.00,0.00,100.00,100.00,0.00,0.00,0.00,0.00,0.00,0.00,0.00
Equity Other Debits and Credits,2026-03-02,0.00,0.00,100.00,100.00,0.00,0.00,0.00,0.00,0.00,0.00,0.00
QYE++ NPSAR,2026-03-02,24200302.56,-112055.57,98.99,98.62,354262.47,0.37,95384160.36,23958095.64,95053379.91,194750.66,-1.68
NPSAR,2026-03-02,24200302.56,-112055.57,98.99,98.62,354262.47,0.37,95384160.36,23958095.64,95053379.91,194750.66,-1.68
QYE++ SPSAR,2026-03-02,24162408.69,-327035.22,100.99,100.65,316368.60,0.33,95384160.36,24173075.29,95053379.91,409730.31,-0.02
SPSAR,2026-03-02,24162408.69,-327035.22,100.99,100.65,316368.60,0.33,95384160.36,24173075.29,95053379.91,409730.31,-0.02
QYE++ NLONG,2026-03-02,3138234.21,-557262.37,113.16,109.56,3138234.21,3.29,95384160.00,557262.37,95053379.52,557262.37,0.00
NLONG,2026-03-02,3138234.21,-557262.37,113.16,109.56,3138234.21,3.29,95384160.00,557262.37,95053379.52,557262.37,0.00
QYE++ SLONG,2026-03-02,2171244.70,-224356.95,108.56,106.14,2171244.70,2.28,95384160.00,224356.95,95053379.52,224356.95,0.00
SLONG,2026-03-02,2171244.70,-224356.95,108.56,106.14,2171244.70,2.28,95384160.00,224356.95,95053379.52,224356.95,0.00
QYE++ PSAR,2026-03-02,48362711.25,-439090.79,99.98,99.63,670631.07,0.35,190768320.72,48131170.93,190106759.82,604480.97,-0.80
PSAR,2026-03-02,48362711.25,-439090.79,99.98,99.63,670631.07,0.35,190768320.72,48131170.92,190106759.82,604480.97,-0.80
QYE++ LONG,2026-03-02,5309478.91,-781619.32,110.86,107.85,5309478.91,2.78,190768320.00,781619.32,190106759.04,781619.32,0.00
LONG,2026-03-02,5309478.91,-781619.32,110.86,107.85,5309478.91,2.78,190768320.00,781619.32,190106759.04,781619.32,0.00
QYE++ Total Portfolio Value,2026-03-02,53649557.73,-1213742.12,110.63,107.28,5957477.55,3.12,190768320.00,48905822.26,190106759.00,1379132.30,0.00
Total Portfolio Value,2026-03-02,53649557.73,-1213742.12,110.69,107.34,5957477.55,3.12,190768320.00,48905822.26,190106759.00,1379132.30,0.00
QYE++ Zerodha Total Portfolio,2026-03-02,193890361.77,0.00,107.51,105.21,4154620.42,2.19,189735741.35,189735741.35,189458225.13,277516.22,-0.06
Zerodha Total Portfolio,2026-03-02,193890361.77,0.00,107.51,105.21,4154620.42,2.19,189735741.35,189735741.35,189458225.13,277516.22,-0.06
NPSAR1,2026-03-04,1421115.80,25188.41,102.05,100.90,61880.00,1.14,5436943.18,1334047.39,5299120.04,9267.38,-2.06
NPSAR10,2026-03-04,3190880.52,59632.77,106.23,105.09,132600.00,1.08,12233122.06,2998647.75,11923020.00,17892.75,-0.14
NPSAR11,2026-03-04,2597702.24,50435.58,96.13,99.89,-460578.28,-3.77,12233122.06,3007844.94,11923020.00,27089.94,-4.70
NPSAR12,2026-03-04,2661256.84,23143.72,95.55,98.76,-397023.68,-3.25,12233122.06,3035136.80,11923020.00,54381.80,-6.52
NPSAR13,2026-03-04,2680390.43,-92330.26,98.16,101.29,-377890.09,-3.09,12233122.06,3150610.78,11923020.00,169855.78,-4.17
NPSAR2,2026-03-04,1417885.30,22809.34,98.38,97.33,58649.50,1.08,5436943.18,1336426.46,5299120.04,11646.45,-3.55
NPSAR3,2026-03-04,1421115.80,22957.89,103.18,102.02,61880.00,1.14,5436943.18,1336277.91,5299120.04,11497.90,0.00
NPSAR4,2026-03-04,1417885.30,23855.25,96.93,95.90,58649.50,1.08,5436943.18,1335380.54,5299120.04,10600.53,-3.07
NPSAR5,2026-03-04,1421115.80,23850.09,92.33,91.29,61880.00,1.14,5436943.18,1335385.71,5299120.04,10605.70,-7.67
NPSAR6,2026-03-04,1421115.80,26328.40,96.22,95.14,61880.00,1.14,5436943.18,1332907.40,5299120.04,8127.39,-5.16
NPSAR7,2026-03-04,1421115.80,18726.25,98.63,97.52,61880.00,1.14,5436943.18,1340509.54,5299120.04,15729.53,-2.53
NPSAR8,2026-03-04,1421115.80,28548.97,94.41,93.35,61880.00,1.14,5436943.18,1330686.82,5299120.04,5906.81,-5.59
NPSAR9,2026-03-04,1426939.80,32795.27,98.32,97.11,67704.00,1.25,5436943.18,1326440.52,5299120.04,1660.51,-1.68
SPSAR1,2026-03-04,1363381.80,14667.78,104.36,104.28,4146.00,0.08,5436943.18,1344568.01,5299120.04,19788.00,0.00
SPSAR10,2026-03-04,2535436.08,6805.10,103.33,107.94,-522844.44,-4.27,12233122.06,3051475.42,11923020.00,70720.42,-4.69
SPSAR11,2026-03-04,2643624.50,-55731.09,100.93,104.47,-414656.02,-3.39,12233122.06,3114011.61,11923020.00,133256.61,-3.67
SPSAR12,2026-03-04,2706620.67,-46126.23,99.52,102.47,-351659.85,-2.87,12233122.06,3104406.75,11923020.00,123651.75,-3.11
SPSAR13,2026-03-04,2688463.13,264825.70,96.83,99.85,-369817.39,-3.02,12233122.06,2793454.82,11923020.00,-187300.18,-5.91
SPSAR2,2026-03-04,1363381.80,14667.78,98.67,98.59,4146.00,0.08,5436943.18,1344568.01,5299120.04,19788.00,-3.38
SPSAR3,2026-03-04,1363381.80,14667.78,102.71,102.63,4146.00,0.08,5436943.18,1344568.01,5299120.04,19788.00,-0.23
SPSAR4,2026-03-04,1363381.80,14667.78,97.58,97.51,4146.00,0.08,5436943.18,1344568.01,5299120.04,19788.00,-2.53
SPSAR5,2026-03-04,1362925.80,16719.78,91.15,91.09,3690.00,0.07,5436943.18,1342516.01,5299120.04,17736.00,-9.13
SPSAR6,2026-03-04,1363381.80,14667.78,96.87,96.80,4146.00,0.08,5436943.18,1344568.01,5299120.04,19788.00,-5.14
SPSAR7,2026-03-04,1363381.80,14667.78,95.75,95.68,4146.00,0.08,5436943.18,1344568.01,5299120.04,19788.00,-4.25
SPSAR8,2026-03-04,1363381.80,14667.78,98.39,98.32,4146.00,0.08,5436943.18,1344568.01,5299120.04,19788.00,-1.61
SPSAR9,2026-03-04,1363381.80,14667.78,100.49,100.41,4146.00,0.08,5436943.18,1344568.01,5299120.04,19788.00,0.00
NLONG1,2026-03-04,-36640.23,-149436.49,111.94,112.95,-36640.23,-0.90,4077707.35,149436.49,3974340.00,149436.49,-0.89
NLONG10,2026-03-04,61168.92,-146999.38,117.97,116.23,61168.92,1.50,4077707.35,146999.38,3974340.00,146999.38,0.00
NLONG11,2026-03-04,-8030.78,-187879.50,122.50,122.74,-8030.78,-0.20,4077707.35,187879.50,3974340.00,187879.50,-0.20
NLONG12,2026-03-04,-6432.63,-112179.03,118.17,118.36,-6432.63,-0.16,4077707.35,112179.03,3974340.00,112179.03,-0.16
NLONG13,2026-03-04,70959.20,-147524.39,110.57,108.68,70959.20,1.74,4077707.35,147524.39,3974340.00,147524.39,0.00
NLONG14,2026-03-04,66345.96,-143394.75,111.42,109.64,66345.96,1.63,4077707.35,143394.75,3974340.00,143394.75,0.00
NLONG15,2026-03-04,3481.95,-94579.32,108.69,108.60,3481.95,0.09,4077707.35,94579.32,3974340.00,94579.32,-0.98
NLONG16,2026-03-04,2483.11,-110750.58,109.56,109.49,2483.11,0.06,4077707.35,110750.58,3974340.00,110750.58,-0.37
NLONG17,2026-03-04,70959.20,-145668.80,112.61,110.68,70959.20,1.74,4077707.35,145668.80,3974340.00,145668.80,0.00
NLONG18,2026-03-04,66345.96,-141539.16,112.07,110.28,66345.96,1.63,4077707.35,141539.16,3974340.00,141539.16,0.00
NLONG19,2026-03-04,1534.21,-95912.10,108.84,108.80,1534.21,0.04,4077707.35,95912.10,3974340.00,95912.10,-1.22
NLONG2,2026-03-04,61168.92,-146999.38,102.45,100.94,61168.92,1.50,4077707.35,146999.38,3974340.00,146999.38,0.00
NLONG20,2026-03-04,225.73,-108425.32,110.35,110.34,225.73,0.01,4077707.35,108425.32,3974340.00,108425.32,-0.45
NLONG21,2026-03-04,47929.04,-141454.03,114.16,112.83,47929.04,1.18,4077707.35,141454.03,3974340.00,141454.03,0.00
NLONG22,2026-03-04,42264.98,-137324.39,114.30,113.13,42264.98,1.04,4077707.35,137324.39,3974340.00,137324.39,0.00
NLONG23,2026-03-04,-3215.44,-97326.17,114.90,114.99,-3215.44,-0.08,4077707.35,97326.17,3974340.00,97326.17,-0.23
NLONG24,2026-03-04,-3215.44,-101605.58,116.93,117.02,-3215.44,-0.08,4077707.35,101605.58,3974340.00,101605.58,-0.08
NLONG3,2026-03-04,-8030.78,-95905.87,115.45,115.68,-8030.78,-0.20,4077707.35,95905.87,3974340.00,95905.87,-0.20
NLONG4,2026-03-04,-6432.63,-112179.03,112.15,112.33,-6432.63,-0.16,4077707.35,112179.03,3974340.00,112179.03,-0.16
NLONG5,2026-03-04,-42551.41,-170800.73,116.30,117.53,-42551.41,-1.04,4077707.35,170800.73,3974340.00,170800.73,-1.05
NLONG6,2026-03-04,61168.92,-146999.38,113.54,111.86,61168.92,1.50,4077707.35,146999.38,3974340.00,146999.38,0.00
NLONG7,2026-03-04,-8030.78,-112754.50,118.85,119.08,-8030.78,-0.20,4077707.35,112754.50,3974340.00,112754.50,-0.19
NLONG8,2026-03-04,-6432.63,-112179.03,114.33,114.51,-6432.63,-0.16,4077707.35,112179.03,3974340.00,112179.03,-0.16
NLONG9,2026-03-04,-45770.28,-178417.30,118.50,119.85,-45770.28,-1.12,4077707.35,178417.30,3974340.00,178417.30,-1.13
SLONG1,2026-03-04,-30900.12,-95643.61,110.09,110.93,-30900.12,-0.76,4077707.35,95643.61,3974340.00,95643.61,-0.76
SLONG10,2026-03-04,76179.26,-91470.81,108.95,106.95,76179.26,1.87,4077707.35,91470.81,3974340.00,91470.81,0.00
SLONG11,2026-03-04,-53499.37,-130903.86,110.62,112.09,-53499.37,-1.31,4077707.35,130903.86,3974340.00,130903.86,-1.31
SLONG12,2026-03-04,87305.38,-80329.00,109.57,107.27,87305.38,2.14,4077707.35,80329.00,3974340.00,80329.00,0.00
SLONG13,2026-03-04,89836.67,-86387.60,107.14,104.83,89836.67,2.20,4077707.35,86387.60,3974340.00,86387.60,0.00
SLONG14,2026-03-04,81536.83,-84587.50,107.70,105.59,81536.83,2.00,4077707.35,84587.50,3974340.00,84587.50,0.00
SLONG15,2026-03-04,82163.99,-92511.48,110.44,108.26,82163.99,2.01,4077707.35,92511.48,3974340.00,92511.48,0.00
SLONG16,2026-03-04,91121.58,-73445.69,106.45,104.12,91121.58,2.23,4077707.35,73445.69,3974340.00,73445.69,0.00
SLONG17,2026-03-04,89836.67,-87998.49,108.04,105.71,89836.67,2.20,4077707.35,87998.49,3974340.00,87998.49,0.00
SLONG18,2026-03-04,81536.83,-86198.39,107.91,105.79,81536.83,2.00,4077707.35,86198.39,3974340.00,86198.39,0.00
SLONG19,2026-03-04,71610.16,-91310.50,112.53,110.59,71610.16,1.76,4077707.35,91310.50,3974340.00,91310.50,0.00
SLONG2,2026-03-04,-214.73,-73538.66,97.85,97.86,-214.73,-0.01,4077707.35,73538.66,3974340.00,73538.66,-3.18
SLONG20,2026-03-04,81005.16,-72244.71,109.41,107.28,81005.16,1.99,4077707.35,72244.71,3974340.00,72244.71,0.00
SLONG21,2026-03-04,75836.54,-74661.02,108.78,106.79,75836.54,1.86,4077707.35,74661.02,3974340.00,74661.02,0.00
SLONG22,2026-03-04,8642.88,-68628.18,107.38,107.15,8642.88,0.21,4077707.35,68628.18,3974340.00,68628.18,0.00
SLONG23,2026-03-04,-53023.56,-103977.01,112.42,113.90,-53023.56,-1.30,4077707.35,103977.01,3974340.00,103977.01,-1.30
SLONG24,2026-03-04,-46446.89,-87002.43,112.30,113.59,-46446.89,-1.14,4077707.35,87002.43,3974340.00,87002.43,-1.14
SLONG3,2026-03-04,-35551.56,-95057.62,109.17,110.13,-35551.56,-0.87,4077707.35,95057.62,3974340.00,95057.62,-0.94
SLONG4,2026-03-04,87305.38,-80329.00,109.36,107.07,87305.38,2.14,4077707.35,80329.00,3974340.00,80329.00,0.00
SLONG5,2026-03-04,-48245.06,-107350.61,111.92,113.26,-48245.06,-1.18,4077707.35,107350.61,3974340.00,107350.61,-1.18
SLONG6,2026-03-04,76179.26,-91470.81,108.46,106.47,76179.26,1.87,4077707.35,91470.81,3974340.00,91470.81,0.00
SLONG7,2026-03-04,-48932.82,-114457.34,111.22,112.57,-48932.82,-1.20,4077707.35,114457.34,3974340.00,114457.34,-1.20
SLONG8,2026-03-04,87305.38,-80329.00,113.69,111.31,87305.38,2.14,4077707.35,80329.00,3974340.00,80329.00,0.00
SLONG9,2026-03-04,-52928.67,-121411.38,114.21,115.71,-52928.67,-1.30,4077707.35,121411.38,3974340.00,121411.38,-1.30
Liquidcase Stock Holdings,2026-03-04,36854753.88,-9175105.80,100.74,100.73,4074.16,0.01,46025785.52,46025785.52,46013563.04,12222.48,0.00
QYE++ Liquidcase Stock Holdings,2026-03-04,36854753.88,-9175105.80,100.74,100.73,4074.16,0.01,46025785.52,46025785.52,46013563.04,12222.48,0.00
QYE++ Debt Stock Holdings,2026-03-04,36854753.88,-9175105.80,100.74,100.73,4074.16,0.01,46025785.52,46025785.52,46013563.04,12222.48,0.00
Debt Stock Holdings,2026-03-04,36854753.88,-9175105.80,100.74,100.73,4074.16,0.01,46025785.52,46025785.52,46013563.04,12222.48,0.00
QYE++ Stock Holdings,2026-03-04,36854753.88,-9175105.80,100.74,100.73,4074.16,0.01,46025785.52,46025785.52,46013563.04,12222.48,0.00
Stock Holdings,2026-03-04,36854753.88,-9175105.80,100.74,100.73,4074.16,0.01,46025785.52,46025785.52,46013563.04,12222.48,0.00
Small Cap Mutual Funds,2026-03-04,118588708.16,0.00,93.95,95.60,-2087187.51,-1.73,120675895.67,120675895.67,122490975.27,-1815079.61,-6.94
QYE++ Small Cap Mutual Funds,2026-03-04,118588708.16,0.00,93.95,95.60,-2087187.51,-1.73,120675895.67,120675895.67,122490975.27,-1815079.61,-6.94
QYE++ Mutual Funds,2026-03-04,118588708.16,0.00,93.95,95.60,-2087187.51,-1.73,120675895.67,120675895.67,122490975.27,-1815079.61,-6.94
QYE++ Equity Mutual Funds,2026-03-04,118588708.16,0.00,93.95,95.60,-2087187.51,-1.73,120675895.67,120675895.67,122490975.27,-1815079.61,-6.94
Equity Mutual Funds,2026-03-04,118588708.16,0.00,93.95,95.60,-2087187.51,-1.73,120675895.67,120675895.67,122490975.27,-1815079.61,-6.94
Mutual Funds,2026-03-04,118588708.16,0.00,93.95,95.60,-2087187.51,-1.73,120675895.67,120675895.67,122490975.27,-1815079.61,-6.94
QYE++ Miscellaneous P&L,2026-03-04,0.00,0.00,100.00,100.00,0.00,0.00,0.00,0.00,0.00,0.00,0.00
Miscellaneous P&L,2026-03-04,0.00,0.00,100.00,100.00,0.00,0.00,0.00,0.00,0.00,0.00,0.00
QYE++ Equity Holdings Tax,2026-03-04,-366.81,0.00,100.00,100.00,-366.81,0.00,0.00,0.00,0.00,0.00,0.00
QAW++ Equity Holdings Tax,2026-03-04,0.00,0.00,100.00,100.00,0.00,0.00,0.00,0.00,0.00,0.00,0.00
Equity Holdings Tax,2026-03-04,-366.81,0.00,100.00,100.00,-366.81,0.00,0.00,0.00,0.00,0.00,0.00
QYE++ Total Tax,2026-03-04,-13721.99,22632.43,100.00,100.00,-13721.99,0.00,0.00,-22632.43,0.00,0.00,0.00
Total Tax,2026-03-04,-13721.99,22632.43,100.00,100.00,-13721.99,0.00,0.00,-22632.43,0.00,0.00,0.00
QYE++ F&O Tax,2026-03-04,-13355.18,22632.43,100.00,100.00,-13355.18,0.00,0.00,-22632.43,0.00,0.00,0.00
F&O Tax,2026-03-04,-13355.18,22632.43,100.00,100.00,-13355.18,0.00,0.00,-22632.43,0.00,0.00,0.00
Equity Intraday Tax,2026-03-04,0.00,0.00,100.00,100.00,0.00,0.00,0.00,0.00,0.00,0.00,0.00
MCX Tax,2026-03-04,0.00,0.00,100.00,100.00,0.00,0.00,0.00,0.00,0.00,0.00,0.00
QYE++ Total Other Debits and Credits,2026-03-04,-15.34,0.00,100.00,100.00,-15.34,0.00,0.00,0.00,0.00,0.00,0.00
Total Other Debits and Credits,2026-03-04,-15.34,0.00,100.00,100.00,-15.34,0.00,0.00,0.00,0.00,0.00,0.00
QYE++ Equity Other Debits and Credits,2026-03-04,-15.34,0.00,100.00,100.00,-15.34,0.00,0.00,0.00,0.00,0.00,0.00
Equity Other Debits and Credits,2026-03-04,-15.34,0.00,100.00,100.00,-15.34,0.00,0.00,0.00,0.00,0.00,0.00
QYE++ NPSAR,2026-03-04,23919635.17,265941.66,98.44,98.99,-546609.05,-0.56,97864976.86,24200302.56,95384160.36,354262.47,-2.23
NPSAR,2026-03-04,23919635.17,265941.66,98.44,98.99,-546609.05,-0.56,97864976.86,24200302.56,95384160.36,354262.47,-2.23
QYE++ SPSAR,2026-03-04,22844124.52,303835.53,99.31,100.99,-1622119.70,-1.66,97864976.86,24162408.69,95384160.36,316368.60,-1.68
SPSAR,2026-03-04,22844124.52,303835.53,99.31,100.99,-1622119.70,-1.66,97864976.86,24162408.69,95384160.36,316368.60,-1.68
QYE++ NLONG,2026-03-04,381253.07,-3138234.21,113.60,113.16,381253.07,0.39,97864976.40,3138234.21,95384160.00,3138234.21,0.00
NLONG,2026-03-04,381253.07,-3138234.21,113.60,113.16,381253.07,0.39,97864976.40,3138234.21,95384160.00,3138234.21,0.00
QYE++ SLONG,2026-03-04,797659.19,-2171244.70,109.44,108.56,797659.19,0.82,97864976.40,2171244.70,95384160.00,2171244.70,0.00
SLONG,2026-03-04,797659.19,-2171244.70,109.44,108.56,797659.19,0.82,97864976.40,2171244.70,95384160.00,2171244.70,0.00
QYE++ PSAR,2026-03-04,46763759.68,569777.18,98.88,99.98,-2168728.75,-1.11,195729953.72,48362711.25,190768320.72,670631.07,-1.90
PSAR,2026-03-04,46763759.68,569777.18,98.88,99.98,-2168728.75,-1.11,195729953.72,48362711.25,190768320.72,670631.07,-1.90
QYE++ LONG,2026-03-04,1178912.26,-5309478.91,111.52,110.86,1178912.26,0.60,195729952.80,5309478.91,190768320.00,5309478.91,0.00
LONG,2026-03-04,1178912.26,-5309478.91,111.52,110.86,1178912.26,0.60,195729952.80,5309478.91,190768320.00,5309478.91,0.00
QYE++ Total Portfolio Value,2026-03-04,47929316.76,-4717069.30,110.07,110.63,-1003171.67,-0.51,195729953.00,53649557.73,190768320.00,5957477.55,-0.51
Total Portfolio Value,2026-03-04,47929316.76,-4717069.30,110.13,110.69,-1003171.67,-0.51,195729953.00,53649557.73,190768320.00,5957477.55,-0.51
QYE++ Zerodha Total Portfolio,2026-03-04,190803694.60,0.00,105.80,107.51,-3086667.17,-1.59,193890361.77,193890361.77,189735741.35,4154620.42,-1.65
Zerodha Total Portfolio,2026-03-04,190803694.60,0.00,105.80,107.51,-3086667.17,-1.59,193890361.77,193890361.77,189735741.35,4154620.42,-1.65
NPSAR1,2026-03-05,1329269.03,-81177.03,101.85,102.05,-10669.75,-0.20,5359755.10,1421115.80,5436943.18,61880.00,-2.26
NPSAR10,2026-03-05,3147494.00,-176018.30,107.40,106.23,132631.78,1.10,12059448.88,3190880.52,12233122.06,132600.00,0.00
NPSAR11,2026-03-05,3041644.79,417159.98,96.34,96.13,26782.57,0.22,12059448.88,2597702.24,12233122.06,-460578.28,-4.49
NPSAR12,2026-03-05,3068492.29,353605.38,95.97,95.55,53630.07,0.44,12059448.88,2661256.84,12233122.06,-397023.68,-6.11
NPSAR13,2026-03-05,3091768.72,334471.80,98.79,98.16,76906.50,0.64,12059448.88,2680390.42,12233122.06,-377890.09,-3.55
NPSAR2,2026-03-05,1332727.03,-77946.53,98.25,98.38,-7211.75,-0.13,5359755.10,1417885.30,5436943.18,58649.50,-3.68
NPSAR3,2026-03-05,1329269.03,-81177.03,102.97,103.18,-10669.75,-0.20,5359755.10,1421115.80,5436943.18,61880.00,-0.20
NPSAR4,2026-03-05,1332727.03,-77946.53,96.80,96.93,-7211.75,-0.13,5359755.10,1417885.30,5436943.18,58649.50,-3.20
NPSAR5,2026-03-05,1329269.03,-81177.03,92.15,92.33,-10669.75,-0.20,5359755.10,1421115.80,5436943.18,61880.00,-7.85
NPSAR6,2026-03-05,1329269.03,-81177.03,96.03,96.22,-10669.75,-0.20,5359755.10,1421115.80,5436943.18,61880.00,-5.35
NPSAR7,2026-03-05,1287692.69,-81177.03,97.67,98.63,-52246.09,-0.97,5359755.10,1421115.80,5436943.18,61880.00,-3.48
NPSAR8,2026-03-05,1287692.69,-81177.03,93.49,94.41,-52246.09,-0.97,5359755.10,1421115.80,5436943.18,61880.00,-6.51
NPSAR9,2026-03-05,1326831.62,-87001.03,98.08,98.32,-13107.16,-0.24,5359755.10,1426939.80,5436943.18,67704.00,-1.92
SPSAR1,2026-03-05,1350465.66,-23443.03,104.56,104.36,10526.88,0.20,5359755.10,1363381.80,5436943.18,4146.00,0.00
SPSAR10,2026-03-05,3213824.73,479426.14,105.03,103.33,198962.51,1.65,12059448.88,2535436.08,12233122.06,-522844.44,-3.13
SPSAR11,2026-03-05,3098629.57,371237.72,101.63,100.93,83767.35,0.69,12059448.88,2643624.50,12233122.06,-414656.02,-3.00
SPSAR12,2026-03-05,3139058.93,308241.56,100.54,99.52,124196.71,1.03,12059448.88,2706620.66,12233122.06,-351659.85,-2.11
SPSAR13,2026-03-05,3071204.61,326399.10,97.28,96.83,56342.39,0.47,12059448.88,2688463.12,12233122.06,-369817.39,-5.47
SPSAR2,2026-03-05,1351803.51,-23443.03,98.89,98.67,11864.73,0.22,5359755.10,1363381.80,5436943.18,4146.00,-3.16
SPSAR3,2026-03-05,1357916.37,-23443.03,103.05,102.71,17977.59,0.34,5359755.10,1363381.80,5436943.18,4146.00,0.00
SPSAR4,2026-03-05,1363297.12,-23443.03,98.01,97.58,23358.34,0.44,5359755.10,1363381.80,5436943.18,4146.00,-2.10
SPSAR5,2026-03-05,1357961.68,-22987.03,91.46,91.15,18022.90,0.34,5359755.10,1362925.80,5436943.18,3690.00,-8.82
SPSAR6,2026-03-05,1330035.11,-23443.03,96.69,96.87,-9903.67,-0.18,5359755.10,1363381.80,5436943.18,4146.00,-5.32
SPSAR7,2026-03-05,1323353.92,-23443.03,95.45,95.75,-16584.86,-0.31,5359755.10,1363381.80,5436943.18,4146.00,-4.55
SPSAR8,2026-03-05,1344301.34,-23443.03,98.47,98.39,4362.56,0.08,5359755.10,1363381.80,5436943.18,4146.00,-1.53
SPSAR9,2026-03-05,1343382.15,-23443.03,100.55,100.49,3443.37,0.06,5359755.10,1363381.80,5436943.18,4146.00,0.00
NLONG1,2026-03-05,-2261.14,36640.23,111.88,111.94,-2261.14,-0.06,4019816.29,-36640.23,4077707.35,-36640.23,-0.95
NLONG10,2026-03-05,-1120.60,-61168.92,117.94,117.97,-1120.60,-0.03,4019816.29,61168.92,4077707.35,61168.92,-0.03
NLONG11,2026-03-05,-5441.59,8030.78,122.33,122.50,-5441.59,-0.14,4019816.29,-8030.78,4077707.35,-8030.78,-0.33
NLONG12,2026-03-05,2164.91,6432.63,118.23,118.17,2164.91,0.05,4019816.29,-6432.63,4077707.35,-6432.63,-0.11
NLONG13,2026-03-05,15831.27,-70959.20,111.01,110.57,15831.27,0.39,4019816.29,70959.20,4077707.35,70959.20,0.00
NLONG14,2026-03-05,12308.03,-66345.96,111.76,111.42,12308.03,0.31,4019816.29,66345.96,4077707.35,66345.96,0.00
NLONG15,2026-03-05,11647.97,-3481.95,109.00,108.69,11647.97,0.29,4019816.29,3481.95,4077707.35,3481.95,-0.70
NLONG16,2026-03-05,15669.95,-2483.11,109.99,109.56,15669.95,0.39,4019816.29,2483.11,4077707.35,2483.11,0.00
NLONG17,2026-03-05,14464.93,-70959.20,113.02,112.61,14464.93,0.36,4019816.29,70959.20,4077707.35,70959.20,0.00
NLONG18,2026-03-05,11790.68,-66345.96,112.40,112.07,11790.68,0.29,4019816.29,66345.96,4077707.35,66345.96,0.00
NLONG19,2026-03-05,11369.40,-1534.21,109.15,108.84,11369.40,0.28,4019816.29,1534.21,4077707.35,1534.21,-0.93
NLONG2,2026-03-05,-1120.60,-61168.92,102.42,102.45,-1120.60,-0.03,4019816.29,61168.92,4077707.35,61168.92,-0.03
NLONG20,2026-03-05,16240.37,-225.73,110.80,110.35,16240.37,0.40,4019816.29,225.73,4077707.35,225.73,-0.05
NLONG21,2026-03-05,16468.01,-47929.04,114.63,114.16,16468.01,0.41,4019816.29,47929.04,4077707.35,47929.04,0.00
NLONG22,2026-03-05,13793.76,-42264.98,114.69,114.30,13793.76,0.34,4019816.29,42264.98,4077707.35,42264.98,0.00
NLONG23,2026-03-05,11500.59,3215.44,115.23,114.90,11500.59,0.29,4019816.29,-3215.44,4077707.35,-3215.44,0.00
NLONG24,2026-03-05,16104.14,3215.44,117.40,116.93,16104.14,0.40,4019816.29,-3215.44,4077707.35,-3215.44,0.00
NLONG3,2026-03-05,-5441.59,8030.78,115.29,115.45,-5441.59,-0.14,4019816.29,-8030.78,4077707.35,-8030.78,-0.34
NLONG4,2026-03-05,2164.91,6432.63,112.21,112.15,2164.91,0.05,4019816.29,-6432.63,4077707.35,-6432.63,-0.11
NLONG5,2026-03-05,-2261.14,42551.41,116.23,116.30,-2261.14,-0.06,4019816.29,-42551.41,4077707.35,-42551.41,-1.11
NLONG6,2026-03-05,-1120.60,-61168.92,113.51,113.54,-1120.60,-0.03,4019816.29,61168.92,4077707.35,61168.92,-0.03
NLONG7,2026-03-05,-5441.59,8030.78,118.69,118.85,-5441.59,-0.14,4019816.29,-8030.78,4077707.35,-8030.78,-0.33
NLONG8,2026-03-05,2164.91,6432.63,114.39,114.33,2164.91,0.05,4019816.29,-6432.63,4077707.35,-6432.63,-0.10
NLONG9,2026-03-05,-2261.14,45770.28,118.43,118.50,-2261.14,-0.06,4019816.29,-45770.28,4077707.35,-45770.28,-1.18
SLONG1,2026-03-05,-4811.67,30900.12,109.96,110.09,-4811.67,-0.12,4019816.29,-30900.12,4077707.35,-30900.12,-0.87
SLONG10,2026-03-05,-21834.41,-76179.26,108.36,108.95,-21834.41,-0.54,4019816.29,76179.26,4077707.35,76179.26,-0.54
SLONG11,2026-03-05,10542.37,53499.37,110.91,110.62,10542.37,0.26,4019816.29,-53499.37,4077707.35,-53499.37,-1.05
SLONG12,2026-03-05,10348.84,-87305.38,109.85,109.57,10348.84,0.26,4019816.29,87305.38,4077707.35,87305.38,0.00
SLONG13,2026-03-05,11452.07,-89836.67,107.45,107.14,11452.07,0.28,4019816.29,89836.67,4077707.35,89836.67,0.00
SLONG14,2026-03-05,-8432.49,-81536.83,107.47,107.70,-8432.49,-0.21,4019816.29,81536.83,4077707.35,81536.83,-0.21
SLONG15,2026-03-05,108310.65,-82163.99,113.42,110.44,108310.65,2.69,4019816.29,82163.99,4077707.35,82163.99,0.00
SLONG16,2026-03-05,53586.29,-91121.58,107.87,106.45,53586.29,1.33,4019816.29,91121.58,4077707.35,91121.58,0.00
SLONG17,2026-03-05,10980.64,-89836.67,108.34,108.04,10980.64,0.27,4019816.29,89836.67,4077707.35,89836.67,0.00
SLONG18,2026-03-05,-8432.49,-81536.83,107.68,107.91,-8432.49,-0.21,4019816.29,81536.83,4077707.35,81536.83,-0.21
SLONG19,2026-03-05,152000.15,-71610.16,116.79,112.53,152000.15,3.78,4019816.29,71610.16,4077707.35,71610.16,0.00
SLONG2,2026-03-05,-21834.41,214.73,97.32,97.85,-21834.41,-0.54,4019816.29,-214.73,4077707.35,-214.73,-3.70
SLONG20,2026-03-05,52740.06,-81005.16,110.85,109.41,52740.06,1.31,4019816.29,81005.16,4077707.35,81005.16,0.00
SLONG21,2026-03-05,14935.21,-75836.54,109.18,108.78,14935.21,0.37,4019816.29,75836.54,4077707.35,75836.54,0.00
SLONG22,2026-03-05,-8432.49,-8642.88,107.15,107.38,-8432.49,-0.21,4019816.29,8642.88,4077707.35,8642.88,-0.21
SLONG23,2026-03-05,254034.93,53023.56,119.52,112.42,254034.93,6.32,4019816.29,-53023.56,4077707.35,-53023.56,0.00
SLONG24,2026-03-05,48070.16,46446.89,113.64,112.30,48070.16,1.20,4019816.29,-46446.89,4077707.35,-46446.89,0.00
SLONG3,2026-03-05,12851.38,35551.56,109.52,109.17,12851.38,0.32,4019816.29,-35551.56,4077707.35,-35551.56,-0.63
SLONG4,2026-03-05,10348.84,-87305.38,109.64,109.36,10348.84,0.26,4019816.29,87305.38,4077707.35,87305.38,0.00
SLONG5,2026-03-05,-4811.67,48245.06,111.79,111.92,-4811.67,-0.12,4019816.29,-48245.06,4077707.35,-48245.06,-1.30
SLONG6,2026-03-05,-21834.41,-76179.26,107.87,108.46,-21834.41,-0.54,4019816.29,76179.26,4077707.35,76179.26,-0.54
SLONG7,2026-03-05,12851.38,48932.82,111.58,111.22,12851.38,0.32,4019816.29,-48932.82,4077707.35,-48932.82,-0.88
SLONG8,2026-03-05,10348.84,-87305.38,113.98,113.69,10348.84,0.26,4019816.29,87305.38,4077707.35,87305.38,0.00
SLONG9,2026-03-05,-4575.72,52928.67,114.08,114.21,-4575.72,-0.11,4019816.29,-52928.67,4077707.35,-52928.67,-1.41
Liquidcase Stock Holdings,2026-03-05,36861278.00,0.00,100.76,100.74,6524.12,0.02,36854753.88,36854753.88,46025785.52,4074.16,0.00
QYE++ Liquidcase Stock Holdings,2026-03-05,36861278.00,0.00,100.76,100.74,6524.12,0.02,36854753.88,36854753.88,46025785.52,4074.16,0.00
QYE++ Debt Stock Holdings,2026-03-05,36861278.00,0.00,100.76,100.74,6524.12,0.02,36854753.88,36854753.88,46025785.52,4074.16,0.00
Debt Stock Holdings,2026-03-05,36861278.00,0.00,100.76,100.74,6524.12,0.02,36854753.88,36854753.88,46025785.52,4074.16,0.00
QYE++ Stock Holdings,2026-03-05,36861278.00,0.00,100.76,100.74,6524.12,0.02,36854753.88,36854753.88,46025785.52,4074.16,0.00
Stock Holdings,2026-03-05,36861278.00,0.00,100.76,100.74,6524.12,0.02,36854753.88,36854753.88,46025785.52,4074.16,0.00
Small Cap Mutual Funds,2026-03-05,119996834.55,0.00,95.07,93.95,1408126.39,1.19,118588708.16,118588708.16,120675895.67,-2087187.51,-5.83
QYE++ Small Cap Mutual Funds,2026-03-05,119996834.55,0.00,95.07,93.95,1408126.39,1.19,118588708.16,118588708.16,120675895.67,-2087187.51,-5.83
QYE++ Mutual Funds,2026-03-05,119996834.55,0.00,95.07,93.95,1408126.39,1.19,118588708.16,118588708.16,120675895.67,-2087187.51,-5.83
QYE++ Equity Mutual Funds,2026-03-05,119996834.55,0.00,95.07,93.95,1408126.39,1.19,118588708.16,118588708.16,120675895.67,-2087187.51,-5.83
Equity Mutual Funds,2026-03-05,119996834.55,0.00,95.07,93.95,1408126.39,1.19,118588708.16,118588708.16,120675895.67,-2087187.51,-5.83
Mutual Funds,2026-03-05,119996834.55,0.00,95.07,93.95,1408126.39,1.19,118588708.16,118588708.16,120675895.67,-2087187.51,-5.83
QYE++ Miscellaneous P&L,2026-03-05,0.00,0.00,100.00,100.00,0.00,0.00,0.00,0.00,0.00,0.00,0.00
Miscellaneous P&L,2026-03-05,0.00,0.00,100.00,100.00,0.00,0.00,0.00,0.00,0.00,0.00,0.00
QYE++ Equity Holdings Tax,2026-03-05,0.00,366.81,100.00,100.00,0.00,0.00,0.00,-366.81,0.00,-366.81,0.00
QAW++ Equity Holdings Tax,2026-03-05,0.00,0.00,100.00,100.00,0.00,0.00,0.00,0.00,0.00,0.00,0.00
Equity Holdings Tax,2026-03-05,0.00,366.81,100.00,100.00,0.00,0.00,0.00,-366.81,0.00,0.00,0.00
QYE++ Total Tax,2026-03-05,-17373.13,13721.99,100.00,100.00,-17373.13,0.00,0.00,-13721.99,0.00,0.00,0.00
Total Tax,2026-03-05,-17373.13,13721.99,100.00,100.00,-17373.13,0.00,0.00,-13721.99,0.00,0.00,0.00
QYE++ F&O Tax,2026-03-05,-17373.13,13355.18,100.00,100.00,-17373.13,0.00,0.00,-13355.18,0.00,0.00,0.00
F&O Tax,2026-03-05,-17373.13,13355.18,100.00,100.00,-17373.13,0.00,0.00,-13355.18,0.00,0.00,0.00
Equity Intraday Tax,2026-03-05,0.00,0.00,100.00,100.00,0.00,0.00,0.00,0.00,0.00,0.00,0.00
MCX Tax,2026-03-05,0.00,0.00,100.00,100.00,0.00,0.00,0.00,0.00,0.00,0.00,0.00
QYE++ Total Other Debits and Credits,2026-03-05,0.00,15.34,100.00,100.00,0.00,0.00,0.00,-15.34,0.00,-15.34,0.00
Total Other Debits and Credits,2026-03-05,0.00,15.34,100.00,100.00,0.00,0.00,0.00,-15.34,0.00,0.00,0.00
QYE++ Equity Other Debits and Credits,2026-03-05,0.00,15.34,100.00,100.00,0.00,0.00,0.00,-15.34,0.00,-15.34,0.00
Equity Other Debits and Credits,2026-03-05,0.00,15.34,100.00,100.00,0.00,0.00,0.00,-15.34,0.00,0.00,0.00
QYE++ NPSAR,2026-03-05,24234146.94,199262.64,98.55,98.44,115249.08,0.12,96475591.42,23919635.17,97864976.86,-546609.05,-2.11
NPSAR,2026-03-05,24234146.94,199262.64,98.55,98.44,115249.08,0.12,96475591.42,23919635.17,97864976.86,-546609.05,-2.11
QYE++ SPSAR,2026-03-05,24645234.66,1274773.30,99.86,99.31,526336.80,0.55,96475591.42,22844124.52,97864976.86,-1622119.70,-1.14
SPSAR,2026-03-05,24645234.66,1274773.30,99.86,99.31,526336.80,0.55,96475591.42,22844124.52,97864976.86,-1622119.70,-1.14
QYE++ NLONG,2026-03-05,147213.84,-381253.07,113.78,113.60,147213.84,0.15,96475590.96,381253.07,97864976.40,381253.07,0.00
NLONG,2026-03-05,147213.84,-381253.07,113.78,113.60,147213.84,0.15,96475590.96,381253.07,97864976.40,381253.07,0.00
QYE++ SLONG,2026-03-05,668402.05,-797659.19,110.20,109.44,668402.05,0.69,96475590.96,797659.19,97864976.40,797659.19,0.00
SLONG,2026-03-05,668402.05,-797659.19,110.20,109.44,668402.05,0.69,96475590.96,797659.19,97864976.40,797659.19,0.00
QYE++ PSAR,2026-03-05,48879381.59,1474035.93,99.21,98.88,641585.88,0.33,192951182.84,46763759.68,195729953.72,-2168728.75,-1.57
PSAR,2026-03-05,48879381.59,1474035.93,99.21,98.88,641585.88,0.33,192951182.84,46763759.68,195729953.72,-2168728.75,-1.57
QYE++ LONG,2026-03-05,815615.89,-1178912.26,112.00,111.52,815615.89,0.42,192951181.92,1178912.26,195729952.80,1178912.26,0.00
LONG,2026-03-05,815615.89,-1178912.26,112.00,111.52,815615.89,0.42,192951181.92,1178912.26,195729952.80,1178912.26,0.00
QYE++ Total Portfolio Value,2026-03-05,49677624.35,308478.85,110.89,110.07,1439828.64,0.75,192951182.00,47929316.76,195729953.00,-1003171.67,0.00
Total Portfolio Value,2026-03-05,49677624.35,308478.85,110.96,110.13,1439828.64,0.75,192951182.00,47929316.76,195729953.00,-1003171.67,0.00
QYE++ Zerodha Total Portfolio,2026-03-05,174797273.75,-18860900.00,107.39,105.80,2854479.15,1.50,190803694.60,190803694.60,193890361.77,-3086667.17,-0.18
Zerodha Total Portfolio,2026-03-05,174797273.75,-18860900.00,107.39,105.80,2854479.15,1.50,190803694.60,190803694.60,193890361.77,-3086667.17,-0.18
NPSAR1,2026-03-06,1248653.34,-126752.68,102.83,101.85,46137.00,0.96,4810065.37,1329269.02,5359755.10,-10669.75,-1.31
NPSAR10,2026-03-06,2691564.54,-441832.25,107.26,107.40,-14097.21,-0.13,10822647.00,3147494.00,12059448.88,132631.78,-0.13
NPSAR11,2026-03-06,2716154.64,-335983.04,96.43,96.34,10492.89,0.10,10822647.00,3041644.79,12059448.88,26782.57,-4.40
NPSAR12,2026-03-06,2686004.08,-362830.54,95.80,95.97,-19657.67,-0.18,10822647.00,3068492.29,12059448.88,53630.07,-6.27
NPSAR13,2026-03-06,2686004.08,-386106.97,98.61,98.79,-19657.67,-0.18,10822647.00,3091768.72,12059448.88,76906.50,-3.73
NPSAR2,2026-03-06,1241487.09,-130210.68,99.05,98.25,38970.75,0.81,4810065.37,1332727.02,5359755.10,-7211.75,-2.89
NPSAR3,2026-03-06,1248653.34,-126752.68,103.96,102.97,46137.00,0.96,4810065.37,1329269.02,5359755.10,-10669.75,0.00
NPSAR4,2026-03-06,1241487.09,-130210.68,97.58,96.80,38970.75,0.81,4810065.37,1332727.02,5359755.10,-7211.75,-2.42
NPSAR5,2026-03-06,1248653.34,-126752.68,93.03,92.15,46137.00,0.96,4810065.37,1329269.02,5359755.10,-10669.75,-6.97
NPSAR6,2026-03-06,1248653.34,-126752.68,96.95,96.03,46137.00,0.96,4810065.37,1329269.02,5359755.10,-10669.75,-4.45
NPSAR7,2026-03-06,1111568.83,-85176.34,95.82,97.67,-90947.51,-1.89,4810065.37,1287692.68,5359755.10,-52246.09,-5.31
NPSAR8,2026-03-06,1111568.83,-85176.34,91.72,93.49,-90947.51,-1.89,4810065.37,1287692.68,5359755.10,-52246.09,-8.28
NPSAR9,2026-03-06,1128249.73,-124315.28,96.57,98.08,-74266.61,-1.54,4810065.37,1326831.62,5359755.10,-13107.16,-3.43
SPSAR1,2026-03-06,1253483.34,-147949.32,105.67,104.56,50967.00,1.06,4810065.37,1350465.66,5359755.10,10526.88,0.00
SPSAR10,2026-03-06,2638772.62,-508162.98,104.38,105.03,-66889.13,-0.62,10822647.00,3213824.73,12059448.88,198962.51,-3.73
SPSAR11,2026-03-06,2679929.19,-392967.82,101.39,101.63,-25732.56,-0.24,10822647.00,3098629.57,12059448.88,83767.35,-3.23
SPSAR12,2026-03-06,2698777.54,-433397.18,100.48,100.54,-6884.21,-0.06,10822647.00,3139058.93,12059448.88,124196.71,-2.17
SPSAR13,2026-03-06,2644327.21,-365542.86,96.73,97.28,-61334.54,-0.57,10822647.00,3071204.61,12059448.88,56342.39,-6.01
SPSAR2,2026-03-06,1253483.34,-149287.16,99.94,98.89,50967.00,1.06,4810065.37,1351803.50,5359755.10,11864.73,-2.13
SPSAR3,2026-03-06,1248429.34,-155400.02,104.03,103.05,45913.00,0.95,4810065.37,1357916.36,5359755.10,17977.59,0.00
SPSAR4,2026-03-06,1245727.34,-160780.78,98.89,98.01,43211.00,0.90,4810065.37,1363297.12,5359755.10,23358.34,-1.22
SPSAR5,2026-03-06,1248429.34,-155445.34,92.33,91.46,45913.00,0.95,4810065.37,1357961.68,5359755.10,18022.90,-7.96
SPSAR6,2026-03-06,1091020.34,-127518.76,94.45,96.69,-111496.00,-2.32,4810065.37,1330035.10,5359755.10,-9903.67,-7.51
SPSAR7,2026-03-06,1091651.06,-120837.58,93.25,95.45,-110865.28,-2.30,4810065.37,1323353.92,5359755.10,-16584.86,-6.75
SPSAR8,2026-03-06,1101584.51,-141785.00,96.40,98.47,-100931.83,-2.10,4810065.37,1344301.34,5359755.10,4362.56,-3.60
SPSAR9,2026-03-06,1098302.09,-140865.80,98.37,100.55,-104214.25,-2.17,4810065.37,1343382.14,5359755.10,3443.37,-2.17
NLONG1,2026-03-06,-16133.57,2261.14,111.38,111.88,-16133.57,-0.45,3607549.00,-2261.14,4019816.29,-2261.14,-1.39
NLONG10,2026-03-06,-21744.47,1120.60,117.23,117.94,-21744.47,-0.60,3607549.00,-1120.60,4019816.29,-1120.60,-0.63
NLONG11,2026-03-06,-21077.52,5441.59,121.62,122.33,-21077.52,-0.58,3607549.00,-5441.59,4019816.29,-5441.59,-0.91
NLONG12,2026-03-06,-19607.25,-2164.91,117.59,118.23,-19607.25,-0.54,3607549.00,2164.91,4019816.29,2164.91,-0.65
NLONG13,2026-03-06,-5486.69,-15831.27,110.84,111.01,-5486.69,-0.15,3607549.00,15831.27,4019816.29,15831.27,-0.15
NLONG14,2026-03-06,-9297.65,-12308.03,111.47,111.76,-9297.65,-0.26,3607549.00,12308.03,4019816.29,12308.03,-0.26
NLONG15,2026-03-06,-10971.38,-11647.97,108.67,109.00,-10971.38,-0.30,3607549.00,11647.97,4019816.29,11647.97,-1.00
NLONG16,2026-03-06,-6967.30,-15669.95,109.78,109.99,-6967.30,-0.19,3607549.00,15669.95,4019816.29,15669.95,-0.19
NLONG17,2026-03-06,-5486.69,-14464.93,112.85,113.02,-5486.69,-0.15,3607549.00,14464.93,4019816.29,14464.93,-0.15
NLONG18,2026-03-06,-9297.65,-11790.68,112.11,112.40,-9297.65,-0.26,3607549.00,11790.68,4019816.29,11790.68,-0.26
NLONG19,2026-03-06,-10971.38,-11369.40,108.82,109.15,-10971.38,-0.30,3607549.00,11369.40,4019816.29,11369.40,-1.23
NLONG2,2026-03-06,-21744.47,1120.60,101.80,102.42,-21744.47,-0.60,3607549.00,-1120.60,4019816.29,-1120.60,-0.63
NLONG20,2026-03-06,-6967.30,-16240.37,110.59,110.80,-6967.30,-0.19,3607549.00,16240.37,4019816.29,16240.37,-0.23
NLONG21,2026-03-06,-5486.69,-16468.01,114.46,114.63,-5486.69,-0.15,3607549.00,16468.01,4019816.29,16468.01,-0.15
NLONG22,2026-03-06,-9297.65,-13793.76,114.39,114.69,-9297.65,-0.26,3607549.00,13793.76,4019816.29,13793.76,-0.26
NLONG23,2026-03-06,-11522.64,-11500.59,114.86,115.23,-11522.64,-0.32,3607549.00,11500.59,4019816.29,11500.59,-0.32
NLONG24,2026-03-06,-7518.56,-16104.14,117.16,117.40,-7518.56,-0.21,3607549.00,16104.14,4019816.29,16104.14,-0.20
NLONG3,2026-03-06,-21077.52,5441.59,114.62,115.29,-21077.52,-0.58,3607549.00,-5441.59,4019816.29,-5441.59,-0.92
NLONG4,2026-03-06,-19607.25,-2164.91,111.60,112.21,-19607.25,-0.54,3607549.00,2164.91,4019816.29,2164.91,-0.65
NLONG5,2026-03-06,-16133.57,2261.14,115.71,116.23,-16133.57,-0.45,3607549.00,-2261.14,4019816.29,-2261.14,-1.55
NLONG6,2026-03-06,-21744.47,1120.60,112.83,113.51,-21744.47,-0.60,3607549.00,-1120.60,4019816.29,-1120.60,-0.63
NLONG7,2026-03-06,-21077.52,5441.59,118.00,118.69,-21077.52,-0.58,3607549.00,-5441.59,4019816.29,-5441.59,-0.91
NLONG8,2026-03-06,-19607.25,-2164.91,113.77,114.39,-19607.25,-0.54,3607549.00,2164.91,4019816.29,2164.91,-0.65
NLONG9,2026-03-06,-16133.57,2261.14,117.90,118.43,-16133.57,-0.45,3607549.00,-2261.14,4019816.29,-2261.14,-1.63
SLONG1,2026-03-06,737.69,4811.67,109.98,109.96,737.69,0.02,3607549.00,-4811.67,4019816.29,-4811.67,-0.86
SLONG10,2026-03-06,-13616.35,21834.41,107.95,108.36,-13616.35,-0.38,3607549.00,-21834.41,4019816.29,-21834.41,-0.92
SLONG11,2026-03-06,11774.44,-10542.37,111.27,110.91,11774.44,0.33,3607549.00,10542.37,4019816.29,10542.37,-0.73
SLONG12,2026-03-06,-13735.90,-10348.84,109.43,109.85,-13735.90,-0.38,3607549.00,10348.84,4019816.29,10348.84,-0.38
SLONG13,2026-03-06,2547.13,-11452.07,107.53,107.45,2547.13,0.07,3607549.00,11452.07,4019816.29,11452.07,0.00
SLONG14,2026-03-06,1568.40,8432.49,107.52,107.47,1568.40,0.04,3607549.00,-8432.49,4019816.29,-8432.49,-0.17
SLONG15,2026-03-06,15110.47,-108310.65,113.90,113.42,15110.47,0.42,3607549.00,108310.65,4019816.29,108310.65,0.00
SLONG16,2026-03-06,-2095.64,-53586.29,107.81,107.87,-2095.64,-0.06,3607549.00,53586.29,4019816.29,53586.29,-0.06
SLONG17,2026-03-06,2547.13,-10980.64,108.42,108.34,2547.13,0.07,3607549.00,10980.64,4019816.29,10980.64,0.00
SLONG18,2026-03-06,1568.40,8432.49,107.73,107.68,1568.40,0.04,3607549.00,-8432.49,4019816.29,-8432.49,-0.17
SLONG19,2026-03-06,15110.47,-152000.15,117.28,116.79,15110.47,0.42,3607549.00,152000.15,4019816.29,152000.15,0.00
SLONG2,2026-03-06,-13616.35,21834.41,96.95,97.32,-13616.35,-0.38,3607549.00,-21834.41,4019816.29,-21834.41,-4.07
SLONG20,2026-03-06,-2095.64,-52740.06,110.79,110.85,-2095.64,-0.06,3607549.00,52740.06,4019816.29,52740.06,-0.05
SLONG21,2026-03-06,-4039.53,-14935.21,109.06,109.18,-4039.53,-0.11,3607549.00,14935.21,4019816.29,14935.21,-0.11
SLONG22,2026-03-06,-1543.49,8432.49,107.10,107.15,-1543.49,-0.04,3607549.00,-8432.49,4019816.29,-8432.49,-0.26
SLONG23,2026-03-06,12984.20,-254034.93,119.95,119.52,12984.20,0.36,3607549.00,254034.93,4019816.29,254034.93,0.00
SLONG24,2026-03-06,-4221.91,-48070.16,113.51,113.64,-4221.91,-0.12,3607549.00,48070.16,4019816.29,48070.16,-0.11
SLONG3,2026-03-06,11774.44,-12851.38,109.88,109.52,11774.44,0.33,3607549.00,12851.38,4019816.29,12851.38,-0.30
SLONG4,2026-03-06,-13735.90,-10348.84,109.22,109.64,-13735.90,-0.38,3607549.00,10348.84,4019816.29,10348.84,-0.38
SLONG5,2026-03-06,737.69,4811.67,111.81,111.79,737.69,0.02,3607549.00,-4811.67,4019816.29,-4811.67,-1.28
SLONG6,2026-03-06,-13616.35,21834.41,107.46,107.87,-13616.35,-0.38,3607549.00,-21834.41,4019816.29,-21834.41,-0.92
SLONG7,2026-03-06,11774.44,-12851.38,111.94,111.58,11774.44,0.33,3607549.00,12851.38,4019816.29,12851.38,-0.56
SLONG8,2026-03-06,-13735.90,-10348.84,113.55,113.98,-13735.90,-0.38,3607549.00,10348.84,4019816.29,10348.84,-0.38
SLONG9,2026-03-06,737.69,4575.72,114.10,114.08,737.69,0.02,3607549.00,-4575.72,4019816.29,-4575.72,-1.39
Liquidcase Stock Holdings,2026-03-06,36874326.24,0.00,100.80,100.76,13048.24,0.04,36861278.00,36861278.00,36854753.88,6524.12,0.00
QYE++ Liquidcase Stock Holdings,2026-03-06,36874326.24,0.00,100.80,100.76,13048.24,0.04,36861278.00,36861278.00,36854753.88,6524.12,0.00
QYE++ Debt Stock Holdings,2026-03-06,36874326.24,0.00,100.80,100.76,13048.24,0.04,36861278.00,36861278.00,36854753.88,6524.12,0.00
Debt Stock Holdings,2026-03-06,36874326.24,0.00,100.80,100.76,13048.24,0.04,36861278.00,36861278.00,36854753.88,6524.12,0.00
QYE++ Stock Holdings,2026-03-06,36874326.24,0.00,100.80,100.76,13048.24,0.04,36861278.00,36861278.00,36854753.88,6524.12,0.00
Stock Holdings,2026-03-06,36874326.24,0.00,100.80,100.76,13048.24,0.04,36861278.00,36861278.00,36854753.88,6524.12,0.00
Small Cap Mutual Funds,2026-03-06,119368725.53,0.00,94.58,95.07,-628109.02,-0.52,119996834.55,119996834.55,118588708.16,1408126.39,-6.32
QYE++ Small Cap Mutual Funds,2026-03-06,119368725.53,0.00,94.58,95.07,-628109.02,-0.52,119996834.55,119996834.55,118588708.16,1408126.39,-6.32
QYE++ Mutual Funds,2026-03-06,119368725.53,0.00,94.58,95.07,-628109.02,-0.52,119996834.55,119996834.55,118588708.16,1408126.39,-6.32
QYE++ Equity Mutual Funds,2026-03-06,119368725.53,0.00,94.58,95.07,-628109.02,-0.52,119996834.55,119996834.55,118588708.16,1408126.39,-6.32
Equity Mutual Funds,2026-03-06,119368725.53,0.00,94.58,95.07,-628109.02,-0.52,119996834.55,119996834.55,118588708.16,1408126.39,-6.32
Mutual Funds,2026-03-06,119368725.53,0.00,94.58,95.07,-628109.02,-0.52,119996834.55,119996834.55,118588708.16,1408126.39,-6.32
QYE++ Miscellaneous P&L,2026-03-06,0.00,0.00,100.00,100.00,0.00,0.00,0.00,0.00,0.00,0.00,0.00
Miscellaneous P&L,2026-03-06,0.00,0.00,100.00,100.00,0.00,0.00,0.00,0.00,0.00,0.00,0.00
QYE++ Equity Holdings Tax,2026-03-06,0.00,0.00,100.00,100.00,0.00,0.00,0.00,0.00,0.00,0.00,0.00
QAW++ Equity Holdings Tax,2026-03-06,0.00,0.00,100.00,100.00,0.00,0.00,0.00,0.00,0.00,0.00,0.00
Equity Holdings Tax,2026-03-06,0.00,0.00,100.00,100.00,0.00,0.00,0.00,0.00,0.00,0.00,0.00
QYE++ Total Tax,2026-03-06,-9820.70,17373.13,100.00,100.00,-9820.70,0.00,0.00,-17373.13,0.00,0.00,0.00
Total Tax,2026-03-06,-9820.70,17373.13,100.00,100.00,-9820.70,0.00,0.00,-17373.13,0.00,0.00,0.00
QYE++ F&O Tax,2026-03-06,-9820.70,17373.13,100.00,100.00,-9820.70,0.00,0.00,-17373.13,0.00,0.00,0.00
F&O Tax,2026-03-06,-9820.70,17373.13,100.00,100.00,-9820.70,0.00,0.00,-17373.13,0.00,0.00,0.00
Equity Intraday Tax,2026-03-06,0.00,0.00,100.00,100.00,0.00,0.00,0.00,0.00,0.00,0.00,0.00
MCX Tax,2026-03-06,0.00,0.00,100.00,100.00,0.00,0.00,0.00,0.00,0.00,0.00,0.00
QYE++ Total Other Debits and Credits,2026-03-06,0.00,0.00,100.00,100.00,0.00,0.00,0.00,0.00,0.00,0.00,0.00
Total Other Debits and Credits,2026-03-06,0.00,0.00,100.00,100.00,0.00,0.00,0.00,0.00,0.00,0.00,0.00
QYE++ Equity Other Debits and Credits,2026-03-06,0.00,0.00,100.00,100.00,0.00,0.00,0.00,0.00,0.00,0.00,0.00
Equity Other Debits and Credits,2026-03-06,0.00,0.00,100.00,100.00,0.00,0.00,0.00,0.00,0.00,0.00,0.00
QYE++ NPSAR,2026-03-06,21608702.29,-2588852.82,98.51,98.55,-36591.79,-0.04,86581176.33,24234146.94,96475591.42,115249.08,-2.16
NPSAR,2026-03-06,21608702.29,-2588852.82,98.51,98.55,-36591.79,-0.04,86581176.33,24234146.93,96475591.42,115249.08,-2.16
QYE++ SPSAR,2026-03-06,21293917.28,-2999940.58,99.45,99.86,-351376.80,-0.41,86581176.33,24645234.66,96475591.42,526336.80,-1.54
SPSAR,2026-03-06,21293917.28,-2999940.58,99.45,99.86,-351376.80,-0.41,86581176.33,24645234.66,96475591.42,526336.80,-1.54
QYE++ NLONG,2026-03-06,-334960.01,-147213.84,113.34,113.78,-334960.01,-0.39,86581176.00,147213.84,96475590.96,147213.84,-0.39
NLONG,2026-03-06,-334960.01,-147213.84,113.34,113.78,-334960.01,-0.39,86581176.00,147213.84,96475590.96,147213.84,-0.39
QYE++ SLONG,2026-03-06,-7080.37,-668402.05,110.19,110.20,-7080.37,-0.01,86581176.00,668402.05,96475590.96,668402.05,-0.01
SLONG,2026-03-06,-7080.37,-668402.05,110.19,110.20,-7080.37,-0.01,86581176.00,668402.05,96475590.96,668402.05,-0.01
QYE++ PSAR,2026-03-06,42902619.58,-5588793.40,98.98,99.21,-387968.59,-0.22,173162352.66,48879381.59,192951182.84,641585.88,-1.79
PSAR,2026-03-06,42902619.58,-5588793.40,98.98,99.21,-387968.59,-0.22,173162352.66,48879381.59,192951182.84,641585.88,-1.79
QYE++ LONG,2026-03-06,-342040.38,-815615.89,111.77,112.00,-342040.38,-0.20,173162352.00,815615.89,192951181.92,815615.89,-0.20
LONG,2026-03-06,-342040.38,-815615.89,111.77,112.00,-342040.38,-0.20,173162352.00,815615.89,192951181.92,815615.89,-0.20
QYE++ Total Portfolio Value,2026-03-06,42550758.49,-6387036.15,110.41,110.89,-739829.67,-0.43,173162352.00,49677624.35,192951182.00,1439828.64,-0.43
Total Portfolio Value,2026-03-06,42550758.49,-6387036.15,110.48,110.96,-739829.67,-0.43,173162352.00,49677624.35,192951182.00,1439828.64,-0.43
QYE++ Zerodha Total Portfolio,2026-03-06,173442383.30,0.00,106.55,107.39,-1354890.45,-0.78,174797273.75,174797273.75,190803694.60,2854479.15,-0.96
Zerodha Total Portfolio,2026-03-06,173442383.30,0.00,106.55,107.39,-1354890.45,-0.78,174797273.75,174797273.75,190803694.60,2854479.15,-0.96
NPSAR1,2026-03-09,1235922.37,-40417.73,103.42,102.83,27686.75,0.57,4832942.46,1248653.34,4810065.37,46137.00,-0.75
NPSAR10,2026-03-09,2839287.11,26965.57,108.45,107.26,120757.00,1.11,10874120.44,2691564.54,10822647.00,-14097.21,0.00
NPSAR11,2026-03-09,2816586.15,2375.47,97.30,96.43,98056.04,0.90,10874120.44,2716154.64,10822647.00,10492.89,-3.54
NPSAR12,2026-03-09,2883673.96,32526.03,97.25,95.80,165143.85,1.52,10874120.44,2686004.08,10822647.00,-19657.67,-4.85
NPSAR13,2026-03-09,2897108.39,32526.03,100.23,98.61,178578.28,1.64,10874120.44,2686004.08,10822647.00,-19657.67,-2.15
NPSAR2,2026-03-09,1231304.12,-33251.48,99.52,99.05,23068.50,0.48,4832942.46,1241487.09,4810065.37,38970.75,-2.43
NPSAR3,2026-03-09,1235922.37,-40417.73,104.56,103.96,27686.75,0.57,4832942.46,1248653.34,4810065.37,46137.00,0.00
NPSAR4,2026-03-09,1231304.12,-33251.48,98.05,97.58,23068.50,0.48,4832942.46,1241487.09,4810065.37,38970.75,-1.95
NPSAR5,2026-03-09,1235922.37,-40417.73,93.56,93.03,27686.75,0.57,4832942.46,1248653.34,4810065.37,46137.00,-6.44
NPSAR6,2026-03-09,1235922.37,-40417.73,97.51,96.95,27686.75,0.57,4832942.46,1248653.34,4810065.37,46137.00,-3.89
NPSAR7,2026-03-09,1274457.62,96666.78,97.13,95.82,66222.00,1.37,4832942.46,1111568.83,4810065.37,-90947.51,-4.01
NPSAR8,2026-03-09,1274457.62,96666.78,92.98,91.72,66222.00,1.37,4832942.46,1111568.83,4810065.37,-90947.51,-7.02
NPSAR9,2026-03-09,1274457.62,79985.89,97.89,96.57,66222.00,1.37,4832942.46,1128249.73,4810065.37,-74266.61,-2.11
SPSAR1,2026-03-09,1245846.62,-45247.73,106.49,105.67,37611.00,0.78,4832942.46,1253483.34,4810065.37,50967.00,0.00
SPSAR10,2026-03-09,2828556.11,79757.49,105.44,104.38,110026.00,1.01,10874120.44,2638772.62,10822647.00,-66889.13,-2.75
SPSAR11,2026-03-09,2805800.52,38600.92,102.20,101.39,87270.41,0.80,10874120.44,2679929.19,10822647.00,-25732.56,-2.45
SPSAR12,2026-03-09,2885630.72,19752.57,102.02,100.48,167100.61,1.54,10874120.44,2698777.54,10822647.00,-6884.21,-0.67
SPSAR13,2026-03-09,2904942.71,74202.90,98.39,96.73,186412.60,1.71,10874120.44,2644327.21,10822647.00,-61334.54,-4.39
SPSAR2,2026-03-09,1245846.62,-45247.73,100.72,99.94,37611.00,0.78,4832942.46,1253483.34,4810065.37,50967.00,-1.37
SPSAR3,2026-03-09,1242661.62,-40193.73,104.77,104.03,34426.00,0.71,4832942.46,1248429.34,4810065.37,45913.00,0.00
SPSAR4,2026-03-09,1240372.62,-37491.73,99.55,98.89,32137.00,0.66,4832942.46,1245727.34,4810065.37,43211.00,-0.56
SPSAR5,2026-03-09,1242661.62,-40193.73,92.99,92.33,34426.00,0.71,4832942.46,1248429.34,4810065.37,45913.00,-7.30
SPSAR6,2026-03-09,1150888.26,117215.28,93.33,94.45,-57347.36,-1.19,4832942.46,1091020.34,4810065.37,-111496.00,-8.61
SPSAR7,2026-03-09,1272321.62,116584.56,94.49,93.25,64086.00,1.33,4832942.46,1091651.06,4810065.37,-110865.28,-5.51
SPSAR8,2026-03-09,1268223.62,106651.11,97.60,96.40,59988.00,1.24,4832942.46,1101584.51,4810065.37,-100931.83,-2.40
SPSAR9,2026-03-09,1268223.62,109933.53,99.59,98.37,59988.00,1.24,4832942.46,1098302.09,4810065.37,-104214.25,-0.95
NLONG1,2026-03-09,109961.79,16133.57,114.76,111.38,109961.79,3.03,3624706.81,-16133.57,3607549.00,-16133.57,0.00
NLONG10,2026-03-09,116746.56,21744.47,121.01,117.23,116746.56,3.22,3624706.81,-21744.47,3607549.00,-21744.47,0.00
NLONG11,2026-03-09,95305.26,21077.52,124.82,121.62,95305.26,2.63,3624706.81,-21077.52,3607549.00,-21077.52,0.00
NLONG12,2026-03-09,109569.40,19607.25,121.14,117.59,109569.40,3.02,3624706.81,-19607.25,3607549.00,-19607.25,0.00
NLONG13,2026-03-09,115043.82,5486.69,114.36,110.84,115043.82,3.17,3624706.81,-5486.69,3607549.00,-5486.69,0.00
NLONG14,2026-03-09,138961.11,9297.65,115.74,111.47,138961.11,3.83,3624706.81,-9297.65,3607549.00,-9297.65,0.00
NLONG15,2026-03-09,101004.28,10971.38,111.70,108.67,101004.28,2.79,3624706.81,-10971.38,3607549.00,-10971.38,0.00
NLONG16,2026-03-09,132086.14,6967.30,113.78,109.78,132086.14,3.64,3624706.81,-6967.30,3607549.00,-6967.30,0.00
NLONG17,2026-03-09,115043.82,5486.69,116.43,112.85,115043.82,3.17,3624706.81,-5486.69,3607549.00,-5486.69,0.00
NLONG18,2026-03-09,138961.11,9297.65,116.41,112.11,138961.11,3.83,3624706.81,-9297.65,3607549.00,-9297.65,0.00
NLONG19,2026-03-09,101004.28,10971.38,111.85,108.82,101004.28,2.79,3624706.81,-10971.38,3607549.00,-10971.38,0.00
NLONG2,2026-03-09,88255.72,21744.47,104.28,101.80,88255.72,2.43,3624706.81,-21744.47,3607549.00,-21744.47,0.00
NLONG20,2026-03-09,132086.14,6967.30,114.62,110.59,132086.14,3.64,3624706.81,-6967.30,3607549.00,-6967.30,0.00
NLONG21,2026-03-09,115043.82,5486.69,118.09,114.46,115043.82,3.17,3624706.81,-5486.69,3607549.00,-5486.69,0.00
NLONG22,2026-03-09,138961.11,9297.65,118.78,114.39,138961.11,3.83,3624706.81,-9297.65,3607549.00,-9297.65,0.00
NLONG23,2026-03-09,101004.28,11522.64,118.06,114.86,101004.28,2.79,3624706.81,-11522.64,3607549.00,-11522.64,0.00
NLONG24,2026-03-09,132086.14,7518.56,121.43,117.16,132086.14,3.64,3624706.81,-7518.56,3607549.00,-7518.56,0.00
NLONG3,2026-03-09,95305.26,21077.52,117.63,114.62,95305.26,2.63,3624706.81,-21077.52,3607549.00,-21077.52,0.00
NLONG4,2026-03-09,82923.20,19607.25,114.15,111.60,82923.20,2.29,3624706.81,-19607.25,3607549.00,-19607.25,0.00
NLONG5,2026-03-09,109961.79,16133.57,119.22,115.71,109961.79,3.03,3624706.81,-16133.57,3607549.00,-16133.57,0.00
NLONG6,2026-03-09,88864.71,21744.47,115.60,112.83,88864.71,2.45,3624706.81,-21744.47,3607549.00,-21744.47,0.00
NLONG7,2026-03-09,95305.26,21077.52,121.10,118.00,95305.26,2.63,3624706.81,-21077.52,3607549.00,-21077.52,0.00
NLONG8,2026-03-09,83880.05,19607.25,116.40,113.77,83880.05,2.31,3624706.81,-19607.25,3607549.00,-19607.25,0.00
NLONG9,2026-03-09,109961.79,16133.57,121.48,117.90,109961.79,3.03,3624706.81,-16133.57,3607549.00,-16133.57,0.00
SLONG1,2026-03-09,96439.98,-737.69,112.91,109.98,96439.98,2.66,3624706.81,737.69,3607549.00,737.69,0.00
SLONG10,2026-03-09,91955.85,13616.35,110.69,107.95,91955.85,2.54,3624706.81,-13616.35,3607549.00,-13616.35,0.00
SLONG11,2026-03-09,83324.49,-11774.44,113.83,111.27,83324.49,2.30,3624706.81,11774.44,3607549.00,11774.44,0.00
SLONG12,2026-03-09,85115.75,13735.90,112.00,109.43,85115.75,2.35,3624706.81,-13735.90,3607549.00,-13735.90,0.00
SLONG13,2026-03-09,90281.45,-2547.13,110.21,107.53,90281.45,2.49,3624706.81,2547.13,3607549.00,2547.13,0.00
SLONG14,2026-03-09,101477.24,-1568.40,110.53,107.52,101477.24,2.80,3624706.81,1568.40,3607549.00,1568.40,0.00
SLONG15,2026-03-09,80367.08,-15110.47,116.43,113.90,80367.08,2.22,3624706.81,15110.47,3607549.00,15110.47,0.00
SLONG16,2026-03-09,96037.71,2095.64,110.67,107.81,96037.71,2.65,3624706.81,-2095.64,3607549.00,-2095.64,0.00
SLONG17,2026-03-09,90281.45,-2547.13,111.12,108.42,90281.45,2.49,3624706.81,2547.13,3607549.00,2547.13,0.00
SLONG18,2026-03-09,101477.24,-1568.40,110.75,107.73,101477.24,2.80,3624706.81,1568.40,3607549.00,1568.40,0.00
SLONG19,2026-03-09,80367.08,-15110.47,119.88,117.28,80367.08,2.22,3624706.81,15110.47,3607549.00,15110.47,0.00
SLONG2,2026-03-09,66122.81,13616.35,98.72,96.95,66122.81,1.82,3624706.81,-13616.35,3607549.00,-13616.35,-2.32
SLONG20,2026-03-09,96037.71,2095.64,113.73,110.79,96037.71,2.65,3624706.81,-2095.64,3607549.00,-2095.64,0.00
SLONG21,2026-03-09,86583.11,4039.53,111.67,109.06,86583.11,2.39,3624706.81,-4039.53,3607549.00,-4039.53,0.00
SLONG22,2026-03-09,99225.97,1543.49,110.03,107.10,99225.97,2.74,3624706.81,-1543.49,3607549.00,-1543.49,0.00
SLONG23,2026-03-09,80367.08,-12984.20,122.61,119.95,80367.08,2.22,3624706.81,12984.20,3607549.00,12984.20,0.00
SLONG24,2026-03-09,96037.71,4221.91,116.52,113.51,96037.71,2.65,3624706.81,-4221.91,3607549.00,-4221.91,0.00
SLONG3,2026-03-09,85311.01,-11774.44,112.47,109.88,85311.01,2.35,3624706.81,11774.44,3607549.00,11774.44,0.00
SLONG4,2026-03-09,58877.36,13735.90,110.99,109.22,58877.36,1.62,3624706.81,-13735.90,3607549.00,-13735.90,0.00
SLONG5,2026-03-09,96439.98,-737.69,114.78,111.81,96439.98,2.66,3624706.81,737.69,3607549.00,737.69,0.00
SLONG6,2026-03-09,65819.57,13616.35,109.41,107.46,65819.57,1.82,3624706.81,-13616.35,3607549.00,-13616.35,0.00
SLONG7,2026-03-09,85311.01,-11774.44,114.57,111.94,85311.01,2.35,3624706.81,11774.44,3607549.00,11774.44,0.00
SLONG8,2026-03-09,85115.75,13735.90,116.22,113.55,85115.75,2.35,3624706.81,-13735.90,3607549.00,-13735.90,0.00
SLONG9,2026-03-09,96439.98,-737.69,117.14,114.10,96439.98,2.66,3624706.81,737.69,3607549.00,737.69,0.00
Liquidcase Stock Holdings,2026-03-09,36877588.30,0.00,100.81,100.80,3262.06,0.01,36874326.24,36874326.24,36861278.00,13048.24,0.00
QYE++ Liquidcase Stock Holdings,2026-03-09,36877588.30,0.00,100.81,100.80,3262.06,0.01,36874326.24,36874326.24,36861278.00,13048.24,0.00
QYE++ Debt Stock Holdings,2026-03-09,36877588.30,0.00,100.81,100.80,3262.06,0.01,36874326.24,36874326.24,36861278.00,13048.24,0.00
Debt Stock Holdings,2026-03-09,36877588.30,0.00,100.81,100.80,3262.06,0.01,36874326.24,36874326.24,36861278.00,13048.24,0.00
QYE++ Stock Holdings,2026-03-09,36877588.30,0.00,100.81,100.80,3262.06,0.01,36874326.24,36874326.24,36861278.00,13048.24,0.00
Stock Holdings,2026-03-09,36877588.30,0.00,100.81,100.80,3262.06,0.01,36874326.24,36874326.24,36861278.00,13048.24,0.00
Small Cap Mutual Funds,2026-03-09,117269262.12,0.00,92.92,94.58,-2099463.41,-1.76,119368725.53,119368725.53,119996834.55,-628109.02,-7.96
QYE++ Small Cap Mutual Funds,2026-03-09,117269262.12,0.00,92.92,94.58,-2099463.41,-1.76,119368725.53,119368725.53,119996834.55,-628109.02,-7.96
QYE++ Mutual Funds,2026-03-09,117269262.12,0.00,92.92,94.58,-2099463.41,-1.76,119368725.53,119368725.53,119996834.55,-628109.02,-7.96
QYE++ Equity Mutual Funds,2026-03-09,117269262.12,0.00,92.92,94.58,-2099463.41,-1.76,119368725.53,119368725.53,119996834.55,-628109.02,-7.96
Equity Mutual Funds,2026-03-09,117269262.12,0.00,92.92,94.58,-2099463.41,-1.76,119368725.53,119368725.53,119996834.55,-628109.02,-7.96
Mutual Funds,2026-03-09,117269262.12,0.00,92.92,94.58,-2099463.41,-1.76,119368725.53,119368725.53,119996834.55,-628109.02,-7.96
QYE++ Miscellaneous P&L,2026-03-09,0.00,0.00,100.00,100.00,0.00,0.00,0.00,0.00,0.00,0.00,0.00
Miscellaneous P&L,2026-03-09,0.00,0.00,100.00,100.00,0.00,0.00,0.00,0.00,0.00,0.00,0.00
QYE++ Equity Holdings Tax,2026-03-09,0.00,0.00,100.00,100.00,0.00,0.00,0.00,0.00,0.00,0.00,0.00
QAW++ Equity Holdings Tax,2026-03-09,0.00,0.00,100.00,100.00,0.00,0.00,0.00,0.00,0.00,0.00,0.00
Equity Holdings Tax,2026-03-09,0.00,0.00,100.00,100.00,0.00,0.00,0.00,0.00,0.00,0.00,0.00
QYE++ Total Tax,2026-03-09,-16162.91,9820.70,100.00,100.00,-16162.91,0.00,0.00,-9820.70,0.00,0.00,0.00
Total Tax,2026-03-09,-16162.91,9820.70,100.00,100.00,-16162.91,0.00,0.00,-9820.70,0.00,0.00,0.00
QYE++ F&O Tax,2026-03-09,-16162.91,9820.70,100.00,100.00,-16162.91,0.00,0.00,-9820.70,0.00,0.00,0.00
F&O Tax,2026-03-09,-16162.91,9820.70,100.00,100.00,-16162.91,0.00,0.00,-9820.70,0.00,0.00,0.00
Equity Intraday Tax,2026-03-09,0.00,0.00,100.00,100.00,0.00,0.00,0.00,0.00,0.00,0.00,0.00
MCX Tax,2026-03-09,0.00,0.00,100.00,100.00,0.00,0.00,0.00,0.00,0.00,0.00,0.00
QYE++ Total Other Debits and Credits,2026-03-09,-500.00,0.00,100.00,100.00,-500.00,0.00,0.00,0.00,0.00,0.00,0.00
Total Other Debits and Credits,2026-03-09,-500.00,0.00,100.00,100.00,-500.00,0.00,0.00,0.00,0.00,0.00,0.00
QYE++ Equity Other Debits and Credits,2026-03-09,-500.00,0.00,100.00,100.00,-500.00,0.00,0.00,0.00,0.00,0.00,0.00
Equity Other Debits and Credits,2026-03-09,-500.00,0.00,100.00,100.00,-500.00,0.00,0.00,0.00,0.00,0.00,0.00
QYE++ NPSAR,2026-03-09,22666326.15,139538.70,99.55,98.51,918085.17,1.06,86992963.90,21608702.29,86581176.33,-36591.79,-1.12
NPSAR,2026-03-09,22666326.15,139538.70,99.55,98.51,918085.17,1.06,86992963.90,21608702.29,86581176.33,-36591.79,-1.12
QYE++ SPSAR,2026-03-09,22601976.24,454323.71,100.43,99.45,853735.26,0.98,86992963.90,21293917.28,86581176.33,-351376.80,-0.58
SPSAR,2026-03-09,22601976.24,454323.71,100.43,99.45,853735.26,0.98,86992963.90,21293917.28,86581176.33,-351376.80,-0.58
QYE++ NLONG,2026-03-09,2647326.84,334960.01,116.79,113.34,2647326.84,3.04,86992963.44,-334960.01,86581176.00,-334960.01,0.00
NLONG,2026-03-09,2647326.84,334960.01,116.79,113.34,2647326.84,3.04,86992963.44,-334960.01,86581176.00,-334960.01,0.00
QYE++ SLONG,2026-03-09,2094814.37,7080.37,112.84,110.19,2094814.37,2.41,86992963.44,-7080.37,86581176.00,-7080.37,0.00
SLONG,2026-03-09,2094814.37,7080.37,112.84,110.19,2094814.37,2.41,86992963.44,-7080.37,86581176.00,-7080.37,0.00
QYE++ PSAR,2026-03-09,45268302.38,593862.42,99.99,98.98,1771820.43,1.02,173985927.80,42902619.58,173162352.66,-387968.59,-0.79
PSAR,2026-03-09,45268302.38,593862.42,99.99,98.98,1771820.43,1.02,173985927.80,42902619.58,173162352.66,-387968.59,-0.79
QYE++ LONG,2026-03-09,4742141.21,342040.38,114.82,111.77,4742141.21,2.73,173985926.88,-342040.38,173162352.00,-342040.38,0.00
LONG,2026-03-09,4742141.21,342040.38,114.82,111.77,4742141.21,2.73,173985926.88,-342040.38,173162352.00,-342040.38,0.00
QYE++ Total Portfolio Value,2026-03-09,49994280.68,945723.50,114.54,110.41,6497798.73,3.73,173985927.00,42550758.49,173162352.00,-739829.67,0.00
Total Portfolio Value,2026-03-09,49994280.68,945723.50,114.60,110.48,6497798.73,3.73,173985927.00,42550758.49,173162352.00,-739829.67,0.00
QYE++ Zerodha Total Portfolio,2026-03-09,177843480.68,0.00,109.26,106.55,4401097.38,2.54,173442383.30,173442383.30,174797273.75,-1354890.45,0.00
Zerodha Total Portfolio,2026-03-09,177843480.68,0.00,109.26,106.55,4401097.38,2.54,173442383.30,173442383.30,174797273.75,-1354890.45,0.00
NPSAR1,2026-03-10,1251721.80,12709.35,103.48,103.42,3090.09,0.06,4994526.82,1235922.36,4832942.46,27686.75,-0.69
NPSAR10,2026-03-10,2938595.65,-29865.80,109.70,108.45,129174.34,1.15,11237685.25,2839287.11,10874120.44,120757.00,0.00
NPSAR11,2026-03-10,2999038.15,-7164.84,98.94,97.30,189616.84,1.69,11237685.25,2816586.15,10874120.44,98056.04,-1.91
NPSAR12,2026-03-10,2962641.88,-74252.65,98.58,97.25,153220.57,1.36,11237685.25,2883673.96,10874120.44,165143.85,-3.55
NPSAR13,2026-03-10,2872513.41,-87687.08,100.79,100.23,63092.10,0.56,11237685.25,2897108.39,10874120.44,178578.28,-1.60
NPSAR2,2026-03-10,1255315.84,17327.59,99.65,99.52,6684.13,0.13,4994526.82,1231304.12,4832942.46,23068.50,-2.30
NPSAR3,2026-03-10,1254742.76,12709.35,104.69,104.56,6111.05,0.12,4994526.82,1235922.36,4832942.46,27686.75,0.00
NPSAR4,2026-03-10,1253544.19,17327.59,98.15,98.05,4912.48,0.10,4994526.82,1231304.12,4832942.46,23068.50,-1.85
NPSAR5,2026-03-10,1254174.85,12709.35,93.66,93.56,5543.14,0.11,4994526.82,1235922.36,4832942.46,27686.75,-6.34
NPSAR6,2026-03-10,1252601.21,12709.35,97.59,97.51,3969.50,0.08,4994526.82,1235922.36,4832942.46,27686.75,-3.81
NPSAR7,2026-03-10,1262221.18,-25825.92,97.39,97.13,13589.47,0.27,4994526.82,1274457.62,4832942.46,66222.00,-3.76
NPSAR8,2026-03-10,1262162.65,-25825.92,93.23,92.98,13530.94,0.27,4994526.82,1274457.62,4832942.46,66222.00,-6.77
NPSAR9,2026-03-10,1271896.45,-25825.92,98.35,97.89,23264.74,0.47,4994526.82,1274457.62,4832942.46,66222.00,-1.65
SPSAR1,2026-03-10,1267174.71,2785.08,106.89,106.49,18543.00,0.37,4994526.82,1245846.62,4832942.46,37611.00,0.00
SPSAR10,2026-03-10,2891469.96,-19134.80,106.21,105.44,82048.65,0.73,11237685.25,2828556.11,10874120.44,110026.00,-2.04
SPSAR11,2026-03-10,2989853.31,3620.79,103.84,102.20,180432.00,1.61,11237685.25,2805800.52,10874120.44,87270.41,-0.89
SPSAR12,2026-03-10,2973949.31,-76209.41,103.51,102.02,164528.00,1.46,11237685.25,2885630.72,10874120.44,167100.61,0.00
SPSAR13,2026-03-10,2879230.48,-95521.40,99.00,98.39,69809.17,0.62,11237685.25,2904942.71,10874120.44,186412.60,-3.80
SPSAR2,2026-03-10,1267174.71,2785.08,101.09,100.72,18543.00,0.37,4994526.82,1245846.62,4832942.46,37611.00,-1.01
SPSAR3,2026-03-10,1266775.71,5970.08,105.15,104.77,18144.00,0.36,4994526.82,1242661.62,4832942.46,34426.00,0.00
SPSAR4,2026-03-10,1265256.71,8259.08,99.88,99.55,16625.00,0.33,4994526.82,1240372.62,4832942.46,32137.00,-0.23
SPSAR5,2026-03-10,1266775.71,5970.08,93.33,92.99,18144.00,0.36,4994526.82,1242661.62,4832942.46,34426.00,-6.96
SPSAR6,2026-03-10,1241959.71,97743.46,93.21,93.33,-6672.00,-0.13,4994526.82,1150888.25,4832942.46,-57347.36,-8.73
SPSAR7,2026-03-10,1268563.71,-23689.92,94.87,94.49,19932.00,0.40,4994526.82,1272321.62,4832942.46,64086.00,-5.13
SPSAR8,2026-03-10,1268947.71,-19591.92,98.00,97.60,20316.00,0.41,4994526.82,1268223.62,4832942.46,59988.00,-2.00
SPSAR9,2026-03-10,1269529.19,-19591.92,100.01,99.59,20897.48,0.42,4994526.82,1268223.62,4832942.46,59988.00,-0.54
NLONG1,2026-03-10,-16369.68,-109961.79,114.26,114.76,-16369.68,-0.44,3745895.08,109961.79,3624706.81,109961.79,-0.44
NLONG10,2026-03-10,-7192.03,-116746.56,120.78,121.01,-7192.03,-0.19,3745895.08,116746.56,3624706.81,116746.56,-0.19
NLONG11,2026-03-10,-51262.16,-95305.26,123.11,124.82,-51262.16,-1.37,3745895.08,95305.26,3624706.81,95305.26,-1.37
NLONG12,2026-03-10,-2441.67,-109569.40,121.06,121.14,-2441.67,-0.07,3745895.08,109569.40,3624706.81,109569.40,-0.07
NLONG13,2026-03-10,4022.11,-115043.82,114.48,114.36,4022.11,0.11,3745895.08,115043.82,3624706.81,115043.82,0.00
NLONG14,2026-03-10,-4855.60,-138961.11,115.59,115.74,-4855.60,-0.13,3745895.08,138961.11,3624706.81,138961.11,-0.13
NLONG15,2026-03-10,-52787.61,-101004.28,110.13,111.70,-52787.61,-1.41,3745895.08,101004.28,3624706.81,101004.28,-1.41
NLONG16,2026-03-10,-27153.88,-132086.14,112.96,113.78,-27153.88,-0.72,3745895.08,132086.14,3624706.81,132086.14,-0.72
NLONG17,2026-03-10,4022.11,-115043.82,116.56,116.43,4022.11,0.11,3745895.08,115043.82,3624706.81,115043.82,0.00
NLONG18,2026-03-10,-4855.60,-138961.11,116.26,116.41,-4855.60,-0.13,3745895.08,138961.11,3624706.81,138961.11,-0.13
NLONG19,2026-03-10,-52787.61,-101004.28,110.27,111.85,-52787.61,-1.41,3745895.08,101004.28,3624706.81,101004.28,-1.41
NLONG2,2026-03-10,0.00,-88255.72,104.28,104.28,0.00,0.00,3745895.08,88255.72,3624706.81,88255.72,0.00
NLONG20,2026-03-10,-27153.88,-132086.14,113.79,114.62,-27153.88,-0.72,3745895.08,132086.14,3624706.81,132086.14,-0.72
NLONG21,2026-03-10,4022.11,-115043.82,118.22,118.09,4022.11,0.11,3745895.08,115043.82,3624706.81,115043.82,0.00
NLONG22,2026-03-10,-4855.60,-138961.11,118.63,118.78,-4855.60,-0.13,3745895.08,138961.11,3624706.81,138961.11,-0.13
NLONG23,2026-03-10,3582.65,-101004.28,118.17,118.06,3582.65,0.10,3745895.08,101004.28,3624706.81,101004.28,0.00
NLONG24,2026-03-10,3400.94,-132086.14,121.54,121.43,3400.94,0.09,3745895.08,132086.14,3624706.81,132086.14,0.00
NLONG3,2026-03-10,-50845.20,-95305.26,116.03,117.63,-50845.20,-1.36,3745895.08,95305.26,3624706.81,95305.26,-1.36
NLONG4,2026-03-10,0.00,-82923.20,114.15,114.15,0.00,0.00,3745895.08,82923.20,3624706.81,82923.20,0.00
NLONG5,2026-03-10,-12072.79,-109961.79,118.84,119.22,-12072.79,-0.32,3745895.08,109961.79,3624706.81,109961.79,-0.32
NLONG6,2026-03-10,0.00,-88864.71,115.60,115.60,0.00,0.00,3745895.08,88864.71,3624706.81,88864.71,0.00
NLONG7,2026-03-10,-51262.16,-95305.26,119.44,121.10,-51262.16,-1.37,3745895.08,95305.26,3624706.81,95305.26,-1.37
NLONG8,2026-03-10,0.00,-83880.05,116.40,116.40,0.00,0.00,3745895.08,83880.05,3624706.81,83880.05,0.00
NLONG9,2026-03-10,-12072.79,-109961.79,121.09,121.48,-12072.79,-0.32,3745895.08,109961.79,3624706.81,109961.79,-0.32
SLONG1,2026-03-10,-21113.74,-96439.98,112.27,112.91,-21113.74,-0.56,3745895.08,96439.98,3624706.81,96439.98,-0.57
SLONG10,2026-03-10,-5327.32,-91955.85,110.53,110.69,-5327.32,-0.14,3745895.08,91955.85,3624706.81,91955.85,-0.14
SLONG11,2026-03-10,-14382.17,-83324.49,113.39,113.83,-14382.17,-0.38,3745895.08,83324.49,3624706.81,83324.49,-0.39
SLONG12,2026-03-10,-2190.37,-85115.75,111.93,112.00,-2190.37,-0.06,3745895.08,85115.75,3624706.81,85115.75,-0.06
SLONG13,2026-03-10,800.95,-90281.45,110.23,110.21,800.95,0.02,3745895.08,90281.45,3624706.81,90281.45,0.00
SLONG14,2026-03-10,-4408.66,-101477.24,110.40,110.53,-4408.66,-0.12,3745895.08,101477.24,3624706.81,101477.24,-0.12
SLONG15,2026-03-10,3748.21,-80367.08,116.55,116.43,3748.21,0.10,3745895.08,80367.08,3624706.81,80367.08,0.00
SLONG16,2026-03-10,-1471.39,-96037.71,110.63,110.67,-1471.39,-0.04,3745895.08,96037.71,3624706.81,96037.71,-0.04
SLONG17,2026-03-10,800.95,-90281.45,111.14,111.12,800.95,0.02,3745895.08,90281.45,3624706.81,90281.45,0.00
SLONG18,2026-03-10,-4408.66,-101477.24,110.62,110.75,-4408.66,-0.12,3745895.08,101477.24,3624706.81,101477.24,-0.12
SLONG19,2026-03-10,3748.21,-80367.08,120.00,119.88,3748.21,0.10,3745895.08,80367.08,3624706.81,80367.08,0.00
SLONG2,2026-03-10,-20569.68,-66122.81,98.18,98.72,-20569.68,-0.55,3745895.08,66122.81,3624706.81,66122.81,-2.85
SLONG20,2026-03-10,-1471.39,-96037.71,113.69,113.73,-1471.39,-0.04,3745895.08,96037.71,3624706.81,96037.71,-0.04
SLONG21,2026-03-10,800.95,-86583.11,111.69,111.67,800.95,0.02,3745895.08,86583.11,3624706.81,86583.11,0.00
SLONG22,2026-03-10,-4408.66,-99225.97,109.90,110.03,-4408.66,-0.12,3745895.08,99225.97,3624706.81,99225.97,-0.12
SLONG23,2026-03-10,3748.21,-80367.08,122.73,122.61,3748.21,0.10,3745895.08,80367.08,3624706.81,80367.08,0.00
SLONG24,2026-03-10,-1471.39,-96037.71,116.47,116.52,-1471.39,-0.04,3745895.08,96037.71,3624706.81,96037.71,-0.04
SLONG3,2026-03-10,-19886.03,-85311.01,111.87,112.47,-19886.03,-0.53,3745895.08,85311.01,3624706.81,85311.01,-0.53
SLONG4,2026-03-10,-21833.65,-58877.36,110.34,110.99,-21833.65,-0.58,3745895.08,58877.36,3624706.81,58877.36,-0.59
SLONG5,2026-03-10,-19332.27,-96439.98,114.19,114.78,-19332.27,-0.52,3745895.08,96439.98,3624706.81,96439.98,-0.51
SLONG6,2026-03-10,-20569.68,-65819.57,108.81,109.41,-20569.68,-0.55,3745895.08,65819.57,3624706.81,65819.57,-0.55
SLONG7,2026-03-10,-14382.17,-85311.01,114.13,114.57,-14382.17,-0.38,3745895.08,85311.01,3624706.81,85311.01,-0.38
SLONG8,2026-03-10,-2190.37,-85115.75,116.15,116.22,-2190.37,-0.06,3745895.08,85115.75,3624706.81,85115.75,-0.06
SLONG9,2026-03-10,-18686.24,-96439.98,116.56,117.14,-18686.24,-0.50,3745895.08,96439.98,3624706.81,96439.98,-0.50
Liquidcase Stock Holdings,2026-03-10,36880850.36,0.00,100.82,100.81,3262.06,0.01,36877588.30,36877588.30,36874326.24,3262.06,0.00
QYE++ Liquidcase Stock Holdings,2026-03-10,36880850.36,0.00,100.82,100.81,3262.06,0.01,36877588.30,36877588.30,36874326.24,3262.06,0.00
QYE++ Debt Stock Holdings,2026-03-10,36880850.36,0.00,100.82,100.81,3262.06,0.01,36877588.30,36877588.30,36874326.24,3262.06,0.00
Debt Stock Holdings,2026-03-10,36880850.36,0.00,100.82,100.81,3262.06,0.01,36877588.30,36877588.30,36874326.24,3262.06,0.00
QYE++ Stock Holdings,2026-03-10,36880850.36,0.00,100.82,100.81,3262.06,0.01,36877588.30,36877588.30,36874326.24,3262.06,0.00
Stock Holdings,2026-03-10,36880850.36,0.00,100.82,100.81,3262.06,0.01,36877588.30,36877588.30,36874326.24,3262.06,0.00
Small Cap Mutual Funds,2026-03-10,119107613.80,0.00,94.38,92.92,1838351.68,1.57,117269262.12,117269262.12,119368725.53,-2099463.41,-6.52
QYE++ Small Cap Mutual Funds,2026-03-10,119107613.80,0.00,94.38,92.92,1838351.68,1.57,117269262.12,117269262.12,119368725.53,-2099463.41,-6.52
QYE++ Mutual Funds,2026-03-10,119107613.80,0.00,94.38,92.92,1838351.68,1.57,117269262.12,117269262.12,119368725.53,-2099463.41,-6.52
QYE++ Equity Mutual Funds,2026-03-10,119107613.80,0.00,94.38,92.92,1838351.68,1.57,117269262.12,117269262.12,119368725.53,-2099463.41,-6.52
Equity Mutual Funds,2026-03-10,119107613.80,0.00,94.38,92.92,1838351.68,1.57,117269262.12,117269262.12,119368725.53,-2099463.41,-6.52
Mutual Funds,2026-03-10,119107613.80,0.00,94.38,92.92,1838351.68,1.57,117269262.12,117269262.12,119368725.53,-2099463.41,-6.52
QYE++ Miscellaneous P&L,2026-03-10,0.00,0.00,100.00,100.00,0.00,0.00,0.00,0.00,0.00,0.00,0.00
Miscellaneous P&L,2026-03-10,0.00,0.00,100.00,100.00,0.00,0.00,0.00,0.00,0.00,0.00,0.00
QYE++ Equity Holdings Tax,2026-03-10,0.00,0.00,100.00,100.00,0.00,0.00,0.00,0.00,0.00,0.00,0.00
QAW++ Equity Holdings Tax,2026-03-10,0.00,0.00,100.00,100.00,0.00,0.00,0.00,0.00,0.00,0.00,0.00
Equity Holdings Tax,2026-03-10,0.00,0.00,100.00,100.00,0.00,0.00,0.00,0.00,0.00,0.00,0.00
QYE++ Total Tax,2026-03-10,-10050.44,16162.91,100.00,100.00,-10050.44,0.00,0.00,-16162.91,0.00,0.00,0.00
Total Tax,2026-03-10,-10050.44,16162.91,100.00,100.00,-10050.44,0.00,0.00,-16162.91,0.00,0.00,0.00
QYE++ F&O Tax,2026-03-10,-10050.44,16162.91,100.00,100.00,-10050.44,0.00,0.00,-16162.91,0.00,0.00,0.00
F&O Tax,2026-03-10,-10050.44,16162.91,100.00,100.00,-10050.44,0.00,0.00,-16162.91,0.00,0.00,0.00
Equity Intraday Tax,2026-03-10,0.00,0.00,100.00,100.00,0.00,0.00,0.00,0.00,0.00,0.00,0.00
MCX Tax,2026-03-10,0.00,0.00,100.00,100.00,0.00,0.00,0.00,0.00,0.00,0.00,0.00
QYE++ Total Other Debits and Credits,2026-03-10,0.00,500.00,100.00,100.00,0.00,0.00,0.00,-500.00,0.00,-500.00,0.00
Total Other Debits and Credits,2026-03-10,0.00,500.00,100.00,100.00,0.00,0.00,0.00,-500.00,0.00,0.00,0.00
QYE++ Equity Other Debits and Credits,2026-03-10,0.00,500.00,100.00,100.00,0.00,0.00,0.00,-500.00,0.00,-500.00,0.00
Equity Other Debits and Credits,2026-03-10,0.00,500.00,100.00,100.00,0.00,0.00,0.00,-500.00,0.00,0.00,0.00
QYE++ NPSAR,2026-03-10,23091169.99,-190955.56,100.23,99.55,615799.39,0.68,89901482.38,22666326.15,86992963.90,918085.17,-0.45
NPSAR,2026-03-10,23091169.99,-190955.56,100.23,99.55,615799.39,0.68,89901482.38,22666326.14,86992963.90,918085.17,-0.45
QYE++ SPSAR,2026-03-10,23116660.90,-126605.68,101.14,100.43,641290.30,0.71,89901482.38,22601976.24,86992963.90,853735.26,0.00
SPSAR,2026-03-10,23116660.90,-126605.68,101.14,100.43,641290.30,0.71,89901482.38,22601976.23,86992963.90,853735.26,0.00
QYE++ NLONG,2026-03-10,-358918.34,-2647326.84,116.32,116.79,-358918.34,-0.40,89901481.92,2647326.84,86992963.44,2647326.84,-0.40
NLONG,2026-03-10,-358918.34,-2647326.84,116.32,116.79,-358918.34,-0.40,89901481.92,2647326.84,86992963.44,2647326.84,-0.40
QYE++ SLONG,2026-03-10,-184456.36,-2094814.37,112.61,112.84,-184456.36,-0.21,89901481.92,2094814.37,86992963.44,2094814.37,-0.21
SLONG,2026-03-10,-184456.36,-2094814.37,112.61,112.84,-184456.36,-0.21,89901481.92,2094814.37,86992963.44,2094814.37,-0.21
QYE++ PSAR,2026-03-10,46207830.88,-317561.23,100.69,99.99,1257089.69,0.70,179802964.76,45268302.38,173985927.80,1771820.43,-0.10
PSAR,2026-03-10,46207830.88,-317561.23,100.69,99.99,1257089.69,0.70,179802964.76,45268302.38,173985927.80,1771820.43,-0.10
QYE++ LONG,2026-03-10,-543374.70,-4742141.21,114.47,114.82,-543374.70,-0.30,179802963.84,4742141.21,173985926.88,4742141.21,-0.30
LONG,2026-03-10,-543374.70,-4742141.21,114.47,114.82,-543374.70,-0.30,179802963.84,4742141.21,173985926.88,4742141.21,-0.30
QYE++ Total Portfolio Value,2026-03-10,45654405.74,-5043539.53,114.98,114.54,703664.55,0.39,179802964.00,49994280.68,173985927.00,6497798.73,0.00
Total Portfolio Value,2026-03-10,45654405.74,-5043539.53,115.05,114.60,703664.55,0.39,179802964.00,49994280.68,173985927.00,6497798.73,0.00
QYE++ Zerodha Total Portfolio,2026-03-10,180388758.97,0.00,110.82,109.26,2545278.29,1.43,177843480.68,177843480.68,173442383.30,4401097.38,0.00
Zerodha Total Portfolio,2026-03-10,180388758.97,0.00,110.82,109.26,2545278.29,1.43,177843480.68,177843480.68,173442383.30,4401097.38,0.00
NPSAR1,2026-03-11,1310030.32,-11852.49,104.94,103.48,70161.00,1.41,4959477.26,1251721.80,4994526.82,3090.09,0.00
NPSAR10,2026-03-11,2769143.87,-148889.71,109.50,109.70,-20562.07,-0.18,11158823.75,2938595.65,11237685.25,129174.34,-0.18
NPSAR11,2026-03-11,2834940.99,-209332.21,99.34,98.94,45235.05,0.41,11158823.75,2999038.15,11237685.25,189616.84,-1.52
NPSAR12,2026-03-11,2861335.86,-172935.94,99.21,98.58,71629.92,0.64,11158823.75,2962641.88,11237685.25,153220.57,-2.94
NPSAR13,2026-03-11,2877126.36,-82807.47,101.58,100.79,87420.42,0.78,11158823.75,2872513.41,11237685.25,63092.10,-0.83
NPSAR2,2026-03-11,1310030.32,-15446.53,101.06,99.65,70161.00,1.41,4959477.26,1255315.84,4994526.82,6684.13,-0.92
NPSAR3,2026-03-11,1310030.32,-14873.44,106.17,104.69,70161.00,1.41,4959477.26,1254742.75,4994526.82,6111.05,0.00
NPSAR4,2026-03-11,1310030.32,-13674.87,99.54,98.15,70161.00,1.41,4959477.26,1253544.18,4994526.82,4912.48,-0.46
NPSAR5,2026-03-11,1310030.32,-14305.53,94.98,93.66,70161.00,1.41,4959477.26,1254174.84,4994526.82,5543.14,-5.02
NPSAR6,2026-03-11,1310030.32,-12731.89,98.97,97.59,70161.00,1.41,4959477.26,1252601.20,4994526.82,3969.50,-2.45
NPSAR7,2026-03-11,1310030.32,-22351.87,98.77,97.39,70161.00,1.41,4959477.26,1262221.18,4994526.82,13589.47,-2.39
NPSAR8,2026-03-11,1170979.06,-22293.32,91.93,93.23,-68890.26,-1.39,4959477.26,1262162.64,4994526.82,13530.94,-8.07
NPSAR9,2026-03-11,1186801.80,-32027.13,97.30,98.35,-53067.52,-1.07,4959477.26,1271896.44,4994526.82,23264.74,-2.70
SPSAR1,2026-03-11,1246533.32,-27305.39,107.03,106.89,6664.00,0.13,4959477.26,1267174.70,4994526.82,18543.00,0.00
SPSAR10,2026-03-11,2834080.63,-101764.02,106.63,106.21,44374.69,0.40,11158823.75,2891469.96,11237685.25,82048.65,-1.65
SPSAR11,2026-03-11,2888917.55,-200147.37,104.76,103.84,99211.61,0.89,11158823.75,2989853.31,11237685.25,180432.00,-0.01
SPSAR12,2026-03-11,2910241.49,-184243.37,104.63,103.51,120535.55,1.08,11158823.75,2973949.31,11237685.25,164528.00,0.00
SPSAR13,2026-03-11,2885535.83,-89524.54,99.85,99.00,95829.89,0.86,11158823.75,2879230.48,11237685.25,69809.17,-2.97
SPSAR2,2026-03-11,1246533.32,-27305.39,101.23,101.09,6664.00,0.13,4959477.26,1267174.70,4994526.82,18543.00,-0.87
SPSAR3,2026-03-11,1245546.32,-26906.39,105.27,105.15,5677.00,0.11,4959477.26,1266775.70,4994526.82,18144.00,0.00
SPSAR4,2026-03-11,1244888.32,-25387.39,99.98,99.88,5019.00,0.10,4959477.26,1265256.70,4994526.82,16625.00,-0.13
SPSAR5,2026-03-11,1245546.32,-26906.39,93.44,93.33,5677.00,0.11,4959477.26,1266775.70,4994526.82,18144.00,-6.85
SPSAR6,2026-03-11,1370033.32,-2090.39,95.66,93.21,130164.00,2.62,4959477.26,1241959.70,4994526.82,-6672.00,-6.33
SPSAR7,2026-03-11,1272239.32,-28694.39,95.49,94.87,32370.00,0.65,4959477.26,1268563.70,4994526.82,19932.00,-4.51
SPSAR8,2026-03-11,1265003.32,-29078.39,98.50,98.00,25134.00,0.51,4959477.26,1268947.70,4994526.82,20316.00,-1.50
SPSAR9,2026-03-11,1146506.98,-29659.87,98.13,100.01,-93362.34,-1.88,4959477.26,1269529.18,4994526.82,20897.48,-2.41
NLONG1,2026-03-11,32209.59,16369.68,115.25,114.26,32209.59,0.87,3719607.92,-16369.68,3745895.08,-16369.68,0.00
NLONG10,2026-03-11,14957.74,7192.03,121.27,120.78,14957.74,0.40,3719607.92,-7192.03,3745895.08,-7192.03,0.00
NLONG11,2026-03-11,8703.06,51262.16,123.40,123.11,8703.06,0.23,3719607.92,-51262.16,3745895.08,-51262.16,-1.14
NLONG12,2026-03-11,8703.06,2441.67,121.34,121.06,8703.06,0.23,3719607.92,-2441.67,3745895.08,-2441.67,0.00
NLONG13,2026-03-11,-10958.40,-4022.11,114.14,114.48,-10958.40,-0.29,3719607.92,4022.11,3745895.08,4022.11,-0.30
NLONG14,2026-03-11,-8200.69,4855.60,115.34,115.59,-8200.69,-0.22,3719607.92,-4855.60,3745895.08,-4855.60,-0.35
NLONG15,2026-03-11,145.94,52787.61,110.13,110.13,145.94,0.00,3719607.92,-52787.61,3745895.08,-52787.61,-1.41
NLONG16,2026-03-11,145.94,27153.88,112.96,112.96,145.94,0.00,3719607.92,-27153.88,3745895.08,-27153.88,-0.72
NLONG17,2026-03-11,-10958.40,-4022.11,116.22,116.56,-10958.40,-0.29,3719607.92,4022.11,3745895.08,4022.11,-0.29
NLONG18,2026-03-11,-8200.69,4855.60,116.00,116.26,-8200.69,-0.22,3719607.92,-4855.60,3745895.08,-4855.60,-0.35
NLONG19,2026-03-11,145.94,52787.61,110.27,110.27,145.94,0.00,3719607.92,-52787.61,3745895.08,-52787.61,-1.41
NLONG2,2026-03-11,25037.82,0.00,104.98,104.28,25037.82,0.67,3719607.92,0.00,3745895.08,0.00,0.00
NLONG20,2026-03-11,145.94,27153.88,113.79,113.79,145.94,0.00,3719607.92,-27153.88,3745895.08,-27153.88,-0.72
NLONG21,2026-03-11,-10958.40,-4022.11,117.87,118.22,-10958.40,-0.29,3719607.92,4022.11,3745895.08,4022.11,-0.30
NLONG22,2026-03-11,-8200.69,4855.60,118.37,118.63,-8200.69,-0.22,3719607.92,-4855.60,3745895.08,-4855.60,-0.35
NLONG23,2026-03-11,1389.23,-3582.65,118.21,118.17,1389.23,0.04,3719607.92,3582.65,3745895.08,3582.65,0.00
NLONG24,2026-03-11,1389.23,-3400.94,121.59,121.54,1389.23,0.04,3719607.92,3400.94,3745895.08,3400.94,0.00
NLONG3,2026-03-11,33493.25,50845.20,117.07,116.03,33493.25,0.90,3719607.92,-50845.20,3745895.08,-50845.20,-0.48
NLONG4,2026-03-11,25037.82,0.00,114.92,114.15,25037.82,0.67,3719607.92,0.00,3745895.08,0.00,0.00
NLONG5,2026-03-11,29634.89,12072.79,119.79,118.84,29634.89,0.80,3719607.92,-12072.79,3745895.08,-12072.79,0.00
NLONG6,2026-03-11,25037.82,0.00,116.38,115.60,25037.82,0.67,3719607.92,0.00,3745895.08,0.00,0.00
NLONG7,2026-03-11,25096.56,51262.16,120.25,119.44,25096.56,0.67,3719607.92,-51262.16,3745895.08,-51262.16,-0.70
NLONG8,2026-03-11,25096.56,0.00,117.19,116.40,25096.56,0.67,3719607.92,0.00,3745895.08,0.00,0.00
NLONG9,2026-03-11,13674.08,12072.79,121.54,121.09,13674.08,0.37,3719607.92,-12072.79,3745895.08,-12072.79,0.00
SLONG1,2026-03-11,67125.53,21113.74,114.30,112.27,67125.53,1.80,3719607.92,-21113.74,3745895.08,-21113.74,0.00
SLONG10,2026-03-11,23738.03,5327.32,111.24,110.53,23738.03,0.64,3719607.92,-5327.32,3745895.08,-5327.32,0.00
SLONG11,2026-03-11,9083.84,14382.17,113.67,113.39,9083.84,0.24,3719607.92,-14382.17,3745895.08,-14382.17,-0.14
SLONG12,2026-03-11,9583.65,2190.37,112.22,111.93,9583.65,0.26,3719607.92,-2190.37,3745895.08,-2190.37,0.00
SLONG13,2026-03-11,949.60,-800.95,110.26,110.23,949.60,0.03,3719607.92,800.95,3745895.08,800.95,0.00
SLONG14,2026-03-11,949.60,4408.66,110.43,110.40,949.60,0.03,3719607.92,-4408.66,3745895.08,-4408.66,-0.09
SLONG15,2026-03-11,949.60,-3748.21,116.58,116.55,949.60,0.03,3719607.92,3748.21,3745895.08,3748.21,0.00
SLONG16,2026-03-11,949.60,1471.39,110.66,110.63,949.60,0.03,3719607.92,-1471.39,3745895.08,-1471.39,-0.01
SLONG17,2026-03-11,949.60,-800.95,111.17,111.14,949.60,0.03,3719607.92,800.95,3745895.08,800.95,0.00
SLONG18,2026-03-11,949.60,4408.66,110.65,110.62,949.60,0.03,3719607.92,-4408.66,3745895.08,-4408.66,-0.09
SLONG19,2026-03-11,949.60,-3748.21,120.03,120.00,949.60,0.03,3719607.92,3748.21,3745895.08,3748.21,0.00
SLONG2,2026-03-11,61623.90,20569.68,99.81,98.18,61623.90,1.66,3719607.92,-20569.68,3745895.08,-20569.68,-1.24
SLONG20,2026-03-11,949.60,1471.39,113.72,113.69,949.60,0.03,3719607.92,-1471.39,3745895.08,-1471.39,-0.01
SLONG21,2026-03-11,949.60,-800.95,111.72,111.69,949.60,0.03,3719607.92,800.95,3745895.08,800.95,0.00
SLONG22,2026-03-11,949.60,4408.66,109.93,109.90,949.60,0.03,3719607.92,-4408.66,3745895.08,-4408.66,-0.09
SLONG23,2026-03-11,-1515.43,-3748.21,122.68,122.73,-1515.43,-0.04,3719607.92,3748.21,3745895.08,3748.21,-0.04
SLONG24,2026-03-11,-1515.43,1471.39,116.42,116.47,-1515.43,-0.04,3719607.92,-1471.39,3745895.08,-1471.39,-0.09
SLONG3,2026-03-11,70969.47,19886.03,114.00,111.87,70969.47,1.91,3719607.92,-19886.03,3745895.08,-19886.03,0.00
SLONG4,2026-03-11,61623.90,21833.65,112.17,110.34,61623.90,1.66,3719607.92,-21833.65,3745895.08,-21833.65,0.00
SLONG5,2026-03-11,67928.67,19332.27,116.28,114.19,67928.67,1.83,3719607.92,-19332.27,3745895.08,-19332.27,0.00
SLONG6,2026-03-11,60762.40,20569.68,110.59,108.81,60762.40,1.63,3719607.92,-20569.68,3745895.08,-20569.68,0.00
SLONG7,2026-03-11,51047.50,14382.17,115.70,114.13,51047.50,1.37,3719607.92,-14382.17,3745895.08,-14382.17,0.00
SLONG8,2026-03-11,51547.31,2190.37,117.76,116.15,51547.31,1.39,3719607.92,-2190.37,3745895.08,-2190.37,0.00
SLONG9,2026-03-11,17227.82,18686.24,117.10,116.56,17227.82,0.46,3719607.92,-18686.24,3745895.08,-18686.24,-0.03
Liquidcase Stock Holdings,2026-03-11,36887374.48,0.00,100.84,100.82,6524.12,0.02,36880850.36,36880850.36,36877588.30,3262.06,0.00
QYE++ Liquidcase Stock Holdings,2026-03-11,36887374.48,0.00,100.84,100.82,6524.12,0.02,36880850.36,36880850.36,36877588.30,3262.06,0.00
QYE++ Debt Stock Holdings,2026-03-11,36887374.48,0.00,100.84,100.82,6524.12,0.02,36880850.36,36880850.36,36877588.30,3262.06,0.00
Debt Stock Holdings,2026-03-11,36887374.48,0.00,100.84,100.82,6524.12,0.02,36880850.36,36880850.36,36877588.30,3262.06,0.00
QYE++ Stock Holdings,2026-03-11,36887374.48,0.00,100.84,100.82,6524.12,0.02,36880850.36,36880850.36,36877588.30,3262.06,0.00
Stock Holdings,2026-03-11,36887374.48,0.00,100.84,100.82,6524.12,0.02,36880850.36,36880850.36,36877588.30,3262.06,0.00
Small Cap Mutual Funds,2026-03-11,118737677.88,0.00,94.09,94.38,-369935.92,-0.31,119107613.80,119107613.80,117269262.12,1838351.68,-6.80
QYE++ Small Cap Mutual Funds,2026-03-11,118737677.88,0.00,94.09,94.38,-369935.92,-0.31,119107613.80,119107613.80,117269262.12,1838351.68,-6.80
QYE++ Mutual Funds,2026-03-11,118737677.88,0.00,94.09,94.38,-369935.92,-0.31,119107613.80,119107613.80,117269262.12,1838351.68,-6.80
QYE++ Equity Mutual Funds,2026-03-11,118737677.88,0.00,94.09,94.38,-369935.92,-0.31,119107613.80,119107613.80,117269262.12,1838351.68,-6.80
Equity Mutual Funds,2026-03-11,118737677.88,0.00,94.09,94.38,-369935.92,-0.31,119107613.80,119107613.80,117269262.12,1838351.68,-6.80
Mutual Funds,2026-03-11,118737677.88,0.00,94.09,94.38,-369935.92,-0.31,119107613.80,119107613.80,117269262.12,1838351.68,-6.80
QYE++ Miscellaneous P&L,2026-03-11,0.00,0.00,100.00,100.00,0.00,0.00,0.00,0.00,0.00,0.00,0.00
Miscellaneous P&L,2026-03-11,0.00,0.00,100.00,100.00,0.00,0.00,0.00,0.00,0.00,0.00,0.00
QYE++ Equity Holdings Tax,2026-03-11,0.00,0.00,100.00,100.00,0.00,0.00,0.00,0.00,0.00,0.00,0.00
QAW++ Equity Holdings Tax,2026-03-11,0.00,0.00,100.00,100.00,0.00,0.00,0.00,0.00,0.00,0.00,0.00
Equity Holdings Tax,2026-03-11,0.00,0.00,100.00,100.00,0.00,0.00,0.00,0.00,0.00,0.00,0.00
QYE++ Total Tax,2026-03-11,-6763.60,10050.44,100.00,100.00,-6763.60,0.00,0.00,-10050.44,0.00,0.00,0.00
Total Tax,2026-03-11,-6763.60,10050.44,100.00,100.00,-6763.60,0.00,0.00,-10050.44,0.00,0.00,0.00
QYE++ F&O Tax,2026-03-11,-6763.60,10050.44,100.00,100.00,-6763.60,0.00,0.00,-10050.44,0.00,0.00,0.00
F&O Tax,2026-03-11,-6763.60,10050.44,100.00,100.00,-6763.60,0.00,0.00,-10050.44,0.00,0.00,0.00
Equity Intraday Tax,2026-03-11,0.00,0.00,100.00,100.00,0.00,0.00,0.00,0.00,0.00,0.00,0.00
MCX Tax,2026-03-11,0.00,0.00,100.00,100.00,0.00,0.00,0.00,0.00,0.00,0.00,0.00
QYE++ Total Other Debits and Credits,2026-03-11,0.00,0.00,100.00,100.00,0.00,0.00,0.00,0.00,0.00,0.00,0.00
Total Other Debits and Credits,2026-03-11,0.00,0.00,100.00,100.00,0.00,0.00,0.00,0.00,0.00,0.00,0.00
QYE++ Equity Other Debits and Credits,2026-03-11,0.00,0.00,100.00,100.00,0.00,0.00,0.00,0.00,0.00,0.00,0.00
Equity Other Debits and Credits,2026-03-11,0.00,0.00,100.00,100.00,0.00,0.00,0.00,0.00,0.00,0.00,0.00
QYE++ NPSAR,2026-03-11,22870540.13,-773522.38,100.85,100.23,552892.54,0.62,89270590.34,23091169.99,89901482.38,615799.39,0.00
NPSAR,2026-03-11,22870540.13,-773522.38,100.85,100.23,552892.54,0.62,89270590.34,23091169.98,89901482.38,615799.39,0.00
QYE++ SPSAR,2026-03-11,22801605.99,-799013.26,101.69,101.14,483958.40,0.54,89270590.34,23116660.90,89901482.38,641290.30,0.00
SPSAR,2026-03-11,22801605.99,-799013.26,101.69,101.14,483958.40,0.54,89270590.34,23116660.89,89901482.38,641290.30,0.00
QYE++ NLONG,2026-03-11,212567.20,358918.34,116.60,116.32,212567.20,0.24,89270590.08,-358918.34,89901481.92,-358918.34,-0.16
NLONG,2026-03-11,212567.20,358918.34,116.60,116.32,212567.20,0.24,89270590.08,-358918.34,89901481.92,-358918.34,-0.16
QYE++ SLONG,2026-03-11,558727.16,184456.36,113.32,112.61,558727.16,0.63,89270590.08,-184456.36,89901481.92,-184456.36,0.00
SLONG,2026-03-11,558727.16,184456.36,113.32,112.61,558727.16,0.63,89270590.08,-184456.36,89901481.92,-184456.36,0.00
QYE++ PSAR,2026-03-11,45672146.11,-1572535.63,101.27,100.69,1036850.94,0.58,178541180.68,46207830.88,179802964.76,1257089.69,0.00
PSAR,2026-03-11,45672146.11,-1572535.63,101.27,100.69,1036850.94,0.58,178541180.68,46207830.88,179802964.76,1257089.69,0.00
QYE++ LONG,2026-03-11,771294.36,543374.70,114.97,114.47,771294.36,0.43,178541180.16,-543374.70,179802963.84,-543374.70,0.00
LONG,2026-03-11,771294.36,543374.70,114.97,114.47,771294.36,0.43,178541180.16,-543374.70,179802963.84,-543374.70,0.00
QYE++ Total Portfolio Value,2026-03-11,46436676.87,-1019110.49,116.14,114.98,1801381.70,1.01,178541180.00,45654405.74,179802964.00,703664.55,0.00
Total Portfolio Value,2026-03-11,46436676.87,-1019110.49,116.21,115.05,1801381.70,1.01,178541180.00,45654405.74,179802964.00,703664.55,0.00
QYE++ Zerodha Total Portfolio,2026-03-11,181826728.87,0.00,111.70,110.82,1437969.90,0.80,180388758.97,180388758.97,177843480.68,2545278.29,0.00
Zerodha Total Portfolio,2026-03-11,181826728.87,0.00,111.70,110.82,1437969.90,0.80,180388758.97,180388758.97,177843480.68,2545278.29,0.00
NPSAR1,2026-03-12,1299900.91,-42655.42,105.61,104.94,32526.00,0.64,5069499.62,1310030.32,4959477.26,70161.00,0.00
NPSAR10,2026-03-12,2953149.52,82449.65,110.47,109.50,101556.00,0.89,11406374.06,2769143.87,11158823.75,-20562.07,0.00
NPSAR11,2026-03-12,2786254.57,16652.52,98.77,99.34,-65338.95,-0.57,11406374.06,2834940.99,11158823.75,45235.05,-2.08
NPSAR12,2026-03-12,2835047.28,-9742.34,99.07,99.21,-16546.24,-0.15,11406374.06,2861335.86,11158823.75,71629.92,-3.07
NPSAR13,2026-03-12,2880310.67,-25532.84,101.84,101.58,28717.15,0.25,11406374.06,2877126.36,11158823.75,87420.42,-0.58
NPSAR2,2026-03-12,1299900.91,-42655.42,101.71,101.06,32526.00,0.64,5069499.62,1310030.32,4959477.26,70161.00,-0.28
NPSAR3,2026-03-12,1299900.91,-42655.42,106.85,106.17,32526.00,0.64,5069499.62,1310030.32,4959477.26,70161.00,0.00
NPSAR4,2026-03-12,1299900.91,-42655.42,100.18,99.54,32526.00,0.64,5069499.62,1310030.32,4959477.26,70161.00,0.00
NPSAR5,2026-03-12,1299900.91,-42655.42,95.59,94.98,32526.00,0.64,5069499.62,1310030.32,4959477.26,70161.00,-4.41
NPSAR6,2026-03-12,1299900.91,-42655.42,99.60,98.97,32526.00,0.64,5069499.62,1310030.32,4959477.26,70161.00,-1.83
NPSAR7,2026-03-12,1299900.91,-42655.42,99.40,98.77,32526.00,0.64,5069499.62,1310030.32,4959477.26,70161.00,-1.77
NPSAR8,2026-03-12,1325075.41,96395.85,92.98,91.93,57700.50,1.14,5069499.62,1170979.06,4959477.26,-68890.26,-7.02
NPSAR9,2026-03-12,1321994.41,80573.11,98.35,97.30,54619.50,1.08,5069499.62,1186801.80,4959477.26,-53067.52,-1.65
SPSAR1,2026-03-12,1265428.20,20841.59,106.99,107.03,-1946.71,-0.04,5069499.62,1246533.32,4959477.26,6664.00,-0.04
SPSAR10,2026-03-12,2881014.28,17512.89,106.91,106.63,29420.76,0.26,11406374.06,2834080.63,11158823.75,44374.69,-1.39
SPSAR11,2026-03-12,2765587.06,-37324.03,103.97,104.76,-86006.46,-0.75,11406374.06,2888917.55,11158823.75,99211.61,-0.76
SPSAR12,2026-03-12,2775308.43,-58647.98,103.93,104.63,-76285.09,-0.67,11406374.06,2910241.49,11158823.75,120535.55,-0.67
SPSAR13,2026-03-12,2857139.26,-33942.31,99.90,99.85,5545.74,0.05,11406374.06,2885535.83,11158823.75,95829.89,-2.92
SPSAR2,2026-03-12,1267202.38,20841.59,101.23,101.23,-172.53,0.00,5069499.62,1246533.32,4959477.26,6664.00,-0.87
SPSAR3,2026-03-12,1267888.31,21828.59,105.28,105.27,513.40,0.01,5069499.62,1245546.32,4959477.26,5677.00,0.00
SPSAR4,2026-03-12,1267729.14,22486.59,99.99,99.98,354.23,0.01,5069499.62,1244888.32,4959477.26,5019.00,-0.12
SPSAR5,2026-03-12,1268074.00,21828.59,93.45,93.44,699.09,0.01,5069499.62,1245546.32,4959477.26,5677.00,-6.84
SPSAR6,2026-03-12,1309610.31,-102658.42,96.46,95.66,42235.40,0.83,5069499.62,1370033.32,4959477.26,130164.00,-5.54
SPSAR7,2026-03-12,1269788.31,-4864.42,95.54,95.49,2413.40,0.05,5069499.62,1272239.32,4959477.26,32370.00,-4.46
SPSAR8,2026-03-12,1268559.29,2371.58,98.52,98.50,1184.38,0.02,5069499.62,1265003.32,4959477.26,25134.00,-1.48
SPSAR9,2026-03-12,1313081.84,120867.93,99.01,98.13,45706.93,0.90,5069499.62,1146506.98,4959477.26,-93362.34,-1.53
NLONG1,2026-03-12,20176.84,-32209.59,115.86,115.25,20176.84,0.53,3802124.69,32209.59,3719607.92,32209.59,0.00
NLONG10,2026-03-12,24474.78,-14957.74,122.05,121.27,24474.78,0.64,3802124.69,14957.74,3719607.92,14957.74,0.00
NLONG11,2026-03-12,13629.64,-8703.06,123.84,123.40,13629.64,0.36,3802124.69,8703.06,3719607.92,8703.06,-0.79
NLONG12,2026-03-12,22228.86,-8703.06,122.05,121.34,22228.86,0.58,3802124.69,8703.06,3719607.92,8703.06,0.00
NLONG13,2026-03-12,29986.56,10958.40,115.04,114.14,29986.56,0.79,3802124.69,-10958.40,3719607.92,-10958.40,0.00
NLONG14,2026-03-12,30609.23,8200.69,116.27,115.34,30609.23,0.81,3802124.69,-8200.69,3719607.92,-8200.69,0.00
NLONG15,2026-03-12,28951.97,-145.94,110.97,110.13,28951.97,0.76,3802124.69,145.94,3719607.92,145.94,-0.65
NLONG16,2026-03-12,32094.05,-145.94,113.91,112.96,32094.05,0.84,3802124.69,145.94,3719607.92,145.94,0.00
NLONG17,2026-03-12,29986.56,10958.40,117.14,116.22,29986.56,0.79,3802124.69,-10958.40,3719607.92,-10958.40,0.00
NLONG18,2026-03-12,30609.23,8200.69,116.93,116.00,30609.23,0.81,3802124.69,-8200.69,3719607.92,-8200.69,0.00
NLONG19,2026-03-12,9569.24,-145.94,110.55,110.27,9569.24,0.25,3802124.69,145.94,3719607.92,145.94,-1.16
NLONG2,2026-03-12,22773.21,-25037.82,105.61,104.98,22773.21,0.60,3802124.69,25037.82,3719607.92,25037.82,0.00
NLONG20,2026-03-12,12711.32,-145.94,114.17,113.79,12711.32,0.33,3802124.69,145.94,3719607.92,145.94,-0.39
NLONG21,2026-03-12,29722.02,10958.40,118.79,117.87,29722.02,0.78,3802124.69,-10958.40,3719607.92,-10958.40,0.00
NLONG22,2026-03-12,30344.69,8200.69,119.31,118.37,30344.69,0.80,3802124.69,-8200.69,3719607.92,-8200.69,0.00
NLONG23,2026-03-12,28687.43,-1389.23,119.10,118.21,28687.43,0.75,3802124.69,1389.23,3719607.92,1389.23,0.00
NLONG24,2026-03-12,31829.51,-1389.23,122.61,121.59,31829.51,0.84,3802124.69,1389.23,3719607.92,1389.23,0.00
NLONG3,2026-03-12,18548.32,-33493.25,117.64,117.07,18548.32,0.49,3802124.69,33493.25,3719607.92,33493.25,0.00
NLONG4,2026-03-12,24593.32,-25037.82,115.66,114.92,24593.32,0.65,3802124.69,25037.82,3719607.92,25037.82,0.00
NLONG5,2026-03-12,20176.84,-29634.89,120.43,119.79,20176.84,0.53,3802124.69,29634.89,3719607.92,29634.89,0.00
NLONG6,2026-03-12,22773.21,-25037.82,117.08,116.38,22773.21,0.60,3802124.69,25037.82,3719607.92,25037.82,0.00
NLONG7,2026-03-12,16556.48,-25096.56,120.77,120.25,16556.48,0.44,3802124.69,25096.56,3719607.92,25096.56,-0.27
NLONG8,2026-03-12,24163.38,-25096.56,117.93,117.19,24163.38,0.64,3802124.69,25096.56,3719607.92,25096.56,0.00
NLONG9,2026-03-12,16396.20,-13674.08,122.06,121.54,16396.20,0.43,3802124.69,13674.08,3719607.92,13674.08,0.00
SLONG1,2026-03-12,94826.08,-67125.53,117.15,114.30,94826.08,2.49,3802124.69,67125.53,3719607.92,67125.53,0.00
SLONG10,2026-03-12,54234.21,-23738.03,112.83,111.24,54234.21,1.43,3802124.69,23738.03,3719607.92,23738.03,0.00
SLONG11,2026-03-12,67600.19,-9083.84,115.69,113.67,67600.19,1.78,3802124.69,9083.84,3719607.92,9083.84,0.00
SLONG12,2026-03-12,32623.20,-9583.65,113.18,112.22,32623.20,0.86,3802124.69,9583.65,3719607.92,9583.65,0.00
SLONG13,2026-03-12,71170.48,-949.60,112.32,110.26,71170.48,1.87,3802124.69,949.60,3719607.92,949.60,0.00
SLONG14,2026-03-12,68346.73,-949.60,112.42,110.43,68346.73,1.80,3802124.69,949.60,3719607.92,949.60,0.00
SLONG15,2026-03-12,74362.26,-949.60,118.86,116.58,74362.26,1.96,3802124.69,949.60,3719607.92,949.60,0.00
SLONG16,2026-03-12,37561.17,-949.60,111.75,110.66,37561.17,0.99,3802124.69,949.60,3719607.92,949.60,0.00
SLONG17,2026-03-12,71170.48,-949.60,113.25,111.17,71170.48,1.87,3802124.69,949.60,3719607.92,949.60,0.00
SLONG18,2026-03-12,68346.73,-949.60,112.64,110.65,68346.73,1.80,3802124.69,949.60,3719607.92,949.60,0.00
SLONG19,2026-03-12,129924.61,-949.60,124.13,120.03,129924.61,3.42,3802124.69,949.60,3719607.92,949.60,0.00
SLONG2,2026-03-12,80937.34,-61623.90,101.93,99.81,80937.34,2.13,3802124.69,61623.90,3719607.92,61623.90,0.00
SLONG20,2026-03-12,79360.39,-949.60,116.09,113.72,79360.39,2.09,3802124.69,949.60,3719607.92,949.60,0.00
SLONG21,2026-03-12,71930.54,-949.60,113.83,111.72,71930.54,1.89,3802124.69,949.60,3719607.92,949.60,0.00
SLONG22,2026-03-12,69106.79,-949.60,111.93,109.93,69106.79,1.82,3802124.69,949.60,3719607.92,949.60,0.00
SLONG23,2026-03-12,124358.36,1515.43,126.69,122.68,124358.36,3.27,3802124.69,-1515.43,3719607.92,-1515.43,0.00
SLONG24,2026-03-12,73511.18,1515.43,118.67,116.42,73511.18,1.93,3802124.69,-1515.43,3719607.92,-1515.43,0.00
SLONG3,2026-03-12,95368.43,-70969.47,116.86,114.00,95368.43,2.51,3802124.69,70969.47,3719607.92,70969.47,0.00
SLONG4,2026-03-12,55343.25,-61623.90,113.80,112.17,55343.25,1.46,3802124.69,61623.90,3719607.92,61623.90,0.00
SLONG5,2026-03-12,108074.14,-67928.67,119.59,116.28,108074.14,2.84,3802124.69,67928.67,3719607.92,67928.67,0.00
SLONG6,2026-03-12,81903.95,-60762.40,112.97,110.59,81903.95,2.15,3802124.69,60762.40,3719607.92,60762.40,0.00
SLONG7,2026-03-12,92876.64,-51047.50,118.53,115.70,92876.64,2.44,3802124.69,51047.50,3719607.92,51047.50,0.00
SLONG8,2026-03-12,60165.92,-51547.31,119.62,117.76,60165.92,1.58,3802124.69,51547.31,3719607.92,51547.31,0.00
SLONG9,2026-03-12,70166.83,-17227.82,119.26,117.10,70166.83,1.85,3802124.69,17227.82,3719607.92,17227.82,0.00
Liquidcase Stock Holdings,2026-03-12,36890636.54,0.00,100.85,100.84,3262.06,0.01,36887374.48,36887374.48,36880850.36,6524.12,0.00
QYE++ Liquidcase Stock Holdings,2026-03-12,36890636.54,0.00,100.85,100.84,3262.06,0.01,36887374.48,36887374.48,36880850.36,6524.12,0.00
QYE++ Debt Stock Holdings,2026-03-12,36890636.54,0.00,100.85,100.84,3262.06,0.01,36887374.48,36887374.48,36880850.36,6524.12,0.00
Debt Stock Holdings,2026-03-12,36890636.54,0.00,100.85,100.84,3262.06,0.01,36887374.48,36887374.48,36880850.36,6524.12,0.00
QYE++ Stock Holdings,2026-03-12,36890636.54,0.00,100.85,100.84,3262.06,0.01,36887374.48,36887374.48,36880850.36,6524.12,0.00
Stock Holdings,2026-03-12,36890636.54,0.00,100.85,100.84,3262.06,0.01,36887374.48,36887374.48,36880850.36,6524.12,0.00
Small Cap Mutual Funds,2026-03-12,119328011.25,0.00,94.56,94.09,590333.37,0.50,118737677.88,118737677.88,119107613.80,-369935.92,-6.34
QYE++ Small Cap Mutual Funds,2026-03-12,119328011.25,0.00,94.56,94.09,590333.37,0.50,118737677.88,118737677.88,119107613.80,-369935.92,-6.34
QYE++ Mutual Funds,2026-03-12,119328011.25,0.00,94.56,94.09,590333.37,0.50,118737677.88,118737677.88,119107613.80,-369935.92,-6.34
QYE++ Equity Mutual Funds,2026-03-12,119328011.25,0.00,94.56,94.09,590333.37,0.50,118737677.88,118737677.88,119107613.80,-369935.92,-6.34
Equity Mutual Funds,2026-03-12,119328011.25,0.00,94.56,94.09,590333.37,0.50,118737677.88,118737677.88,119107613.80,-369935.92,-6.34
Mutual Funds,2026-03-12,119328011.25,0.00,94.56,94.09,590333.37,0.50,118737677.88,118737677.88,119107613.80,-369935.92,-6.34
QYE++ Miscellaneous P&L,2026-03-12,0.00,0.00,100.00,100.00,0.00,0.00,0.00,0.00,0.00,0.00,0.00
Miscellaneous P&L,2026-03-12,0.00,0.00,100.00,100.00,0.00,0.00,0.00,0.00,0.00,0.00,0.00
QYE++ Equity Holdings Tax,2026-03-12,0.00,0.00,100.00,100.00,0.00,0.00,0.00,0.00,0.00,0.00,0.00
QAW++ Equity Holdings Tax,2026-03-12,0.00,0.00,100.00,100.00,0.00,0.00,0.00,0.00,0.00,0.00,0.00
Equity Holdings Tax,2026-03-12,0.00,0.00,100.00,100.00,0.00,0.00,0.00,0.00,0.00,0.00,0.00
QYE++ Total Tax,2026-03-12,-19678.84,6763.60,100.00,100.00,-19678.84,0.00,0.00,-6763.60,0.00,0.00,0.00
Total Tax,2026-03-12,-19678.84,6763.60,100.00,100.00,-19678.84,0.00,0.00,-6763.60,0.00,0.00,0.00
QYE++ F&O Tax,2026-03-12,-19678.84,6763.60,100.00,100.00,-19678.84,0.00,0.00,-6763.60,0.00,0.00,0.00
F&O Tax,2026-03-12,-19678.84,6763.60,100.00,100.00,-19678.84,0.00,0.00,-6763.60,0.00,0.00,0.00
Equity Intraday Tax,2026-03-12,0.00,0.00,100.00,100.00,0.00,0.00,0.00,0.00,0.00,0.00,0.00
MCX Tax,2026-03-12,0.00,0.00,100.00,100.00,0.00,0.00,0.00,0.00,0.00,0.00,0.00
QYE++ Total Other Debits and Credits,2026-03-12,0.00,0.00,100.00,100.00,0.00,0.00,0.00,0.00,0.00,0.00,0.00
Total Other Debits and Credits,2026-03-12,0.00,0.00,100.00,100.00,0.00,0.00,0.00,0.00,0.00,0.00,0.00
QYE++ Equity Other Debits and Credits,2026-03-12,0.00,0.00,100.00,100.00,0.00,0.00,0.00,0.00,0.00,0.00,0.00
Equity Other Debits and Credits,2026-03-12,0.00,0.00,100.00,100.00,0.00,0.00,0.00,0.00,0.00,0.00,0.00
QYE++ NPSAR,2026-03-12,23201138.17,-57791.97,101.28,100.85,388389.96,0.43,91250992.82,22870540.13,89270590.34,552892.54,0.00
NPSAR,2026-03-12,23201138.17,-57791.97,101.28,100.85,388389.96,0.43,91250992.82,22870540.12,89270590.34,552892.54,0.00
QYE++ SPSAR,2026-03-12,22776410.75,11142.17,101.65,101.69,-36337.46,-0.04,91250992.82,22801605.99,89270590.34,483958.40,-0.04
SPSAR,2026-03-12,22776410.75,11142.17,101.65,101.69,-36337.46,-0.04,91250992.82,22801605.99,89270590.34,483958.40,-0.04
QYE++ NLONG,2026-03-12,571592.89,-212567.20,117.33,116.60,571592.89,0.63,91250992.56,212567.20,89270590.08,212567.20,0.00
NLONG,2026-03-12,571592.89,-212567.20,117.33,116.60,571592.89,0.63,91250992.56,212567.20,89270590.08,212567.20,0.00
QYE++ SLONG,2026-03-12,1833269.90,-558727.16,115.59,113.32,1833269.90,2.01,91250992.56,558727.16,89270590.08,558727.16,0.00
SLONG,2026-03-12,1833269.90,-558727.16,115.59,113.32,1833269.90,2.01,91250992.56,558727.16,89270590.08,558727.16,0.00
QYE++ PSAR,2026-03-12,45977548.91,-46649.81,101.47,101.27,352052.50,0.19,182501985.64,45672146.11,178541180.68,1036850.94,0.00
PSAR,2026-03-12,45977548.91,-46649.81,101.47,101.27,352052.50,0.19,182501985.64,45672146.11,178541180.68,1036850.94,0.00
QYE++ LONG,2026-03-12,2404862.79,-771294.36,116.48,114.97,2404862.79,1.32,182501985.12,771294.36,178541180.16,771294.36,0.00
LONG,2026-03-12,2404862.79,-771294.36,116.48,114.97,2404862.79,1.32,182501985.12,771294.36,178541180.16,771294.36,0.00
QYE++ Total Portfolio Value,2026-03-12,48362732.86,-811180.57,117.89,116.14,2737236.45,1.50,182501985.00,46436676.87,178541180.00,1801381.70,0.00
Total Portfolio Value,2026-03-12,48362732.86,-811180.57,117.95,116.21,2737236.45,1.50,182501985.00,46436676.87,178541180.00,1801381.70,0.00
QYE++ Zerodha Total Portfolio,2026-03-12,185157560.75,0.00,113.75,111.70,3330831.88,1.83,181826728.87,181826728.87,180388758.97,1437969.90,0.00
Zerodha Total Portfolio,2026-03-12,185157560.75,0.00,113.75,111.70,3330831.88,1.83,181826728.87,181826728.87,180388758.97,1437969.90,0.00
NPSAR1,2026-03-13,1295983.05,-18698.86,105.91,105.61,14781.00,0.29,5124808.18,1299900.90,5069499.62,32526.00,0.00
NPSAR10,2026-03-13,2938806.08,-70444.94,111.01,110.47,56101.50,0.49,11530818.31,2953149.52,11406374.06,101556.00,0.00
NPSAR11,2026-03-13,3072927.08,96450.02,100.40,98.77,190222.50,1.65,11530818.31,2786254.56,11406374.06,-65338.95,-0.47
NPSAR12,2026-03-13,3072927.08,47657.30,100.70,99.07,190222.50,1.65,11530818.31,2835047.28,11406374.06,-16546.24,-1.48
NPSAR13,2026-03-13,3072927.08,2393.92,103.52,101.84,190222.50,1.65,11530818.31,2880310.66,11406374.06,28717.15,0.00
NPSAR2,2026-03-13,1295983.05,-18698.86,102.00,101.71,14781.00,0.29,5124808.18,1299900.90,5069499.62,32526.00,0.00
NPSAR3,2026-03-13,1295983.05,-18698.86,107.16,106.85,14781.00,0.29,5124808.18,1299900.90,5069499.62,32526.00,0.00
NPSAR4,2026-03-13,1295983.05,-18698.86,100.47,100.18,14781.00,0.29,5124808.18,1299900.90,5069499.62,32526.00,0.00
NPSAR5,2026-03-13,1295983.05,-18698.86,95.87,95.59,14781.00,0.29,5124808.18,1299900.90,5069499.62,32526.00,-4.13
NPSAR6,2026-03-13,1295983.05,-18698.86,99.89,99.60,14781.00,0.29,5124808.18,1299900.90,5069499.62,32526.00,-1.55
NPSAR7,2026-03-13,1295983.05,-18698.86,99.69,99.40,14781.00,0.29,5124808.18,1299900.90,5069499.62,32526.00,-1.48
NPSAR8,2026-03-13,1324121.55,-43873.36,93.76,92.98,42919.50,0.84,5124808.18,1325075.40,5069499.62,57700.50,-6.24
NPSAR9,2026-03-13,1318291.05,-40792.36,99.06,98.35,37089.00,0.72,5124808.18,1321994.40,5069499.62,54619.50,-0.94
SPSAR1,2026-03-13,1364810.05,15773.85,108.74,106.99,83608.00,1.63,5124808.18,1265428.20,5069499.62,-1946.71,0.00
SPSAR10,2026-03-13,3061864.58,1690.30,108.57,106.91,179160.00,1.55,11530818.31,2881014.28,11406374.06,29420.76,0.00
SPSAR11,2026-03-13,3065419.58,117117.52,105.62,103.97,182715.00,1.58,11530818.31,2765587.06,11406374.06,-86006.46,0.00
SPSAR12,2026-03-13,3061864.58,107396.16,105.54,103.93,179160.00,1.55,11530818.31,2775308.42,11406374.06,-76285.09,0.00
SPSAR13,2026-03-13,3061864.58,25565.32,101.45,99.90,179160.00,1.55,11530818.31,2857139.26,11406374.06,5545.74,-1.42
SPSAR2,2026-03-13,1364810.05,13999.67,102.88,101.23,83608.00,1.63,5124808.18,1267202.38,5069499.62,-172.53,0.00
SPSAR3,2026-03-13,1364810.05,13313.74,107.00,105.28,83608.00,1.63,5124808.18,1267888.30,5069499.62,513.40,0.00
SPSAR4,2026-03-13,1364810.05,13472.91,101.62,99.99,83608.00,1.63,5124808.18,1267729.14,5069499.62,354.23,0.00
SPSAR5,2026-03-13,1364810.05,13128.04,94.97,93.45,83608.00,1.63,5124808.18,1268074.00,5069499.62,699.09,-5.32
SPSAR6,2026-03-13,1362304.05,-28408.26,97.99,96.46,81102.00,1.58,5124808.18,1309610.30,5069499.62,42235.40,-4.04
SPSAR7,2026-03-13,1364810.05,11413.74,97.10,95.54,83608.00,1.63,5124808.18,1269788.30,5069499.62,2413.40,-2.90
SPSAR8,2026-03-13,1364810.05,12642.76,100.13,98.52,83608.00,1.63,5124808.18,1268559.28,5069499.62,1184.38,0.00
SPSAR9,2026-03-13,1362304.05,-31879.80,100.58,99.01,81102.00,1.58,5124808.18,1313081.84,5069499.62,45706.93,0.00
NLONG1,2026-03-13,11565.15,-20176.84,116.21,115.86,11565.15,0.30,3843606.10,20176.84,3802124.69,20176.84,0.00
NLONG10,2026-03-13,10283.09,-24474.78,122.38,122.05,10283.09,0.27,3843606.10,24474.78,3802124.69,24474.78,0.00
NLONG11,2026-03-13,13998.76,-13629.64,124.29,123.84,13998.76,0.36,3843606.10,13629.64,3802124.69,13629.64,-0.42
NLONG12,2026-03-13,12367.64,-22228.86,122.44,122.05,12367.64,0.32,3843606.10,22228.86,3802124.69,22228.86,0.00
NLONG13,2026-03-13,46356.82,-29986.56,116.43,115.04,46356.82,1.21,3843606.10,29986.56,3802124.69,29986.56,0.00
NLONG14,2026-03-13,41262.53,-30609.23,117.52,116.27,41262.53,1.07,3843606.10,30609.23,3802124.69,30609.23,0.00
NLONG15,2026-03-13,41475.98,-28951.97,112.17,110.97,41475.98,1.08,3843606.10,28951.97,3802124.69,28951.97,0.00
NLONG16,2026-03-13,39998.06,-32094.05,115.10,113.91,39998.06,1.04,3843606.10,32094.05,3802124.69,32094.05,0.00
NLONG17,2026-03-13,32216.94,-29986.56,118.12,117.14,32216.94,0.84,3843606.10,29986.56,3802124.69,29986.56,0.00
NLONG18,2026-03-13,30648.27,-30609.23,117.86,116.93,30648.27,0.80,3843606.10,30609.23,3802124.69,30609.23,0.00
NLONG19,2026-03-13,-13530.35,-9569.24,110.16,110.55,-13530.35,-0.35,3843606.10,9569.24,3802124.69,9569.24,-1.51
NLONG2,2026-03-13,9487.90,-22773.21,105.87,105.61,9487.90,0.25,3843606.10,22773.21,3802124.69,22773.21,0.00
NLONG20,2026-03-13,-14308.20,-12711.32,113.74,114.17,-14308.20,-0.37,3843606.10,12711.32,3802124.69,12711.32,-0.77
NLONG21,2026-03-13,21117.01,-29722.02,119.44,118.79,21117.01,0.55,3843606.10,29722.02,3802124.69,29722.02,0.00
NLONG22,2026-03-13,19548.34,-30344.69,119.92,119.31,19548.34,0.51,3843606.10,30344.69,3802124.69,30344.69,0.00
NLONG23,2026-03-13,33294.61,-28687.43,120.13,119.10,33294.61,0.87,3843606.10,28687.43,3802124.69,28687.43,0.00
NLONG24,2026-03-13,31816.69,-31829.51,123.62,122.61,31816.69,0.83,3843606.10,31829.51,3802124.69,31829.51,0.00
NLONG3,2026-03-13,12304.11,-18548.32,118.02,117.64,12304.11,0.32,3843606.10,18548.32,3802124.69,18548.32,0.00
NLONG4,2026-03-13,8077.46,-24593.32,115.90,115.66,8077.46,0.21,3843606.10,24593.32,3802124.69,24593.32,0.00
NLONG5,2026-03-13,11421.76,-20176.84,120.79,120.43,11421.76,0.30,3843606.10,20176.84,3802124.69,20176.84,0.00
NLONG6,2026-03-13,9175.05,-22773.21,117.36,117.08,9175.05,0.24,3843606.10,22773.21,3802124.69,22773.21,0.00
NLONG7,2026-03-13,12564.83,-16556.48,121.16,120.77,12564.83,0.33,3843606.10,16556.48,3802124.69,16556.48,0.00
NLONG8,2026-03-13,9956.02,-24163.38,118.24,117.93,9956.02,0.26,3843606.10,24163.38,3802124.69,24163.38,0.00
NLONG9,2026-03-13,13259.80,-16396.20,122.48,122.06,13259.80,0.34,3843606.10,16396.20,3802124.69,16396.20,0.00
SLONG1,2026-03-13,19968.27,-94826.08,117.76,117.15,19968.27,0.52,3843606.10,94826.08,3802124.69,94826.08,0.00
SLONG10,2026-03-13,1450.67,-54234.21,112.87,112.83,1450.67,0.04,3843606.10,54234.21,3802124.69,54234.21,0.00
SLONG11,2026-03-13,21240.76,-67600.19,116.33,115.69,21240.76,0.55,3843606.10,67600.19,3802124.69,67600.19,0.00
SLONG12,2026-03-13,20813.59,-32623.20,113.79,113.18,20813.59,0.54,3843606.10,32623.20,3802124.69,32623.20,0.00
SLONG13,2026-03-13,37333.74,-71170.48,113.41,112.32,37333.74,0.97,3843606.10,71170.48,3802124.69,71170.48,0.00
SLONG14,2026-03-13,36041.30,-68346.73,113.47,112.42,36041.30,0.94,3843606.10,68346.73,3802124.69,68346.73,0.00
SLONG15,2026-03-13,13863.56,-74362.26,119.29,118.86,13863.56,0.36,3843606.10,74362.26,3802124.69,74362.26,0.00
SLONG16,2026-03-13,13863.56,-37561.17,112.15,111.75,13863.56,0.36,3843606.10,37561.17,3802124.69,37561.17,0.00
SLONG17,2026-03-13,30227.44,-71170.48,114.14,113.25,30227.44,0.79,3843606.10,71170.48,3802124.69,71170.48,0.00
SLONG18,2026-03-13,28935.00,-68346.73,113.49,112.64,28935.00,0.75,3843606.10,68346.73,3802124.69,68346.73,0.00
SLONG19,2026-03-13,3612.34,-129924.61,124.25,124.13,3612.34,0.09,3843606.10,129924.61,3802124.69,129924.61,0.00
SLONG2,2026-03-13,5862.36,-80937.34,102.09,101.93,5862.36,0.15,3843606.10,80937.34,3802124.69,80937.34,0.00
SLONG20,2026-03-13,24299.97,-79360.39,116.82,116.09,24299.97,0.63,3843606.10,79360.39,3802124.69,79360.39,0.00
SLONG21,2026-03-13,20123.38,-71930.54,114.43,113.83,20123.38,0.52,3843606.10,71930.54,3802124.69,71930.54,0.00
SLONG22,2026-03-13,18830.94,-69106.79,112.48,111.93,18830.94,0.49,3843606.10,69106.79,3802124.69,69106.79,0.00
SLONG23,2026-03-13,7154.35,-124358.36,126.93,126.69,7154.35,0.19,3843606.10,124358.36,3802124.69,124358.36,0.00
SLONG24,2026-03-13,27841.98,-73511.18,119.53,118.67,27841.98,0.72,3843606.10,73511.18,3802124.69,73511.18,0.00
SLONG3,2026-03-13,19968.27,-95368.43,117.47,116.86,19968.27,0.52,3843606.10,95368.43,3802124.69,95368.43,0.00
SLONG4,2026-03-13,18770.98,-55343.25,114.36,113.80,18770.98,0.49,3843606.10,55343.25,3802124.69,55343.25,0.00
SLONG5,2026-03-13,20058.51,-108074.14,120.21,119.59,20058.51,0.52,3843606.10,108074.14,3802124.69,108074.14,0.00
SLONG6,2026-03-13,6524.18,-81903.95,113.16,112.97,6524.18,0.17,3843606.10,81903.95,3802124.69,81903.95,0.00
SLONG7,2026-03-13,21315.97,-92876.64,119.19,118.53,21315.97,0.55,3843606.10,92876.64,3802124.69,92876.64,0.00
SLONG8,2026-03-13,20269.09,-60165.92,120.25,119.62,20269.09,0.53,3843606.10,60165.92,3802124.69,60165.92,0.00
SLONG9,2026-03-13,21240.76,-70166.83,119.92,119.26,21240.76,0.55,3843606.10,70166.83,3802124.69,70166.83,0.00
Liquidcase Stock Holdings,2026-03-13,36906946.84,0.00,100.89,100.85,16310.30,0.04,36890636.54,36890636.54,36887374.48,3262.06,0.00
QYE++ Liquidcase Stock Holdings,2026-03-13,36906946.84,0.00,100.89,100.85,16310.30,0.04,36890636.54,36890636.54,36887374.48,3262.06,0.00
QYE++ Debt Stock Holdings,2026-03-13,36906946.84,0.00,100.89,100.85,16310.30,0.04,36890636.54,36890636.54,36887374.48,3262.06,0.00
Debt Stock Holdings,2026-03-13,36906946.84,0.00,100.89,100.85,16310.30,0.04,36890636.54,36890636.54,36887374.48,3262.06,0.00
QYE++ Stock Holdings,2026-03-13,36906946.84,0.00,100.89,100.85,16310.30,0.04,36890636.54,36890636.54,36887374.48,3262.06,0.00
Stock Holdings,2026-03-13,36906946.84,0.00,100.89,100.85,16310.30,0.04,36890636.54,36890636.54,36887374.48,3262.06,0.00
Small Cap Mutual Funds,2026-03-13,152405978.91,36162376.81,92.12,94.56,-3084409.14,-2.58,119328011.25,119328011.25,118737677.88,590333.37,-8.76
QYE++ Small Cap Mutual Funds,2026-03-13,152405978.91,36162376.81,92.12,94.56,-3084409.14,-2.58,119328011.25,119328011.25,118737677.88,590333.37,-8.76
QYE++ Mutual Funds,2026-03-13,152405978.91,36162376.81,92.12,94.56,-3084409.14,-2.58,119328011.25,119328011.25,118737677.88,590333.37,-8.76
QYE++ Equity Mutual Funds,2026-03-13,152405978.91,36162376.81,92.12,94.56,-3084409.14,-2.58,119328011.25,119328011.25,118737677.88,590333.37,-8.76
Equity Mutual Funds,2026-03-13,152405978.91,36162376.81,92.12,94.56,-3084409.14,-2.58,119328011.25,119328011.25,118737677.88,590333.37,-8.76
Mutual Funds,2026-03-13,152405978.91,36162376.81,92.12,94.56,-3084409.14,-2.58,119328011.25,119328011.25,118737677.88,590333.37,-8.76
QYE++ Miscellaneous P&L,2026-03-13,0.00,0.00,100.00,100.00,0.00,0.00,0.00,0.00,0.00,0.00,0.00
Miscellaneous P&L,2026-03-13,0.00,0.00,100.00,100.00,0.00,0.00,0.00,0.00,0.00,0.00,0.00
QYE++ Equity Holdings Tax,2026-03-13,0.00,0.00,100.00,100.00,0.00,0.00,0.00,0.00,0.00,0.00,0.00
QAW++ Equity Holdings Tax,2026-03-13,0.00,0.00,100.00,100.00,0.00,0.00,0.00,0.00,0.00,0.00,0.00
Equity Holdings Tax,2026-03-13,0.00,0.00,100.00,100.00,0.00,0.00,0.00,0.00,0.00,0.00,0.00
QYE++ Total Tax,2026-03-13,-4885.47,19678.84,100.00,100.00,-4885.47,0.00,0.00,-19678.84,0.00,0.00,0.00
Total Tax,2026-03-13,-4885.47,19678.84,100.00,100.00,-4885.47,0.00,0.00,-19678.84,0.00,0.00,0.00
QYE++ F&O Tax,2026-03-13,-4885.47,19678.84,100.00,100.00,-4885.47,0.00,0.00,-19678.84,0.00,0.00,0.00
F&O Tax,2026-03-13,-4885.47,19678.84,100.00,100.00,-4885.47,0.00,0.00,-19678.84,0.00,0.00,0.00
Equity Intraday Tax,2026-03-13,0.00,0.00,100.00,100.00,0.00,0.00,0.00,0.00,0.00,0.00,0.00
MCX Tax,2026-03-13,0.00,0.00,100.00,100.00,0.00,0.00,0.00,0.00,0.00,0.00,0.00
QYE++ Total Other Debits and Credits,2026-03-13,0.00,0.00,100.00,100.00,0.00,0.00,0.00,0.00,0.00,0.00,0.00
Total Other Debits and Credits,2026-03-13,0.00,0.00,100.00,100.00,0.00,0.00,0.00,0.00,0.00,0.00,0.00
QYE++ Equity Other Debits and Credits,2026-03-13,0.00,0.00,100.00,100.00,0.00,0.00,0.00,0.00,0.00,0.00,0.00
Equity Other Debits and Credits,2026-03-13,0.00,0.00,100.00,100.00,0.00,0.00,0.00,0.00,0.00,0.00,0.00
QYE++ NPSAR,2026-03-13,23871881.22,-139501.40,102.17,101.28,810244.50,0.88,92246546.86,23201138.17,91250992.82,388389.96,0.00
NPSAR,2026-03-13,23871881.22,-139501.40,102.17,101.28,810244.50,0.88,92246546.86,23201138.17,91250992.82,388389.96,0.00
QYE++ SPSAR,2026-03-13,24529291.72,285225.96,103.27,101.65,1467655.00,1.59,92246546.86,22776410.75,91250992.82,-36337.46,0.00
SPSAR,2026-03-13,24529291.72,285225.96,103.27,101.65,1467655.00,1.59,92246546.86,22776410.75,91250992.82,-36337.46,0.00
QYE++ NLONG,2026-03-13,444358.27,-571592.89,117.89,117.33,444358.27,0.48,92246546.40,571592.89,91250992.56,571592.89,0.00
NLONG,2026-03-13,444358.27,-571592.89,117.89,117.33,444358.27,0.48,92246546.40,571592.89,91250992.56,571592.89,0.00
QYE++ SLONG,2026-03-13,459610.97,-1833269.90,116.17,115.59,459610.97,0.50,92246546.40,1833269.90,91250992.56,1833269.90,0.00
SLONG,2026-03-13,459610.97,-1833269.90,116.17,115.59,459610.97,0.50,92246546.40,1833269.90,91250992.56,1833269.90,0.00
QYE++ PSAR,2026-03-13,48401172.93,145724.55,102.72,101.47,2277899.50,1.23,184493093.72,45977548.91,182501985.64,352052.50,0.00
PSAR,2026-03-13,48401172.93,145724.55,102.72,101.47,2277899.50,1.23,184493093.72,45977548.91,182501985.64,352052.50,0.00
QYE++ LONG,2026-03-13,903969.24,-2404862.79,117.05,116.48,903969.24,0.49,184493092.80,2404862.79,182501985.12,2404862.79,0.00
LONG,2026-03-13,903969.24,-2404862.79,117.05,116.48,903969.24,0.49,184493092.80,2404862.79,182501985.12,2404862.79,0.00
QYE++ Total Portfolio Value,2026-03-13,49300256.70,-2239459.40,119.92,117.89,3176983.27,1.72,184493093.00,48362732.86,182501985.00,2737236.45,0.00
Total Portfolio Value,2026-03-13,49300256.70,-2239459.40,119.98,117.95,3176983.27,1.72,184493093.00,48362732.86,182501985.00,2737236.45,0.00
QYE++ Zerodha Total Portfolio,2026-03-13,221428821.99,36162376.81,113.82,113.75,108884.43,0.06,185157560.75,185157560.75,181826728.87,3330831.88,0.00
Zerodha Total Portfolio,2026-03-13,221428821.99,36162376.81,113.82,113.75,108884.43,0.06,185157560.75,185157560.75,181826728.87,3330831.88,0.00
NPSAR1,2026-03-16,1559968.35,260124.31,105.98,105.91,3861.00,0.06,6224429.41,1295983.04,5124808.18,14781.00,0.00
NPSAR10,2026-03-16,3553853.03,562435.44,111.43,111.01,52611.51,0.38,14004966.06,2938806.08,11530818.31,56101.50,0.00
NPSAR11,2026-03-16,3645646.59,428314.44,101.44,100.40,144405.07,1.03,14004966.06,3072927.08,11530818.31,190222.50,0.00
NPSAR12,2026-03-16,3638936.31,428314.44,101.69,100.70,137694.79,0.98,14004966.06,3072927.08,11530818.31,190222.50,-0.51
NPSAR13,2026-03-16,3442128.30,428314.44,103.08,103.52,-59113.22,-0.42,14004966.06,3072927.08,11530818.31,190222.50,-0.43
NPSAR2,2026-03-16,1559968.35,260124.31,102.06,102.00,3861.00,0.06,6224429.41,1295983.04,5124808.18,14781.00,0.00
NPSAR3,2026-03-16,1559968.35,260124.31,107.23,107.16,3861.00,0.06,6224429.41,1295983.04,5124808.18,14781.00,0.00
NPSAR4,2026-03-16,1559968.35,260124.31,100.53,100.47,3861.00,0.06,6224429.41,1295983.04,5124808.18,14781.00,0.00
NPSAR5,2026-03-16,1559968.35,260124.31,95.93,95.87,3861.00,0.06,6224429.41,1295983.04,5124808.18,14781.00,-4.07
NPSAR6,2026-03-16,1559968.35,260124.31,99.95,99.89,3861.00,0.06,6224429.41,1295983.04,5124808.18,14781.00,-1.49
NPSAR7,2026-03-16,1559968.35,260124.31,99.75,99.69,3861.00,0.06,6224429.41,1295983.04,5124808.18,14781.00,-1.42
NPSAR8,2026-03-16,1563127.35,231985.81,93.87,93.76,7020.00,0.11,6224429.41,1324121.54,5124808.18,42919.50,-6.13
NPSAR9,2026-03-16,1562854.35,237816.31,99.17,99.06,6747.00,0.11,6224429.41,1318291.04,5124808.18,37089.00,-0.83
SPSAR1,2026-03-16,1540343.35,191297.31,108.46,108.74,-15764.00,-0.25,6224429.41,1364810.04,5124808.18,83608.00,-0.26
SPSAR10,2026-03-16,3520571.51,439376.94,108.72,108.57,19329.99,0.14,14004966.06,3061864.58,11530818.31,179160.00,0.00
SPSAR11,2026-03-16,3649529.03,435821.94,106.74,105.62,148287.51,1.06,14004966.06,3065419.58,11530818.31,182715.00,0.00
SPSAR12,2026-03-16,3635342.56,439376.94,106.55,105.54,134101.04,0.96,14004966.06,3061864.58,11530818.31,179160.00,0.00
SPSAR13,2026-03-16,3425184.54,439376.94,100.90,101.45,-76056.98,-0.54,14004966.06,3061864.58,11530818.31,179160.00,-1.95
SPSAR2,2026-03-16,1540343.35,191297.31,102.62,102.88,-15764.00,-0.25,6224429.41,1364810.04,5124808.18,83608.00,-0.25
SPSAR3,2026-03-16,1540343.35,191297.31,106.73,107.00,-15764.00,-0.25,6224429.41,1364810.04,5124808.18,83608.00,-0.25
SPSAR4,2026-03-16,1540343.35,191297.31,101.36,101.62,-15764.00,-0.25,6224429.41,1364810.04,5124808.18,83608.00,-0.26
SPSAR5,2026-03-16,1540343.35,191297.31,94.73,94.97,-15764.00,-0.25,6224429.41,1364810.04,5124808.18,83608.00,-5.56
SPSAR6,2026-03-16,1541939.35,193803.31,97.77,97.99,-14168.00,-0.23,6224429.41,1362304.04,5124808.18,81102.00,-4.26
SPSAR7,2026-03-16,1540343.35,191297.31,96.85,97.10,-15764.00,-0.25,6224429.41,1364810.04,5124808.18,83608.00,-3.15
SPSAR8,2026-03-16,1540343.35,191297.31,99.88,100.13,-15764.00,-0.25,6224429.41,1364810.04,5124808.18,83608.00,-0.25
SPSAR9,2026-03-16,1541939.35,193803.31,100.35,100.58,-14168.00,-0.23,6224429.41,1362304.04,5124808.18,81102.00,-0.23
NLONG1,2026-03-16,3409.08,-11565.15,116.29,116.21,3409.08,0.07,4668322.02,11565.15,3843606.10,11565.15,0.00
NLONG10,2026-03-16,-1088.45,-10283.09,122.35,122.38,-1088.45,-0.02,4668322.02,10283.09,3843606.10,10283.09,-0.02
NLONG11,2026-03-16,16601.60,-13998.76,124.73,124.29,16601.60,0.36,4668322.02,13998.76,3843606.10,13998.76,-0.07
NLONG12,2026-03-16,5137.82,-12367.64,122.57,122.44,5137.82,0.11,4668322.02,12367.64,3843606.10,12367.64,0.00
NLONG13,2026-03-16,21130.42,-46356.82,116.96,116.43,21130.42,0.45,4668322.02,46356.82,3843606.10,46356.82,0.00
NLONG14,2026-03-16,13514.91,-41262.53,117.86,117.52,13514.91,0.29,4668322.02,41262.53,3843606.10,41262.53,0.00
NLONG15,2026-03-16,19984.64,-41475.98,112.65,112.17,19984.64,0.43,4668322.02,41475.98,3843606.10,41475.98,0.00
NLONG16,2026-03-16,18776.37,-39998.06,115.56,115.10,18776.37,0.40,4668322.02,39998.06,3843606.10,39998.06,0.00
NLONG17,2026-03-16,26097.36,-32216.94,118.78,118.12,26097.36,0.56,4668322.02,32216.94,3843606.10,32216.94,0.00
NLONG18,2026-03-16,19515.07,-30648.27,118.35,117.86,19515.07,0.42,4668322.02,30648.27,3843606.10,30648.27,0.00
NLONG19,2026-03-16,25087.70,13530.35,110.75,110.16,25087.70,0.54,4668322.02,-13530.35,3843606.10,-13530.35,-0.98
NLONG2,2026-03-16,-58509.53,-9487.90,104.54,105.87,-58509.53,-1.25,4668322.02,9487.90,3843606.10,9487.90,-1.26
NLONG20,2026-03-16,23223.35,14308.20,114.31,113.74,23223.35,0.50,4668322.02,-14308.20,3843606.10,-14308.20,-0.27
NLONG21,2026-03-16,25752.65,-21117.01,120.10,119.44,25752.65,0.55,4668322.02,21117.01,3843606.10,21117.01,0.00
NLONG22,2026-03-16,20067.63,-19548.34,120.44,119.92,20067.63,0.43,4668322.02,19548.34,3843606.10,19548.34,0.00
NLONG23,2026-03-16,-11125.29,-33294.61,119.84,120.13,-11125.29,-0.24,4668322.02,33294.61,3843606.10,33294.61,-0.24
NLONG24,2026-03-16,-10147.61,-31816.69,123.35,123.62,-10147.61,-0.22,4668322.02,31816.69,3843606.10,31816.69,-0.22
NLONG3,2026-03-16,-74206.69,-12304.11,116.14,118.02,-74206.69,-1.59,4668322.02,12304.11,3843606.10,12304.11,-1.59
NLONG4,2026-03-16,-57135.79,-8077.46,114.48,115.90,-57135.79,-1.22,4668322.02,8077.46,3843606.10,8077.46,-1.23
NLONG5,2026-03-16,-71518.07,-11421.76,118.94,120.79,-71518.07,-1.53,4668322.02,11421.76,3843606.10,11421.76,-1.53
NLONG6,2026-03-16,-60258.95,-9175.05,115.85,117.36,-60258.95,-1.29,4668322.02,9175.05,3843606.10,9175.05,-1.29
NLONG7,2026-03-16,16601.60,-12564.83,121.59,121.16,16601.60,0.36,4668322.02,12564.83,3843606.10,12564.83,0.00
NLONG8,2026-03-16,-52487.94,-9956.02,116.91,118.24,-52487.94,-1.12,4668322.02,9956.02,3843606.10,9956.02,-1.12
NLONG9,2026-03-16,19290.22,-13259.80,122.99,122.48,19290.22,0.41,4668322.02,13259.80,3843606.10,13259.80,0.00
SLONG1,2026-03-16,11877.53,-19968.27,118.06,117.76,11877.53,0.25,4668322.02,19968.27,3843606.10,19968.27,0.00
SLONG10,2026-03-16,6248.11,-1450.67,113.02,112.87,6248.11,0.13,4668322.02,1450.67,3843606.10,1450.67,0.00
SLONG11,2026-03-16,13215.46,-21240.76,116.66,116.33,13215.46,0.28,4668322.02,21240.76,3843606.10,21240.76,0.00
SLONG12,2026-03-16,9816.44,-20813.59,114.03,113.79,9816.44,0.21,4668322.02,20813.59,3843606.10,20813.59,0.00
SLONG13,2026-03-16,19193.71,-37333.74,113.88,113.41,19193.71,0.41,4668322.02,37333.74,3843606.10,37333.74,0.00
SLONG14,2026-03-16,15313.88,-36041.30,113.84,113.47,15313.88,0.33,4668322.02,36041.30,3843606.10,36041.30,0.00
SLONG15,2026-03-16,18496.07,-13863.56,119.76,119.29,18496.07,0.40,4668322.02,13863.56,3843606.10,13863.56,0.00
SLONG16,2026-03-16,18644.72,-13863.56,112.60,112.15,18644.72,0.40,4668322.02,13863.56,3843606.10,13863.56,0.00
SLONG17,2026-03-16,19098.90,-30227.44,114.61,114.14,19098.90,0.41,4668322.02,30227.44,3843606.10,30227.44,0.00
SLONG18,2026-03-16,15420.94,-28935.00,113.86,113.49,15420.94,0.33,4668322.02,28935.00,3843606.10,28935.00,0.00
SLONG19,2026-03-16,18032.79,-3612.34,124.73,124.25,18032.79,0.39,4668322.02,3612.34,3843606.10,3612.34,0.00
SLONG2,2026-03-16,3899.83,-5862.36,102.18,102.09,3899.83,0.08,4668322.02,5862.36,3843606.10,5862.36,0.00
SLONG20,2026-03-16,18487.21,-24299.97,117.28,116.82,18487.21,0.40,4668322.02,24299.97,3843606.10,24299.97,0.00
SLONG21,2026-03-16,18356.09,-20123.38,114.88,114.43,18356.09,0.39,4668322.02,20123.38,3843606.10,20123.38,0.00
SLONG22,2026-03-16,15360.92,-18830.94,112.85,112.48,15360.92,0.33,4668322.02,18830.94,3843606.10,18830.94,0.00
SLONG23,2026-03-16,-3766.75,-7154.35,126.83,126.93,-3766.75,-0.08,4668322.02,7154.35,3843606.10,7154.35,-0.08
SLONG24,2026-03-16,-2329.92,-27841.98,119.47,119.53,-2329.92,-0.05,4668322.02,27841.98,3843606.10,27841.98,-0.05
SLONG3,2026-03-16,-54101.78,-19968.27,116.11,117.47,-54101.78,-1.16,4668322.02,19968.27,3843606.10,19968.27,-1.16
SLONG4,2026-03-16,-48090.73,-18770.98,113.18,114.36,-48090.73,-1.03,4668322.02,18770.98,3843606.10,18770.98,-1.03
SLONG5,2026-03-16,-51608.10,-20058.51,118.88,120.21,-51608.10,-1.11,4668322.02,20058.51,3843606.10,20058.51,-1.11
SLONG6,2026-03-16,-50188.43,-6524.18,111.94,113.16,-50188.43,-1.08,4668322.02,6524.18,3843606.10,6524.18,-1.08
SLONG7,2026-03-16,13215.46,-21315.97,119.53,119.19,13215.46,0.28,4668322.02,21315.97,3843606.10,21315.97,0.00
SLONG8,2026-03-16,-46211.64,-20269.09,119.06,120.25,-46211.64,-0.99,4668322.02,20269.09,3843606.10,20269.09,-0.99
SLONG9,2026-03-16,15709.14,-21240.76,120.32,119.92,15709.14,0.34,4668322.02,21240.76,3843606.10,21240.76,0.00
Liquidcase Stock Holdings,2026-03-16,36910208.90,0.00,100.90,100.89,3262.06,0.01,36906946.84,36906946.84,36890636.54,16310.30,0.00
QYE++ Liquidcase Stock Holdings,2026-03-16,36910208.90,0.00,100.90,100.89,3262.06,0.01,36906946.84,36906946.84,36890636.54,16310.30,0.00
QYE++ Debt Stock Holdings,2026-03-16,36910208.90,0.00,100.90,100.89,3262.06,0.01,36906946.84,36906946.84,36890636.54,16310.30,0.00
Debt Stock Holdings,2026-03-16,36910208.90,0.00,100.90,100.89,3262.06,0.01,36906946.84,36906946.84,36890636.54,16310.30,0.00
QYE++ Stock Holdings,2026-03-16,36910208.90,0.00,100.90,100.89,3262.06,0.01,36906946.84,36906946.84,36890636.54,16310.30,0.00
Stock Holdings,2026-03-16,36910208.90,0.00,100.90,100.89,3262.06,0.01,36906946.84,36906946.84,36890636.54,16310.30,0.00
Small Cap Mutual Funds,2026-03-16,152583603.72,0.00,92.23,92.12,177624.81,0.12,152405978.91,152405978.91,119328011.25,-3084409.14,-8.65
QYE++ Small Cap Mutual Funds,2026-03-16,152583603.72,0.00,92.23,92.12,177624.81,0.12,152405978.91,152405978.91,119328011.25,-3084409.14,-8.65
QYE++ Mutual Funds,2026-03-16,152583603.72,0.00,92.23,92.12,177624.81,0.12,152405978.91,152405978.91,119328011.25,-3084409.14,-8.65
QYE++ Equity Mutual Funds,2026-03-16,152583603.72,0.00,92.23,92.12,177624.81,0.12,152405978.91,152405978.91,119328011.25,-3084409.14,-8.65
Equity Mutual Funds,2026-03-16,152583603.72,0.00,92.23,92.12,177624.81,0.12,152405978.91,152405978.91,119328011.25,-3084409.14,-8.65
Mutual Funds,2026-03-16,152583603.72,0.00,92.23,92.12,177624.81,0.12,152405978.91,152405978.91,119328011.25,-3084409.14,-8.65
QYE++ Miscellaneous P&L,2026-03-16,0.00,0.00,100.00,100.00,0.00,0.00,0.00,0.00,0.00,0.00,0.00
Miscellaneous P&L,2026-03-16,0.00,0.00,100.00,100.00,0.00,0.00,0.00,0.00,0.00,0.00,0.00
QYE++ Equity Holdings Tax,2026-03-16,0.00,0.00,100.00,100.00,0.00,0.00,0.00,0.00,0.00,0.00,0.00
QAW++ Equity Holdings Tax,2026-03-16,0.00,0.00,100.00,100.00,0.00,0.00,0.00,0.00,0.00,0.00,0.00
Equity Holdings Tax,2026-03-16,0.00,0.00,100.00,100.00,0.00,0.00,0.00,0.00,0.00,0.00,0.00
QYE++ Total Tax,2026-03-16,-12844.53,4885.47,100.00,100.00,-12844.53,0.00,0.00,-4885.47,0.00,0.00,0.00
Total Tax,2026-03-16,-12844.53,4885.47,100.00,100.00,-12844.53,0.00,0.00,-4885.47,0.00,0.00,0.00
QYE++ F&O Tax,2026-03-16,-12844.53,4885.47,100.00,100.00,-12844.53,0.00,0.00,-4885.47,0.00,0.00,0.00
F&O Tax,2026-03-16,-12844.53,4885.47,100.00,100.00,-12844.53,0.00,0.00,-4885.47,0.00,0.00,0.00
Equity Intraday Tax,2026-03-16,0.00,0.00,100.00,100.00,0.00,0.00,0.00,0.00,0.00,0.00,0.00
MCX Tax,2026-03-16,0.00,0.00,100.00,100.00,0.00,0.00,0.00,0.00,0.00,0.00,0.00
QYE++ Total Other Debits and Credits,2026-03-16,0.00,0.00,100.00,100.00,0.00,0.00,0.00,0.00,0.00,0.00,0.00
Total Other Debits and Credits,2026-03-16,0.00,0.00,100.00,100.00,0.00,0.00,0.00,0.00,0.00,0.00,0.00
QYE++ Equity Other Debits and Credits,2026-03-16,0.00,0.00,100.00,100.00,0.00,0.00,0.00,0.00,0.00,0.00,0.00
Equity Other Debits and Credits,2026-03-16,0.00,0.00,100.00,100.00,0.00,0.00,0.00,0.00,0.00,0.00,0.00
QYE++ NPSAR,2026-03-16,28326324.38,4138051.05,102.46,102.17,316392.15,0.28,112039728.93,23871881.22,92246546.86,810244.50,0.00
NPSAR,2026-03-16,28326324.38,4138051.05,102.46,102.17,316392.15,0.28,112039728.93,23871881.22,92246546.86,810244.50,0.00
QYE++ SPSAR,2026-03-16,28096909.79,3480640.55,103.35,103.27,86977.56,0.08,112039728.93,24529291.72,92246546.86,1467655.00,0.00
SPSAR,2026-03-16,28096909.79,3480640.55,103.35,103.27,86977.56,0.08,112039728.93,24529291.72,92246546.86,1467655.00,0.00
QYE++ NLONG,2026-03-16,-122287.90,-444358.27,117.76,117.89,-122287.90,-0.11,112039728.48,444358.27,92246546.40,444358.27,-0.11
NLONG,2026-03-16,-122287.90,-444358.27,117.76,117.89,-122287.90,-0.11,112039728.48,444358.27,92246546.40,444358.27,-0.11
QYE++ SLONG,2026-03-16,-5910.15,-459610.97,116.16,116.17,-5910.15,-0.01,112039728.48,459610.97,92246546.40,459610.97,-0.01
SLONG,2026-03-16,-5910.15,-459610.97,116.16,116.17,-5910.15,-0.01,112039728.48,459610.97,92246546.40,459610.97,-0.01
QYE++ PSAR,2026-03-16,56423234.18,7618691.61,102.91,102.72,403369.71,0.18,224079457.86,48401172.93,184493093.72,2277899.50,0.00
PSAR,2026-03-16,56423234.18,7618691.61,102.91,102.72,403369.71,0.18,224079457.86,48401172.93,184493093.72,2277899.50,0.00
QYE++ LONG,2026-03-16,-128198.05,-903969.24,116.99,117.05,-128198.05,-0.06,224079456.96,903969.24,184493092.80,903969.24,-0.06
LONG,2026-03-16,-128198.05,-903969.24,116.99,117.05,-128198.05,-0.06,224079456.96,903969.24,184493092.80,903969.24,-0.06
QYE++ Total Portfolio Value,2026-03-16,56282191.60,6719607.84,120.06,119.92,262327.13,0.12,224079457.00,49300256.70,184493093.00,3176983.27,0.00
Total Portfolio Value,2026-03-16,56282191.60,6719607.84,120.12,119.98,262327.13,0.12,224079457.00,49300256.70,184493093.00,3176983.27,0.00
QYE++ Zerodha Total Portfolio,2026-03-16,221872035.99,0.00,114.04,113.82,443214.00,0.20,221428821.99,221428821.99,185157560.75,108884.43,0.00
Zerodha Total Portfolio,2026-03-16,221872035.99,0.00,114.04,113.82,443214.00,0.20,221428821.99,221428821.99,185157560.75,108884.43,0.00
NPSAR1,2026-03-17,1544009.65,-22753.55,106.10,105.98,6794.85,0.11,6148859.19,1559968.35,6224429.41,3861.00,0.00
NPSAR10,2026-03-17,3602686.74,-95119.75,112.59,111.43,143953.47,1.04,13834933.06,3553853.02,14004966.06,52611.51,0.00
NPSAR11,2026-03-17,3534741.47,-186913.32,102.00,101.44,76008.20,0.55,13834933.06,3645646.58,14004966.06,144405.07,0.00
NPSAR12,2026-03-17,3472301.53,-180203.04,101.79,101.69,13568.26,0.10,13834933.06,3638936.30,14004966.06,137694.79,-0.41
NPSAR13,2026-03-17,3533399.80,16604.97,103.64,103.08,74666.53,0.54,13834933.06,3442128.30,14004966.06,-59113.22,0.00
NPSAR2,2026-03-17,1543346.67,-22753.55,102.16,102.06,6131.87,0.10,6148859.19,1559968.35,6224429.41,3861.00,0.00
NPSAR3,2026-03-17,1541410.77,-22753.55,107.30,107.23,4195.97,0.07,6148859.19,1559968.35,6224429.41,3861.00,0.00
NPSAR4,2026-03-17,1544935.99,-22753.55,100.66,100.53,7721.19,0.13,6148859.19,1559968.35,6224429.41,3861.00,0.00
NPSAR5,2026-03-17,1553664.07,-22753.55,96.19,95.93,16449.27,0.27,6148859.19,1559968.35,6224429.41,3861.00,-3.81
NPSAR6,2026-03-17,1562681.20,-22753.55,100.36,99.95,25466.40,0.41,6148859.19,1559968.35,6224429.41,3861.00,-1.08
NPSAR7,2026-03-17,1571911.69,-22753.55,100.31,99.75,34696.89,0.56,6148859.19,1559968.35,6224429.41,3861.00,-0.87
NPSAR8,2026-03-17,1572207.07,-25912.55,94.40,93.87,34992.27,0.57,6148859.19,1563127.35,6224429.41,7020.00,-5.60
NPSAR9,2026-03-17,1567804.98,-25639.55,99.66,99.17,30590.18,0.50,6148859.19,1562854.35,6224429.41,6747.00,-0.34
SPSAR1,2026-03-17,1541099.80,-3128.55,108.53,108.46,3885.00,0.06,6148859.19,1540343.35,6224429.41,-15764.00,-0.19
SPSAR10,2026-03-17,3641779.27,-61838.23,110.16,108.72,183046.00,1.32,13834933.06,3520571.50,14004966.06,19329.99,0.00
SPSAR11,2026-03-17,3608168.27,-190795.76,107.89,106.74,149435.00,1.08,13834933.06,3649529.02,14004966.06,148287.51,0.00
SPSAR12,2026-03-17,3611930.27,-176609.30,107.73,106.55,153197.00,1.11,13834933.06,3635342.56,14004966.06,134101.04,0.00
SPSAR13,2026-03-17,3527412.69,33548.73,101.40,100.90,68679.42,0.50,13834933.06,3425184.54,14004966.06,-76056.98,-1.47
SPSAR2,2026-03-17,1541099.80,-3128.55,102.68,102.62,3885.00,0.06,6148859.19,1540343.35,6224429.41,-15764.00,-0.19
SPSAR3,2026-03-17,1541099.80,-3128.55,106.80,106.73,3885.00,0.06,6148859.19,1540343.35,6224429.41,-15764.00,-0.19
SPSAR4,2026-03-17,1541099.80,-3128.55,101.42,101.36,3885.00,0.06,6148859.19,1540343.35,6224429.41,-15764.00,-0.20
SPSAR5,2026-03-17,1536254.64,-3128.55,94.72,94.73,-960.16,-0.02,6148859.19,1540343.35,6224429.41,-15764.00,-5.57
SPSAR6,2026-03-17,1558177.37,-4724.55,98.10,97.77,20962.57,0.34,6148859.19,1541939.35,6224429.41,-14168.00,-3.94
SPSAR7,2026-03-17,1558229.98,-3128.55,97.18,96.85,21015.18,0.34,6148859.19,1540343.35,6224429.41,-15764.00,-2.82
SPSAR8,2026-03-17,1608888.41,-3128.55,101.04,99.88,71673.61,1.17,6148859.19,1540343.35,6224429.41,-15764.00,0.00
SPSAR9,2026-03-17,1609206.98,-4724.55,101.52,100.35,71992.18,1.17,6148859.19,1541939.35,6224429.41,-14168.00,0.00
NLONG1,2026-03-17,-27185.41,-3409.08,115.60,116.29,-27185.41,-0.59,4611644.35,3409.08,4668322.02,3409.08,-0.59
NLONG10,2026-03-17,-28441.80,1088.45,121.60,122.35,-28441.80,-0.62,4611644.35,-1088.45,4668322.02,-1088.45,-0.64
NLONG11,2026-03-17,-80844.75,-16601.60,122.54,124.73,-80844.75,-1.75,4611644.35,16601.60,4668322.02,16601.60,-1.83
NLONG12,2026-03-17,10567.25,-5137.82,122.85,122.57,10567.25,0.23,4611644.35,5137.82,4668322.02,5137.82,0.00
NLONG13,2026-03-17,-17176.36,-21130.42,116.52,116.96,-17176.36,-0.37,4611644.35,21130.42,4668322.02,21130.42,-0.38
NLONG14,2026-03-17,-20350.98,-13514.91,117.34,117.86,-20350.98,-0.44,4611644.35,13514.91,4668322.02,13514.91,-0.44
NLONG15,2026-03-17,47046.22,-19984.64,113.80,112.65,47046.22,1.02,4611644.35,19984.64,4668322.02,19984.64,0.00
NLONG16,2026-03-17,9957.89,-18776.37,115.81,115.56,9957.89,0.22,4611644.35,18776.37,4668322.02,18776.37,0.00
NLONG17,2026-03-17,-17281.43,-26097.36,118.33,118.78,-17281.43,-0.37,4611644.35,26097.36,4668322.02,26097.36,-0.38
NLONG18,2026-03-17,-20456.05,-19515.07,117.83,118.35,-20456.05,-0.44,4611644.35,19515.07,4668322.02,19515.07,-0.44
NLONG19,2026-03-17,-37392.68,-25087.70,109.85,110.75,-37392.68,-0.81,4611644.35,25087.70,4668322.02,25087.70,-1.79
NLONG2,2026-03-17,1720.41,58509.53,104.58,104.54,1720.41,0.04,4611644.35,-58509.53,4668322.02,-58509.53,-1.22
NLONG20,2026-03-17,-76391.93,-23223.35,112.42,114.31,-76391.93,-1.66,4611644.35,23223.35,4668322.02,23223.35,-1.92
NLONG21,2026-03-17,-27116.97,-25752.65,119.39,120.10,-27116.97,-0.59,4611644.35,25752.65,4668322.02,25752.65,-0.59
NLONG22,2026-03-17,-30291.59,-20067.63,119.65,120.44,-30291.59,-0.66,4611644.35,20067.63,4668322.02,20067.63,-0.66
NLONG23,2026-03-17,591.00,11125.29,119.86,119.84,591.00,0.01,4611644.35,-11125.29,4668322.02,-11125.29,-0.22
NLONG24,2026-03-17,-40122.24,10147.61,122.28,123.35,-40122.24,-0.87,4611644.35,-10147.61,4668322.02,-10147.61,-1.08
NLONG3,2026-03-17,-69283.14,74206.69,114.40,116.14,-69283.14,-1.50,4611644.35,-74206.69,4668322.02,-74206.69,-3.07
NLONG4,2026-03-17,-36600.77,57135.79,113.57,114.48,-36600.77,-0.79,4611644.35,-57135.79,4668322.02,-57135.79,-2.01
NLONG5,2026-03-17,-19028.32,71518.07,118.45,118.94,-19028.32,-0.41,4611644.35,-71518.07,4668322.02,-71518.07,-1.94
NLONG6,2026-03-17,2626.67,60258.95,115.92,115.85,2626.67,0.06,4611644.35,-60258.95,4668322.02,-60258.95,-1.23
NLONG7,2026-03-17,-80844.75,-16601.60,119.46,121.59,-80844.75,-1.75,4611644.35,16601.60,4668322.02,16601.60,-1.75
NLONG8,2026-03-17,-35568.32,52487.94,116.01,116.91,-35568.32,-0.77,4611644.35,-52487.94,4668322.02,-52487.94,-1.89
NLONG9,2026-03-17,-31149.59,-19290.22,122.16,122.99,-31149.59,-0.68,4611644.35,19290.22,4668322.02,19290.22,-0.67
SLONG1,2026-03-17,-55134.55,-11877.53,116.65,118.06,-55134.55,-1.20,4611644.35,11877.53,4668322.02,11877.53,-1.19
SLONG10,2026-03-17,-8593.92,-6248.11,112.81,113.02,-8593.92,-0.19,4611644.35,6248.11,4668322.02,6248.11,-0.19
SLONG11,2026-03-17,-51264.56,-13215.46,115.36,116.66,-51264.56,-1.11,4611644.35,13215.46,4668322.02,13215.46,-1.11
SLONG12,2026-03-17,-11159.15,-9816.44,113.75,114.03,-11159.15,-0.24,4611644.35,9816.44,4668322.02,9816.44,-0.25
SLONG13,2026-03-17,-1132.43,-19193.71,113.85,113.88,-1132.43,-0.02,4611644.35,19193.71,4668322.02,19193.71,-0.03
SLONG14,2026-03-17,2682.27,-15313.88,113.91,113.84,2682.27,0.06,4611644.35,15313.88,4668322.02,15313.88,0.00
SLONG15,2026-03-17,2572.90,-18496.07,119.83,119.76,2572.90,0.06,4611644.35,18496.07,4668322.02,18496.07,0.00
SLONG16,2026-03-17,18.07,-18644.72,112.60,112.60,18.07,0.00,4611644.35,18644.72,4668322.02,18644.72,0.00
SLONG17,2026-03-17,104.21,-19098.90,114.61,114.61,104.21,0.00,4611644.35,19098.90,4668322.02,19098.90,0.00
SLONG18,2026-03-17,-1518.85,-15420.94,113.82,113.86,-1518.85,-0.03,4611644.35,15420.94,4668322.02,15420.94,-0.04
SLONG19,2026-03-17,-16020.62,-18032.79,124.30,124.73,-16020.62,-0.35,4611644.35,18032.79,4668322.02,18032.79,-0.34
SLONG2,2026-03-17,-14207.30,-3899.83,101.87,102.18,-14207.30,-0.31,4611644.35,3899.83,4668322.02,3899.83,-0.30
SLONG20,2026-03-17,-24013.21,-18487.21,116.67,117.28,-24013.21,-0.52,4611644.35,18487.21,4668322.02,18487.21,-0.52
SLONG21,2026-03-17,-11237.87,-18356.09,114.60,114.88,-11237.87,-0.24,4611644.35,18356.09,4668322.02,18356.09,-0.24
SLONG22,2026-03-17,-12860.93,-15360.92,112.54,112.85,-12860.93,-0.28,4611644.35,15360.92,4668322.02,15360.92,-0.27
SLONG23,2026-03-17,-7536.06,3766.75,126.62,126.83,-7536.06,-0.16,4611644.35,-3766.75,4668322.02,-3766.75,-0.24
SLONG24,2026-03-17,-14903.18,2329.92,119.08,119.47,-14903.18,-0.32,4611644.35,-2329.92,4668322.02,-2329.92,-0.38
SLONG3,2026-03-17,-52936.11,54101.78,114.78,116.11,-52936.11,-1.15,4611644.35,-54101.78,4668322.02,-54101.78,-2.29
SLONG4,2026-03-17,-621.83,48090.73,113.16,113.18,-621.83,-0.01,4611644.35,-48090.73,4668322.02,-48090.73,-1.05
SLONG5,2026-03-17,-53355.73,51608.10,117.50,118.88,-53355.73,-1.16,4611644.35,-51608.10,4668322.02,-51608.10,-2.25
SLONG6,2026-03-17,4991.55,50188.43,112.06,111.94,4991.55,0.11,4611644.35,-50188.43,4668322.02,-50188.43,-0.97
SLONG7,2026-03-17,-55047.23,-13215.46,118.10,119.53,-55047.23,-1.19,4611644.35,13215.46,4668322.02,13215.46,-1.20
SLONG8,2026-03-17,4991.55,46211.64,119.19,119.06,4991.55,0.11,4611644.35,-46211.64,4668322.02,-46211.64,-0.88
SLONG9,2026-03-17,-58296.81,-15709.14,118.80,120.32,-58296.81,-1.26,4611644.35,15709.14,4668322.02,15709.14,-1.26
Liquidcase Stock Holdings,2026-03-17,47106786.16,10190953.56,100.92,100.90,5623.70,0.02,36910208.90,36910208.90,36906946.84,3262.06,0.00
QYE++ Liquidcase Stock Holdings,2026-03-17,47106786.16,10190953.56,100.92,100.90,5623.70,0.02,36910208.90,36910208.90,36906946.84,3262.06,0.00
QYE++ Debt Stock Holdings,2026-03-17,47106786.16,10190953.56,100.92,100.90,5623.70,0.02,36910208.90,36910208.90,36906946.84,3262.06,0.00
Debt Stock Holdings,2026-03-17,47106786.16,10190953.56,100.92,100.90,5623.70,0.02,36910208.90,36910208.90,36906946.84,3262.06,0.00
QYE++ Stock Holdings,2026-03-17,47106786.16,10190953.56,100.92,100.90,5623.70,0.02,36910208.90,36910208.90,36906946.84,3262.06,0.00
Stock Holdings,2026-03-17,47106786.16,10190953.56,100.92,100.90,5623.70,0.02,36910208.90,36910208.90,36906946.84,3262.06,0.00
Small Cap Mutual Funds,2026-03-17,153570051.39,0.00,92.83,92.23,986447.67,0.65,152583603.72,152583603.72,152405978.91,177624.81,-8.05
QYE++ Small Cap Mutual Funds,2026-03-17,153570051.39,0.00,92.83,92.23,986447.67,0.65,152583603.72,152583603.72,152405978.91,177624.81,-8.05
QYE++ Mutual Funds,2026-03-17,153570051.39,0.00,92.83,92.23,986447.67,0.65,152583603.72,152583603.72,152405978.91,177624.81,-8.05
QYE++ Equity Mutual Funds,2026-03-17,153570051.39,0.00,92.83,92.23,986447.67,0.65,152583603.72,152583603.72,152405978.91,177624.81,-8.05
Equity Mutual Funds,2026-03-17,153570051.39,0.00,92.83,92.23,986447.67,0.65,152583603.72,152583603.72,152405978.91,177624.81,-8.05
Mutual Funds,2026-03-17,153570051.39,0.00,92.83,92.23,986447.67,0.65,152583603.72,152583603.72,152405978.91,177624.81,-8.05
QYE++ Miscellaneous P&L,2026-03-17,0.00,0.00,100.00,100.00,0.00,0.00,0.00,0.00,0.00,0.00,0.00
Miscellaneous P&L,2026-03-17,0.00,0.00,100.00,100.00,0.00,0.00,0.00,0.00,0.00,0.00,0.00
QYE++ Equity Holdings Tax,2026-03-17,-1933.44,0.00,100.00,100.00,-1933.44,0.00,0.00,0.00,0.00,0.00,0.00
QAW++ Equity Holdings Tax,2026-03-17,0.00,0.00,100.00,100.00,0.00,0.00,0.00,0.00,0.00,0.00,0.00
Equity Holdings Tax,2026-03-17,-1933.44,0.00,100.00,100.00,-1933.44,0.00,0.00,0.00,0.00,0.00,0.00
QYE++ Total Tax,2026-03-17,-17354.63,12844.53,100.00,100.00,-17354.63,0.00,0.00,-12844.53,0.00,0.00,0.00
Total Tax,2026-03-17,-17354.63,12844.53,100.00,100.00,-17354.63,0.00,0.00,-12844.53,0.00,0.00,0.00
QYE++ F&O Tax,2026-03-17,-15421.19,12844.53,100.00,100.00,-15421.19,0.00,0.00,-12844.53,0.00,0.00,0.00
F&O Tax,2026-03-17,-15421.19,12844.53,100.00,100.00,-15421.19,0.00,0.00,-12844.53,0.00,0.00,0.00
Equity Intraday Tax,2026-03-17,0.00,0.00,100.00,100.00,0.00,0.00,0.00,0.00,0.00,0.00,0.00
MCX Tax,2026-03-17,0.00,0.00,100.00,100.00,0.00,0.00,0.00,0.00,0.00,0.00,0.00
QYE++ Total Other Debits and Credits,2026-03-17,0.00,0.00,100.00,100.00,0.00,0.00,0.00,0.00,0.00,0.00,0.00
Total Other Debits and Credits,2026-03-17,0.00,0.00,100.00,100.00,0.00,0.00,0.00,0.00,0.00,0.00,0.00
QYE++ Equity Other Debits and Credits,2026-03-17,0.00,0.00,100.00,100.00,0.00,0.00,0.00,0.00,0.00,0.00,0.00
Equity Other Debits and Credits,2026-03-17,0.00,0.00,100.00,100.00,0.00,0.00,0.00,0.00,0.00,0.00,0.00
QYE++ NPSAR,2026-03-17,28145101.59,-656458.11,102.90,102.46,475235.35,0.43,110679464.95,28326324.38,112039728.93,316392.15,0.00
NPSAR,2026-03-17,28145101.59,-656458.11,102.90,102.46,475235.35,0.43,110679464.95,28326324.38,112039728.93,316392.15,0.00
QYE++ SPSAR,2026-03-17,28424447.04,-427043.53,104.05,103.35,754580.80,0.68,110679464.95,28096909.79,112039728.93,86977.56,0.00
SPSAR,2026-03-17,28424447.04,-427043.53,104.05,103.35,754580.80,0.68,110679464.95,28096909.79,112039728.93,86977.56,0.00
QYE++ NLONG,2026-03-17,-623017.64,122287.90,117.10,117.76,-623017.64,-0.56,110679464.40,-122287.90,112039728.48,-122287.90,-0.67
NLONG,2026-03-17,-623017.64,122287.90,117.10,117.76,-623017.64,-0.56,110679464.40,-122287.90,112039728.48,-122287.90,-0.67
QYE++ SLONG,2026-03-17,-434479.79,5910.15,115.71,116.16,-434479.79,-0.39,110679464.40,-5910.15,112039728.48,-5910.15,-0.40
SLONG,2026-03-17,-434479.79,5910.15,115.71,116.16,-434479.79,-0.39,110679464.40,-5910.15,112039728.48,-5910.15,-0.40
QYE++ PSAR,2026-03-17,56569548.63,-1083501.65,103.48,102.91,1229816.15,0.56,221358929.90,56423234.18,224079457.86,403369.71,0.00
PSAR,2026-03-17,56569548.63,-1083501.65,103.48,102.91,1229816.15,0.56,221358929.90,56423234.17,224079457.86,403369.71,0.00
QYE++ LONG,2026-03-17,-1057497.43,128198.05,116.43,116.99,-1057497.43,-0.48,221358928.80,-128198.05,224079456.96,-128198.05,-0.53
LONG,2026-03-17,-1057497.43,128198.05,116.43,116.99,-1057497.43,-0.48,221358928.80,-128198.05,224079456.96,-128198.05,-0.53
QYE++ Total Portfolio Value,2026-03-17,55496630.00,-942459.06,120.14,120.06,156897.53,0.07,221358929.00,56282191.60,224079457.00,262327.13,0.00
Total Portfolio Value,2026-03-17,55496630.00,-942459.06,120.20,120.12,156897.53,0.07,221358929.00,56282191.60,224079457.00,262327.13,0.00
QYE++ Zerodha Total Portfolio,2026-03-17,223019071.45,0.00,114.64,114.04,1147035.46,0.52,221872035.99,221872035.99,221428821.99,443214.00,0.00
Zerodha Total Portfolio,2026-03-17,223019071.45,0.00,114.64,114.04,1147035.46,0.52,221872035.99,221872035.99,221428821.99,443214.00,0.00
NPSAR1,2026-03-18,1508328.24,-2401.41,105.53,106.10,-33280.00,-0.54,6166432.94,1544009.65,6148859.19,6794.85,-0.54
NPSAR10,2026-03-18,3590006.00,-134068.24,113.58,112.59,121387.50,0.87,13874474.00,3602686.74,13834933.06,143953.47,0.00
NPSAR11,2026-03-18,3591585.50,-66122.96,102.90,102.00,122967.00,0.89,13874474.00,3534741.46,13834933.06,76008.20,0.00
NPSAR12,2026-03-18,3590006.00,-3683.02,102.68,101.79,121387.50,0.87,13874474.00,3472301.52,13834933.06,13568.26,0.00
NPSAR13,2026-03-18,3621976.91,-64781.30,104.79,103.64,153358.41,1.11,13874474.00,3533399.80,13834933.06,74666.53,0.00
NPSAR2,2026-03-18,1508328.24,-1738.43,101.61,102.16,-33280.00,-0.54,6166432.94,1543346.67,6148859.19,6131.87,-0.54
NPSAR3,2026-03-18,1472051.97,197.47,106.09,107.30,-69556.27,-1.13,6166432.94,1541410.77,6148859.19,4195.97,-1.13
NPSAR4,2026-03-18,1530308.13,-3327.75,100.48,100.66,-11300.11,-0.18,6166432.94,1544935.99,6148859.19,7721.19,-0.18
NPSAR5,2026-03-18,1596260.24,-12055.84,97.04,96.19,54652.00,0.89,6166432.94,1553664.07,6148859.19,16449.27,-2.96
NPSAR6,2026-03-18,1596260.24,-21072.96,101.25,100.36,54652.00,0.89,6166432.94,1562681.20,6148859.19,25466.40,-0.21
NPSAR7,2026-03-18,1596260.24,-30303.45,101.20,100.31,54652.00,0.89,6166432.94,1571911.69,6148859.19,34696.89,0.00
NPSAR8,2026-03-18,1596260.24,-30598.84,95.24,94.40,54652.00,0.89,6166432.94,1572207.07,6148859.19,34992.27,-4.76
NPSAR9,2026-03-18,1596260.24,-26196.74,100.54,99.66,54652.00,0.89,6166432.94,1567804.98,6148859.19,30590.18,0.00
SPSAR1,2026-03-18,1508722.24,508.44,107.95,108.53,-32886.00,-0.53,6166432.94,1541099.80,6148859.19,3885.00,-0.73
SPSAR10,2026-03-18,3539184.50,-173160.76,110.72,110.16,70566.00,0.51,13874474.00,3641779.26,13834933.06,183046.00,0.00
SPSAR11,2026-03-18,3506371.50,-139549.76,108.18,107.89,37753.00,0.27,13874474.00,3608168.26,13834933.06,149435.00,0.00
SPSAR12,2026-03-18,3510855.50,-143311.76,108.06,107.73,42237.00,0.30,13874474.00,3611930.26,13834933.06,153197.00,0.00
SPSAR13,2026-03-18,3598679.98,-58794.18,102.35,101.40,130061.48,0.94,13874474.00,3527412.68,13834933.06,68679.42,-0.54
SPSAR2,2026-03-18,1508722.24,508.44,102.13,102.68,-32886.00,-0.53,6166432.94,1541099.80,6148859.19,3885.00,-0.73
SPSAR3,2026-03-18,1478489.43,508.44,105.71,106.80,-63118.81,-1.02,6166432.94,1541099.80,6148859.19,3885.00,-1.21
SPSAR4,2026-03-18,1536913.09,508.44,101.34,101.42,-4695.15,-0.08,6166432.94,1541099.80,6148859.19,3885.00,-0.28
SPSAR5,2026-03-18,1602896.24,5353.60,95.66,94.72,61288.00,0.99,6166432.94,1536254.64,6148859.19,-960.16,-4.64
SPSAR6,2026-03-18,1599360.24,-16569.14,99.02,98.10,57752.00,0.94,6166432.94,1558177.37,6148859.19,20962.57,-3.04
SPSAR7,2026-03-18,1595768.24,-16621.74,98.03,97.18,54160.00,0.88,6166432.94,1558229.98,6148859.19,21015.18,-1.97
SPSAR8,2026-03-18,1580872.24,-67280.17,101.68,101.04,39264.00,0.64,6166432.94,1608888.41,6148859.19,71673.61,0.00
SPSAR9,2026-03-18,1580872.24,-67598.74,102.17,101.52,39264.00,0.64,6166432.94,1609206.98,6148859.19,71992.18,0.00
NLONG1,2026-03-18,5137.83,27185.41,115.73,115.60,5137.83,0.11,4624824.67,-27185.41,4611644.35,-27185.41,-0.48
NLONG10,2026-03-18,2882.04,28441.80,121.68,121.60,2882.04,0.06,4624824.67,-28441.80,4611644.35,-28441.80,-0.57
NLONG11,2026-03-18,-9179.88,80844.75,122.30,122.54,-9179.88,-0.20,4624824.67,-80844.75,4611644.35,-80844.75,-2.02
NLONG12,2026-03-18,-610.12,-10567.25,122.83,122.85,-610.12,-0.01,4624824.67,10567.25,4611644.35,10567.25,-0.02
NLONG13,2026-03-18,7934.32,17176.36,116.72,116.52,7934.32,0.17,4624824.67,-17176.36,4611644.35,-17176.36,-0.21
NLONG14,2026-03-18,10604.47,20350.98,117.61,117.34,10604.47,0.23,4624824.67,-20350.98,4611644.35,-20350.98,-0.21
NLONG15,2026-03-18,0.00,-47046.22,113.80,113.80,0.00,0.00,4624824.67,47046.22,4611644.35,47046.22,0.00
NLONG16,2026-03-18,8569.76,-9957.89,116.02,115.81,8569.76,0.19,4624824.67,9957.89,4611644.35,9957.89,0.00
NLONG17,2026-03-18,7934.32,17281.43,118.53,118.33,7934.32,0.17,4624824.67,-17281.43,4611644.35,-17281.43,-0.21
NLONG18,2026-03-18,10604.47,20456.05,118.10,117.83,10604.47,0.23,4624824.67,-20456.05,4611644.35,-20456.05,-0.21
NLONG19,2026-03-18,0.00,37392.68,109.85,109.85,0.00,0.00,4624824.67,-37392.68,4611644.35,-37392.68,-1.79
NLONG2,2026-03-18,2145.13,-1720.41,104.63,104.58,2145.13,0.05,4624824.67,1720.41,4611644.35,1720.41,-1.17
NLONG20,2026-03-18,0.00,76391.93,112.42,112.42,0.00,0.00,4624824.67,-76391.93,4611644.35,-76391.93,-1.92
NLONG21,2026-03-18,6743.73,27116.97,119.56,119.39,6743.73,0.15,4624824.67,-27116.97,4611644.35,-27116.97,-0.45
NLONG22,2026-03-18,9297.79,30291.59,119.89,119.65,9297.79,0.20,4624824.67,-30291.59,4611644.35,-30291.59,-0.46
NLONG23,2026-03-18,0.00,-591.00,119.86,119.86,0.00,0.00,4624824.67,591.00,4611644.35,591.00,-0.22
NLONG24,2026-03-18,8569.76,40122.24,122.51,122.28,8569.76,0.19,4624824.67,-40122.24,4611644.35,-40122.24,-0.90
NLONG3,2026-03-18,-4100.55,69283.14,114.30,114.40,-4100.55,-0.09,4624824.67,-69283.14,4611644.35,-69283.14,-3.15
NLONG4,2026-03-18,-8459.34,36600.77,113.36,113.57,-8459.34,-0.18,4624824.67,-36600.77,4611644.35,-36600.77,-2.19
NLONG5,2026-03-18,1502.38,19028.32,118.49,118.45,1502.38,0.03,4624824.67,-19028.32,4611644.35,-19028.32,-1.90
NLONG6,2026-03-18,2145.13,-2626.67,115.97,115.92,2145.13,0.05,4624824.67,2626.67,4611644.35,2626.67,-1.18
NLONG7,2026-03-18,-5380.67,80844.75,119.32,119.46,-5380.67,-0.12,4624824.67,-80844.75,4611644.35,-80844.75,-1.87
NLONG8,2026-03-18,-8459.34,35568.32,115.80,116.01,-8459.34,-0.18,4624824.67,-35568.32,4611644.35,-35568.32,-2.06
NLONG9,2026-03-18,-2119.50,31149.59,122.10,122.16,-2119.50,-0.05,4624824.67,-31149.59,4611644.35,-31149.59,-0.72
SLONG1,2026-03-18,-32557.60,55134.55,115.83,116.65,-32557.60,-0.70,4624824.67,-55134.55,4611644.35,-55134.55,-1.89
SLONG10,2026-03-18,361.26,8593.92,112.82,112.81,361.26,0.01,4624824.67,-8593.92,4611644.35,-8593.92,-0.18
SLONG11,2026-03-18,-42560.47,51264.56,114.30,115.36,-42560.47,-0.92,4624824.67,-51264.56,4611644.35,-51264.56,-2.02
SLONG12,2026-03-18,-2628.36,11159.15,113.69,113.75,-2628.36,-0.06,4624824.67,-11159.15,4611644.35,-11159.15,-0.30
SLONG13,2026-03-18,19060.32,1132.43,114.32,113.85,19060.32,0.41,4624824.67,-1132.43,4611644.35,-1132.43,0.00
SLONG14,2026-03-18,24209.24,-2682.27,114.51,113.91,24209.24,0.52,4624824.67,2682.27,4611644.35,2682.27,0.00
SLONG15,2026-03-18,10052.66,-2572.90,120.09,119.83,10052.66,0.22,4624824.67,2572.90,4611644.35,2572.90,0.00
SLONG16,2026-03-18,25429.71,-18.07,113.22,112.60,25429.71,0.55,4624824.67,18.07,4611644.35,18.07,0.00
SLONG17,2026-03-18,19060.32,-104.21,115.08,114.61,19060.32,0.41,4624824.67,104.21,4611644.35,104.21,0.00
SLONG18,2026-03-18,21679.86,1518.85,114.35,113.82,21679.86,0.47,4624824.67,-1518.85,4611644.35,-1518.85,0.00
SLONG19,2026-03-18,7789.81,16020.62,124.51,124.30,7789.81,0.17,4624824.67,-16020.62,4611644.35,-16020.62,-0.18
SLONG2,2026-03-18,2014.39,14207.30,101.91,101.87,2014.39,0.04,4624824.67,-14207.30,4611644.35,-14207.30,-0.26
SLONG20,2026-03-18,19601.57,24013.21,117.16,116.67,19601.57,0.42,4624824.67,-24013.21,4611644.35,-24013.21,-0.10
SLONG21,2026-03-18,18291.25,11237.87,115.05,114.60,18291.25,0.40,4624824.67,-11237.87,4611644.35,-11237.87,0.00
SLONG22,2026-03-18,21215.41,12860.93,113.06,112.54,21215.41,0.46,4624824.67,-12860.93,4611644.35,-12860.93,0.00
SLONG23,2026-03-18,9088.12,7536.06,126.87,126.62,9088.12,0.20,4624824.67,-7536.06,4611644.35,-7536.06,-0.05
SLONG24,2026-03-18,22868.50,14903.18,119.67,119.08,22868.50,0.49,4624824.67,-14903.18,4611644.35,-14903.18,0.00
SLONG3,2026-03-18,-34708.77,52936.11,113.92,114.78,-34708.77,-0.75,4624824.67,-52936.11,4611644.35,-52936.11,-3.02
SLONG4,2026-03-18,3151.51,621.83,113.24,113.16,3151.51,0.07,4624824.67,-621.83,4611644.35,-621.83,-0.98
SLONG5,2026-03-18,-35905.43,53355.73,116.59,117.50,-35905.43,-0.78,4624824.67,-53355.73,4611644.35,-53355.73,-3.01
SLONG6,2026-03-18,2014.39,-4991.55,112.11,112.06,2014.39,0.04,4624824.67,4991.55,4611644.35,4991.55,-0.93
SLONG7,2026-03-18,-34191.79,55047.23,117.23,118.10,-34191.79,-0.74,4624824.67,-55047.23,4611644.35,-55047.23,-1.92
SLONG8,2026-03-18,3151.51,-4991.55,119.27,119.19,3151.51,0.07,4624824.67,4991.55,4611644.35,4991.55,-0.81
SLONG9,2026-03-18,-39630.39,58296.81,117.78,118.80,-39630.39,-0.86,4624824.67,-58296.81,4611644.35,-58296.81,-2.11
Liquidcase Stock Holdings,2026-03-18,47115111.12,0.00,100.94,100.92,8324.96,0.02,47106786.16,47106786.16,36910208.90,5623.70,0.00
QYE++ Liquidcase Stock Holdings,2026-03-18,47115111.12,0.00,100.94,100.92,8324.96,0.02,47106786.16,47106786.16,36910208.90,5623.70,0.00
QYE++ Debt Stock Holdings,2026-03-18,47115111.12,0.00,100.94,100.92,8324.96,0.02,47106786.16,47106786.16,36910208.90,5623.70,0.00
Debt Stock Holdings,2026-03-18,47115111.12,0.00,100.94,100.92,8324.96,0.02,47106786.16,47106786.16,36910208.90,5623.70,0.00
QYE++ Stock Holdings,2026-03-18,47115111.12,0.00,100.94,100.92,8324.96,0.02,47106786.16,47106786.16,36910208.90,5623.70,0.00
Stock Holdings,2026-03-18,47115111.12,0.00,100.94,100.92,8324.96,0.02,47106786.16,47106786.16,36910208.90,5623.70,0.00
Small Cap Mutual Funds,2026-03-18,156135914.66,0.00,94.38,92.83,2565863.27,1.67,153570051.39,153570051.39,152583603.72,986447.67,-6.52
QYE++ Small Cap Mutual Funds,2026-03-18,156135914.66,0.00,94.38,92.83,2565863.27,1.67,153570051.39,153570051.39,152583603.72,986447.67,-6.52
QYE++ Mutual Funds,2026-03-18,156135914.66,0.00,94.38,92.83,2565863.27,1.67,153570051.39,153570051.39,152583603.72,986447.67,-6.52
QYE++ Equity Mutual Funds,2026-03-18,156135914.66,0.00,94.38,92.83,2565863.27,1.67,153570051.39,153570051.39,152583603.72,986447.67,-6.52
Equity Mutual Funds,2026-03-18,156135914.66,0.00,94.38,92.83,2565863.27,1.67,153570051.39,153570051.39,152583603.72,986447.67,-6.52
Mutual Funds,2026-03-18,156135914.66,0.00,94.38,92.83,2565863.27,1.67,153570051.39,153570051.39,152583603.72,986447.67,-6.52
QYE++ Miscellaneous P&L,2026-03-18,0.00,0.00,100.00,100.00,0.00,0.00,0.00,0.00,0.00,0.00,0.00
Miscellaneous P&L,2026-03-18,0.00,0.00,100.00,100.00,0.00,0.00,0.00,0.00,0.00,0.00,0.00
QYE++ Equity Holdings Tax,2026-03-18,0.00,1933.44,100.00,100.00,0.00,0.00,0.00,-1933.44,0.00,-1933.44,0.00
QAW++ Equity Holdings Tax,2026-03-18,0.00,0.00,100.00,100.00,0.00,0.00,0.00,0.00,0.00,0.00,0.00
Equity Holdings Tax,2026-03-18,0.00,1933.44,100.00,100.00,0.00,0.00,0.00,-1933.44,0.00,0.00,0.00
QYE++ Total Tax,2026-03-18,-7325.95,17354.63,100.00,100.00,-7325.95,0.00,0.00,-17354.63,0.00,0.00,0.00
Total Tax,2026-03-18,-7325.95,17354.63,100.00,100.00,-7325.95,0.00,0.00,-17354.63,0.00,0.00,0.00
QYE++ F&O Tax,2026-03-18,-7325.95,15421.19,100.00,100.00,-7325.95,0.00,0.00,-15421.19,0.00,0.00,0.00
F&O Tax,2026-03-18,-7325.95,15421.19,100.00,100.00,-7325.95,0.00,0.00,-15421.19,0.00,0.00,0.00
Equity Intraday Tax,2026-03-18,0.00,0.00,100.00,100.00,0.00,0.00,0.00,0.00,0.00,0.00,0.00
MCX Tax,2026-03-18,0.00,0.00,100.00,100.00,0.00,0.00,0.00,0.00,0.00,0.00,0.00
QYE++ Total Other Debits and Credits,2026-03-18,0.00,0.00,100.00,100.00,0.00,0.00,0.00,0.00,0.00,0.00,0.00
Total Other Debits and Credits,2026-03-18,0.00,0.00,100.00,100.00,0.00,0.00,0.00,0.00,0.00,0.00,0.00
QYE++ Equity Other Debits and Credits,2026-03-18,0.00,0.00,100.00,100.00,0.00,0.00,0.00,0.00,0.00,0.00,0.00
Equity Other Debits and Credits,2026-03-18,0.00,0.00,100.00,100.00,0.00,0.00,0.00,0.00,0.00,0.00,0.00
QYE++ NPSAR,2026-03-18,28393892.15,-396153.49,103.50,102.90,644944.03,0.58,110995792.46,28145101.59,110679464.95,475235.35,0.00
NPSAR,2026-03-18,28393892.15,-396153.49,103.50,102.90,644944.03,0.58,110995792.46,28145101.59,110679464.95,475235.35,0.00
QYE++ SPSAR,2026-03-18,28147707.64,-675498.92,104.43,104.05,398759.52,0.36,110995792.46,28424447.04,110679464.95,754580.80,0.00
SPSAR,2026-03-18,28147707.64,-675498.92,104.43,104.05,398759.52,0.36,110995792.46,28424447.04,110679464.95,754580.80,0.00
QYE++ NLONG,2026-03-18,45761.73,623017.64,117.15,117.10,45761.73,0.04,110995792.08,-623017.64,110679464.40,-623017.64,-0.63
NLONG,2026-03-18,45761.73,623017.64,117.15,117.10,45761.73,0.04,110995792.08,-623017.64,110679464.40,-623017.64,-0.63
QYE++ SLONG,2026-03-18,6857.02,434479.79,115.72,115.71,6857.02,0.01,110995792.08,-434479.79,110679464.40,-434479.79,-0.39
SLONG,2026-03-18,6857.02,434479.79,115.72,115.71,6857.02,0.01,110995792.08,-434479.79,110679464.40,-434479.79,-0.39
QYE++ PSAR,2026-03-18,56541599.78,-1071652.42,103.97,103.48,1043703.55,0.47,221991584.92,56569548.63,221358929.90,1229816.15,0.00
PSAR,2026-03-18,56541599.78,-1071652.42,103.97,103.48,1043703.55,0.47,221991584.92,56569548.62,221358929.90,1229816.15,0.00
QYE++ LONG,2026-03-18,52618.75,1057497.43,116.46,116.43,52618.75,0.02,221991584.16,-1057497.43,221358928.80,-1057497.43,-0.51
LONG,2026-03-18,52618.75,1057497.43,116.46,116.43,52618.75,0.02,221991584.16,-1057497.43,221358928.80,-1057497.43,-0.51
QYE++ Total Portfolio Value,2026-03-18,56586892.58,1266.20,120.73,120.14,1088996.35,0.49,221991584.00,55496630.00,221358929.00,156897.53,0.00
Total Portfolio Value,2026-03-18,56586892.58,1266.20,120.79,120.20,1088996.35,0.49,221991584.00,55496630.00,221358929.00,156897.53,0.00
QYE++ Zerodha Total Portfolio,2026-03-18,226682256.03,0.00,116.52,114.64,3663184.58,1.64,223019071.45,223019071.45,221872035.99,1147035.46,0.00
Zerodha Total Portfolio,2026-03-18,226682256.03,0.00,116.52,114.64,3663184.58,1.64,223019071.45,223019071.45,221872035.99,1147035.46,0.00
NPSAR1,2026-03-19,1689590.96,47622.72,107.80,105.53,133640.00,2.15,6223803.83,1508328.24,6166432.94,-33280.00,0.00
NPSAR10,2026-03-19,3325201.63,-89116.38,112.16,113.58,-175688.00,-1.25,14003558.50,3590006.00,13874474.00,121387.50,-1.25
NPSAR11,2026-03-19,3302087.76,-90695.88,101.44,102.90,-198801.87,-1.42,14003558.50,3591585.50,13874474.00,122967.00,-1.42
NPSAR12,2026-03-19,3325201.63,-89116.38,101.39,102.68,-175688.00,-1.25,14003558.50,3590006.00,13874474.00,121387.50,-1.26
NPSAR13,2026-03-19,3692243.13,-121087.29,106.22,104.79,191353.50,1.37,14003558.50,3621976.91,13874474.00,153358.41,0.00
NPSAR2,2026-03-19,1689590.96,47622.72,103.79,101.61,133640.00,2.15,6223803.83,1508328.24,6166432.94,-33280.00,0.00
NPSAR3,2026-03-19,1250554.77,83899.00,100.88,106.09,-305396.19,-4.91,6223803.83,1472051.96,6166432.94,-69556.27,-5.98
NPSAR4,2026-03-19,1354095.23,25642.84,97.22,100.48,-201855.73,-3.24,6223803.83,1530308.12,6166432.94,-11300.11,-3.42
NPSAR5,2026-03-19,1394893.74,-40309.28,94.53,97.04,-161057.22,-2.59,6223803.83,1596260.24,6166432.94,54652.00,-5.47
NPSAR6,2026-03-19,1467594.57,-40309.28,99.81,101.25,-88356.39,-1.42,6223803.83,1596260.24,6166432.94,54652.00,-1.63
NPSAR7,2026-03-19,1467594.57,-40309.28,99.76,101.20,-88356.39,-1.42,6223803.83,1596260.24,6166432.94,54652.00,-1.42
NPSAR8,2026-03-19,1467594.57,-40309.28,93.89,95.24,-88356.39,-1.42,6223803.83,1596260.24,6166432.94,54652.00,-6.11
NPSAR9,2026-03-19,1467594.57,-40309.28,99.11,100.54,-88356.39,-1.42,6223803.83,1596260.24,6166432.94,54652.00,-1.42
SPSAR1,2026-03-19,1642532.07,47228.72,109.45,107.95,86581.11,1.39,6223803.83,1508722.24,6166432.94,-32886.00,0.00
SPSAR10,2026-03-19,3387402.59,-38294.88,109.82,110.72,-113487.04,-0.81,14003558.50,3539184.50,13874474.00,70566.00,-0.81
SPSAR11,2026-03-19,3461949.33,-5481.88,107.88,108.18,-38940.30,-0.28,14003558.50,3506371.50,13874474.00,37753.00,-0.28
SPSAR12,2026-03-19,3470820.30,-9965.88,107.83,108.06,-30069.33,-0.21,14003558.50,3510855.50,13874474.00,42237.00,-0.21
SPSAR13,2026-03-19,3495015.09,-97790.36,102.31,102.35,-5874.54,-0.04,14003558.50,3598679.98,13874474.00,130061.48,-0.58
SPSAR2,2026-03-19,1640956.89,47228.72,103.52,102.13,85005.93,1.37,6223803.83,1508722.24,6166432.94,-32886.00,0.00
SPSAR3,2026-03-19,1236648.18,77461.54,100.29,105.71,-319302.78,-5.13,6223803.83,1478489.42,6166432.94,-63118.81,-6.27
SPSAR4,2026-03-19,1301153.77,19037.88,97.19,101.34,-254797.19,-4.09,6223803.83,1536913.08,6166432.94,-4695.15,-4.36
SPSAR5,2026-03-19,1347589.20,-46945.28,92.46,95.66,-208361.76,-3.35,6223803.83,1602896.24,6166432.94,61288.00,-7.83
SPSAR6,2026-03-19,1447004.83,-43409.28,97.29,99.02,-108946.13,-1.75,6223803.83,1599360.24,6166432.94,57752.00,-4.73
SPSAR7,2026-03-19,1452457.61,-39817.28,96.40,98.03,-103493.35,-1.66,6223803.83,1595768.24,6166432.94,54160.00,-3.60
SPSAR8,2026-03-19,1490455.87,-24921.28,100.61,101.68,-65495.09,-1.05,6223803.83,1580872.24,6166432.94,39264.00,-1.05
SPSAR9,2026-03-19,1483512.06,-24921.28,100.98,102.17,-72438.90,-1.16,6223803.83,1580872.24,6166432.94,39264.00,-1.16
NLONG1,2026-03-19,-44164.59,-5137.83,114.64,115.73,-44164.59,-0.95,4667852.83,5137.83,4624824.67,5137.83,-1.42
NLONG10,2026-03-19,-15331.07,-2882.04,121.28,121.68,-15331.07,-0.33,4667852.83,2882.04,4624824.67,2882.04,-0.90
NLONG11,2026-03-19,-38080.16,9179.88,121.30,122.30,-38080.16,-0.82,4667852.83,-9179.88,4624824.67,-9179.88,-2.82
NLONG12,2026-03-19,-13940.86,610.12,122.46,122.83,-13940.86,-0.30,4667852.83,-610.12,4624824.67,-610.12,-0.32
NLONG13,2026-03-19,17247.26,-7934.32,117.15,116.72,17247.26,0.37,4667852.83,7934.32,4624824.67,7934.32,0.00
NLONG14,2026-03-19,17247.26,-10604.47,118.04,117.61,17247.26,0.37,4667852.83,10604.47,4624824.67,10604.47,0.00
NLONG15,2026-03-19,17247.26,0.00,114.22,113.80,17247.26,0.37,4667852.83,0.00,4624824.67,0.00,0.00
NLONG16,2026-03-19,17247.26,-8569.76,116.45,116.02,17247.26,0.37,4667852.83,8569.76,4624824.67,8569.76,0.00
NLONG17,2026-03-19,17247.26,-7934.32,118.97,118.53,17247.26,0.37,4667852.83,7934.32,4624824.67,7934.32,0.00
NLONG18,2026-03-19,17247.26,-10604.47,118.54,118.10,17247.26,0.37,4667852.83,10604.47,4624824.67,10604.47,0.00
NLONG19,2026-03-19,17247.26,0.00,110.26,109.85,17247.26,0.37,4667852.83,0.00,4624824.67,0.00,-1.42
NLONG2,2026-03-19,-25767.65,-2145.13,104.05,104.63,-25767.65,-0.55,4667852.83,2145.13,4624824.67,2145.13,-1.72
NLONG20,2026-03-19,17247.26,0.00,112.84,112.42,17247.26,0.37,4667852.83,0.00,4624824.67,0.00,-1.55
NLONG21,2026-03-19,25583.65,-6743.73,120.22,119.56,25583.65,0.55,4667852.83,6743.73,4624824.67,6743.73,0.00
NLONG22,2026-03-19,17765.68,-9297.79,120.35,119.89,17765.68,0.38,4667852.83,9297.79,4624824.67,9297.79,-0.07
NLONG23,2026-03-19,7378.87,0.00,120.05,119.86,7378.87,0.16,4667852.83,0.00,4624824.67,0.00,-0.07
NLONG24,2026-03-19,7378.87,-8569.76,122.70,122.51,7378.87,0.16,4667852.83,8569.76,4624824.67,8569.76,-0.74
NLONG3,2026-03-19,-43036.98,4100.55,113.25,114.30,-43036.98,-0.92,4667852.83,-4100.55,4624824.67,-4100.55,-4.04
NLONG4,2026-03-19,-24377.44,8459.34,112.77,113.36,-24377.44,-0.52,4667852.83,-8459.34,4624824.67,-8459.34,-2.70
NLONG5,2026-03-19,-44164.59,-1502.38,117.37,118.49,-44164.59,-0.95,4667852.83,1502.38,4624824.67,1502.38,-2.83
NLONG6,2026-03-19,-25276.52,-2145.13,115.34,115.97,-25276.52,-0.54,4667852.83,2145.13,4624824.67,2145.13,-1.72
NLONG7,2026-03-19,-38080.16,5380.67,118.35,119.32,-38080.16,-0.82,4667852.83,-5380.67,4624824.67,-5380.67,-2.66
NLONG8,2026-03-19,-23886.31,8459.34,115.21,115.80,-23886.31,-0.51,4667852.83,-8459.34,4624824.67,-8459.34,-2.56
NLONG9,2026-03-19,-38574.45,2119.50,121.09,122.10,-38574.45,-0.83,4667852.83,-2119.50,4624824.67,-2119.50,-1.54
SLONG1,2026-03-19,-80436.58,32557.60,113.83,115.83,-80436.58,-1.72,4667852.83,-32557.60,4624824.67,-32557.60,-3.58
SLONG10,2026-03-19,-30116.47,-361.26,112.09,112.82,-30116.47,-0.65,4667852.83,361.26,4624824.67,361.26,-0.82
SLONG11,2026-03-19,119947.17,42560.47,117.24,114.30,119947.17,2.57,4667852.83,-42560.47,4624824.67,-42560.47,0.00
SLONG12,2026-03-19,174644.07,2628.36,117.94,113.69,174644.07,3.74,4667852.83,-2628.36,4624824.67,-2628.36,0.00
SLONG13,2026-03-19,9680.35,-19060.32,114.56,114.32,9680.35,0.21,4667852.83,19060.32,4624824.67,19060.32,0.00
SLONG14,2026-03-19,10364.58,-24209.24,114.76,114.51,10364.58,0.22,4667852.83,24209.24,4624824.67,24209.24,0.00
SLONG15,2026-03-19,199230.95,-10052.66,125.22,120.09,199230.95,4.27,4667852.83,10052.66,4624824.67,10052.66,0.00
SLONG16,2026-03-19,249700.43,-25429.71,119.28,113.22,249700.43,5.35,4667852.83,25429.71,4624824.67,25429.71,0.00
SLONG17,2026-03-19,9680.35,-19060.32,115.32,115.08,9680.35,0.21,4667852.83,19060.32,4624824.67,19060.32,0.00
SLONG18,2026-03-19,10364.58,-21679.86,114.60,114.35,10364.58,0.22,4667852.83,21679.86,4624824.67,21679.86,0.00
SLONG19,2026-03-19,199230.95,-7789.81,129.82,124.51,199230.95,4.27,4667852.83,7789.81,4624824.67,7789.81,0.00
SLONG2,2026-03-19,-33033.25,-2014.39,101.19,101.91,-33033.25,-0.71,4667852.83,2014.39,4624824.67,2014.39,-0.97
SLONG20,2026-03-19,249700.43,-19601.57,123.43,117.16,249700.43,5.35,4667852.83,19601.57,4624824.67,19601.57,0.00
SLONG21,2026-03-19,11359.44,-18291.25,115.33,115.05,11359.44,0.24,4667852.83,18291.25,4624824.67,18291.25,0.00
SLONG22,2026-03-19,11359.44,-21215.41,113.34,113.06,11359.44,0.24,4667852.83,21215.41,4624824.67,21215.41,0.00
SLONG23,2026-03-19,197056.49,-9088.12,132.23,126.87,197056.49,4.22,4667852.83,9088.12,4624824.67,9088.12,0.00
SLONG24,2026-03-19,229609.05,-22868.50,125.56,119.67,229609.05,4.92,4667852.83,22868.50,4624824.67,22868.50,0.00
SLONG3,2026-03-19,-129706.52,34708.77,110.75,113.92,-129706.52,-2.78,4667852.83,-34708.77,4624824.67,-34708.77,-5.72
SLONG4,2026-03-19,-92703.13,-3151.51,110.99,113.24,-92703.13,-1.99,4667852.83,3151.51,4624824.67,3151.51,-2.95
SLONG5,2026-03-19,-78551.80,35905.43,114.63,116.59,-78551.80,-1.68,4667852.83,-35905.43,4624824.67,-35905.43,-4.64
SLONG6,2026-03-19,-31446.51,-2014.39,111.35,112.11,-31446.51,-0.67,4667852.83,2014.39,4624824.67,2014.39,-1.60
SLONG7,2026-03-19,112849.94,34191.79,120.06,117.23,112849.94,2.42,4667852.83,-34191.79,4624824.67,-34191.79,0.00
SLONG8,2026-03-19,-92664.70,-3151.51,116.90,119.27,-92664.70,-1.99,4667852.83,3151.51,4624824.67,3151.51,-2.79
SLONG9,2026-03-19,-55948.89,39630.39,116.37,117.78,-55948.89,-1.20,4667852.83,-39630.39,4624824.67,-39630.39,-3.28
Liquidcase Stock Holdings,2026-03-19,47115111.12,0.00,100.94,100.94,0.00,0.00,47115111.12,47115111.12,47106786.16,8324.96,0.00
QYE++ Liquidcase Stock Holdings,2026-03-19,47115111.12,0.00,100.94,100.94,0.00,0.00,47115111.12,47115111.12,47106786.16,8324.96,0.00
QYE++ Debt Stock Holdings,2026-03-19,47115111.12,0.00,100.94,100.94,0.00,0.00,47115111.12,47115111.12,47106786.16,8324.96,0.00
Debt Stock Holdings,2026-03-19,47115111.12,0.00,100.94,100.94,0.00,0.00,47115111.12,47115111.12,47106786.16,8324.96,0.00
QYE++ Stock Holdings,2026-03-19,47115111.12,0.00,100.94,100.94,0.00,0.00,47115111.12,47115111.12,47106786.16,8324.96,0.00
Stock Holdings,2026-03-19,47115111.12,0.00,100.94,100.94,0.00,0.00,47115111.12,47115111.12,47106786.16,8324.96,0.00
Small Cap Mutual Funds,2026-03-19,152572795.54,0.00,92.23,94.38,-3563119.12,-2.28,156135914.66,156135914.66,153570051.39,2565863.27,-8.65
QYE++ Small Cap Mutual Funds,2026-03-19,152572795.54,0.00,92.23,94.38,-3563119.12,-2.28,156135914.66,156135914.66,153570051.39,2565863.27,-8.65
QYE++ Mutual Funds,2026-03-19,152572795.54,0.00,92.23,94.38,-3563119.12,-2.28,156135914.66,156135914.66,153570051.39,2565863.27,-8.65
QYE++ Equity Mutual Funds,2026-03-19,152572795.54,0.00,92.23,94.38,-3563119.12,-2.28,156135914.66,156135914.66,153570051.39,2565863.27,-8.65
Equity Mutual Funds,2026-03-19,152572795.54,0.00,92.23,94.38,-3563119.12,-2.28,156135914.66,156135914.66,153570051.39,2565863.27,-8.65
Mutual Funds,2026-03-19,152572795.54,0.00,92.23,94.38,-3563119.12,-2.28,156135914.66,156135914.66,153570051.39,2565863.27,-8.65
QYE++ Miscellaneous P&L,2026-03-19,0.00,0.00,100.00,100.00,0.00,0.00,0.00,0.00,0.00,0.00,0.00
Miscellaneous P&L,2026-03-19,0.00,0.00,100.00,100.00,0.00,0.00,0.00,0.00,0.00,0.00,0.00
QYE++ Equity Holdings Tax,2026-03-19,0.00,0.00,100.00,100.00,0.00,0.00,0.00,0.00,0.00,0.00,0.00
QAW++ Equity Holdings Tax,2026-03-19,0.00,0.00,100.00,100.00,0.00,0.00,0.00,0.00,0.00,0.00,0.00
Equity Holdings Tax,2026-03-19,0.00,0.00,100.00,100.00,0.00,0.00,0.00,0.00,0.00,0.00,0.00
QYE++ Total Tax,2026-03-19,-17616.98,7325.95,100.00,100.00,-17616.98,0.00,0.00,-7325.95,0.00,0.00,0.00
Total Tax,2026-03-19,-17616.98,7325.95,100.00,100.00,-17616.98,0.00,0.00,-7325.95,0.00,0.00,0.00
QYE++ F&O Tax,2026-03-19,-17616.98,7325.95,100.00,100.00,-17616.98,0.00,0.00,-7325.95,0.00,0.00,0.00
F&O Tax,2026-03-19,-17616.98,7325.95,100.00,100.00,-17616.98,0.00,0.00,-7325.95,0.00,0.00,0.00
Equity Intraday Tax,2026-03-19,0.00,0.00,100.00,100.00,0.00,0.00,0.00,0.00,0.00,0.00,0.00
MCX Tax,2026-03-19,0.00,0.00,100.00,100.00,0.00,0.00,0.00,0.00,0.00,0.00,0.00
QYE++ Total Other Debits and Credits,2026-03-19,-35.40,0.00,100.00,100.00,-35.40,0.00,0.00,0.00,0.00,0.00,0.00
Total Other Debits and Credits,2026-03-19,-35.40,0.00,100.00,100.00,-35.40,0.00,0.00,0.00,0.00,0.00,0.00
QYE++ Equity Other Debits and Credits,2026-03-19,-35.40,0.00,100.00,100.00,-35.40,0.00,0.00,0.00,0.00,0.00,0.00
Equity Other Debits and Credits,2026-03-19,-35.40,0.00,100.00,100.00,-35.40,0.00,0.00,0.00,0.00,0.00,0.00
QYE++ NPSAR,2026-03-19,26893838.05,-386775.05,102.47,103.50,-1113279.07,-0.99,112028468.47,28393892.15,110995792.46,644944.03,-0.99
NPSAR,2026-03-19,26893838.05,-386775.05,102.47,103.50,-1113279.07,-0.99,112028468.47,28393892.14,110995792.46,644944.03,-0.99
QYE++ SPSAR,2026-03-19,26857497.75,-140590.54,103.35,104.43,-1149619.37,-1.03,112028468.47,28147707.64,110995792.46,398759.52,-1.03
SPSAR,2026-03-19,26857497.75,-140590.54,103.35,104.43,-1149619.37,-1.03,112028468.47,28147707.64,110995792.46,398759.52,-1.03
QYE++ NLONG,2026-03-19,-178595.63,-45761.73,116.96,117.15,-178595.63,-0.16,112028467.92,45761.73,110995792.08,45761.73,-0.79
NLONG,2026-03-19,-178595.63,-45761.73,116.96,117.15,-178595.63,-0.16,112028467.92,45761.73,110995792.08,45761.73,-0.79
QYE++ SLONG,2026-03-19,1170170.37,-6857.02,116.92,115.72,1170170.37,1.04,112028467.92,6857.02,110995792.08,6857.02,0.00
SLONG,2026-03-19,1170170.37,-6857.02,116.92,115.72,1170170.37,1.04,112028467.92,6857.02,110995792.08,6857.02,0.00
QYE++ PSAR,2026-03-19,53751335.80,-527365.60,102.92,103.97,-2262898.44,-1.01,224056936.94,56541599.78,221991584.92,1043703.55,-1.01
PSAR,2026-03-19,53751335.80,-527365.60,102.92,103.97,-2262898.44,-1.01,224056936.94,56541599.78,221991584.92,1043703.55,-1.01
QYE++ LONG,2026-03-19,991574.74,-52618.75,116.97,116.46,991574.74,0.44,224056935.84,52618.75,221991584.16,52618.75,-0.07
LONG,2026-03-19,991574.74,-52618.75,116.97,116.46,991574.74,0.44,224056935.84,52618.75,221991584.16,52618.75,-0.07
QYE++ Total Portfolio Value,2026-03-19,54725293.56,-572658.39,120.04,120.73,-1288940.68,-0.58,224056936.00,56586892.58,221991584.00,1088996.35,-0.58
Total Portfolio Value,2026-03-19,54725293.56,-572658.39,120.09,120.79,-1288940.68,-0.58,224056936.00,56586892.58,221991584.00,1088996.35,-0.58
QYE++ Zerodha Total Portfolio,2026-03-19,221830160.83,0.00,114.02,116.52,-4852095.20,-2.14,226682256.03,226682256.03,223019071.45,3663184.58,-2.14
Zerodha Total Portfolio,2026-03-19,221830160.83,0.00,114.02,116.52,-4852095.20,-2.14,226682256.03,226682256.03,223019071.45,3663184.58,-2.14
NPSAR1,2026-03-20,1561721.37,-124359.59,107.74,107.80,-3510.00,-0.06,6260925.47,1689590.96,6223803.83,133640.00,-0.06
NPSAR10,2026-03-20,3357726.21,196568.93,110.85,112.16,-164044.34,-1.16,14087082.19,3325201.62,14003558.50,-175688.00,-2.40
NPSAR11,2026-03-20,3383580.74,219682.79,100.44,101.44,-138189.81,-0.98,14087082.19,3302087.76,14003558.50,-198801.87,-2.39
NPSAR12,2026-03-20,3359830.35,196568.93,100.22,101.39,-161940.20,-1.15,14087082.19,3325201.62,14003558.50,-175688.00,-2.40
NPSAR13,2026-03-20,3428194.91,-170472.57,105.51,106.22,-93575.64,-0.66,14087082.19,3692243.12,14003558.50,191353.50,-0.67
NPSAR2,2026-03-20,1561721.37,-124359.59,103.73,103.79,-3510.00,-0.06,6260925.47,1689590.96,6223803.83,133640.00,-0.06
NPSAR3,2026-03-20,1550827.37,314676.60,100.65,100.88,-14404.00,-0.23,6260925.47,1250554.77,6223803.83,-305396.19,-6.20
NPSAR4,2026-03-20,1552205.37,211136.14,97.02,97.22,-13026.00,-0.21,6260925.47,1354095.23,6223803.83,-201855.73,-3.62
NPSAR5,2026-03-20,1554909.37,170337.63,94.37,94.53,-10322.00,-0.16,6260925.47,1394893.74,6223803.83,-161057.22,-5.63
NPSAR6,2026-03-20,1557717.37,97636.80,99.69,99.81,-7514.00,-0.12,6260925.47,1467594.57,6223803.83,-88356.39,-1.74
NPSAR7,2026-03-20,1557717.37,97636.80,99.64,99.76,-7514.00,-0.12,6260925.47,1467594.57,6223803.83,-88356.39,-1.54
NPSAR8,2026-03-20,1557717.37,97636.80,93.78,93.89,-7514.00,-0.12,6260925.47,1467594.57,6223803.83,-88356.39,-6.22
NPSAR9,2026-03-20,1557717.37,97636.80,98.99,99.11,-7514.00,-0.12,6260925.47,1467594.57,6223803.83,-88356.39,-1.54
SPSAR1,2026-03-20,1562839.37,-77300.70,109.41,109.45,-2392.00,-0.04,6260925.47,1642532.07,6223803.83,86581.11,-0.04
SPSAR10,2026-03-20,3304486.85,134367.97,108.13,109.82,-217283.70,-1.54,14087082.19,3387402.58,14003558.50,-113487.04,-2.34
SPSAR11,2026-03-20,3346281.63,59821.23,106.54,107.88,-175488.92,-1.25,14087082.19,3461949.32,14003558.50,-38940.30,-1.52
SPSAR12,2026-03-20,3317523.15,50950.25,106.27,107.83,-204247.40,-1.45,14087082.19,3470820.30,14003558.50,-30069.33,-1.66
SPSAR13,2026-03-20,3296820.35,26755.47,100.68,102.31,-224950.20,-1.60,14087082.19,3495015.08,14003558.50,-5874.54,-2.17
SPSAR2,2026-03-20,1562839.37,-75725.52,103.48,103.52,-2392.00,-0.04,6260925.47,1640956.89,6223803.83,85005.93,-0.04
SPSAR3,2026-03-20,1559935.37,328583.19,100.21,100.29,-5296.00,-0.08,6260925.47,1236648.18,6223803.83,-319302.78,-6.35
SPSAR4,2026-03-20,1559935.37,264077.60,97.11,97.19,-5296.00,-0.08,6260925.47,1301153.77,6223803.83,-254797.19,-4.44
SPSAR5,2026-03-20,1564143.37,217642.17,92.44,92.46,-1088.00,-0.02,6260925.47,1347589.20,6223803.83,-208361.76,-7.85
SPSAR6,2026-03-20,1558423.37,118226.54,97.18,97.29,-6808.00,-0.11,6260925.47,1447004.83,6223803.83,-108946.13,-4.84
SPSAR7,2026-03-20,1558423.37,112773.76,96.30,96.40,-6808.00,-0.11,6260925.47,1452457.61,6223803.83,-103493.35,-3.70
SPSAR8,2026-03-20,1558423.37,74775.50,100.50,100.61,-6808.00,-0.11,6260925.47,1490455.87,6223803.83,-65495.09,-1.16
SPSAR9,2026-03-20,1561599.37,81719.31,100.92,100.98,-3632.00,-0.06,6260925.47,1483512.06,6223803.83,-72438.90,-1.22
NLONG1,2026-03-20,-57399.34,44164.59,113.24,114.64,-57399.34,-1.22,4695694.06,-44164.59,4667852.83,-44164.59,-2.62
NLONG10,2026-03-20,-77647.73,15331.07,119.27,121.28,-77647.73,-1.65,4695694.06,-15331.07,4667852.83,-15331.07,-2.54
NLONG11,2026-03-20,-48980.60,38080.16,120.03,121.30,-48980.60,-1.04,4695694.06,-38080.16,4667852.83,-38080.16,-3.84
NLONG12,2026-03-20,-60082.49,13940.86,120.89,122.46,-60082.49,-1.28,4695694.06,-13940.86,4667852.83,-13940.86,-1.60
NLONG13,2026-03-20,-32578.48,-17247.26,116.34,117.15,-32578.48,-0.69,4695694.06,17247.26,4667852.83,17247.26,-0.69
NLONG14,2026-03-20,-34858.66,-17247.26,117.16,118.04,-34858.66,-0.74,4695694.06,17247.26,4667852.83,17247.26,-0.75
NLONG15,2026-03-20,-35890.28,-17247.26,113.35,114.22,-35890.28,-0.76,4695694.06,17247.26,4667852.83,17247.26,-0.76
NLONG16,2026-03-20,-39612.41,-17247.26,115.47,116.45,-39612.41,-0.84,4695694.06,17247.26,4667852.83,17247.26,-0.84
NLONG17,2026-03-20,-31860.16,-17247.26,118.16,118.97,-31860.16,-0.68,4695694.06,17247.26,4667852.83,17247.26,-0.68
NLONG18,2026-03-20,-31405.95,-17247.26,117.75,118.54,-31405.95,-0.67,4695694.06,17247.26,4667852.83,17247.26,-0.67
NLONG19,2026-03-20,-28736.69,-17247.26,109.59,110.26,-28736.69,-0.61,4695694.06,17247.26,4667852.83,17247.26,-2.02
NLONG2,2026-03-20,-71354.04,25767.65,102.47,104.05,-71354.04,-1.52,4695694.06,-25767.65,4667852.83,-25767.65,-3.21
NLONG20,2026-03-20,-31874.47,-17247.26,112.07,112.84,-31874.47,-0.68,4695694.06,17247.26,4667852.83,17247.26,-2.22
NLONG21,2026-03-20,-40927.16,-25583.65,119.17,120.22,-40927.16,-0.87,4695694.06,25583.65,4667852.83,25583.65,-0.87
NLONG22,2026-03-20,-31405.95,-17765.68,119.55,120.35,-31405.95,-0.67,4695694.06,17765.68,4667852.83,17765.68,-0.74
NLONG23,2026-03-20,-24613.89,-7378.87,119.42,120.05,-24613.89,-0.52,4695694.06,7378.87,4667852.83,7378.87,-0.59
NLONG24,2026-03-20,-28649.22,-7378.87,121.95,122.70,-28649.22,-0.61,4695694.06,7378.87,4667852.83,7378.87,-1.35
NLONG3,2026-03-20,-49120.00,43036.98,112.07,113.25,-49120.00,-1.05,4695694.06,-43036.98,4667852.83,-43036.98,-5.04
NLONG4,2026-03-20,-72082.85,24377.44,111.04,112.77,-72082.85,-1.54,4695694.06,-24377.44,4667852.83,-24377.44,-4.19
NLONG5,2026-03-20,-53112.81,44164.59,116.04,117.37,-53112.81,-1.13,4695694.06,-44164.59,4667852.83,-44164.59,-3.93
NLONG6,2026-03-20,-71354.04,25276.52,113.59,115.34,-71354.04,-1.52,4695694.06,-25276.52,4667852.83,-25276.52,-3.21
NLONG7,2026-03-20,-52943.84,38080.16,117.02,118.35,-52943.84,-1.13,4695694.06,-38080.16,4667852.83,-38080.16,-3.76
NLONG8,2026-03-20,-72082.85,23886.31,113.44,115.21,-72082.85,-1.54,4695694.06,-23886.31,4667852.83,-23886.31,-4.06
NLONG9,2026-03-20,-62422.09,38574.45,119.48,121.09,-62422.09,-1.33,4695694.06,-38574.45,4667852.83,-38574.45,-2.85
SLONG1,2026-03-20,-8081.48,80436.58,113.63,113.83,-8081.48,-0.17,4695694.06,-80436.58,4667852.83,-80436.58,-3.75
SLONG10,2026-03-20,-34296.55,30116.47,111.27,112.09,-34296.55,-0.73,4695694.06,-30116.47,4667852.83,-30116.47,-1.55
SLONG11,2026-03-20,0.00,-119947.17,117.24,117.24,0.00,0.00,4695694.06,119947.17,4667852.83,119947.17,0.00
SLONG12,2026-03-20,-30791.51,-174644.07,117.17,117.94,-30791.51,-0.66,4695694.06,174644.07,4667852.83,174644.07,-0.65
SLONG13,2026-03-20,-25950.54,-9680.35,113.93,114.56,-25950.54,-0.55,4695694.06,9680.35,4667852.83,9680.35,-0.55
SLONG14,2026-03-20,-26531.19,-10364.58,114.11,114.76,-26531.19,-0.57,4695694.06,10364.58,4667852.83,10364.58,-0.57
SLONG15,2026-03-20,-2792.37,-199230.95,125.15,125.22,-2792.37,-0.06,4695694.06,199230.95,4667852.83,199230.95,-0.06
SLONG16,2026-03-20,-26088.18,-249700.43,118.62,119.28,-26088.18,-0.56,4695694.06,249700.43,4667852.83,249700.43,-0.55
SLONG17,2026-03-20,-21859.09,-9680.35,114.78,115.32,-21859.09,-0.47,4695694.06,9680.35,4667852.83,9680.35,-0.47
SLONG18,2026-03-20,-23234.85,-10364.58,114.03,114.60,-23234.85,-0.49,4695694.06,10364.58,4667852.83,10364.58,-0.50
SLONG19,2026-03-20,5713.85,-199230.95,129.98,129.82,5713.85,0.12,4695694.06,199230.95,4667852.83,199230.95,0.00
SLONG2,2026-03-20,-54347.50,33033.25,100.02,101.19,-54347.50,-1.16,4695694.06,-33033.25,4667852.83,-33033.25,-2.11
SLONG20,2026-03-20,-18377.07,-249700.43,122.95,123.43,-18377.07,-0.39,4695694.06,249700.43,4667852.83,249700.43,-0.39
SLONG21,2026-03-20,-21859.09,-11359.44,114.79,115.33,-21859.09,-0.47,4695694.06,11359.44,4667852.83,11359.44,-0.47
SLONG22,2026-03-20,-23234.85,-11359.44,112.78,113.34,-23234.85,-0.49,4695694.06,11359.44,4667852.83,11359.44,-0.49
SLONG23,2026-03-20,5258.36,-197056.49,132.38,132.23,5258.36,0.11,4695694.06,197056.49,4667852.83,197056.49,0.00
SLONG24,2026-03-20,-19320.03,-229609.05,125.04,125.56,-19320.03,-0.41,4695694.06,229609.05,4667852.83,229609.05,-0.41
SLONG3,2026-03-20,-21086.15,129706.52,110.25,110.75,-21086.15,-0.45,4695694.06,-129706.52,4667852.83,-129706.52,-6.15
SLONG4,2026-03-20,-24449.07,92703.13,110.41,110.99,-24449.07,-0.52,4695694.06,-92703.13,4667852.83,-92703.13,-3.45
SLONG5,2026-03-20,-6132.28,78551.80,114.48,114.63,-6132.28,-0.13,4695694.06,-78551.80,4667852.83,-78551.80,-4.77
SLONG6,2026-03-20,-54347.50,31446.51,110.06,111.35,-54347.50,-1.16,4695694.06,-31446.51,4667852.83,-31446.51,-2.74
SLONG7,2026-03-20,-20949.67,-112849.94,119.52,120.06,-20949.67,-0.45,4695694.06,112849.94,4667852.83,112849.94,-0.45
SLONG8,2026-03-20,-24449.07,92664.70,116.29,116.90,-24449.07,-0.52,4695694.06,-92664.70,4667852.83,-92664.70,-3.29
SLONG9,2026-03-20,-48025.98,55948.89,115.18,116.37,-48025.98,-1.02,4695694.06,-55948.89,4667852.83,-55948.89,-4.27
Liquidcase Stock Holdings,2026-03-20,47140086.00,0.00,100.99,100.94,24974.88,0.05,47115111.12,47115111.12,47115111.12,0.00,0.00
QYE++ Liquidcase Stock Holdings,2026-03-20,47140086.00,0.00,100.99,100.94,24974.88,0.05,47115111.12,47115111.12,47115111.12,0.00,0.00
QYE++ Debt Stock Holdings,2026-03-20,47140086.00,0.00,100.99,100.94,24974.88,0.05,47115111.12,47115111.12,47115111.12,0.00,0.00
Debt Stock Holdings,2026-03-20,47140086.00,0.00,100.99,100.94,24974.88,0.05,47115111.12,47115111.12,47115111.12,0.00,0.00
QYE++ Stock Holdings,2026-03-20,47140086.00,0.00,100.99,100.94,24974.88,0.05,47115111.12,47115111.12,47115111.12,0.00,0.00
Stock Holdings,2026-03-20,47140086.00,0.00,100.99,100.94,24974.88,0.05,47115111.12,47115111.12,47115111.12,0.00,0.00
Small Cap Mutual Funds,2026-03-20,153560848.99,0.00,92.83,92.23,988053.45,0.65,152572795.54,152572795.54,156135914.66,-3563119.12,-8.05
QYE++ Small Cap Mutual Funds,2026-03-20,153560848.99,0.00,92.83,92.23,988053.45,0.65,152572795.54,152572795.54,156135914.66,-3563119.12,-8.05
QYE++ Mutual Funds,2026-03-20,153560848.99,0.00,92.83,92.23,988053.45,0.65,152572795.54,152572795.54,156135914.66,-3563119.12,-8.05
QYE++ Equity Mutual Funds,2026-03-20,153560848.99,0.00,92.83,92.23,988053.45,0.65,152572795.54,152572795.54,156135914.66,-3563119.12,-8.05
Equity Mutual Funds,2026-03-20,153560848.99,0.00,92.83,92.23,988053.45,0.65,152572795.54,152572795.54,156135914.66,-3563119.12,-8.05
Mutual Funds,2026-03-20,153560848.99,0.00,92.83,92.23,988053.45,0.65,152572795.54,152572795.54,156135914.66,-3563119.12,-8.05
QYE++ Miscellaneous P&L,2026-03-20,0.00,0.00,100.00,100.00,0.00,0.00,0.00,0.00,0.00,0.00,0.00
Miscellaneous P&L,2026-03-20,0.00,0.00,100.00,100.00,0.00,0.00,0.00,0.00,0.00,0.00,0.00
QYE++ Equity Holdings Tax,2026-03-20,0.00,0.00,100.00,100.00,0.00,0.00,0.00,0.00,0.00,0.00,0.00
QAW++ Equity Holdings Tax,2026-03-20,0.00,0.00,100.00,100.00,0.00,0.00,0.00,0.00,0.00,0.00,0.00
Equity Holdings Tax,2026-03-20,0.00,0.00,100.00,100.00,0.00,0.00,0.00,0.00,0.00,0.00,0.00
QYE++ Total Tax,2026-03-20,-14721.27,17616.98,100.00,100.00,-14721.27,0.00,0.00,-17616.98,0.00,0.00,0.00
Total Tax,2026-03-20,-14721.27,17616.98,100.00,100.00,-14721.27,0.00,0.00,-17616.98,0.00,0.00,0.00
QYE++ F&O Tax,2026-03-20,-14721.27,17616.98,100.00,100.00,-14721.27,0.00,0.00,-17616.98,0.00,0.00,0.00
F&O Tax,2026-03-20,-14721.27,17616.98,100.00,100.00,-14721.27,0.00,0.00,-17616.98,0.00,0.00,0.00
Equity Intraday Tax,2026-03-20,0.00,0.00,100.00,100.00,0.00,0.00,0.00,0.00,0.00,0.00,0.00
MCX Tax,2026-03-20,0.00,0.00,100.00,100.00,0.00,0.00,0.00,0.00,0.00,0.00,0.00
QYE++ Total Other Debits and Credits,2026-03-20,0.00,35.40,100.00,100.00,0.00,0.00,0.00,-35.40,0.00,-35.40,0.00
Total Other Debits and Credits,2026-03-20,0.00,35.40,100.00,100.00,0.00,0.00,0.00,-35.40,0.00,0.00,0.00
QYE++ Equity Other Debits and Credits,2026-03-20,0.00,35.40,100.00,100.00,0.00,0.00,0.00,-35.40,0.00,-35.40,0.00
Equity Other Debits and Credits,2026-03-20,0.00,35.40,100.00,100.00,0.00,0.00,0.00,-35.40,0.00,0.00,0.00
QYE++ NPSAR,2026-03-20,27541586.51,1280326.44,101.89,102.47,-632577.99,-0.56,112696657.99,26893838.05,112028468.47,-1113279.07,-1.55
NPSAR,2026-03-20,27541586.51,1280326.44,101.89,102.47,-632577.99,-0.56,112696657.99,26893838.05,112028468.47,-1113279.07,-1.55
QYE++ SPSAR,2026-03-20,27311674.28,1316666.74,102.56,103.35,-862490.22,-0.77,112696657.99,26857497.75,112028468.47,-1149619.37,-1.78
SPSAR,2026-03-20,27311674.28,1316666.74,102.56,103.35,-862490.22,-0.77,112696657.99,26857497.75,112028468.47,-1149619.37,-1.78
QYE++ NLONG,2026-03-20,-1140996.00,178595.63,115.78,116.96,-1140996.00,-1.01,112696657.44,-178595.63,112028467.92,-178595.63,-1.79
NLONG,2026-03-20,-1140996.00,178595.63,115.78,116.96,-1140996.00,-1.01,112696657.44,-178595.63,112028467.92,-178595.63,-1.79
QYE++ SLONG,2026-03-20,-525231.81,-1170170.37,116.38,116.92,-525231.81,-0.47,112696657.44,1170170.37,112028467.92,1170170.37,-0.47
SLONG,2026-03-20,-525231.81,-1170170.37,116.38,116.92,-525231.81,-0.47,112696657.44,1170170.37,112028467.92,1170170.37,-0.47
QYE++ PSAR,2026-03-20,54853260.79,2596993.18,102.23,102.92,-1495068.21,-0.66,225393315.98,53751335.80,224056936.94,-2262898.44,-1.67
PSAR,2026-03-20,54853260.79,2596993.18,102.23,102.92,-1495068.21,-0.66,225393315.98,53751335.80,224056936.94,-2262898.44,-1.67
QYE++ LONG,2026-03-20,-1666227.81,-991574.74,116.11,116.97,-1666227.81,-0.74,225393314.88,991574.74,224056935.84,991574.74,-0.81
LONG,2026-03-20,-1666227.81,-991574.74,116.11,116.97,-1666227.81,-0.74,225393314.88,991574.74,224056935.84,991574.74,-0.81
QYE++ Total Portfolio Value,2026-03-20,53172311.70,1623035.41,118.35,120.04,-3176017.29,-1.41,225393315.00,54725293.56,224056936.00,-1288940.68,-1.98
Total Portfolio Value,2026-03-20,53172311.70,1623035.41,118.40,120.09,-3176017.29,-1.41,225393315.00,54725293.56,224056936.00,-1288940.68,-1.98
QYE++ Zerodha Total Portfolio,2026-03-20,219667171.87,0.00,112.91,114.02,-2162988.96,-0.98,221830160.83,221830160.83,226682256.03,-4852095.20,-3.10
Zerodha Total Portfolio,2026-03-20,219667171.87,0.00,112.91,114.02,-2162988.96,-0.98,221830160.83,221830160.83,226682256.03,-4852095.20,-3.10
NPSAR1,2026-03-23,1552137.78,-40497.59,108.29,107.74,30914.00,0.51,6084895.13,1561721.37,6260925.47,-3510.00,0.00
NPSAR10,2026-03-23,3129379.52,65027.27,108.47,110.85,-293373.97,-2.14,13691013.94,3357726.21,14087082.19,-164044.34,-4.50
NPSAR11,2026-03-23,3670370.99,39172.74,102.26,100.44,247617.50,1.81,13691013.94,3383580.74,14087082.19,-138189.81,-0.62
NPSAR12,2026-03-23,3670370.99,62923.13,102.03,100.22,247617.50,1.81,13691013.94,3359830.35,14087082.19,-161940.20,-0.63
NPSAR13,2026-03-23,3596251.57,-5441.43,106.85,105.51,173498.08,1.27,13691013.94,3428194.91,14087082.19,-93575.64,0.00
NPSAR2,2026-03-23,1552137.78,-40497.59,104.26,103.73,30914.00,0.51,6084895.13,1561721.37,6260925.47,-3510.00,0.00
NPSAR3,2026-03-23,1635987.78,-29603.59,102.55,100.65,114764.00,1.89,6084895.13,1550827.37,6260925.47,-14404.00,-4.43
NPSAR4,2026-03-23,1613783.78,-30981.59,98.50,97.02,92560.00,1.52,6084895.13,1552205.37,6260925.47,-13026.00,-2.15
NPSAR5,2026-03-23,1603279.78,-33685.59,95.64,94.37,82056.00,1.35,6084895.13,1554909.37,6260925.47,-10322.00,-4.36
NPSAR6,2026-03-23,1584533.78,-36493.59,100.73,99.69,63310.00,1.04,6084895.13,1557717.37,6260925.47,-7514.00,-0.72
NPSAR7,2026-03-23,1584533.78,-36493.59,100.68,99.64,63310.00,1.04,6084895.13,1557717.37,6260925.47,-7514.00,-0.51
NPSAR8,2026-03-23,1584533.78,-36493.59,94.76,93.78,63310.00,1.04,6084895.13,1557717.37,6260925.47,-7514.00,-5.24
NPSAR9,2026-03-23,1584533.78,-36493.59,100.02,98.99,63310.00,1.04,6084895.13,1557717.37,6260925.47,-7514.00,-0.52
SPSAR1,2026-03-23,1638839.78,-41615.59,111.52,109.41,117616.00,1.93,6084895.13,1562839.37,6260925.47,-2392.00,0.00
SPSAR10,2026-03-23,3069385.75,118266.64,105.34,108.13,-353367.74,-2.58,13691013.94,3304486.85,14087082.19,-217283.70,-4.86
SPSAR11,2026-03-23,3674883.49,76471.86,108.50,106.54,252130.00,1.84,13691013.94,3346281.63,14087082.19,-175488.92,0.00
SPSAR12,2026-03-23,3663407.49,105230.34,108.14,106.27,240654.00,1.76,13691013.94,3317523.15,14087082.19,-204247.40,0.00
SPSAR13,2026-03-23,3567315.07,125933.14,101.74,100.68,144561.58,1.06,13691013.94,3296820.35,14087082.19,-224950.20,-1.14
SPSAR2,2026-03-23,1638839.78,-41615.59,105.48,103.48,117616.00,1.93,6084895.13,1562839.37,6260925.47,-2392.00,0.00
SPSAR3,2026-03-23,1644711.78,-38711.59,102.24,100.21,123488.00,2.03,6084895.13,1559935.37,6260925.47,-5296.00,-4.45
SPSAR4,2026-03-23,1644711.78,-38711.59,99.08,97.11,123488.00,2.03,6084895.13,1559935.37,6260925.47,-5296.00,-2.50
SPSAR5,2026-03-23,1650943.78,-42919.59,94.41,92.44,129720.00,2.13,6084895.13,1564143.37,6260925.47,-1088.00,-5.88
SPSAR6,2026-03-23,1658079.78,-37199.59,99.37,97.18,136856.00,2.25,6084895.13,1558423.37,6260925.47,-6808.00,-2.69
SPSAR7,2026-03-23,1658079.78,-37199.59,98.47,96.30,136856.00,2.25,6084895.13,1558423.37,6260925.47,-6808.00,-1.53
SPSAR8,2026-03-23,1658079.78,-37199.59,102.76,100.50,136856.00,2.25,6084895.13,1558423.37,6260925.47,-6808.00,0.00
SPSAR9,2026-03-23,1662927.78,-40375.59,103.27,100.92,141704.00,2.33,6084895.13,1561599.37,6260925.47,-3632.00,0.00
NLONG1,2026-03-23,-15173.62,57399.34,112.86,113.24,-15173.62,-0.33,4563671.31,-57399.34,4695694.06,-57399.34,-2.95
NLONG10,2026-03-23,-41400.98,77647.73,118.19,119.27,-41400.98,-0.91,4563671.31,-77647.73,4695694.06,-77647.73,-3.42
NLONG11,2026-03-23,-51093.21,48980.60,118.69,120.03,-51093.21,-1.12,4563671.31,-48980.60,4695694.06,-48980.60,-4.91
NLONG12,2026-03-23,54081.08,60082.49,122.32,120.89,54081.08,1.19,4563671.31,-60082.49,4695694.06,-60082.49,-0.43
NLONG13,2026-03-23,61109.18,32578.48,117.90,116.34,61109.18,1.34,4563671.31,-32578.48,4695694.06,-32578.48,0.00
NLONG14,2026-03-23,57821.79,34858.66,118.64,117.16,57821.79,1.27,4563671.31,-34858.66,4695694.06,-34858.66,0.00
NLONG15,2026-03-23,68459.66,35890.28,115.05,113.35,68459.66,1.50,4563671.31,-35890.28,4695694.06,-35890.28,0.00
NLONG16,2026-03-23,54949.49,39612.41,116.86,115.47,54949.49,1.20,4563671.31,-39612.41,4695694.06,-39612.41,0.00
NLONG17,2026-03-23,77831.82,31860.16,120.18,118.16,77831.82,1.71,4563671.31,-31860.16,4695694.06,-31860.16,0.00
NLONG18,2026-03-23,75500.80,31405.95,119.70,117.75,75500.80,1.65,4563671.31,-31405.95,4695694.06,-31405.95,0.00
NLONG19,2026-03-23,78321.71,28736.69,111.47,109.59,78321.71,1.72,4563671.31,-28736.69,4695694.06,-28736.69,-0.34
NLONG2,2026-03-23,-41866.97,71354.04,101.53,102.47,-41866.97,-0.92,4563671.31,-71354.04,4695694.06,-71354.04,-4.10
NLONG20,2026-03-23,62806.58,31874.47,113.61,112.07,62806.58,1.38,4563671.31,-31874.47,4695694.06,-31874.47,-0.88
NLONG21,2026-03-23,67811.68,40927.16,120.94,119.17,67811.68,1.49,4563671.31,-40927.16,4695694.06,-40927.16,0.00
NLONG22,2026-03-23,66332.25,31405.95,121.29,119.55,66332.25,1.45,4563671.31,-31405.95,4695694.06,-31405.95,0.00
NLONG23,2026-03-23,64950.54,24613.89,121.12,119.42,64950.54,1.42,4563671.31,-24613.89,4695694.06,-24613.89,0.00
NLONG24,2026-03-23,67660.61,28649.22,123.76,121.95,67660.61,1.48,4563671.31,-28649.22,4695694.06,-28649.22,0.00
NLONG3,2026-03-23,-37274.83,49120.00,111.15,112.07,-37274.83,-0.82,4563671.31,-49120.00,4695694.06,-49120.00,-5.82
NLONG4,2026-03-23,-40838.82,72082.85,110.05,111.04,-40838.82,-0.89,4563671.31,-72082.85,4695694.06,-72082.85,-5.05
NLONG5,2026-03-23,-40946.14,53112.81,115.00,116.04,-40946.14,-0.90,4563671.31,-53112.81,4695694.06,-53112.81,-4.79
NLONG6,2026-03-23,-41599.68,71354.04,112.55,113.59,-41599.68,-0.91,4563671.31,-71354.04,4695694.06,-71354.04,-4.10
NLONG7,2026-03-23,-41380.40,52943.84,115.96,117.02,-41380.40,-0.91,4563671.31,-52943.84,4695694.06,-52943.84,-4.63
NLONG8,2026-03-23,-43932.88,72082.85,112.35,113.44,-43932.88,-0.96,4563671.31,-72082.85,4695694.06,-72082.85,-4.98
NLONG9,2026-03-23,-38433.38,62422.09,118.47,119.48,-38433.38,-0.84,4563671.31,-62422.09,4695694.06,-62422.09,-3.68
SLONG1,2026-03-23,-14200.54,8081.48,113.28,113.63,-14200.54,-0.31,4563671.31,-8081.48,4695694.06,-8081.48,-4.05
SLONG10,2026-03-23,59812.11,34296.55,112.73,111.27,59812.11,1.31,4563671.31,-34296.55,4695694.06,-34296.55,-0.26
SLONG11,2026-03-23,-2570.53,0.00,117.17,117.24,-2570.53,-0.06,4563671.31,0.00,4695694.06,0.00,-0.06
SLONG12,2026-03-23,56793.10,30791.51,118.63,117.17,56793.10,1.24,4563671.31,-30791.51,4695694.06,-30791.51,0.00
SLONG13,2026-03-23,64002.99,25950.54,115.53,113.93,64002.99,1.40,4563671.31,-25950.54,4695694.06,-25950.54,0.00
SLONG14,2026-03-23,56788.82,26531.19,115.53,114.11,56788.82,1.24,4563671.31,-26531.19,4695694.06,-26531.19,0.00
SLONG15,2026-03-23,63097.66,2792.37,126.88,125.15,63097.66,1.38,4563671.31,-2792.37,4695694.06,-2792.37,0.00
SLONG16,2026-03-23,51857.51,26088.18,119.97,118.62,51857.51,1.14,4563671.31,-26088.18,4695694.06,-26088.18,0.00
SLONG17,2026-03-23,58777.34,21859.09,116.26,114.78,58777.34,1.29,4563671.31,-21859.09,4695694.06,-21859.09,0.00
SLONG18,2026-03-23,56788.82,23234.85,115.45,114.03,56788.82,1.24,4563671.31,-23234.85,4695694.06,-23234.85,0.00
SLONG19,2026-03-23,66486.37,-5713.85,131.87,129.98,66486.37,1.46,4563671.31,5713.85,4695694.06,5713.85,0.00
SLONG2,2026-03-23,-40109.55,54347.50,99.14,100.02,-40109.55,-0.88,4563671.31,-54347.50,4695694.06,-54347.50,-2.98
SLONG20,2026-03-23,54169.60,18377.07,124.41,122.95,54169.60,1.19,4563671.31,-18377.07,4695694.06,-18377.07,0.00
SLONG21,2026-03-23,58888.86,21859.09,116.27,114.79,58888.86,1.29,4563671.31,-21859.09,4695694.06,-21859.09,0.00
SLONG22,2026-03-23,56900.34,23234.85,114.19,112.78,56900.34,1.25,4563671.31,-23234.85,4695694.06,-23234.85,0.00
SLONG23,2026-03-23,68057.08,-5258.36,134.35,132.38,68057.08,1.49,4563671.31,5258.36,4695694.06,5258.36,0.00
SLONG24,2026-03-23,55740.31,19320.03,126.57,125.04,55740.31,1.22,4563671.31,-19320.03,4695694.06,-19320.03,0.00
SLONG3,2026-03-23,-36404.69,21086.15,109.37,110.25,-36404.69,-0.80,4563671.31,-21086.15,4695694.06,-21086.15,-6.90
SLONG4,2026-03-23,-39418.59,24449.07,109.46,110.41,-39418.59,-0.86,4563671.31,-24449.07,4695694.06,-24449.07,-4.28
SLONG5,2026-03-23,-39740.24,6132.28,113.48,114.48,-39740.24,-0.87,4563671.31,-6132.28,4695694.06,-6132.28,-5.60
SLONG6,2026-03-23,-40109.55,54347.50,109.09,110.06,-40109.55,-0.88,4563671.31,-54347.50,4695694.06,-54347.50,-3.60
SLONG7,2026-03-23,-41065.72,20949.67,118.44,119.52,-41065.72,-0.90,4563671.31,-20949.67,4695694.06,-20949.67,-1.35
SLONG8,2026-03-23,-38868.97,24449.07,115.30,116.29,-38868.97,-0.85,4563671.31,-24449.07,4695694.06,-24449.07,-4.12
SLONG9,2026-03-23,-35585.48,48025.98,114.28,115.18,-35585.48,-0.78,4563671.31,-48025.98,4695694.06,-48025.98,-5.02
Gold Stock Holdings,2026-03-23,17191494.40,16800214.00,102.33,100.00,391280.40,2.33,16800214.00,0.00,0.00,0.00,0.00
QAW++ Gold Stock Holdings,2026-03-23,17191494.40,16800214.00,102.33,100.00,391280.40,2.33,16800214.00,0.00,0.00,0.00,0.00
Liquidcase Stock Holdings,2026-03-23,59141880.28,11999750.40,100.99,100.99,2043.88,0.00,47140086.00,47140086.00,47115111.12,24974.88,0.00
QYE++ Liquidcase Stock Holdings,2026-03-23,47144248.48,0.00,101.00,100.99,4162.48,0.01,47140086.00,47140086.00,47115111.12,24974.88,0.00
QAW++ Liquidcase Stock Holdings,2026-03-23,11997631.80,11999750.40,99.98,100.00,-2118.60,-0.02,11999750.40,0.00,0.00,0.00,-0.02
Low Vol Stock Holdings,2026-03-23,8370953.40,8403517.48,99.61,100.00,-32564.08,-0.39,8403517.48,0.00,0.00,0.00,-0.39
QAW++ Low Vol Stock Holdings,2026-03-23,8370953.40,8403517.48,99.61,100.00,-32564.08,-0.39,8403517.48,0.00,0.00,0.00,-0.39
Momentum Stock Holdings,2026-03-23,16844448.40,16792642.10,100.31,100.00,51806.30,0.31,16792642.10,0.00,0.00,0.00,0.00
QAW++ Momentum Stock Holdings,2026-03-23,16844448.40,16792642.10,100.31,100.00,51806.30,0.31,16792642.10,0.00,0.00,0.00,0.00
QYE++ Debt Stock Holdings,2026-03-23,47144248.48,0.00,101.00,100.99,4162.48,0.01,47140086.00,47140086.00,47115111.12,24974.88,0.00
QAW++ Debt Stock Holdings,2026-03-23,11997631.80,11999750.40,99.98,100.00,-2118.60,-0.02,11999750.40,0.00,0.00,0.00,-0.02
Debt Stock Holdings,2026-03-23,59141880.28,11999750.40,100.99,100.99,2043.88,0.00,47140086.00,47140086.00,47115111.12,24974.88,0.00
QAW++ Equity Stock Holdings,2026-03-23,42406896.20,41996373.58,100.98,100.00,410522.62,0.98,41996373.58,0.00,0.00,0.00,0.00
Equity Stock Holdings,2026-03-23,42406896.20,41996373.58,100.98,100.00,410522.62,0.98,41996373.58,0.00,0.00,0.00,0.00
QYE++ Stock Holdings,2026-03-23,47144248.48,0.00,101.00,100.99,4162.48,0.01,47140086.00,47140086.00,47115111.12,24974.88,0.00
QAW++ Stock Holdings,2026-03-23,54404528.00,53996123.98,100.76,100.00,408404.02,0.76,53996123.98,0.00,0.00,0.00,0.00
Stock Holdings,2026-03-23,101548776.48,53996123.98,101.88,100.99,412566.50,0.88,47140086.00,47140086.00,47115111.12,24974.88,0.00
Small Cap Mutual Funds,2026-03-23,148843415.64,0.00,89.98,92.83,-4717433.35,-3.07,153560848.99,153560848.99,152572795.54,988053.45,-10.88
QYE++ Small Cap Mutual Funds,2026-03-23,148843415.64,0.00,89.98,92.83,-4717433.35,-3.07,153560848.99,153560848.99,152572795.54,988053.45,-10.88
QYE++ Mutual Funds,2026-03-23,148843415.64,0.00,89.98,92.83,-4717433.35,-3.07,153560848.99,153560848.99,152572795.54,988053.45,-10.88
QYE++ Equity Mutual Funds,2026-03-23,148843415.64,0.00,89.98,92.83,-4717433.35,-3.07,153560848.99,153560848.99,152572795.54,988053.45,-10.88
Equity Mutual Funds,2026-03-23,148843415.64,0.00,89.98,92.83,-4717433.35,-3.07,153560848.99,153560848.99,152572795.54,988053.45,-10.88
Mutual Funds,2026-03-23,148843415.64,0.00,89.98,92.83,-4717433.35,-3.07,153560848.99,153560848.99,152572795.54,988053.45,-10.88
QYE++ Miscellaneous P&L,2026-03-23,0.00,0.00,100.00,100.00,0.00,0.00,0.00,0.00,0.00,0.00,0.00
Miscellaneous P&L,2026-03-23,0.00,0.00,100.00,100.00,0.00,0.00,0.00,0.00,0.00,0.00,0.00
QYE++ Equity Holdings Tax,2026-03-23,0.00,0.00,100.00,100.00,0.00,0.00,0.00,0.00,0.00,0.00,0.00
QAW++ Equity Holdings Tax,2026-03-23,-10307.99,0.00,100.00,100.00,-10307.99,0.00,0.00,0.00,0.00,0.00,0.00
Equity Holdings Tax,2026-03-23,-10307.99,0.00,100.00,100.00,-10307.99,0.00,0.00,0.00,0.00,0.00,0.00
QYE++ Total Tax,2026-03-23,-23078.09,14721.27,100.00,100.00,-23078.09,0.00,0.00,-14721.27,0.00,-14721.27,0.00
Total Tax,2026-03-23,-23078.09,14721.27,100.00,100.00,-23078.09,0.00,0.00,-14721.27,0.00,0.00,0.00
QYE++ F&O Tax,2026-03-23,-12770.10,14721.27,100.00,100.00,-12770.10,0.00,0.00,-14721.27,0.00,-14721.27,0.00
F&O Tax,2026-03-23,-12770.10,14721.27,100.00,100.00,-12770.10,0.00,0.00,-14721.27,0.00,0.00,0.00
Equity Intraday Tax,2026-03-23,0.00,0.00,100.00,100.00,0.00,0.00,0.00,0.00,0.00,0.00,0.00
MCX Tax,2026-03-23,0.00,0.00,100.00,100.00,0.00,0.00,0.00,0.00,0.00,0.00,0.00
QYE++ Total Other Debits and Credits,2026-03-23,0.00,0.00,100.00,100.00,0.00,0.00,0.00,0.00,0.00,0.00,0.00
Total Other Debits and Credits,2026-03-23,0.00,0.00,100.00,100.00,0.00,0.00,0.00,0.00,0.00,0.00,0.00
QYE++ Equity Other Debits and Credits,2026-03-23,0.00,0.00,100.00,100.00,0.00,0.00,0.00,0.00,0.00,0.00,0.00
Equity Other Debits and Credits,2026-03-23,0.00,0.00,100.00,100.00,0.00,0.00,0.00,0.00,0.00,0.00,0.00
QYE++ NPSAR,2026-03-23,28361835.09,-159558.56,102.81,101.89,979807.11,0.89,109528111.93,27541586.51,112696657.99,-632577.99,-0.67
NPSAR,2026-03-23,28361835.09,-159558.56,102.81,101.89,979807.11,0.89,109528111.93,27541586.51,112696657.99,-632577.99,-0.67
QYE++ SPSAR,2026-03-23,28830205.82,70353.67,103.92,102.56,1448177.84,1.32,109528111.93,27311674.28,112696657.99,-862490.22,-0.49
SPSAR,2026-03-23,28830205.82,70353.67,103.92,102.56,1448177.84,1.32,109528111.93,27311674.28,112696657.99,-862490.22,-0.49
QYE++ NLONG,2026-03-23,423696.28,1140996.00,116.23,115.78,423696.28,0.39,109528111.44,-1140996.00,112696657.44,-1140996.00,-1.41
NLONG,2026-03-23,423696.28,1140996.00,116.23,115.78,423696.28,0.39,109528111.44,-1140996.00,112696657.44,-1140996.00,-1.41
QYE++ SLONG,2026-03-23,500087.05,525231.81,116.91,116.38,500087.05,0.46,109528111.44,-525231.81,112696657.44,-525231.81,-0.01
SLONG,2026-03-23,500087.05,525231.81,116.91,116.38,500087.05,0.46,109528111.44,-525231.81,112696657.44,-525231.81,-0.01
QYE++ PSAR,2026-03-23,57192040.92,-89204.89,103.37,102.23,2427984.95,1.11,219056223.86,54853260.79,225393315.98,-1495068.21,-0.58
PSAR,2026-03-23,57192040.92,-89204.89,103.37,102.23,2427984.95,1.11,219056223.86,54853260.78,225393315.98,-1495068.21,-0.58
QYE++ LONG,2026-03-23,923783.33,1666227.81,116.60,116.11,923783.33,0.42,219056222.88,-1666227.81,225393314.88,-1666227.81,-0.39
LONG,2026-03-23,923783.33,1666227.81,116.60,116.11,923783.33,0.42,219056222.88,-1666227.81,225393314.88,-1666227.81,-0.39
QYE++ Total Portfolio Value,2026-03-23,58103054.14,1591744.26,120.15,118.35,3338998.18,1.52,219056223.00,53172311.70,225393315.00,-3176017.29,-0.48
Total Portfolio Value,2026-03-23,58103054.14,1591744.19,120.20,118.40,3338998.18,1.52,219056223.00,53172311.70,225393315.00,-3176017.29,-0.49
QYE++ Zerodha Total Portfolio,2026-03-23,218278428.71,0.00,112.20,112.91,-1388743.16,-0.63,219667171.87,219667171.87,221830160.83,-2162988.96,-3.71
QAW++ Zerodha Total Portfolio,2026-03-23,60412566.50,60000000.00,100.69,100.00,412566.50,0.69,60000000.00,0.00,0.00,0.00,0.00
Zerodha Total Portfolio,2026-03-23,278690995.21,60000000.00,112.41,112.91,-976176.66,-0.44,219667171.87,219667171.87,221830160.83,-2162988.96,-3.53
NPSAR1,2026-03-24,1963803.46,409028.84,108.33,108.29,2636.84,0.03,7844666.48,1552137.78,6084895.13,30914.00,0.00
NPSAR10,2026-03-24,4479301.44,1283245.34,108.88,108.47,66676.58,0.38,17650499.44,3129379.52,13691013.94,-293373.97,-4.14
NPSAR11,2026-03-24,4613523.05,742253.88,103.42,102.26,200898.19,1.14,17650499.44,3670370.98,13691013.94,247617.50,0.00
NPSAR12,2026-03-24,4601798.63,742253.88,103.12,102.03,189173.77,1.07,17650499.44,3670370.98,13691013.94,247617.50,0.00
NPSAR13,2026-03-24,3972067.26,816373.30,104.18,106.85,-440557.60,-2.50,17650499.44,3596251.56,13691013.94,173498.08,-2.50
NPSAR2,2026-03-24,1967978.82,409028.84,104.35,104.26,6812.20,0.09,7844666.48,1552137.78,6084895.13,30914.00,0.00
NPSAR3,2026-03-24,1971418.61,325178.84,102.68,102.55,10251.99,0.13,7844666.48,1635987.78,6084895.13,114764.00,-4.31
NPSAR4,2026-03-24,1969837.43,347382.84,98.61,98.50,8670.81,0.11,7844666.48,1613783.78,6084895.13,92560.00,-2.04
NPSAR5,2026-03-24,1968808.60,357886.84,95.73,95.64,7641.98,0.10,7844666.48,1603279.78,6084895.13,82056.00,-4.27
NPSAR6,2026-03-24,1964617.53,376632.84,100.77,100.73,3450.91,0.04,7844666.48,1584533.78,6084895.13,63310.00,-0.68
NPSAR7,2026-03-24,1969210.46,376632.84,100.78,100.68,8043.84,0.10,7844666.48,1584533.78,6084895.13,63310.00,-0.42
NPSAR8,2026-03-24,1943058.98,376632.84,94.54,94.76,-18107.64,-0.23,7844666.48,1584533.78,6084895.13,63310.00,-5.46
NPSAR9,2026-03-24,1974285.99,376632.84,100.19,100.02,13119.37,0.17,7844666.48,1584533.78,6084895.13,63310.00,-0.35
SPSAR1,2026-03-24,1944614.62,322326.84,111.28,111.52,-16552.00,-0.21,7844666.48,1638839.78,6084895.13,117616.00,-0.22
SPSAR10,2026-03-24,4373366.15,1343239.12,105.11,105.34,-39258.71,-0.22,17650499.44,3069385.74,13691013.94,-353367.74,-5.07
SPSAR11,2026-03-24,4485215.64,737741.38,108.95,108.50,72590.78,0.41,17650499.44,3674883.48,13691013.94,252130.00,0.00
SPSAR12,2026-03-24,4114282.59,749217.38,106.31,108.14,-298342.27,-1.69,17650499.44,3663407.48,13691013.94,240654.00,-1.69
SPSAR13,2026-03-24,3960680.50,845309.80,99.13,101.74,-451944.36,-2.56,17650499.44,3567315.06,13691013.94,144561.58,-3.67
SPSAR2,2026-03-24,1944614.62,322326.84,105.26,105.48,-16552.00,-0.21,7844666.48,1638839.78,6084895.13,117616.00,-0.21
SPSAR3,2026-03-24,1941630.62,316454.84,101.99,102.24,-19536.00,-0.25,7844666.48,1644711.78,6084895.13,123488.00,-4.68
SPSAR4,2026-03-24,1941630.62,316454.84,98.83,99.08,-19536.00,-0.25,7844666.48,1644711.78,6084895.13,123488.00,-2.75
SPSAR5,2026-03-24,1938110.62,310222.84,94.13,94.41,-23056.00,-0.29,7844666.48,1650943.78,6084895.13,129720.00,-6.16
SPSAR6,2026-03-24,1934926.62,303086.84,99.04,99.37,-26240.00,-0.33,7844666.48,1658079.78,6084895.13,136856.00,-3.02
SPSAR7,2026-03-24,1875836.32,303086.84,97.40,98.47,-85330.30,-1.09,7844666.48,1658079.78,6084895.13,136856.00,-2.60
SPSAR8,2026-03-24,1903189.46,303086.84,102.00,102.76,-57977.16,-0.74,7844666.48,1658079.78,6084895.13,136856.00,-0.74
SPSAR9,2026-03-24,1929414.05,298238.84,102.85,103.27,-31752.57,-0.40,7844666.48,1662927.78,6084895.13,141704.00,-0.41
NLONG1,2026-03-24,-101650.56,15173.62,110.91,112.86,-101650.56,-1.73,5883499.81,-15173.62,4563671.31,-15173.62,-4.63
NLONG10,2026-03-24,-76508.97,41400.98,116.65,118.19,-76508.97,-1.30,5883499.81,-41400.98,4563671.31,-41400.98,-4.68
NLONG11,2026-03-24,-148978.90,51093.21,115.68,118.69,-148978.90,-2.53,5883499.81,-51093.21,4563671.31,-51093.21,-7.32
NLONG12,2026-03-24,-114634.05,-54081.08,119.94,122.32,-114634.05,-1.95,5883499.81,54081.08,4563671.31,54081.08,-2.37
NLONG13,2026-03-24,-39737.69,-61109.18,117.10,117.90,-39737.69,-0.68,5883499.81,61109.18,4563671.31,61109.18,-0.68
NLONG14,2026-03-24,-39855.79,-57821.79,117.84,118.64,-39855.79,-0.68,5883499.81,57821.79,4563671.31,57821.79,-0.67
NLONG15,2026-03-24,-105172.90,-68459.66,112.99,115.05,-105172.90,-1.79,5883499.81,68459.66,4563671.31,68459.66,-1.79
NLONG16,2026-03-24,-88869.75,-54949.49,115.09,116.86,-88869.75,-1.51,5883499.81,54949.49,4563671.31,54949.49,-1.51
NLONG17,2026-03-24,-52044.80,-77831.82,119.12,120.18,-52044.80,-0.88,5883499.81,77831.82,4563671.31,77831.82,-0.88
NLONG18,2026-03-24,-52162.90,-75500.80,118.64,119.70,-52162.90,-0.89,5883499.81,75500.80,4563671.31,75500.80,-0.89
NLONG19,2026-03-24,-50873.53,-78321.71,110.51,111.47,-50873.53,-0.86,5883499.81,78321.71,4563671.31,78321.71,-1.20
NLONG2,2026-03-24,-75697.61,41866.97,100.22,101.53,-75697.61,-1.29,5883499.81,-41866.97,4563671.31,-41866.97,-5.34
NLONG20,2026-03-24,-12839.69,-62806.58,113.36,113.61,-12839.69,-0.22,5883499.81,62806.58,4563671.31,62806.58,-1.10
NLONG21,2026-03-24,13872.61,-67811.68,121.23,120.94,13872.61,0.24,5883499.81,67811.68,4563671.31,67811.68,0.00
NLONG22,2026-03-24,21579.99,-66332.25,121.73,121.29,21579.99,0.37,5883499.81,66332.25,4563671.31,66332.25,0.00
NLONG23,2026-03-24,-41703.26,-64950.54,120.26,121.12,-41703.26,-0.71,5883499.81,64950.54,4563671.31,64950.54,-0.71
NLONG24,2026-03-24,-13723.57,-67660.61,123.47,123.76,-13723.57,-0.23,5883499.81,67660.61,4563671.31,67660.61,-0.23
NLONG3,2026-03-24,-142199.49,37274.83,108.46,111.15,-142199.49,-2.42,5883499.81,-37274.83,4563671.31,-37274.83,-8.10
NLONG4,2026-03-24,-94313.39,40838.82,108.29,110.05,-94313.39,-1.60,5883499.81,-40838.82,4563671.31,-40838.82,-6.57
NLONG5,2026-03-24,-85731.85,40946.14,113.32,115.00,-85731.85,-1.46,5883499.81,-40946.14,4563671.31,-40946.14,-6.18
NLONG6,2026-03-24,-85945.07,41599.68,110.91,112.55,-85945.07,-1.46,5883499.81,-41599.68,4563671.31,-41599.68,-5.50
NLONG7,2026-03-24,-142531.00,41380.40,113.15,115.96,-142531.00,-2.42,5883499.81,-41380.40,4563671.31,-41380.40,-6.94
NLONG8,2026-03-24,-100592.23,43932.88,110.43,112.35,-100592.23,-1.71,5883499.81,-43932.88,4563671.31,-43932.88,-6.61
NLONG9,2026-03-24,-87990.81,38433.38,116.70,118.47,-87990.81,-1.50,5883499.81,-38433.38,4563671.31,-38433.38,-5.11
SLONG1,2026-03-24,-96011.83,14200.54,111.43,113.28,-96011.83,-1.63,5883499.81,-14200.54,4563671.31,-14200.54,-5.62
SLONG10,2026-03-24,-52050.57,-59812.11,111.73,112.73,-52050.57,-0.88,5883499.81,59812.11,4563671.31,59812.11,-1.14
SLONG11,2026-03-24,-62262.24,2570.53,115.93,117.17,-62262.24,-1.06,5883499.81,-2570.53,4563671.31,-2570.53,-1.12
SLONG12,2026-03-24,-54703.08,-56793.10,117.53,118.63,-54703.08,-0.93,5883499.81,56793.10,4563671.31,56793.10,-0.93
SLONG13,2026-03-24,-27356.08,-64002.99,114.99,115.53,-27356.08,-0.46,5883499.81,64002.99,4563671.31,64002.99,-0.47
SLONG14,2026-03-24,22544.15,-56788.82,115.97,115.53,22544.15,0.38,5883499.81,56788.82,4563671.31,56788.82,0.00
SLONG15,2026-03-24,41715.32,-63097.66,127.78,126.88,41715.32,0.71,5883499.81,63097.66,4563671.31,63097.66,0.00
SLONG16,2026-03-24,32736.35,-51857.51,120.64,119.97,32736.35,0.56,5883499.81,51857.51,4563671.31,51857.51,0.00
SLONG17,2026-03-24,12858.83,-58777.34,116.51,116.26,12858.83,0.22,5883499.81,58777.34,4563671.31,58777.34,0.00
SLONG18,2026-03-24,11966.59,-56788.82,115.68,115.45,11966.59,0.20,5883499.81,56788.82,4563671.31,56788.82,0.00
SLONG19,2026-03-24,9498.66,-66486.37,132.08,131.87,9498.66,0.16,5883499.81,66486.37,4563671.31,66486.37,0.00
SLONG2,2026-03-24,-84155.29,40109.55,97.72,99.14,-84155.29,-1.43,5883499.81,-40109.55,4563671.31,-40109.55,-4.36
SLONG20,2026-03-24,519.69,-54169.60,124.42,124.41,519.69,0.01,5883499.81,54169.60,4563671.31,54169.60,0.00
SLONG21,2026-03-24,14214.07,-58888.86,116.55,116.27,14214.07,0.24,5883499.81,58888.86,4563671.31,58888.86,0.00
SLONG22,2026-03-24,13321.83,-56900.34,114.45,114.19,13321.83,0.23,5883499.81,56900.34,4563671.31,56900.34,0.00
SLONG23,2026-03-24,36602.64,-68057.08,135.19,134.35,36602.64,0.62,5883499.81,68057.08,4563671.31,68057.08,0.00
SLONG24,2026-03-24,26573.98,-55740.31,127.14,126.57,26573.98,0.45,5883499.81,55740.31,4563671.31,55740.31,0.00
SLONG3,2026-03-24,-98698.71,36404.69,107.54,109.37,-98698.71,-1.68,5883499.81,-36404.69,4563671.31,-36404.69,-8.45
SLONG4,2026-03-24,-85143.47,39418.59,107.88,109.46,-85143.47,-1.45,5883499.81,-39418.59,4563671.31,-39418.59,-5.67
SLONG5,2026-03-24,-86556.45,39740.24,111.81,113.48,-86556.45,-1.47,5883499.81,-39740.24,4563671.31,-39740.24,-6.99
SLONG6,2026-03-24,-82373.19,40109.55,107.56,109.09,-82373.19,-1.40,5883499.81,-40109.55,4563671.31,-40109.55,-4.95
SLONG7,2026-03-24,-103392.03,41065.72,116.36,118.44,-103392.03,-1.76,5883499.81,-41065.72,4563671.31,-41065.72,-3.08
SLONG8,2026-03-24,-83794.41,38868.97,113.66,115.30,-83794.41,-1.42,5883499.81,-38868.97,4563671.31,-38868.97,-5.48
SLONG9,2026-03-24,-89260.91,35585.48,112.55,114.28,-89260.91,-1.52,5883499.81,-35585.48,4563671.31,-35585.48,-6.46
Gold Stock Holdings,2026-03-24,17932132.30,0.00,106.74,102.33,740637.90,4.31,17191494.40,17191494.40,16800214.00,391280.40,0.00
QAW++ Gold Stock Holdings,2026-03-24,17932132.30,0.00,106.74,102.33,740637.90,4.31,17191494.40,17191494.40,16800214.00,391280.40,0.00
Liquidcase Stock Holdings,2026-03-24,59147102.06,0.00,101.00,100.99,5221.78,0.01,59141880.28,59141880.28,47140086.00,2043.88,0.00
QYE++ Liquidcase Stock Holdings,2026-03-24,47148410.96,0.00,101.01,101.00,4162.48,0.01,47144248.48,47144248.48,47140086.00,4162.48,0.00
QAW++ Liquidcase Stock Holdings,2026-03-24,11998691.10,0.00,99.99,99.98,1059.30,0.01,11997631.80,11997631.80,11999750.40,-2118.60,-0.01
Low Vol Stock Holdings,2026-03-24,8512060.20,0.00,101.29,99.61,141106.80,1.69,8370953.40,8370953.40,8403517.48,-32564.08,0.00
QAW++ Low Vol Stock Holdings,2026-03-24,8512060.20,0.00,101.29,99.61,141106.80,1.69,8370953.40,8370953.40,8403517.48,-32564.08,0.00
Momentum Stock Holdings,2026-03-24,17273700.60,0.00,102.87,100.31,429252.20,2.55,16844448.40,16844448.40,16792642.10,51806.30,0.00
QAW++ Momentum Stock Holdings,2026-03-24,17273700.60,0.00,102.87,100.31,429252.20,2.55,16844448.40,16844448.40,16792642.10,51806.30,0.00
QYE++ Debt Stock Holdings,2026-03-24,47148410.96,0.00,101.01,101.00,4162.48,0.01,47144248.48,47144248.48,47140086.00,4162.48,0.00
QAW++ Debt Stock Holdings,2026-03-24,11998691.10,0.00,99.99,99.98,1059.30,0.01,11997631.80,11997631.80,11999750.40,-2118.60,-0.01
Debt Stock Holdings,2026-03-24,59147102.06,0.00,101.00,100.99,5221.78,0.01,59141880.28,59141880.28,47140086.00,2043.88,0.00
QAW++ Equity Stock Holdings,2026-03-24,43717893.10,0.00,104.10,100.98,1310996.90,3.09,42406896.20,42406896.20,41996373.58,410522.62,0.00
Equity Stock Holdings,2026-03-24,43717893.10,0.00,104.10,100.98,1310996.90,3.09,42406896.20,42406896.20,41996373.58,410522.62,0.00
QYE++ Stock Holdings,2026-03-24,47148410.96,0.00,101.01,101.00,4162.48,0.01,47144248.48,47144248.48,47140086.00,4162.48,0.00
QAW++ Stock Holdings,2026-03-24,55716584.20,0.00,103.19,100.76,1312056.20,2.41,54404528.00,54404528.00,53996123.98,408404.02,0.00
Stock Holdings,2026-03-24,102864995.16,0.00,103.20,101.88,1316218.68,1.30,101548776.48,101548776.48,47140086.00,412566.50,0.00
Small Cap Mutual Funds,2026-03-24,151886136.06,0.00,91.82,89.98,3042720.42,2.04,148843415.64,148843415.64,153560848.99,-4717433.35,-9.05
QYE++ Small Cap Mutual Funds,2026-03-24,151886136.06,0.00,91.82,89.98,3042720.42,2.04,148843415.64,148843415.64,153560848.99,-4717433.35,-9.05
QYE++ Mutual Funds,2026-03-24,151886136.06,0.00,91.82,89.98,3042720.42,2.04,148843415.64,148843415.64,153560848.99,-4717433.35,-9.05
QYE++ Equity Mutual Funds,2026-03-24,151886136.06,0.00,91.82,89.98,3042720.42,2.04,148843415.64,148843415.64,153560848.99,-4717433.35,-9.05
Equity Mutual Funds,2026-03-24,151886136.06,0.00,91.82,89.98,3042720.42,2.04,148843415.64,148843415.64,153560848.99,-4717433.35,-9.05
Mutual Funds,2026-03-24,151886136.06,0.00,91.82,89.98,3042720.42,2.04,148843415.64,148843415.64,153560848.99,-4717433.35,-9.05
QYE++ Miscellaneous P&L,2026-03-24,0.00,0.00,100.00,100.00,0.00,0.00,0.00,0.00,0.00,0.00,0.00
QAW++ Miscellaneous P&L,2026-03-24,0.00,0.00,100.00,100.00,0.00,0.00,0.00,0.00,0.00,0.00,0.00
Miscellaneous P&L,2026-03-24,0.00,0.00,100.00,100.00,0.00,0.00,0.00,0.00,0.00,0.00,0.00
QYE++ Equity Holdings Tax,2026-03-24,0.00,0.00,100.00,100.00,0.00,0.00,0.00,0.00,0.00,0.00,0.00
QAW++ Equity Holdings Tax,2026-03-24,0.00,10307.99,100.00,100.00,0.00,0.00,0.00,-10307.99,0.00,-10307.99,0.00
Equity Holdings Tax,2026-03-24,0.00,10307.99,100.00,100.00,0.00,0.00,0.00,-10307.99,0.00,0.00,0.00
QYE++ Total Tax,2026-03-24,-16527.57,23078.09,100.00,100.00,-16527.57,0.00,0.00,-23078.09,0.00,-23078.09,0.00
QAW++ Total Tax,2026-03-24,-4574.31,0.00,100.00,100.00,-4574.31,0.00,0.00,0.00,0.00,0.00,0.00
Total Tax,2026-03-24,-21101.88,23078.09,100.00,100.00,-21101.88,0.00,0.00,-23078.09,0.00,0.00,0.00
QYE++ F&O Tax,2026-03-24,-16527.57,12770.10,100.00,100.00,-16527.57,0.00,0.00,-12770.10,0.00,-12770.10,0.00
QAW++ F&O Tax,2026-03-24,-4574.31,0.00,100.00,100.00,-4574.31,0.00,0.00,0.00,0.00,0.00,0.00
F&O Tax,2026-03-24,-21101.88,12770.10,100.00,100.00,-21101.88,0.00,0.00,-12770.10,0.00,0.00,0.00
Equity Intraday Tax,2026-03-24,0.00,0.00,100.00,100.00,0.00,0.00,0.00,0.00,0.00,0.00,0.00
MCX Tax,2026-03-24,0.00,0.00,100.00,100.00,0.00,0.00,0.00,0.00,0.00,0.00,0.00
QYE++ Total Other Debits and Credits,2026-03-24,0.00,0.00,100.00,100.00,0.00,0.00,0.00,0.00,0.00,0.00,0.00
QAW++ Total Other Debits and Credits,2026-03-24,0.00,0.00,100.00,100.00,0.00,0.00,0.00,0.00,0.00,0.00,0.00
Total Other Debits and Credits,2026-03-24,0.00,0.00,100.00,100.00,0.00,0.00,0.00,0.00,0.00,0.00,0.00
QYE++ Equity Other Debits and Credits,2026-03-24,0.00,0.00,100.00,100.00,0.00,0.00,0.00,0.00,0.00,0.00,0.00
QAW++ Equity Other Debits and Credits,2026-03-24,0.00,0.00,100.00,100.00,0.00,0.00,0.00,0.00,0.00,0.00,0.00
Equity Other Debits and Credits,2026-03-24,0.00,0.00,100.00,100.00,0.00,0.00,0.00,0.00,0.00,0.00,0.00
QYE++ NPSAR,2026-03-24,27694694.58,-713124.76,102.85,102.81,45984.25,0.04,110594841.32,28361835.09,109528111.93,979807.11,-0.63
QAW++ NPSAR,2026-03-24,7665015.68,7652288.69,100.04,100.00,12726.99,0.04,30609154.76,0.00,0.00,0.00,0.00
NPSAR,2026-03-24,35359710.26,6939163.96,102.85,102.81,58711.24,0.04,141203996.08,28361835.09,109528111.93,979807.11,-0.63
QYE++ SPSAR,2026-03-24,26854919.84,-1181495.49,103.17,103.92,-793790.49,-0.72,110594841.32,28830205.82,109528111.93,1448177.84,-1.20
QAW++ SPSAR,2026-03-24,7432592.59,7652288.69,99.28,100.00,-219696.10,-0.72,30609154.76,0.00,0.00,0.00,-0.72
SPSAR,2026-03-24,34287512.43,6470793.24,103.17,103.92,-1013486.59,-0.72,141203996.08,28830205.82,109528111.93,1448177.84,-1.20
QYE++ NLONG,2026-03-24,-1345823.75,-423696.28,114.81,116.23,-1345823.75,-1.22,110594840.82,423696.28,109528111.44,423696.28,-2.61
QAW++ NLONG,2026-03-24,-372481.46,0.00,98.78,100.00,-372481.46,-1.22,30609154.62,0.00,0.00,0.00,-1.22
NLONG,2026-03-24,-1718305.21,-423696.28,114.81,116.23,-1718305.21,-1.22,141203995.44,423696.28,109528111.44,423696.28,-2.61
QYE++ SLONG,2026-03-24,-613428.53,-500087.05,116.26,116.91,-613428.53,-0.55,110594840.82,500087.05,109528111.44,500087.05,-0.57
QAW++ SLONG,2026-03-24,-169777.62,0.00,99.45,100.00,-169777.62,-0.55,30609154.62,0.00,0.00,0.00,-0.55
SLONG,2026-03-24,-783206.15,-500087.05,116.26,116.91,-783206.15,-0.55,141203995.44,500087.05,109528111.44,500087.05,-0.57
QYE++ PSAR,2026-03-24,54549614.43,-1894620.26,103.02,103.37,-747806.23,-0.34,221189682.64,57192040.92,219056223.86,2427984.95,-0.91
QAW++ PSAR,2026-03-24,15097608.26,15304577.38,99.66,100.00,-206969.12,-0.34,61218309.52,0.00,0.00,0.00,-0.34
PSAR,2026-03-24,69647222.69,13409957.20,103.02,103.37,-954775.35,-0.34,282407992.16,57192040.91,219056223.86,2427984.95,-0.91
QYE++ LONG,2026-03-24,-1959252.28,-923783.33,115.56,116.60,-1959252.28,-0.89,221189681.63,923783.33,219056222.88,923783.33,-1.27
QAW++ LONG,2026-03-24,-542259.08,0.00,99.11,100.00,-542259.08,-0.89,61218309.25,0.00,0.00,0.00,-0.89
LONG,2026-03-24,-2501511.36,-923783.33,115.56,116.60,-2501511.36,-0.89,282407990.88,923783.33,219056222.88,923783.33,-1.27
QAW++ DMA1,2026-03-24,0.00,0.00,100.00,100.00,0.00,0.00,0.00,0.00,0.00,0.00,0.00
DMA1,2026-03-24,0.00,0.00,100.00,100.00,0.00,0.00,0.00,0.00,0.00,0.00,0.00
QYE++ Total Portfolio Value,2026-03-24,52573834.57,-2805633.48,118.67,120.15,-2723586.09,-1.23,221189681.73,58103054.14,219056223.00,3338998.18,-1.71
QAW++ Total Portfolio Value,2026-03-24,14550774.88,15304577.38,98.77,100.00,-753802.50,-1.23,61218309.27,0.00,0.00,0.00,-1.23
Total Portfolio Value,2026-03-24,67124609.45,12498943.97,118.72,120.20,-3477388.59,-1.23,282407991.00,58103054.14,219056223.00,3338998.18,-1.71
QYE++ Zerodha Total Portfolio,2026-03-24,218597563.04,0.00,112.36,112.20,319134.33,0.15,218278428.71,218278428.71,219667171.87,-1388743.16,-3.57
QAW++ Zerodha Total Portfolio,2026-03-24,60974982.68,0.00,101.63,100.69,562416.18,0.93,60412566.50,60412566.50,60000000.00,412566.50,0.00
Zerodha Total Portfolio,2026-03-24,279572545.72,0.00,112.77,112.41,881550.51,0.32,278690995.21,278690995.21,219667171.87,-976176.66,-3.22
NPSAR1,2026-03-25,1801034.32,-18839.64,106.33,108.33,-143929.50,-1.85,7779855.28,1963803.46,7844666.48,2636.84,-1.85
NPSAR10,2026-03-25,4641914.56,-103132.88,110.53,108.88,265746.00,1.52,17504674.25,4479301.44,17650499.44,66676.58,-2.69
NPSAR11,2026-03-25,4641914.56,-237354.49,104.99,103.42,265746.00,1.52,17504674.25,4613523.05,17650499.44,200898.19,0.00
NPSAR12,2026-03-25,4657850.88,-225630.07,104.78,103.12,281682.32,1.61,17504674.25,4601798.63,17650499.44,189173.77,0.00
NPSAR13,2026-03-25,4667960.91,404101.30,105.92,104.18,291792.35,1.67,17504674.25,3972067.26,17650499.44,-440557.60,-0.87
NPSAR2,2026-03-25,1685224.85,-23015.00,100.87,104.35,-259738.97,-3.34,7779855.28,1967978.82,7844666.48,6812.20,-3.33
NPSAR3,2026-03-25,1743135.18,-26454.79,100.02,102.68,-201828.64,-2.59,7779855.28,1971418.61,7844666.48,10251.99,-6.78
NPSAR4,2026-03-25,1822016.80,-24873.61,97.05,98.61,-122947.02,-1.58,7779855.28,1969837.43,7844666.48,8670.81,-3.59
NPSAR5,2026-03-25,1890138.46,-23844.78,95.06,95.73,-54825.36,-0.70,7779855.28,1968808.60,7844666.48,7641.98,-4.94
NPSAR6,2026-03-25,1909050.98,-19653.71,100.30,100.77,-35912.84,-0.46,7779855.28,1964617.53,7844666.48,3450.91,-1.14
NPSAR7,2026-03-25,1936259.97,-24246.64,100.67,100.78,-8703.85,-0.11,7779855.28,1969210.46,7844666.48,8043.84,-0.52
NPSAR8,2026-03-25,2066764.07,1904.84,96.02,94.54,121800.25,1.57,7779855.28,1943058.98,7844666.48,-18107.64,-3.98
NPSAR9,2026-03-25,2066764.07,-29322.17,101.76,100.19,121800.25,1.57,7779855.28,1974285.99,7844666.48,13119.37,0.00
SPSAR1,2026-03-25,1870177.55,349.20,110.21,111.28,-74786.27,-0.96,7779855.28,1944614.62,7844666.48,-16552.00,-1.17
SPSAR10,2026-03-25,4565997.40,2802.41,106.25,105.11,189828.84,1.08,17504674.25,4373366.15,17650499.44,-39258.71,-4.04
SPSAR11,2026-03-25,4562643.25,-109047.08,110.11,108.95,186474.69,1.07,17504674.25,4485215.64,17650499.44,72590.78,0.00
SPSAR12,2026-03-25,4548049.74,261885.97,107.35,106.31,171881.18,0.98,17504674.25,4114282.59,17650499.44,-298342.27,-0.73
SPSAR13,2026-03-25,4608231.45,415488.06,100.44,99.13,232062.89,1.33,17504674.25,3960680.50,17650499.44,-451944.36,-2.40
SPSAR2,2026-03-25,1761481.37,349.20,102.78,105.26,-183482.45,-2.36,7779855.28,1944614.62,7844666.48,-16552.00,-2.56
SPSAR3,2026-03-25,1846738.40,3333.20,100.70,101.99,-98225.42,-1.26,7779855.28,1941630.62,7844666.48,-19536.00,-5.89
SPSAR4,2026-03-25,1930794.06,3333.20,98.65,98.83,-14169.76,-0.18,7779855.28,1941630.62,7844666.48,-19536.00,-2.92
SPSAR5,2026-03-25,1960297.53,6853.20,94.32,94.13,15333.71,0.20,7779855.28,1938110.62,7844666.48,-23056.00,-5.97
SPSAR6,2026-03-25,1976391.95,10037.20,99.44,99.04,31428.13,0.40,7779855.28,1934926.62,7844666.48,-26240.00,-2.62
SPSAR7,2026-03-25,2097751.93,69127.50,99.31,97.40,152788.11,1.96,7779855.28,1875836.32,7844666.48,-85330.30,-0.69
SPSAR8,2026-03-25,2081046.52,41774.36,103.78,102.00,136082.70,1.75,7779855.28,1903189.46,7844666.48,-57977.16,0.00
SPSAR9,2026-03-25,2057327.53,15549.77,104.34,102.85,112363.71,1.44,7779855.28,1929414.05,7844666.48,-31752.57,0.00
NLONG1,2026-03-25,-18312.07,101650.56,110.56,110.91,-18312.07,-0.31,5834891.42,-101650.56,5883499.81,-101650.56,-4.93
NLONG10,2026-03-25,-46379.69,76508.97,115.72,116.65,-46379.69,-0.79,5834891.42,-76508.97,5883499.81,-76508.97,-5.44
NLONG11,2026-03-25,-22069.20,148978.90,115.24,115.68,-22069.20,-0.38,5834891.42,-148978.90,5883499.81,-148978.90,-7.68
NLONG12,2026-03-25,-22069.20,114634.05,119.49,119.94,-22069.20,-0.38,5834891.42,-114634.05,5883499.81,-114634.05,-2.74
NLONG13,2026-03-25,29112.21,39737.69,117.68,117.10,29112.21,0.50,5834891.42,-39737.69,5883499.81,-39737.69,-0.19
NLONG14,2026-03-25,29931.92,39855.79,118.44,117.84,29931.92,0.51,5834891.42,-39855.79,5883499.81,-39855.79,-0.17
NLONG15,2026-03-25,1753.33,105172.90,113.02,112.99,1753.33,0.03,5834891.42,-105172.90,5883499.81,-105172.90,-1.76
NLONG16,2026-03-25,3324.06,88869.75,115.16,115.09,3324.06,0.06,5834891.42,-88869.75,5883499.81,-88869.75,-1.45
NLONG17,2026-03-25,27091.60,52044.80,119.67,119.12,27091.60,0.46,5834891.42,-52044.80,5883499.81,-52044.80,-0.42
NLONG18,2026-03-25,27160.30,52162.90,119.19,118.64,27160.30,0.47,5834891.42,-52162.90,5883499.81,-52162.90,-0.43
NLONG19,2026-03-25,1753.33,50873.53,110.54,110.51,1753.33,0.03,5834891.42,-50873.53,5883499.81,-50873.53,-1.17
NLONG2,2026-03-25,-25368.86,75697.61,99.78,100.22,-25368.86,-0.43,5834891.42,-75697.61,5883499.81,-75697.61,-5.75
NLONG20,2026-03-25,3324.06,12839.69,113.42,113.36,3324.06,0.06,5834891.42,-12839.69,5883499.81,-12839.69,-1.05
NLONG21,2026-03-25,25487.86,-13872.61,121.76,121.23,25487.86,0.44,5834891.42,13872.61,5883499.81,13872.61,0.00
NLONG22,2026-03-25,26346.43,-21579.99,122.28,121.73,26346.43,0.45,5834891.42,21579.99,5883499.81,21579.99,0.00
NLONG23,2026-03-25,-318.60,41703.26,120.25,120.26,-318.60,-0.01,5834891.42,-41703.26,5883499.81,-41703.26,-0.72
NLONG24,2026-03-25,-318.60,13723.57,123.46,123.47,-318.60,-0.01,5834891.42,-13723.57,5883499.81,-13723.57,-0.24
NLONG3,2026-03-25,-4452.33,142199.49,108.38,108.46,-4452.33,-0.08,5834891.42,-142199.49,5883499.81,-142199.49,-8.17
NLONG4,2026-03-25,-4452.33,94313.39,108.21,108.29,-4452.33,-0.08,5834891.42,-94313.39,5883499.81,-94313.39,-6.64
NLONG5,2026-03-25,-31450.81,85731.85,112.71,113.32,-31450.81,-0.54,5834891.42,-85731.85,5883499.81,-85731.85,-6.69
NLONG6,2026-03-25,-31334.28,85945.07,110.31,110.91,-31334.28,-0.54,5834891.42,-85945.07,5883499.81,-85945.07,-6.01
NLONG7,2026-03-25,-18577.91,142531.00,112.79,113.15,-18577.91,-0.32,5834891.42,-142531.00,5883499.81,-142531.00,-7.24
NLONG8,2026-03-25,-18577.91,100592.23,110.08,110.43,-18577.91,-0.32,5834891.42,-100592.23,5883499.81,-100592.23,-6.90
NLONG9,2026-03-25,-46457.38,87990.81,115.77,116.70,-46457.38,-0.80,5834891.42,-87990.81,5883499.81,-87990.81,-5.87
SLONG1,2026-03-25,-29436.86,96011.83,110.87,111.43,-29436.86,-0.50,5834891.42,-96011.83,5883499.81,-96011.83,-6.09
SLONG10,2026-03-25,12788.07,52050.57,111.97,111.73,12788.07,0.22,5834891.42,-52050.57,5883499.81,-52050.57,-0.93
SLONG11,2026-03-25,-61366.26,62262.24,114.71,115.93,-61366.26,-1.05,5834891.42,-62262.24,5883499.81,-62262.24,-2.16
SLONG12,2026-03-25,-7416.95,54703.08,117.38,117.53,-7416.95,-0.13,5834891.42,-54703.08,5883499.81,-54703.08,-1.05
SLONG13,2026-03-25,45044.48,27356.08,115.88,114.99,45044.48,0.77,5834891.42,-27356.08,5883499.81,-27356.08,0.00
SLONG14,2026-03-25,42074.30,-22544.15,116.81,115.97,42074.30,0.72,5834891.42,22544.15,5883499.81,22544.15,0.00
SLONG15,2026-03-25,-13017.83,-41715.32,127.49,127.78,-13017.83,-0.22,5834891.42,41715.32,5883499.81,41715.32,-0.23
SLONG16,2026-03-25,5956.66,-32736.35,120.76,120.64,5956.66,0.10,5834891.42,32736.35,5883499.81,32736.35,0.00
SLONG17,2026-03-25,32448.36,-12858.83,117.16,116.51,32448.36,0.56,5834891.42,12858.83,5883499.81,12858.83,0.00
SLONG18,2026-03-25,30631.59,-11966.59,116.29,115.68,30631.59,0.52,5834891.42,11966.59,5883499.81,11966.59,0.00
SLONG19,2026-03-25,-43590.77,-9498.66,131.09,132.08,-43590.77,-0.75,5834891.42,9498.66,5883499.81,9498.66,-0.75
SLONG2,2026-03-25,-2012.30,84155.29,97.69,97.72,-2012.30,-0.03,5834891.42,-84155.29,5883499.81,-84155.29,-4.39
SLONG20,2026-03-25,-23062.46,-519.69,123.93,124.42,-23062.46,-0.40,5834891.42,519.69,5883499.81,519.69,-0.39
SLONG21,2026-03-25,32448.36,-14214.07,117.20,116.55,32448.36,0.56,5834891.42,14214.07,5883499.81,14214.07,0.00
SLONG22,2026-03-25,30631.59,-13321.83,115.05,114.45,30631.59,0.52,5834891.42,13321.83,5883499.81,13321.83,0.00
SLONG23,2026-03-25,-37393.19,-36602.64,134.32,135.19,-37393.19,-0.64,5834891.42,36602.64,5883499.81,36602.64,-0.64
SLONG24,2026-03-25,3216.20,-26573.98,127.21,127.14,3216.20,0.06,5834891.42,26573.98,5883499.81,26573.98,0.00
SLONG3,2026-03-25,-96951.67,98698.71,105.75,107.54,-96951.67,-1.66,5834891.42,-98698.71,5883499.81,-98698.71,-9.98
SLONG4,2026-03-25,-47522.47,85143.47,107.00,107.88,-47522.47,-0.81,5834891.42,-85143.47,5883499.81,-85143.47,-6.44
SLONG5,2026-03-25,-40995.06,86556.45,111.02,111.81,-40995.06,-0.70,5834891.42,-86556.45,5883499.81,-86556.45,-7.64
SLONG6,2026-03-25,-7556.82,82373.19,107.42,107.56,-7556.82,-0.13,5834891.42,-82373.19,5883499.81,-82373.19,-5.07
SLONG7,2026-03-25,-113747.32,103392.03,114.09,116.36,-113747.32,-1.95,5834891.42,-103392.03,5883499.81,-103392.03,-4.97
SLONG8,2026-03-25,-50656.31,83794.41,112.67,113.66,-50656.31,-0.87,5834891.42,-83794.41,5883499.81,-83794.41,-6.30
SLONG9,2026-03-25,-55792.21,89260.91,111.47,112.55,-55792.21,-0.96,5834891.42,-89260.91,5883499.81,-89260.91,-7.36
Gold Stock Holdings,2026-03-25,18522158.30,0.00,110.25,106.74,590026.00,3.29,17932132.30,17932132.30,17191494.40,740637.90,0.00
QAW++ Gold Stock Holdings,2026-03-25,18522158.30,0.00,110.25,106.74,590026.00,3.29,17932132.30,17932132.30,17191494.40,740637.90,0.00
Liquidcase Stock Holdings,2026-03-25,59167989.18,0.00,101.04,101.00,20887.12,0.04,59147102.06,59147102.06,59141880.28,5221.78,0.00
QYE++ Liquidcase Stock Holdings,2026-03-25,47165060.88,0.00,101.05,101.01,16649.92,0.04,47148410.96,47148410.96,47144248.48,4162.48,0.00
QAW++ Liquidcase Stock Holdings,2026-03-25,12002928.30,0.00,100.03,99.99,4237.20,0.04,11998691.10,11998691.10,11997631.80,1059.30,0.00
Low Vol Stock Holdings,2026-03-25,8678068.20,0.00,103.27,101.29,166008.00,1.95,8512060.20,8512060.20,8370953.40,141106.80,0.00
QAW++ Low Vol Stock Holdings,2026-03-25,8678068.20,0.00,103.27,101.29,166008.00,1.95,8512060.20,8512060.20,8370953.40,141106.80,0.00
Momentum Stock Holdings,2026-03-25,17802864.95,0.00,106.02,102.87,529164.35,3.06,17273700.60,17273700.60,16844448.40,429252.20,0.00
QAW++ Momentum Stock Holdings,2026-03-25,17802864.95,0.00,106.02,102.87,529164.35,3.06,17273700.60,17273700.60,16844448.40,429252.20,0.00
QYE++ Debt Stock Holdings,2026-03-25,47165060.88,0.00,101.05,101.01,16649.92,0.04,47148410.96,47148410.96,47144248.48,4162.48,0.00
QAW++ Debt Stock Holdings,2026-03-25,12002928.30,0.00,100.03,99.99,4237.20,0.04,11998691.10,11998691.10,11997631.80,1059.30,0.00
Debt Stock Holdings,2026-03-25,59167989.18,0.00,101.04,101.00,20887.12,0.04,59147102.06,59147102.06,59141880.28,5221.78,0.00
QAW++ Equity Stock Holdings,2026-03-25,45003091.45,0.00,107.16,104.10,1285198.35,2.94,43717893.10,43717893.10,42406896.20,1310996.90,0.00
Equity Stock Holdings,2026-03-25,45003091.45,0.00,107.16,104.10,1285198.35,2.94,43717893.10,43717893.10,42406896.20,1310996.90,0.00
QYE++ Stock Holdings,2026-03-25,47165060.88,0.00,101.05,101.01,16649.92,0.04,47148410.96,47148410.96,47144248.48,4162.48,0.00
QAW++ Stock Holdings,2026-03-25,57006019.75,0.00,105.57,103.19,1289435.55,2.31,55716584.20,55716584.20,54404528.00,1312056.20,0.00
Stock Holdings,2026-03-25,104171080.63,0.00,104.51,103.20,1306085.47,1.27,102864995.16,102864995.16,101548776.48,1316218.68,0.00
Small Cap Mutual Funds,2026-03-25,154633823.90,0.00,93.48,91.82,2747687.84,1.81,151886136.06,151886136.06,148843415.64,3042720.42,-7.41
QYE++ Small Cap Mutual Funds,2026-03-25,154633823.90,0.00,93.48,91.82,2747687.84,1.81,151886136.06,151886136.06,148843415.64,3042720.42,-7.41
QYE++ Mutual Funds,2026-03-25,154633823.90,0.00,93.48,91.82,2747687.84,1.81,151886136.06,151886136.06,148843415.64,3042720.42,-7.41
QYE++ Equity Mutual Funds,2026-03-25,154633823.90,0.00,93.48,91.82,2747687.84,1.81,151886136.06,151886136.06,148843415.64,3042720.42,-7.41
Equity Mutual Funds,2026-03-25,154633823.90,0.00,93.48,91.82,2747687.84,1.81,151886136.06,151886136.06,148843415.64,3042720.42,-7.41
Mutual Funds,2026-03-25,154633823.90,0.00,93.48,91.82,2747687.84,1.81,151886136.06,151886136.06,148843415.64,3042720.42,-7.41
QYE++ Miscellaneous P&L,2026-03-25,0.00,0.00,100.00,100.00,0.00,0.00,0.00,0.00,0.00,0.00,0.00
QAW++ Miscellaneous P&L,2026-03-25,0.00,0.00,100.00,100.00,0.00,0.00,0.00,0.00,0.00,0.00,0.00
Miscellaneous P&L,2026-03-25,0.00,0.00,100.00,100.00,0.00,0.00,0.00,0.00,0.00,0.00,0.00
QYE++ Equity Holdings Tax,2026-03-25,0.00,0.00,100.00,100.00,0.00,0.00,0.00,0.00,0.00,0.00,0.00
QAW++ Equity Holdings Tax,2026-03-25,0.00,0.00,100.00,100.00,0.00,0.00,0.00,0.00,0.00,0.00,0.00
Equity Holdings Tax,2026-03-25,0.00,0.00,100.00,100.00,0.00,0.00,0.00,0.00,0.00,0.00,0.00
QYE++ Total Tax,2026-03-25,-16037.27,16527.57,100.00,100.00,-16037.27,0.00,0.00,-16527.57,0.00,-16527.57,0.00
QAW++ Total Tax,2026-03-25,-4473.39,4574.31,100.00,100.00,-4473.39,0.00,0.00,-4574.31,0.00,-4574.31,0.00
Total Tax,2026-03-25,-20510.66,21101.88,100.00,100.00,-20510.66,0.00,0.00,-21101.88,0.00,0.00,0.00
QYE++ F&O Tax,2026-03-25,-16037.27,16527.57,100.00,100.00,-16037.27,0.00,0.00,-16527.57,0.00,-16527.57,0.00
QAW++ F&O Tax,2026-03-25,-4473.39,4574.31,100.00,100.00,-4473.39,0.00,0.00,-4574.31,0.00,-4574.31,0.00
F&O Tax,2026-03-25,-20510.66,21101.88,100.00,100.00,-20510.66,0.00,0.00,-21101.88,0.00,0.00,0.00
Equity Intraday Tax,2026-03-25,0.00,0.00,100.00,100.00,0.00,0.00,0.00,0.00,0.00,0.00,0.00
MCX Tax,2026-03-25,0.00,0.00,100.00,100.00,0.00,0.00,0.00,0.00,0.00,0.00,0.00
QYE++ Total Other Debits and Credits,2026-03-25,-83.04,0.00,100.00,100.00,-83.04,0.00,0.00,0.00,0.00,0.00,0.00
QAW++ Total Other Debits and Credits,2026-03-25,-23.16,0.00,100.00,100.00,-23.16,0.00,0.00,0.00,0.00,0.00,0.00
Total Other Debits and Credits,2026-03-25,-106.20,0.00,100.00,100.00,-106.20,0.00,0.00,0.00,0.00,0.00,0.00
QYE++ Equity Other Debits and Credits,2026-03-25,-83.04,0.00,100.00,100.00,-83.04,0.00,0.00,0.00,0.00,0.00,0.00
QAW++ Equity Other Debits and Credits,2026-03-25,-23.16,0.00,100.00,100.00,-23.16,0.00,0.00,0.00,0.00,0.00,0.00
Equity Other Debits and Credits,2026-03-25,-106.20,0.00,100.00,100.00,-106.20,0.00,0.00,0.00,0.00,0.00,0.00
QYE++ NPSAR,2026-03-25,27780903.41,-320911.24,103.23,102.85,407120.07,0.37,109495133.36,27694694.58,110594841.32,45984.25,-0.26
QAW++ NPSAR,2026-03-25,7749126.21,-29450.39,100.41,100.04,113560.92,0.37,30542261.16,7665015.68,30609154.76,12726.99,0.00
NPSAR,2026-03-25,35530029.62,-350361.63,103.23,102.85,520680.99,0.37,140037394.52,35359710.26,141203996.08,58711.24,-0.26
QYE++ SPSAR,2026-03-25,28044324.54,518863.50,103.81,103.17,670541.20,0.61,109495133.36,26854919.84,110594841.32,-793790.49,-0.59
QAW++ SPSAR,2026-03-25,7822604.15,202972.70,99.89,99.28,187038.86,0.61,30542261.16,7432592.59,30609154.76,-219696.10,-0.11
SPSAR,2026-03-25,35866928.69,721836.20,103.81,103.17,857580.06,0.61,140037394.52,34287512.43,141203996.08,-1013486.59,-0.59
QYE++ NLONG,2026-03-25,-89804.31,1345823.75,114.72,114.81,-89804.31,-0.08,109495133.01,-1345823.75,110594840.82,-1345823.75,-2.69
QAW++ NLONG,2026-03-25,-25049.76,372481.46,98.70,98.78,-25049.76,-0.08,30542261.07,-372481.46,30609154.62,-372481.46,-1.30
NLONG,2026-03-25,-114854.07,1718305.21,114.72,114.81,-114854.07,-0.08,140037394.08,-1718305.21,141203995.44,-1718305.21,-2.69
QYE++ SLONG,2026-03-25,-309068.25,613428.53,115.93,116.26,-309068.25,-0.28,109495133.01,-613428.53,110594840.82,-613428.53,-0.85
QAW++ SLONG,2026-03-25,-86210.62,169777.62,99.16,99.45,-86210.62,-0.28,30542261.07,-169777.62,30609154.62,-169777.62,-0.84
SLONG,2026-03-25,-395278.87,783206.15,115.93,116.26,-395278.87,-0.28,140037394.08,-783206.15,141203995.44,-783206.15,-0.85
QYE++ PSAR,2026-03-25,55825227.96,197952.25,103.52,103.02,1077661.28,0.49,218990266.71,54549614.43,221189682.64,-747806.23,-0.43
QAW++ PSAR,2026-03-25,15571730.35,173522.32,100.15,99.66,300599.77,0.49,61084522.33,15097608.26,61218309.52,-206969.12,0.00
PSAR,2026-03-25,71396958.31,371474.57,103.52,103.02,1378261.05,0.49,280074789.04,69647222.69,282407992.16,-954775.35,-0.43
QYE++ LONG,2026-03-25,-398872.56,1959252.28,115.35,115.56,-398872.56,-0.18,218990266.03,-1959252.28,221189681.63,-1959252.28,-1.45
QAW++ LONG,2026-03-25,-111260.38,542259.08,98.93,99.11,-111260.38,-0.18,61084522.13,-542259.08,61218309.25,-542259.08,-1.07
LONG,2026-03-25,-510132.94,2501511.36,115.35,115.56,-510132.94,-0.18,280074788.16,-2501511.36,282407990.88,-2501511.36,-1.45
QAW++ DMA1,2026-03-25,0.00,255816.72,98.98,100.00,-255816.72,-1.02,25196175.00,0.00,0.00,0.00,-1.02
DMA1,2026-03-25,0.00,255816.72,98.98,100.00,-255816.72,-1.02,25196175.00,0.00,0.00,0.00,-1.02
QYE++ Total Portfolio Value,2026-03-25,55410318.12,2173732.11,119.03,118.67,662751.45,0.30,218990265.90,52573834.57,221189681.73,-2723586.09,-1.41
QAW++ Total Portfolio Value,2026-03-25,15455996.59,976172.42,98.65,98.77,-70950.72,-0.12,61084522.10,14550774.88,61218309.27,-753802.50,-1.35
Total Portfolio Value,2026-03-25,70866314.71,3149904.53,118.97,118.72,591800.73,0.21,280074788.00,67124609.45,282407991.00,-3477388.59,-1.51
QYE++ Zerodha Total Portfolio,2026-03-25,222008002.33,0.00,114.12,112.36,3410439.29,1.56,218597563.04,218597563.04,218278428.71,319134.33,-2.06
QAW++ Zerodha Total Portfolio,2026-03-25,62210011.23,0.00,103.69,101.63,1235028.55,2.03,60974982.68,60974982.68,60412566.50,562416.18,0.00
Zerodha Total Portfolio,2026-03-25,284218013.56,0.00,114.64,112.77,4645467.84,1.66,279572545.72,279572545.72,278690995.21,881550.51,-1.61
NPSAR1,2026-03-27,2210609.83,146956.01,109.91,106.33,262619.50,3.37,7791961.31,1801034.32,7779855.28,-143929.50,0.00
NPSAR10,2026-03-27,4531870.28,-258936.36,111.47,110.53,148892.08,0.85,17531912.81,4641914.56,17504674.25,265746.00,-1.86
NPSAR11,2026-03-27,4558682.78,-258936.36,106.04,104.99,175704.58,1.00,17531912.81,4641914.56,17504674.25,265746.00,0.00
NPSAR12,2026-03-27,4686836.95,-274872.68,106.60,104.78,303858.75,1.73,17531912.81,4657850.88,17504674.25,281682.32,0.00
NPSAR13,2026-03-27,4686836.95,-284982.71,107.76,105.92,303858.75,1.73,17531912.81,4667960.91,17504674.25,291792.35,0.00
NPSAR2,2026-03-27,1739990.33,262765.48,98.18,100.87,-208000.00,-2.67,7791961.31,1685224.85,7779855.28,-259738.97,-5.91
NPSAR3,2026-03-27,1763617.83,204855.15,97.65,100.02,-184372.50,-2.37,7791961.31,1743135.18,7779855.28,-201828.64,-8.99
NPSAR4,2026-03-27,1791795.33,125973.53,95.10,97.05,-156195.00,-2.00,7791961.31,1822016.80,7779855.28,-122947.02,-5.52
NPSAR5,2026-03-27,1808322.51,57851.87,93.36,95.06,-139667.82,-1.79,7791961.31,1890138.46,7779855.28,-54825.36,-6.64
NPSAR6,2026-03-27,1825177.54,38939.35,98.72,100.30,-122812.79,-1.58,7791961.31,1909050.98,7779855.28,-35912.84,-2.70
NPSAR7,2026-03-27,1862643.33,11730.36,99.57,100.67,-85347.00,-1.10,7791961.31,1936259.97,7779855.28,-8703.85,-1.61
NPSAR8,2026-03-27,1935050.24,-118773.74,95.86,96.02,-12940.09,-0.17,7791961.31,2066764.07,7779855.28,121800.25,-4.14
NPSAR9,2026-03-27,1945524.18,-118773.74,101.73,101.76,-2466.15,-0.03,7791961.31,2066764.07,7779855.28,121800.25,-0.03
SPSAR1,2026-03-27,2075260.33,77812.78,112.01,110.21,127270.00,1.63,7791961.31,1870177.55,7779855.28,-74786.27,0.00
SPSAR10,2026-03-27,4390862.53,-183019.20,106.30,106.25,7884.33,0.04,17531912.81,4565997.40,17504674.25,189828.84,-3.99
SPSAR11,2026-03-27,4423259.71,-179665.05,110.36,110.11,40281.51,0.23,17531912.81,4562643.25,17504674.25,186474.69,0.00
SPSAR12,2026-03-27,4685382.20,-165071.54,109.20,107.35,302404.00,1.72,17531912.81,4548049.74,17504674.25,171881.18,0.00
SPSAR13,2026-03-27,4675699.20,-225253.25,102.12,100.44,292721.00,1.67,17531912.81,4608231.45,17504674.25,232062.89,-0.77
SPSAR2,2026-03-27,1729250.33,186508.96,99.89,102.78,-218740.00,-2.81,7791961.31,1761481.37,7779855.28,-183482.45,-5.30
SPSAR3,2026-03-27,1734180.33,101251.93,97.94,100.70,-213810.00,-2.74,7791961.31,1846738.40,7779855.28,-98225.42,-8.47
SPSAR4,2026-03-27,1734180.33,17196.27,95.94,98.65,-213810.00,-2.74,7791961.31,1930794.06,7779855.28,-14169.76,-5.59
SPSAR5,2026-03-27,1737247.54,-12307.20,91.77,94.32,-210742.79,-2.70,7791961.31,1960297.53,7779855.28,15333.71,-8.51
SPSAR6,2026-03-27,1768732.85,-28401.62,97.15,99.44,-179257.48,-2.30,7791961.31,1976391.95,7779855.28,31428.13,-4.87
SPSAR7,2026-03-27,1813531.27,-149761.60,97.60,99.31,-134459.06,-1.73,7791961.31,2097751.93,7779855.28,152788.11,-2.40
SPSAR8,2026-03-27,1819572.50,-133056.19,102.07,103.78,-128417.83,-1.65,7791961.31,2081046.52,7779855.28,136082.70,-1.65
SPSAR9,2026-03-27,1837811.74,-109337.20,102.86,104.34,-110178.59,-1.41,7791961.31,2057327.53,7779855.28,112363.71,-1.42
NLONG1,2026-03-27,-7513.98,18312.07,110.42,110.56,-7513.98,-0.13,5843970.94,-18312.07,5834891.42,-18312.07,-5.05
NLONG10,2026-03-27,-25413.42,46379.69,115.22,115.72,-25413.42,-0.43,5843970.94,-46379.69,5834891.42,-46379.69,-5.85
NLONG11,2026-03-27,-20295.35,22069.20,114.84,115.24,-20295.35,-0.35,5843970.94,-22069.20,5834891.42,-22069.20,-8.00
NLONG12,2026-03-27,-21940.38,22069.20,119.04,119.49,-21940.38,-0.38,5843970.94,-22069.20,5834891.42,-22069.20,-3.10
NLONG13,2026-03-27,33481.75,-29112.21,118.35,117.68,33481.75,0.57,5843970.94,29112.21,5834891.42,29112.21,0.00
NLONG14,2026-03-27,41500.22,-29931.92,119.28,118.44,41500.22,0.71,5843970.94,29931.92,5834891.42,29931.92,0.00
NLONG15,2026-03-27,37400.79,-1753.33,113.74,113.02,37400.79,0.64,5843970.94,1753.33,5834891.42,1753.33,-1.14
NLONG16,2026-03-27,35855.51,-3324.06,115.87,115.16,35855.51,0.61,5843970.94,3324.06,5834891.42,3324.06,-0.85
NLONG17,2026-03-27,33481.75,-27091.60,120.36,119.67,33481.75,0.57,5843970.94,27091.60,5834891.42,27091.60,0.00
NLONG18,2026-03-27,41500.22,-27160.30,120.04,119.19,41500.22,0.71,5843970.94,27160.30,5834891.42,27160.30,0.00
NLONG19,2026-03-27,37400.79,-1753.33,111.25,110.54,37400.79,0.64,5843970.94,1753.33,5834891.42,1753.33,-0.54
NLONG2,2026-03-27,-23214.65,25368.86,99.38,99.78,-23214.65,-0.40,5843970.94,-25368.86,5834891.42,-25368.86,-6.13
NLONG20,2026-03-27,35855.51,-3324.06,114.12,113.42,35855.51,0.61,5843970.94,3324.06,5834891.42,3324.06,-0.44
NLONG21,2026-03-27,33481.75,-25487.86,122.46,121.76,33481.75,0.57,5843970.94,25487.86,5834891.42,25487.86,0.00
NLONG22,2026-03-27,41500.22,-26346.43,123.15,122.28,41500.22,0.71,5843970.94,26346.43,5834891.42,26346.43,0.00
NLONG23,2026-03-27,37400.79,318.60,121.02,120.25,37400.79,0.64,5843970.94,-318.60,5834891.42,-318.60,-0.08
NLONG24,2026-03-27,32973.57,318.60,124.16,123.46,32973.57,0.56,5843970.94,-318.60,5834891.42,-318.60,0.00
NLONG3,2026-03-27,-21139.13,4452.33,107.99,108.38,-21139.13,-0.36,5843970.94,-4452.33,5834891.42,-4452.33,-8.50
NLONG4,2026-03-27,-27083.04,4452.33,107.71,108.21,-27083.04,-0.46,5843970.94,-4452.33,5834891.42,-4452.33,-7.07
NLONG5,2026-03-27,-9275.29,31450.81,112.53,112.71,-9275.29,-0.16,5843970.94,-31450.81,5834891.42,-31450.81,-6.84
NLONG6,2026-03-27,-30211.83,31334.28,109.74,110.31,-30211.83,-0.52,5843970.94,-31334.28,5834891.42,-31334.28,-6.49
NLONG7,2026-03-27,-8831.70,18577.91,112.62,112.79,-8831.70,-0.15,5843970.94,-18577.91,5834891.42,-18577.91,-7.38
NLONG8,2026-03-27,-18934.43,18577.91,109.72,110.08,-18934.43,-0.32,5843970.94,-18577.91,5834891.42,-18577.91,-7.21
NLONG9,2026-03-27,-20300.93,46457.38,115.37,115.77,-20300.93,-0.35,5843970.94,-46457.38,5834891.42,-46457.38,-6.20
SLONG1,2026-03-27,9044.61,29436.86,111.04,110.87,9044.61,0.15,5843970.94,-29436.86,5834891.42,-29436.86,-5.95
SLONG10,2026-03-27,-5878.75,-12788.07,111.86,111.97,-5878.75,-0.10,5843970.94,12788.07,5834891.42,12788.07,-1.03
SLONG11,2026-03-27,15599.06,61366.26,115.02,114.71,15599.06,0.27,5843970.94,-61366.26,5834891.42,-61366.26,-1.89
SLONG12,2026-03-27,15599.06,7416.95,117.69,117.38,15599.06,0.27,5843970.94,-7416.95,5834891.42,-7416.95,-0.79
SLONG13,2026-03-27,38067.39,-45044.48,116.63,115.88,38067.39,0.65,5843970.94,45044.48,5834891.42,45044.48,0.00
SLONG14,2026-03-27,44805.57,-42074.30,117.71,116.81,44805.57,0.77,5843970.94,42074.30,5834891.42,42074.30,0.00
SLONG15,2026-03-27,8675.15,13017.83,127.68,127.49,8675.15,0.15,5843970.94,-13017.83,5834891.42,-13017.83,-0.08
SLONG16,2026-03-27,7695.84,-5956.66,120.92,120.76,7695.84,0.13,5843970.94,5956.66,5834891.42,5956.66,0.00
SLONG17,2026-03-27,38067.39,-32448.36,117.92,117.16,38067.39,0.65,5843970.94,32448.36,5834891.42,32448.36,0.00
SLONG18,2026-03-27,44805.57,-30631.59,117.18,116.29,44805.57,0.77,5843970.94,30631.59,5834891.42,30631.59,0.00
SLONG19,2026-03-27,8675.15,43590.77,131.28,131.09,8675.15,0.15,5843970.94,-43590.77,5834891.42,-43590.77,-0.61
SLONG2,2026-03-27,-10314.95,2012.30,97.52,97.69,-10314.95,-0.18,5843970.94,-2012.30,5834891.42,-2012.30,-4.56
SLONG20,2026-03-27,7695.84,23062.46,124.09,123.93,7695.84,0.13,5843970.94,-23062.46,5834891.42,-23062.46,-0.27
SLONG21,2026-03-27,38067.39,-32448.36,117.96,117.20,38067.39,0.65,5843970.94,32448.36,5834891.42,32448.36,0.00
SLONG22,2026-03-27,44805.57,-30631.59,115.93,115.05,44805.57,0.77,5843970.94,30631.59,5834891.42,30631.59,0.00
SLONG23,2026-03-27,7990.04,37393.19,134.50,134.32,7990.04,0.14,5843970.94,-37393.19,5834891.42,-37393.19,-0.51
SLONG24,2026-03-27,6579.50,-3216.20,127.35,127.21,6579.50,0.11,5843970.94,3216.20,5834891.42,3216.20,0.00
SLONG3,2026-03-27,27551.44,96951.67,106.25,105.75,27551.44,0.47,5843970.94,-96951.67,5834891.42,-96951.67,-9.55
SLONG4,2026-03-27,21748.66,47522.47,107.40,107.00,21748.66,0.37,5843970.94,-47522.47,5834891.42,-47522.47,-6.09
SLONG5,2026-03-27,4124.75,40995.06,111.10,111.02,4124.75,0.07,5843970.94,-40995.06,5834891.42,-40995.06,-7.58
SLONG6,2026-03-27,-10618.96,7556.82,107.22,107.42,-10618.96,-0.18,5843970.94,-7556.82,5834891.42,-7556.82,-5.25
SLONG7,2026-03-27,26301.92,113747.32,114.60,114.09,26301.92,0.45,5843970.94,-113747.32,5834891.42,-113747.32,-4.55
SLONG8,2026-03-27,21813.14,50656.31,113.09,112.67,21813.14,0.37,5843970.94,-50656.31,5834891.42,-50656.31,-5.95
SLONG9,2026-03-27,-3038.29,55792.21,111.41,111.47,-3038.29,-0.05,5843970.94,-55792.21,5834891.42,-55792.21,-7.41
Gold Stock Holdings,2026-03-27,18248883.10,0.00,108.62,110.25,-273275.20,-1.48,18522158.30,18522158.30,17932132.30,590026.00,-1.48
QAW++ Gold Stock Holdings,2026-03-27,18248883.10,0.00,108.62,110.25,-273275.20,-1.48,18522158.30,18522158.30,17932132.30,590026.00,-1.48
Liquidcase Stock Holdings,2026-03-27,59194098.08,0.00,101.08,101.04,26108.90,0.04,59167989.18,59167989.18,59147102.06,20887.12,0.00
QYE++ Liquidcase Stock Holdings,2026-03-27,47185873.28,0.00,101.09,101.05,20812.40,0.04,47165060.88,47165060.88,47148410.96,16649.92,0.00
QAW++ Liquidcase Stock Holdings,2026-03-27,12008224.80,0.00,100.07,100.03,5296.50,0.04,12002928.30,12002928.30,11998691.10,4237.20,0.00
Low Vol Stock Holdings,2026-03-27,8536961.40,0.00,101.59,103.27,-141106.80,-1.63,8678068.20,8678068.20,8512060.20,166008.00,-1.63
QAW++ Low Vol Stock Holdings,2026-03-27,8536961.40,0.00,101.59,103.27,-141106.80,-1.63,8678068.20,8678068.20,8512060.20,166008.00,-1.63
Momentum Stock Holdings,2026-03-27,17429119.50,0.00,103.79,106.02,-373745.45,-2.10,17802864.95,17802864.95,17273700.60,529164.35,-2.10
QAW++ Momentum Stock Holdings,2026-03-27,17429119.50,0.00,103.79,106.02,-373745.45,-2.10,17802864.95,17802864.95,17273700.60,529164.35,-2.10
QYE++ Debt Stock Holdings,2026-03-27,47185873.28,0.00,101.09,101.05,20812.40,0.04,47165060.88,47165060.88,47148410.96,16649.92,0.00
QAW++ Debt Stock Holdings,2026-03-27,12008224.80,0.00,100.07,100.03,5296.50,0.04,12002928.30,12002928.30,11998691.10,4237.20,0.00
Debt Stock Holdings,2026-03-27,59194098.08,0.00,101.08,101.04,26108.90,0.04,59167989.18,59167989.18,59147102.06,20887.12,0.00
QAW++ Equity Stock Holdings,2026-03-27,44214964.00,0.00,105.28,107.16,-788127.45,-1.75,45003091.45,45003091.45,43717893.10,1285198.35,-1.75
Equity Stock Holdings,2026-03-27,44214964.00,0.00,105.28,107.16,-788127.45,-1.75,45003091.45,45003091.45,43717893.10,1285198.35,-1.75
QYE++ Stock Holdings,2026-03-27,47185873.28,0.00,101.09,101.05,20812.40,0.04,47165060.88,47165060.88,47148410.96,16649.92,0.00
QAW++ Stock Holdings,2026-03-27,56223188.80,0.00,104.12,105.57,-782830.95,-1.37,57006019.75,57006019.75,55716584.20,1289435.55,-1.37
Stock Holdings,2026-03-27,103409062.08,0.00,103.75,104.51,-762018.55,-0.73,104171080.63,104171080.63,102864995.16,1306085.47,-0.73
Small Cap Mutual Funds,2026-03-27,151420457.66,0.00,91.54,93.48,-3213366.24,-2.08,154633823.90,154633823.90,151886136.06,2747687.84,-9.33
QYE++ Small Cap Mutual Funds,2026-03-27,151420457.66,0.00,91.54,93.48,-3213366.24,-2.08,154633823.90,154633823.90,151886136.06,2747687.84,-9.33
QYE++ Mutual Funds,2026-03-27,151420457.66,0.00,91.54,93.48,-3213366.24,-2.08,154633823.90,154633823.90,151886136.06,2747687.84,-9.33
QYE++ Equity Mutual Funds,2026-03-27,151420457.66,0.00,91.54,93.48,-3213366.24,-2.08,154633823.90,154633823.90,151886136.06,2747687.84,-9.33
Equity Mutual Funds,2026-03-27,151420457.66,0.00,91.54,93.48,-3213366.24,-2.08,154633823.90,154633823.90,151886136.06,2747687.84,-9.33
Mutual Funds,2026-03-27,151420457.66,0.00,91.54,93.48,-3213366.24,-2.08,154633823.90,154633823.90,151886136.06,2747687.84,-9.33
QYE++ Miscellaneous P&L,2026-03-27,0.00,0.00,100.00,100.00,0.00,0.00,0.00,0.00,0.00,0.00,0.00
QAW++ Miscellaneous P&L,2026-03-27,0.00,0.00,100.00,100.00,0.00,0.00,0.00,0.00,0.00,0.00,0.00
Miscellaneous P&L,2026-03-27,0.00,0.00,100.00,100.00,0.00,0.00,0.00,0.00,0.00,0.00,0.00
QYE++ Equity Holdings Tax,2026-03-27,0.00,0.00,100.00,100.00,0.00,0.00,0.00,0.00,0.00,0.00,0.00
QAW++ Equity Holdings Tax,2026-03-27,0.00,0.00,100.00,100.00,0.00,0.00,0.00,0.00,0.00,0.00,0.00
Equity Holdings Tax,2026-03-27,0.00,0.00,100.00,100.00,0.00,0.00,0.00,0.00,0.00,0.00,0.00
QYE++ Total Tax,2026-03-27,-12314.49,16037.27,100.00,100.00,-12314.49,0.00,0.00,-16037.27,0.00,-16037.27,0.00
QAW++ Total Tax,2026-03-27,-3450.71,4473.39,100.00,100.00,-3450.71,0.00,0.00,-4473.39,0.00,-4473.39,0.00
Total Tax,2026-03-27,-15765.20,20510.66,100.00,100.00,-15765.20,0.00,0.00,-20510.66,0.00,0.00,0.00
QYE++ F&O Tax,2026-03-27,-12314.49,16037.27,100.00,100.00,-12314.49,0.00,0.00,-16037.27,0.00,-16037.27,0.00
QAW++ F&O Tax,2026-03-27,-3450.71,4473.39,100.00,100.00,-3450.71,0.00,0.00,-4473.39,0.00,-4473.39,0.00
F&O Tax,2026-03-27,-15765.20,20510.66,100.00,100.00,-15765.20,0.00,0.00,-20510.66,0.00,0.00,0.00
Equity Intraday Tax,2026-03-27,0.00,0.00,100.00,100.00,0.00,0.00,0.00,0.00,0.00,0.00,0.00
MCX Tax,2026-03-27,0.00,0.00,100.00,100.00,0.00,0.00,0.00,0.00,0.00,0.00,0.00
QYE++ Total Other Debits and Credits,2026-03-27,0.00,83.04,100.00,100.00,0.00,0.00,0.00,-83.04,0.00,-83.04,0.00
QAW++ Total Other Debits and Credits,2026-03-27,0.00,23.16,100.00,100.00,0.00,0.00,0.00,-23.16,0.00,-23.16,0.00
Total Other Debits and Credits,2026-03-27,0.00,106.20,100.00,100.00,0.00,0.00,0.00,-106.20,0.00,0.00,0.00
QYE++ Equity Other Debits and Credits,2026-03-27,0.00,83.04,100.00,100.00,0.00,0.00,0.00,-83.04,0.00,-83.04,0.00
QAW++ Equity Other Debits and Credits,2026-03-27,0.00,23.16,100.00,100.00,0.00,0.00,0.00,-23.16,0.00,-23.16,0.00
Equity Other Debits and Credits,2026-03-27,0.00,106.20,100.00,100.00,0.00,0.00,0.00,-106.20,0.00,0.00,0.00
QYE++ NPSAR,2026-03-27,27610169.57,-391893.78,103.44,103.23,221159.94,0.20,109556038.52,27780903.41,109495133.36,407120.07,-0.06
QAW++ NPSAR,2026-03-27,7736788.50,-74310.08,100.62,100.41,61972.37,0.20,30699264.51,7749126.21,30542261.16,113560.92,0.00
NPSAR,2026-03-27,35346958.07,-466203.85,103.44,103.23,283132.31,0.20,140255303.03,35530029.62,140037394.52,520680.99,-0.06
QYE++ SPSAR,2026-03-27,26889988.12,-655314.91,103.33,103.81,-499021.51,-0.46,109556038.52,28044324.54,109495133.36,670541.20,-1.05
QAW++ SPSAR,2026-03-27,7534982.73,-147788.02,99.44,99.89,-139833.40,-0.46,30699264.51,7822604.15,30542261.16,187038.86,-0.56
SPSAR,2026-03-27,34424970.85,-803102.92,103.33,103.81,-638854.91,-0.46,140255303.03,35866928.69,140037394.52,857580.06,-1.05
QYE++ NLONG,2026-03-27,162221.75,89804.31,114.89,114.72,162221.75,0.15,109556038.15,-89804.31,109495133.01,-89804.31,-2.55
QAW++ NLONG,2026-03-27,45456.99,25049.76,98.85,98.70,45456.99,0.15,30699264.41,-25049.76,30542261.07,-25049.76,-1.15
NLONG,2026-03-27,207678.74,114854.07,114.89,114.72,207678.74,0.15,140255302.56,-114854.07,140037394.08,-114854.07,-2.55
QYE++ SLONG,2026-03-27,318588.70,309068.25,116.27,115.93,318588.70,0.29,109556038.15,-309068.25,109495133.01,-309068.25,-0.56
QAW++ SLONG,2026-03-27,89273.39,86210.62,99.45,99.16,89273.39,0.29,30699264.41,-86210.62,30542261.07,-86210.62,-0.55
SLONG,2026-03-27,407862.09,395278.87,116.27,115.93,407862.09,0.29,140255302.56,-395278.87,140037394.08,-395278.87,-0.56
QYE++ PSAR,2026-03-27,54500157.69,-1047208.70,103.39,103.52,-277861.57,-0.13,219112077.04,55825227.96,218990266.71,1077661.28,-0.55
QAW++ PSAR,2026-03-27,15271771.23,-222098.10,100.03,100.15,-77861.03,-0.13,61398529.02,15571730.35,61084522.33,300599.77,-0.13
PSAR,2026-03-27,69771928.92,-1269306.78,103.39,103.52,-355722.60,-0.13,280510606.06,71396958.31,280074789.04,1378261.05,-0.55
QYE++ LONG,2026-03-27,480810.45,398872.56,115.61,115.35,480810.45,0.22,219112076.31,-398872.56,218990266.03,-398872.56,-1.24
QAW++ LONG,2026-03-27,134730.38,111260.38,99.15,98.93,134730.38,0.22,61398528.81,-111260.38,61084522.13,-111260.38,-0.85
LONG,2026-03-27,615540.83,510132.94,115.61,115.35,615540.83,0.22,280510605.12,-510132.94,280074788.16,-510132.94,-1.24
QAW++ DMA1,2026-03-27,251056.00,254225.27,98.97,98.98,-3169.27,-0.01,25785760.00,0.00,25196175.00,-255816.72,-1.03
DMA1,2026-03-27,251056.00,254225.27,98.97,98.98,-3169.27,-0.01,25785760.00,0.00,25196175.00,-255816.72,-1.03
QYE++ Total Portfolio Value,2026-03-27,54968653.64,-632298.87,119.13,119.03,190634.38,0.09,219112076.21,55410318.12,218990265.90,662751.45,-1.32
QAW++ Total Portfolio Value,2026-03-27,15654106.90,147860.94,98.73,98.65,50249.38,0.08,61398528.79,15455996.59,61084522.10,-70950.72,-1.27
Total Portfolio Value,2026-03-27,70622760.54,-484437.90,119.08,118.97,240883.76,0.09,280510605.00,70866314.71,280074788.00,591800.73,-1.42
QYE++ Zerodha Total Portfolio,2026-03-27,218985270.48,0.00,112.56,114.12,-3022731.85,-1.36,222008002.33,222008002.33,218597563.04,3410439.29,-3.39
QAW++ Zerodha Total Portfolio,2026-03-27,61498242.06,0.00,102.51,103.69,-711769.17,-1.14,62210011.23,62210011.23,60974982.68,1235028.55,-1.14
Zerodha Total Portfolio,2026-03-27,280483512.53,0.00,113.14,114.64,-3734501.03,-1.31,284218013.56,284218013.56,279572545.72,4645467.84,-2.90
NPSAR1,2026-03-30,2104926.09,-237029.20,111.74,109.91,131345.45,1.66,7894322.54,2210609.83,7791961.31,262619.50,0.00
NPSAR10,2026-03-30,4586723.12,-91313.89,112.39,111.47,146166.73,0.82,17762225.56,4531870.28,17531912.81,148892.08,-1.05
NPSAR11,2026-03-30,4586266.04,-118126.39,106.91,106.04,145709.65,0.82,17762225.56,4558682.78,17531912.81,175704.58,0.00
NPSAR12,2026-03-30,4473268.57,-246280.56,106.80,106.60,32712.18,0.18,17762225.56,4686836.95,17531912.81,303858.75,0.00
NPSAR13,2026-03-30,4460369.91,-246280.56,107.88,107.76,19813.52,0.11,17762225.56,4686836.95,17531912.81,303858.75,0.00
NPSAR2,2026-03-30,2050475.59,233590.31,99.14,98.18,76894.95,0.97,7894322.54,1739990.33,7791961.31,-208000.00,-4.99
NPSAR3,2026-03-30,1848862.72,209962.81,96.11,97.65,-124717.92,-1.58,7894322.54,1763617.83,7791961.31,-184372.50,-10.43
NPSAR4,2026-03-30,1856441.14,181785.31,93.69,95.10,-117139.50,-1.48,7894322.54,1791795.33,7791961.31,-156195.00,-6.92
NPSAR5,2026-03-30,2129071.50,165258.13,95.20,93.36,155490.86,1.97,7894322.54,1808322.51,7791961.31,-139667.82,-4.80
NPSAR6,2026-03-30,2097359.20,148403.10,100.27,98.72,123778.56,1.57,7894322.54,1825177.54,7791961.31,-122812.79,-1.17
NPSAR7,2026-03-30,2080320.53,110937.31,100.92,99.57,106739.89,1.35,7894322.54,1862643.33,7791961.31,-85347.00,-0.28
NPSAR8,2026-03-30,2079269.18,38530.40,97.14,95.86,105688.54,1.34,7894322.54,1935050.24,7791961.31,-12940.09,-2.86
NPSAR9,2026-03-30,2064438.55,28056.46,102.90,101.73,90857.91,1.15,7894322.54,1945524.18,7791961.31,-2466.15,0.00
SPSAR1,2026-03-30,2052090.64,-101679.70,113.12,112.01,78510.00,0.99,7894322.54,2075260.33,7791961.31,127270.00,0.00
SPSAR10,2026-03-30,4729924.39,49693.86,108.03,106.30,289368.00,1.63,17762225.56,4390862.53,17531912.81,7884.33,-2.43
SPSAR11,2026-03-30,4719100.39,17296.68,112.09,110.36,278544.00,1.57,17762225.56,4423259.71,17531912.81,40281.51,0.00
SPSAR12,2026-03-30,4629777.39,-244825.81,110.36,109.20,189221.00,1.07,17762225.56,4685382.20,17531912.81,302404.00,0.00
SPSAR13,2026-03-30,4621129.39,-235142.81,103.16,102.12,180573.00,1.02,17762225.56,4675699.20,17531912.81,292721.00,0.00
SPSAR2,2026-03-30,2073119.91,244330.31,101.15,99.89,99539.27,1.26,7894322.54,1729250.33,7791961.31,-218740.00,-4.11
SPSAR3,2026-03-30,1913575.74,239400.31,97.20,97.94,-60004.90,-0.76,7894322.54,1734180.33,7791961.31,-213810.00,-9.16
SPSAR4,2026-03-30,1913575.74,239400.31,95.21,95.94,-60004.90,-0.76,7894322.54,1734180.33,7791961.31,-213810.00,-6.31
SPSAR5,2026-03-30,2162065.64,236333.10,93.96,91.77,188485.00,2.39,7894322.54,1737247.54,7791961.31,-210742.79,-6.33
SPSAR6,2026-03-30,2147424.64,204847.79,99.29,97.15,173844.00,2.20,7894322.54,1768732.85,7791961.31,-179257.48,-2.77
SPSAR7,2026-03-30,2139504.64,160049.37,99.65,97.60,165924.00,2.10,7894322.54,1813531.27,7791961.31,-134459.06,-0.35
SPSAR8,2026-03-30,2139504.64,154008.14,104.22,102.07,165924.00,2.10,7894322.54,1819572.50,7791961.31,-128417.83,0.00
SPSAR9,2026-03-30,2133267.64,135768.90,104.94,102.86,159687.00,2.02,7894322.54,1837811.74,7791961.31,-110178.59,0.00
NLONG1,2026-03-30,27767.66,7513.98,110.94,110.42,27767.66,0.47,5920741.85,-7513.98,5843970.94,-7513.98,-4.60
NLONG10,2026-03-30,63123.25,25413.42,116.45,115.22,63123.25,1.07,5920741.85,-25413.42,5843970.94,-25413.42,-4.85
NLONG11,2026-03-30,172287.79,20295.35,118.18,114.84,172287.79,2.91,5920741.85,-20295.35,5843970.94,-20295.35,-5.32
NLONG12,2026-03-30,130170.19,21940.38,121.66,119.04,130170.19,2.20,5920741.85,-21940.38,5843970.94,-21940.38,-0.97
NLONG13,2026-03-30,38751.45,-33481.75,119.12,118.35,38751.45,0.65,5920741.85,33481.75,5843970.94,33481.75,0.00
NLONG14,2026-03-30,18575.56,-41500.22,119.65,119.28,18575.56,0.31,5920741.85,41500.22,5843970.94,41500.22,0.00
NLONG15,2026-03-30,-24701.66,-37400.79,113.27,113.74,-24701.66,-0.42,5920741.85,37400.79,5843970.94,37400.79,-1.55
NLONG16,2026-03-30,1398.38,-35855.51,115.90,115.87,1398.38,0.02,5920741.85,35855.51,5843970.94,35855.51,-0.82
NLONG17,2026-03-30,76318.48,-33481.75,121.91,120.36,76318.48,1.29,5920741.85,33481.75,5843970.94,33481.75,0.00
NLONG18,2026-03-30,56753.38,-41500.22,121.19,120.04,56753.38,0.96,5920741.85,41500.22,5843970.94,41500.22,0.00
NLONG19,2026-03-30,189184.45,-37400.79,114.80,111.25,189184.45,3.20,5920741.85,37400.79,5843970.94,37400.79,0.00
NLONG2,2026-03-30,20990.99,23214.65,99.73,99.38,20990.99,0.35,5920741.85,-23214.65,5843970.94,-23214.65,-5.80
NLONG20,2026-03-30,-1444.81,-35855.51,114.09,114.12,-1444.81,-0.02,5920741.85,35855.51,5843970.94,35855.51,-0.46
NLONG21,2026-03-30,76318.48,-33481.75,124.04,122.46,76318.48,1.29,5920741.85,33481.75,5843970.94,33481.75,0.00
NLONG22,2026-03-30,57643.01,-41500.22,124.35,123.15,57643.01,0.97,5920741.85,41500.22,5843970.94,41500.22,0.00
NLONG23,2026-03-30,140835.79,-37400.79,123.90,121.02,140835.79,2.38,5920741.85,37400.79,5843970.94,37400.79,0.00
NLONG24,2026-03-30,152236.45,-32973.57,127.35,124.16,152236.45,2.57,5920741.85,32973.57,5843970.94,32973.57,0.00
NLONG3,2026-03-30,-29331.92,21139.13,107.46,107.99,-29331.92,-0.50,5920741.85,-21139.13,5843970.94,-21139.13,-8.95
NLONG4,2026-03-30,14659.18,27083.04,107.98,107.71,14659.18,0.25,5920741.85,-27083.04,5843970.94,-27083.04,-6.83
NLONG5,2026-03-30,89796.98,9275.29,114.24,112.53,89796.98,1.52,5920741.85,-9275.29,5843970.94,-9275.29,-5.42
NLONG6,2026-03-30,63123.25,30211.83,110.91,109.74,63123.25,1.07,5920741.85,-30211.83,5843970.94,-30211.83,-5.50
NLONG7,2026-03-30,179516.32,8831.70,116.03,112.62,179516.32,3.03,5920741.85,-8831.70,5843970.94,-8831.70,-4.57
NLONG8,2026-03-30,130170.19,18934.43,112.13,109.72,130170.19,2.20,5920741.85,-18934.43,5843970.94,-18934.43,-5.17
NLONG9,2026-03-30,83847.01,20300.93,117.00,115.37,83847.01,1.42,5920741.85,-20300.93,5843970.94,-20300.93,-4.87
SLONG1,2026-03-30,62539.98,-9044.61,112.21,111.04,62539.98,1.06,5920741.85,9044.61,5843970.94,9044.61,-4.96
SLONG10,2026-03-30,43958.87,5878.75,112.69,111.86,43958.87,0.74,5920741.85,-5878.75,5843970.94,-5878.75,-0.29
SLONG11,2026-03-30,62269.75,-15599.06,116.23,115.02,62269.75,1.05,5920741.85,15599.06,5843970.94,15599.06,-0.86
SLONG12,2026-03-30,45696.88,-15599.06,118.60,117.69,45696.88,0.77,5920741.85,15599.06,5843970.94,15599.06,-0.03
SLONG13,2026-03-30,6250.01,-38067.39,116.75,116.63,6250.01,0.11,5920741.85,38067.39,5843970.94,38067.39,0.00
SLONG14,2026-03-30,-4620.37,-44805.57,117.62,117.71,-4620.37,-0.08,5920741.85,44805.57,5843970.94,44805.57,-0.08
SLONG15,2026-03-30,7775.24,-8675.15,127.85,127.68,7775.24,0.13,5920741.85,8675.15,5843970.94,8675.15,0.00
SLONG16,2026-03-30,1038.51,-7695.84,120.94,120.92,1038.51,0.02,5920741.85,7695.84,5843970.94,7695.84,0.00
SLONG17,2026-03-30,59440.69,-38067.39,119.10,117.92,59440.69,1.00,5920741.85,38067.39,5843970.94,38067.39,0.00
SLONG18,2026-03-30,49177.02,-44805.57,118.15,117.18,49177.02,0.83,5920741.85,44805.57,5843970.94,44805.57,0.00
SLONG19,2026-03-30,58172.41,-8675.15,132.57,131.28,58172.41,0.98,5920741.85,8675.15,5843970.94,8675.15,0.00
SLONG2,2026-03-30,-7779.93,10314.95,97.39,97.52,-7779.93,-0.13,5920741.85,-10314.95,5843970.94,-10314.95,-4.69
SLONG20,2026-03-30,52042.39,-7695.84,125.18,124.09,52042.39,0.88,5920741.85,7695.84,5843970.94,7695.84,0.00
SLONG21,2026-03-30,59440.69,-38067.39,119.14,117.96,59440.69,1.00,5920741.85,38067.39,5843970.94,38067.39,0.00
SLONG22,2026-03-30,49177.02,-44805.57,116.89,115.93,49177.02,0.83,5920741.85,44805.57,5843970.94,44805.57,0.00
SLONG23,2026-03-30,48877.22,-7990.04,135.61,134.50,48877.22,0.83,5920741.85,7990.04,5843970.94,7990.04,0.00
SLONG24,2026-03-30,42140.49,-6579.50,128.26,127.35,42140.49,0.71,5920741.85,6579.50,5843970.94,6579.50,0.00
SLONG3,2026-03-30,61087.72,-27551.44,107.35,106.25,61087.72,1.03,5920741.85,27551.44,5843970.94,27551.44,-8.61
SLONG4,2026-03-30,-3082.71,-21748.66,107.34,107.40,-3082.71,-0.05,5920741.85,21748.66,5843970.94,21748.66,-6.14
SLONG5,2026-03-30,62539.98,-4124.75,112.27,111.10,62539.98,1.06,5920741.85,4124.75,5843970.94,4124.75,-6.61
SLONG6,2026-03-30,44249.90,10618.96,108.02,107.22,44249.90,0.75,5920741.85,-10618.96,5843970.94,-10618.96,-4.54
SLONG7,2026-03-30,59103.90,-26301.92,115.74,114.60,59103.90,1.00,5920741.85,26301.92,5843970.94,26301.92,-3.60
SLONG8,2026-03-30,46786.45,-21813.14,113.98,113.09,46786.45,0.79,5920741.85,21813.14,5843970.94,21813.14,-5.21
SLONG9,2026-03-30,56683.57,3038.29,112.48,111.41,56683.57,0.96,5920741.85,-3038.29,5843970.94,-3038.29,-6.52
Gold Stock Holdings,2026-03-30,18817171.30,0.00,112.00,108.62,568288.20,3.11,18248883.10,18248883.10,18522158.30,-273275.20,0.00
QAW++ Gold Stock Holdings,2026-03-30,18817171.30,0.00,112.00,108.62,568288.20,3.11,18248883.10,18248883.10,18522158.30,-273275.20,0.00
Liquidcase Stock Holdings,2026-03-30,59220206.98,0.00,101.12,101.08,26108.90,0.04,59194098.08,59194098.08,59167989.18,26108.90,0.00
QYE++ Liquidcase Stock Holdings,2026-03-30,47206685.68,0.00,101.13,101.09,20812.40,0.04,47185873.28,47185873.28,47165060.88,20812.40,0.00
QAW++ Liquidcase Stock Holdings,2026-03-30,12013521.30,0.00,100.11,100.07,5296.50,0.04,12008224.80,12008224.80,12002928.30,5296.50,0.00
Low Vol Stock Holdings,2026-03-30,8420755.80,0.00,100.21,101.59,-116205.60,-1.36,8536961.40,8536961.40,8678068.20,-141106.80,-2.96
QAW++ Low Vol Stock Holdings,2026-03-30,8420755.80,0.00,100.21,101.59,-116205.60,-1.36,8536961.40,8536961.40,8678068.20,-141106.80,-2.96
Momentum Stock Holdings,2026-03-30,16848148.85,0.00,100.33,103.79,-580970.65,-3.33,17429119.50,17429119.50,17802864.95,-373745.45,-5.37
QAW++ Momentum Stock Holdings,2026-03-30,16848148.85,0.00,100.33,103.79,-580970.65,-3.33,17429119.50,17429119.50,17802864.95,-373745.45,-5.37
QYE++ Debt Stock Holdings,2026-03-30,47206685.68,0.00,101.13,101.09,20812.40,0.04,47185873.28,47185873.28,47165060.88,20812.40,0.00
QAW++ Debt Stock Holdings,2026-03-30,12013521.30,0.00,100.11,100.07,5296.50,0.04,12008224.80,12008224.80,12002928.30,5296.50,0.00
Debt Stock Holdings,2026-03-30,59220206.98,0.00,101.12,101.08,26108.90,0.04,59194098.08,59194098.08,59167989.18,26108.90,0.00
QAW++ Equity Stock Holdings,2026-03-30,44086075.95,0.00,104.97,105.28,-128888.05,-0.29,44214964.00,44214964.00,45003091.45,-788127.45,-2.04
Equity Stock Holdings,2026-03-30,44086075.95,0.00,104.97,105.28,-128888.05,-0.29,44214964.00,44214964.00,45003091.45,-788127.45,-2.04
QYE++ Stock Holdings,2026-03-30,47206685.68,0.00,101.13,101.09,20812.40,0.04,47185873.28,47185873.28,47165060.88,20812.40,0.00
QAW++ Stock Holdings,2026-03-30,56099597.25,0.00,103.89,104.12,-123591.55,-0.22,56223188.80,56223188.80,57006019.75,-782830.95,-1.59
Stock Holdings,2026-03-30,103306282.93,0.00,103.65,103.75,-102779.15,-0.10,103409062.08,103409062.08,104171080.63,-762018.55,-0.82
Small Cap Mutual Funds,2026-03-30,148184548.64,0.00,89.58,91.54,-3235909.02,-2.14,151420457.66,151420457.66,154633823.90,-3213366.24,-11.27
QYE++ Small Cap Mutual Funds,2026-03-30,148184548.64,0.00,89.58,91.54,-3235909.02,-2.14,151420457.66,151420457.66,154633823.90,-3213366.24,-11.27
QYE++ Mutual Funds,2026-03-30,148184548.64,0.00,89.58,91.54,-3235909.02,-2.14,151420457.66,151420457.66,154633823.90,-3213366.24,-11.27
QYE++ Equity Mutual Funds,2026-03-30,148184548.64,0.00,89.58,91.54,-3235909.02,-2.14,151420457.66,151420457.66,154633823.90,-3213366.24,-11.27
Equity Mutual Funds,2026-03-30,148184548.64,0.00,89.58,91.54,-3235909.02,-2.14,151420457.66,151420457.66,154633823.90,-3213366.24,-11.27
Mutual Funds,2026-03-30,148184548.64,0.00,89.58,91.54,-3235909.02,-2.14,151420457.66,151420457.66,154633823.90,-3213366.24,-11.27
QYE++ Miscellaneous P&L,2026-03-30,0.00,0.00,100.00,100.00,0.00,0.00,0.00,0.00,0.00,0.00,0.00
QAW++ Miscellaneous P&L,2026-03-30,0.00,0.00,100.00,100.00,0.00,0.00,0.00,0.00,0.00,0.00,0.00
Miscellaneous P&L,2026-03-30,0.00,0.00,100.00,100.00,0.00,0.00,0.00,0.00,0.00,0.00,0.00
QYE++ Equity Holdings Tax,2026-03-30,0.00,0.00,100.00,100.00,0.00,0.00,0.00,0.00,0.00,0.00,0.00
QAW++ Equity Holdings Tax,2026-03-30,0.00,0.00,100.00,100.00,0.00,0.00,0.00,0.00,0.00,0.00,0.00
Equity Holdings Tax,2026-03-30,0.00,0.00,100.00,100.00,0.00,0.00,0.00,0.00,0.00,0.00,0.00
QYE++ Total Tax,2026-03-30,-22462.21,12314.49,100.00,100.00,-22462.21,0.00,0.00,-12314.49,0.00,-12314.49,0.00
QAW++ Total Tax,2026-03-30,-6308.12,3450.71,100.00,100.00,-6308.12,0.00,0.00,-3450.71,0.00,-3450.71,0.00
Total Tax,2026-03-30,-28770.33,15765.20,100.00,100.00,-28770.33,0.00,0.00,-15765.20,0.00,0.00,0.00
QYE++ F&O Tax,2026-03-30,-22462.21,12314.49,100.00,100.00,-22462.21,0.00,0.00,-12314.49,0.00,-12314.49,0.00
QAW++ F&O Tax,2026-03-30,-6308.12,3450.71,100.00,100.00,-6308.12,0.00,0.00,-3450.71,0.00,-3450.71,0.00
F&O Tax,2026-03-30,-28770.33,15765.20,100.00,100.00,-28770.33,0.00,0.00,-15765.20,0.00,0.00,0.00
Equity Intraday Tax,2026-03-30,0.00,0.00,100.00,100.00,0.00,0.00,0.00,0.00,0.00,0.00,0.00
MCX Tax,2026-03-30,0.00,0.00,100.00,100.00,0.00,0.00,0.00,0.00,0.00,0.00,0.00
QYE++ Total Other Debits and Credits,2026-03-30,0.00,0.00,100.00,100.00,0.00,0.00,0.00,0.00,0.00,0.00,0.00
QAW++ Total Other Debits and Credits,2026-03-30,0.00,0.00,100.00,100.00,0.00,0.00,0.00,0.00,0.00,0.00,0.00
Total Other Debits and Credits,2026-03-30,0.00,0.00,100.00,100.00,0.00,0.00,0.00,0.00,0.00,0.00,0.00
QYE++ Equity Other Debits and Credits,2026-03-30,0.00,0.00,100.00,100.00,0.00,0.00,0.00,0.00,0.00,0.00,0.00
QAW++ Equity Other Debits and Credits,2026-03-30,0.00,0.00,100.00,100.00,0.00,0.00,0.00,0.00,0.00,0.00,0.00
Equity Other Debits and Credits,2026-03-30,0.00,0.00,100.00,100.00,0.00,0.00,0.00,0.00,0.00,0.00,0.00
QYE++ NPSAR,2026-03-30,28432901.39,125263.08,104.09,103.44,697468.74,0.63,110941730.59,27610169.57,109556038.52,221159.94,0.00
QAW++ NPSAR,2026-03-30,7984890.71,52230.13,101.25,100.62,195872.08,0.63,31156074.51,7736788.50,30699264.51,61972.37,0.00
NPSAR,2026-03-30,36417792.10,177493.19,104.09,103.44,893340.82,0.63,142097805.10,35346958.07,140255303.03,283132.31,0.00
QYE++ SPSAR,2026-03-30,29179500.52,845444.53,104.68,103.33,1444067.88,1.30,110941730.59,26889988.12,109556038.52,-499021.51,0.00
QAW++ SPSAR,2026-03-30,8194560.22,254035.90,100.73,99.44,405541.59,1.30,31156074.51,7534982.73,30699264.51,-139833.40,0.00
SPSAR,2026-03-30,37374060.75,1099480.42,104.68,103.33,1849609.47,1.30,142097805.10,34424970.85,140255303.03,-638854.91,0.00
QYE++ NLONG,2026-03-30,1349114.32,-162221.75,116.28,114.89,1349114.32,1.22,110941730.05,162221.75,109556038.15,162221.75,-1.36
QAW++ NLONG,2026-03-30,378875.53,-45456.99,100.05,98.85,378875.53,1.22,31156074.35,45456.99,30699264.41,45456.99,0.00
NLONG,2026-03-30,1727989.85,-207678.74,116.28,114.89,1727989.85,1.22,142097804.40,207678.74,140255302.56,207678.74,-1.36
QYE++ SLONG,2026-03-30,751827.79,-318588.70,117.06,116.27,751827.79,0.68,110941730.05,318588.70,109556038.15,318588.70,0.00
QAW++ SLONG,2026-03-30,211137.89,-89273.39,100.13,99.45,211137.89,0.68,31156074.35,89273.39,30699264.41,89273.39,0.00
SLONG,2026-03-30,962965.68,-407862.09,117.06,116.27,962965.68,0.68,142097804.40,407862.09,140255302.56,407862.09,0.00
QYE++ PSAR,2026-03-30,57612401.91,970707.61,104.39,103.39,2141536.61,0.97,221883461.19,54500157.69,219112077.04,-277861.57,0.00
QAW++ PSAR,2026-03-30,16179450.93,306266.03,100.99,100.03,601413.68,0.97,62312149.01,15271771.23,61398529.02,-77861.03,0.00
PSAR,2026-03-30,73791852.84,1276973.61,104.39,103.39,2742950.29,0.97,284195610.20,69771928.91,280510606.06,-355722.60,0.00
QYE++ LONG,2026-03-30,2100942.12,-480810.45,116.70,115.61,2100942.12,0.95,221883460.10,480810.45,219112076.31,480810.45,-0.30
QAW++ LONG,2026-03-30,590013.41,-134730.38,100.09,99.15,590013.41,0.95,62312148.70,134730.38,61398528.81,134730.38,0.00
LONG,2026-03-30,2690955.53,-615540.83,116.70,115.61,2690955.53,0.95,284195608.80,615540.83,280510605.12,615540.83,-0.30
QAW++ DMA1,2026-03-30,800046.00,241638.09,100.15,98.97,307351.91,1.19,25785760.00,251056.00,25785760.00,-3169.27,0.00
DMA1,2026-03-30,800046.00,241638.09,100.15,98.97,307351.91,1.19,25785760.00,251056.00,25785760.00,-3169.27,0.00
QYE++ Total Portfolio Value,2026-03-30,59690881.82,502211.66,121.40,119.13,4220016.52,1.90,221883460.25,54968653.64,219112076.21,190634.38,0.00
QAW++ Total Portfolio Value,2026-03-30,17563202.22,416624.44,101.10,98.73,1492470.88,2.40,62312148.75,15654106.90,61398528.79,50249.38,0.00
Total Portfolio Value,2026-03-30,77254084.04,918836.07,121.47,119.08,5712487.40,2.01,284195609.00,70622760.54,280510605.00,240883.76,0.00
QYE++ Zerodha Total Portfolio,2026-03-30,219969377.98,0.00,113.07,112.56,984107.50,0.45,218985270.48,218985270.48,222008002.33,-3022731.85,-2.96
QAW++ Zerodha Total Portfolio,2026-03-30,62887933.79,0.00,104.82,102.51,1389691.73,2.26,61498242.06,61498242.06,62210011.23,-711769.17,0.00
Zerodha Total Portfolio,2026-03-30,282857311.76,0.00,114.10,113.14,2373799.23,0.85,280483512.53,280483512.53,284218013.56,-3734501.03,-2.07
NPSAR1,2026-04-01,1880102.34,-122971.99,110.30,111.74,-101851.75,-1.28,7927816.37,2104926.08,7894322.54,131345.45,-1.29
NPSAR10,2026-04-01,3943478.37,-127326.45,109.14,112.39,-515918.30,-2.89,17837586.69,4586723.12,17762225.56,146166.73,-3.91
NPSAR11,2026-04-01,3921670.23,-126869.37,103.69,106.91,-537726.44,-3.01,17837586.69,4586266.04,17762225.56,145709.65,-3.01
NPSAR12,2026-04-01,3896485.24,-13871.90,103.43,106.80,-562911.43,-3.16,17837586.69,4473268.57,17762225.56,32712.18,-3.16
NPSAR13,2026-04-01,4055703.46,-973.24,105.44,107.88,-403693.21,-2.26,17837586.69,4460369.91,17762225.56,19813.52,-2.26
NPSAR2,2026-04-01,1880102.34,-68521.49,97.87,99.14,-101851.75,-1.28,7927816.37,2050475.58,7894322.54,76894.95,-6.21
NPSAR3,2026-04-01,1880102.34,133091.37,94.88,96.11,-101851.75,-1.28,7927816.37,1848862.72,7894322.54,-124717.92,-11.58
NPSAR4,2026-04-01,1880102.34,125512.95,92.49,93.69,-101851.75,-1.28,7927816.37,1856441.14,7894322.54,-117139.50,-8.12
NPSAR5,2026-04-01,1880102.34,-147117.41,93.98,95.20,-101851.75,-1.28,7927816.37,2129071.50,7894322.54,155490.86,-6.02
NPSAR6,2026-04-01,1880102.34,-115405.10,98.98,100.27,-101851.75,-1.28,7927816.37,2097359.19,7894322.54,123778.56,-2.44
NPSAR7,2026-04-01,1880102.34,-98366.43,99.62,100.92,-101851.75,-1.28,7927816.37,2080320.52,7894322.54,106739.89,-1.56
NPSAR8,2026-04-01,1880102.34,-97315.09,95.89,97.14,-101851.75,-1.28,7927816.37,2079269.18,7894322.54,105688.54,-4.11
NPSAR9,2026-04-01,1727521.95,-82484.45,99.60,102.90,-254432.14,-3.21,7927816.37,2064438.54,7894322.54,90857.91,-3.21
SPSAR1,2026-04-01,1989404.09,-70136.55,113.23,113.12,7450.00,0.09,7927816.37,2052090.64,7894322.54,78510.00,0.00
SPSAR10,2026-04-01,4283869.31,-270527.72,106.97,108.03,-175527.36,-0.98,17837586.69,4729924.39,17762225.56,289368.00,-3.39
SPSAR11,2026-04-01,4285202.76,-259703.72,111.00,112.09,-174193.91,-0.98,17837586.69,4719100.39,17762225.56,278544.00,-0.97
SPSAR12,2026-04-01,4307628.04,-170380.72,109.42,110.36,-151768.63,-0.85,17837586.69,4629777.39,17762225.56,189221.00,-0.85
SPSAR13,2026-04-01,4311038.47,-161732.72,102.30,103.16,-148358.20,-0.83,17837586.69,4621129.39,17762225.56,180573.00,-0.83
SPSAR2,2026-04-01,1912214.09,-91165.81,100.26,101.15,-69740.00,-0.88,7927816.37,2073119.90,7894322.54,99539.27,-4.95
SPSAR3,2026-04-01,1912214.09,68378.35,96.34,97.20,-69740.00,-0.88,7927816.37,1913575.74,7894322.54,-60004.90,-9.96
SPSAR4,2026-04-01,1912214.09,68378.35,94.37,95.21,-69740.00,-0.88,7927816.37,1913575.74,7894322.54,-60004.90,-7.13
SPSAR5,2026-04-01,1979743.09,-180111.54,93.93,93.96,-2211.00,-0.03,7927816.37,2162065.63,7894322.54,188485.00,-6.36
SPSAR6,2026-04-01,1984726.09,-165470.54,99.32,99.29,2772.00,0.03,7927816.37,2147424.63,7894322.54,173844.00,-2.74
SPSAR7,2026-04-01,1987410.09,-157550.54,99.72,99.65,5456.00,0.07,7927816.37,2139504.63,7894322.54,165924.00,-0.28
SPSAR8,2026-04-01,1987410.09,-157550.54,104.29,104.22,5456.00,0.07,7927816.37,2139504.63,7894322.54,165924.00,0.00
SPSAR9,2026-04-01,1873529.78,-151313.54,103.50,104.94,-108424.31,-1.37,7927816.37,2133267.63,7894322.54,159687.00,-1.37
NLONG1,2026-04-01,37657.01,-27767.66,111.64,110.94,37657.01,0.63,5945862.23,27767.66,5920741.85,27767.66,-4.00
NLONG10,2026-04-01,-61143.24,-63123.25,115.25,116.45,-61143.24,-1.03,5945862.23,63123.25,5920741.85,63123.25,-5.83
NLONG11,2026-04-01,11536.42,-172287.79,118.41,118.18,11536.42,0.19,5945862.23,172287.79,5920741.85,172287.79,-5.14
NLONG12,2026-04-01,-58636.90,-130170.19,120.46,121.66,-58636.90,-0.99,5945862.23,130170.19,5920741.85,130170.19,-1.95
NLONG13,2026-04-01,15394.66,-38751.45,119.43,119.12,15394.66,0.26,5945862.23,38751.45,5920741.85,38751.45,0.00
NLONG14,2026-04-01,22508.96,-18575.56,120.10,119.65,22508.96,0.38,5945862.23,18575.56,5920741.85,18575.56,0.00
NLONG15,2026-04-01,-20254.66,24701.66,112.88,113.27,-20254.66,-0.34,5945862.23,-24701.66,5920741.85,-24701.66,-1.89
NLONG16,2026-04-01,-23076.70,-1398.38,115.45,115.90,-23076.70,-0.39,5945862.23,1398.38,5920741.85,1398.38,-1.21
NLONG17,2026-04-01,-87687.12,-76318.48,120.11,121.91,-87687.12,-1.47,5945862.23,76318.48,5920741.85,76318.48,-1.48
NLONG18,2026-04-01,-92007.42,-56753.38,119.31,121.19,-92007.42,-1.55,5945862.23,56753.38,5920741.85,56753.38,-1.55
NLONG19,2026-04-01,-5130.06,-189184.45,114.70,114.80,-5130.06,-0.09,5945862.23,189184.45,5920741.85,189184.45,-0.09
NLONG2,2026-04-01,47250.41,-20990.99,100.52,99.73,47250.41,0.79,5945862.23,20990.99,5920741.85,20990.99,-5.05
NLONG20,2026-04-01,4028.60,1444.81,114.17,114.09,4028.60,0.07,5945862.23,-1444.81,5920741.85,-1444.81,-0.39
NLONG21,2026-04-01,-63710.89,-76318.48,122.71,124.04,-63710.89,-1.07,5945862.23,76318.48,5920741.85,76318.48,-1.07
NLONG22,2026-04-01,-68031.19,-57643.01,122.93,124.35,-68031.19,-1.14,5945862.23,57643.01,5920741.85,57643.01,-1.14
NLONG23,2026-04-01,4240.90,-140835.79,123.99,123.90,4240.90,0.07,5945862.23,140835.79,5920741.85,140835.79,0.00
NLONG24,2026-04-01,-55370.66,-152236.45,126.16,127.35,-55370.66,-0.93,5945862.23,152236.45,5920741.85,152236.45,-0.93
NLONG3,2026-04-01,7192.31,29331.92,107.59,107.46,7192.31,0.12,5945862.23,-29331.92,5920741.85,-29331.92,-8.84
NLONG4,2026-04-01,4028.60,-14659.18,108.05,107.98,4028.60,0.07,5945862.23,14659.18,5920741.85,14659.18,-6.77
NLONG5,2026-04-01,-60205.58,-89796.98,113.08,114.24,-60205.58,-1.01,5945862.23,89796.98,5920741.85,89796.98,-6.38
NLONG6,2026-04-01,-61143.24,-63123.25,109.77,110.91,-61143.24,-1.03,5945862.23,63123.25,5920741.85,63123.25,-6.47
NLONG7,2026-04-01,7192.31,-179516.32,116.17,116.03,7192.31,0.12,5945862.23,179516.32,5920741.85,179516.32,-4.46
NLONG8,2026-04-01,-58636.90,-130170.19,111.02,112.13,-58636.90,-0.99,5945862.23,130170.19,5920741.85,130170.19,-6.11
NLONG9,2026-04-01,-58458.14,-83847.01,115.85,117.00,-58458.14,-0.98,5945862.23,83847.01,5920741.85,83847.01,-5.81
SLONG1,2026-04-01,-70929.91,-62539.98,110.87,112.21,-70929.91,-1.19,5945862.23,62539.98,5920741.85,62539.98,-6.09
SLONG10,2026-04-01,-104360.21,-43958.87,110.71,112.69,-104360.21,-1.76,5945862.23,43958.87,5920741.85,43958.87,-2.04
SLONG11,2026-04-01,-61072.76,-62269.75,115.04,116.23,-61072.76,-1.03,5945862.23,62269.75,5920741.85,62269.75,-1.88
SLONG12,2026-04-01,-104234.84,-45696.88,116.52,118.60,-104234.84,-1.75,5945862.23,45696.88,5920741.85,45696.88,-1.78
SLONG13,2026-04-01,12292.61,-6250.01,116.99,116.75,12292.61,0.21,5945862.23,6250.01,5920741.85,6250.01,0.00
SLONG14,2026-04-01,24511.70,4620.37,118.10,117.62,24511.70,0.41,5945862.23,-4620.37,5920741.85,-4620.37,0.00
SLONG15,2026-04-01,25900.02,-7775.24,128.41,127.85,25900.02,0.44,5945862.23,7775.24,5920741.85,7775.24,0.00
SLONG16,2026-04-01,19929.72,-1038.51,121.35,120.94,19929.72,0.34,5945862.23,1038.51,5920741.85,1038.51,0.00
SLONG17,2026-04-01,-142661.18,-59440.69,116.24,119.10,-142661.18,-2.40,5945862.23,59440.69,5920741.85,59440.69,-2.40
SLONG18,2026-04-01,-144003.53,-49177.02,115.29,118.15,-144003.53,-2.42,5945862.23,49177.02,5920741.85,49177.02,-2.42
SLONG19,2026-04-01,-111240.86,-58172.41,130.09,132.57,-111240.86,-1.87,5945862.23,58172.41,5920741.85,58172.41,-1.87
SLONG2,2026-04-01,-12618.66,7779.93,97.18,97.39,-12618.66,-0.21,5945862.23,-7779.93,5920741.85,-7779.93,-4.89
SLONG20,2026-04-01,-89346.98,-52042.39,123.30,125.18,-89346.98,-1.50,5945862.23,52042.39,5920741.85,52042.39,-1.50
SLONG21,2026-04-01,-94546.53,-59440.69,117.25,119.14,-94546.53,-1.59,5945862.23,59440.69,5920741.85,59440.69,-1.59
SLONG22,2026-04-01,-95537.55,-49177.02,115.01,116.89,-95537.55,-1.61,5945862.23,49177.02,5920741.85,49177.02,-1.61
SLONG23,2026-04-01,-83827.50,-48877.22,133.70,135.61,-83827.50,-1.41,5945862.23,48877.22,5920741.85,48877.22,-1.41
SLONG24,2026-04-01,-75764.02,-42140.49,126.63,128.26,-75764.02,-1.27,5945862.23,42140.49,5920741.85,42140.49,-1.27
SLONG3,2026-04-01,-72317.94,-61087.72,106.04,107.35,-72317.94,-1.22,5945862.23,61087.72,5920741.85,61087.72,-9.73
SLONG4,2026-04-01,-12618.66,3082.71,107.11,107.34,-12618.66,-0.21,5945862.23,-3082.71,5920741.85,-3082.71,-6.34
SLONG5,2026-04-01,-70929.91,-62539.98,110.93,112.27,-70929.91,-1.19,5945862.23,62539.98,5920741.85,62539.98,-7.72
SLONG6,2026-04-01,-104360.21,-44249.90,106.12,108.02,-104360.21,-1.76,5945862.23,44249.90,5920741.85,44249.90,-6.22
SLONG7,2026-04-01,-74515.87,-59103.90,114.29,115.74,-74515.87,-1.25,5945862.23,59103.90,5920741.85,59103.90,-4.81
SLONG8,2026-04-01,-104234.84,-46786.45,111.98,113.98,-104234.84,-1.75,5945862.23,46786.45,5920741.85,46786.45,-6.88
SLONG9,2026-04-01,-70007.32,-56683.57,111.16,112.48,-70007.32,-1.18,5945862.23,56683.57,5920741.85,56683.57,-7.61
Gold Stock Holdings,2026-04-01,19155659.90,0.00,114.02,112.00,338488.60,1.80,18817171.30,18817171.30,18248883.10,568288.20,0.00
QAW++ Gold Stock Holdings,2026-04-01,19155659.90,0.00,114.02,112.00,338488.60,1.80,18817171.30,18817171.30,18248883.10,568288.20,0.00
Liquidcase Stock Holdings,2026-04-01,59225428.76,0.00,101.13,101.12,5221.78,0.01,59220206.98,59220206.98,59194098.08,26108.90,0.00
QYE++ Liquidcase Stock Holdings,2026-04-01,47210848.16,0.00,101.14,101.13,4162.48,0.01,47206685.68,47206685.68,47185873.28,20812.40,0.00
QAW++ Liquidcase Stock Holdings,2026-04-01,12014580.60,0.00,100.12,100.11,1059.30,0.01,12013521.30,12013521.30,12008224.80,5296.50,0.00
Low Vol Stock Holdings,2026-04-01,8391704.40,0.00,99.87,100.21,-29051.40,-0.34,8420755.80,8420755.80,8536961.40,-116205.60,-3.29
QAW++ Low Vol Stock Holdings,2026-04-01,8391704.40,0.00,99.87,100.21,-29051.40,-0.34,8420755.80,8420755.80,8536961.40,-116205.60,-3.29
Momentum Stock Holdings,2026-04-01,17355110.50,0.00,103.35,100.33,506961.65,3.01,16848148.85,16848148.85,17429119.50,-580970.65,-2.52
QAW++ Momentum Stock Holdings,2026-04-01,17355110.50,0.00,103.35,100.33,506961.65,3.01,16848148.85,16848148.85,17429119.50,-580970.65,-2.52
QYE++ Debt Stock Holdings,2026-04-01,47210848.16,0.00,101.14,101.13,4162.48,0.01,47206685.68,47206685.68,47185873.28,20812.40,0.00
QAW++ Debt Stock Holdings,2026-04-01,12014580.60,0.00,100.12,100.11,1059.30,0.01,12013521.30,12013521.30,12008224.80,5296.50,0.00
Debt Stock Holdings,2026-04-01,59225428.76,0.00,101.13,101.12,5221.78,0.01,59220206.98,59220206.98,59194098.08,26108.90,0.00
QAW++ Equity Stock Holdings,2026-04-01,44902474.80,0.00,106.91,104.97,816398.85,1.85,44086075.95,44086075.95,44214964.00,-128888.05,-0.23
Equity Stock Holdings,2026-04-01,44902474.80,0.00,106.91,104.97,816398.85,1.85,44086075.95,44086075.95,44214964.00,-128888.05,-0.23
QYE++ Stock Holdings,2026-04-01,47210848.16,0.00,101.14,101.13,4162.48,0.01,47206685.68,47206685.68,47185873.28,20812.40,0.00
QAW++ Stock Holdings,2026-04-01,56917055.40,0.00,105.41,103.89,817458.15,1.46,56099597.25,56099597.25,56223188.80,-123591.55,-0.15
Stock Holdings,2026-04-01,104127903.56,0.00,104.48,103.65,821620.63,0.80,103306282.93,103306282.93,103409062.08,-102779.15,-0.03
Small Cap Mutual Funds,2026-04-01,153105114.12,0.00,92.55,89.58,4920565.48,3.32,148184548.64,148184548.64,151420457.66,-3235909.02,-8.33
QYE++ Small Cap Mutual Funds,2026-04-01,153105114.12,0.00,92.55,89.58,4920565.48,3.32,148184548.64,148184548.64,151420457.66,-3235909.02,-8.33
QYE++ Mutual Funds,2026-04-01,153105114.12,0.00,92.55,89.58,4920565.48,3.32,148184548.64,148184548.64,151420457.66,-3235909.02,-8.33
QYE++ Equity Mutual Funds,2026-04-01,153105114.12,0.00,92.55,89.58,4920565.48,3.32,148184548.64,148184548.64,151420457.66,-3235909.02,-8.33
Equity Mutual Funds,2026-04-01,153105114.12,0.00,92.55,89.58,4920565.48,3.32,148184548.64,148184548.64,151420457.66,-3235909.02,-8.33
Mutual Funds,2026-04-01,153105114.12,0.00,92.55,89.58,4920565.48,3.32,148184548.64,148184548.64,151420457.66,-3235909.02,-8.33
QYE++ Miscellaneous P&L,2026-04-01,0.00,0.00,100.00,100.00,0.00,0.00,0.00,0.00,0.00,0.00,0.00
QAW++ Miscellaneous P&L,2026-04-01,0.00,0.00,100.00,100.00,0.00,0.00,0.00,0.00,0.00,0.00,0.00
Miscellaneous P&L,2026-04-01,0.00,0.00,100.00,100.00,0.00,0.00,0.00,0.00,0.00,0.00,0.00
QYE++ Equity Holdings Tax,2026-04-01,0.00,0.00,100.00,100.00,0.00,0.00,0.00,0.00,0.00,0.00,0.00
QAW++ Equity Holdings Tax,2026-04-01,0.00,0.00,100.00,100.00,0.00,0.00,0.00,0.00,0.00,0.00,0.00
Equity Holdings Tax,2026-04-01,0.00,0.00,100.00,100.00,0.00,0.00,0.00,0.00,0.00,0.00,0.00
QYE++ Total Tax,2026-04-01,0.00,22462.21,100.00,100.00,0.00,0.00,0.00,-22462.21,0.00,-22462.21,0.00
QAW++ Total Tax,2026-04-01,0.00,6308.12,100.00,100.00,0.00,0.00,0.00,-6308.12,0.00,-6308.12,0.00
Total Tax,2026-04-01,0.00,28770.33,100.00,100.00,0.00,0.00,0.00,-28770.33,0.00,0.00,0.00
QYE++ F&O Tax,2026-04-01,0.00,22462.21,100.00,100.00,0.00,0.00,0.00,-22462.21,0.00,-22462.21,0.00
QAW++ F&O Tax,2026-04-01,0.00,6308.12,100.00,100.00,0.00,0.00,0.00,-6308.12,0.00,-6308.12,0.00
F&O Tax,2026-04-01,0.00,28770.33,100.00,100.00,0.00,0.00,0.00,-28770.33,0.00,0.00,0.00
Equity Intraday Tax,2026-04-01,0.00,0.00,100.00,100.00,0.00,0.00,0.00,0.00,0.00,0.00,0.00
MCX Tax,2026-04-01,0.00,0.00,100.00,100.00,0.00,0.00,0.00,0.00,0.00,0.00,0.00
QYE++ Total Other Debits and Credits,2026-04-01,0.00,0.00,100.00,100.00,0.00,0.00,0.00,0.00,0.00,0.00,0.00
QAW++ Total Other Debits and Credits,2026-04-01,0.00,0.00,100.00,100.00,0.00,0.00,0.00,0.00,0.00,0.00,0.00
Total Other Debits and Credits,2026-04-01,0.00,0.00,100.00,100.00,0.00,0.00,0.00,0.00,0.00,0.00,0.00
QYE++ Equity Other Debits and Credits,2026-04-01,0.00,0.00,100.00,100.00,0.00,0.00,0.00,0.00,0.00,0.00,0.00
QAW++ Equity Other Debits and Credits,2026-04-01,0.00,0.00,100.00,100.00,0.00,0.00,0.00,0.00,0.00,0.00,0.00
Equity Other Debits and Credits,2026-04-01,0.00,0.00,100.00,100.00,0.00,0.00,0.00,0.00,0.00,0.00,0.00
QYE++ NPSAR,2026-04-01,25340873.38,-689422.95,101.84,104.09,-2402605.06,-2.17,110973913.74,28432901.39,110941730.59,697468.74,-2.17
QAW++ NPSAR,2026-04-01,7244804.63,-53195.62,99.06,101.25,-686890.46,-2.17,31726780.35,7984890.71,31156074.51,195872.08,-2.17
NPSAR,2026-04-01,32585678.00,-742618.57,101.84,104.09,-3089495.52,-2.17,142700694.09,36417792.09,142097805.10,893340.82,-2.17
QYE++ SPSAR,2026-04-01,27005805.36,-1436022.09,103.98,104.68,-737673.08,-0.66,110973913.74,29179500.52,110941730.59,1444067.88,-0.66
QAW++ SPSAR,2026-04-01,7720798.75,-262865.13,100.06,100.73,-210896.33,-0.66,31726780.35,8194560.22,31156074.51,405541.59,-0.66
SPSAR,2026-04-01,34726604.11,-1698887.21,103.98,104.68,-948569.41,-0.66,142700694.09,37374060.74,142097805.10,1849609.47,-0.66
QYE++ NLONG,2026-04-01,-476293.15,-1349114.32,115.79,116.28,-476293.15,-0.43,110973913.29,1349114.32,110941730.05,1349114.32,-1.79
QAW++ NLONG,2026-04-01,-136169.37,-378875.53,99.62,100.05,-136169.37,-0.43,31726780.23,378875.53,31156074.35,378875.53,-0.43
NLONG,2026-04-01,-612462.52,-1727989.85,115.79,116.28,-612462.52,-0.43,142700693.52,1727989.85,142097804.40,1727989.85,-1.79
QYE++ SLONG,2026-04-01,-1257098.32,-751827.79,115.73,117.06,-1257098.32,-1.13,110973913.29,751827.79,110941730.05,751827.79,-1.13
QAW++ SLONG,2026-04-01,-359396.91,-211137.89,98.99,100.13,-359396.91,-1.13,31726780.23,211137.89,31156074.35,211137.89,-1.13
SLONG,2026-04-01,-1616495.23,-962965.68,115.73,117.06,-1616495.23,-1.13,142700693.52,962965.68,142097804.40,962965.68,-1.13
QYE++ PSAR,2026-04-01,52346678.74,-2125445.04,102.91,104.39,-3140278.13,-1.41,221947827.47,57612401.91,221883461.19,2141536.61,-1.41
QAW++ PSAR,2026-04-01,14965603.38,-316060.75,99.56,100.99,-897786.80,-1.41,63453560.71,16179450.93,62312149.01,601413.68,-1.41
PSAR,2026-04-01,67312282.12,-2441505.77,102.91,104.39,-4038064.93,-1.41,285401388.18,73791852.84,284195610.20,2742950.29,-1.41
QYE++ LONG,2026-04-01,-1733391.46,-2100942.12,115.79,116.70,-1733391.46,-0.78,221947826.59,2100942.12,221883460.10,2100942.12,-1.08
QAW++ LONG,2026-04-01,-495566.29,-590013.41,99.31,100.09,-495566.29,-0.78,63453560.45,590013.41,62312148.70,590013.41,-0.78
LONG,2026-04-01,-2228957.75,-2690955.53,115.79,116.70,-2228957.75,-0.78,285401387.04,2690955.53,284195608.80,2690955.53,-1.08
QAW++ DMA1,2026-04-01,504270.00,0.00,99.00,100.15,-295776.00,-1.15,25785760.00,800046.00,25785760.00,307351.91,-1.15
DMA1,2026-04-01,504270.00,0.00,99.00,100.15,-295776.00,-1.15,25785760.00,800046.00,25785760.00,307351.91,-1.15
QYE++ Total Portfolio Value,2026-04-01,50613287.27,-4203924.96,118.73,121.40,-4873669.60,-2.20,221947826.56,59690881.82,221883460.25,4220016.52,-2.20
QAW++ Total Portfolio Value,2026-04-01,14974307.09,-899766.04,98.41,101.10,-1689129.08,-2.66,63453560.44,17563202.22,62312148.75,1492470.88,-2.66
Total Portfolio Value,2026-04-01,65587594.36,-5103690.97,118.68,121.47,-6562798.68,-2.30,285401387.00,77254084.04,284195609.00,5712487.40,-2.30
QYE++ Zerodha Total Portfolio,2026-04-01,220016273.86,0.00,113.09,113.07,46895.88,0.02,219969377.98,219969377.98,218985270.48,984107.50,-2.94
QAW++ Zerodha Total Portfolio,2026-04-01,62020425.34,0.00,103.38,104.82,-867508.45,-1.38,62887933.79,62887933.79,61498242.06,1389691.73,-1.38
Zerodha Total Portfolio,2026-04-01,282036699.19,0.00,113.77,114.10,-820612.57,-0.29,282857311.76,282857311.76,280483512.53,2373799.23,-2.36
NPSAR1,2026-04-02,2019643.09,111584.25,110.69,110.30,27956.50,0.35,7966746.34,1880102.34,7927816.37,-101851.75,-0.94
NPSAR10,2026-04-02,3624326.91,537816.41,103.92,109.14,-856967.87,-4.78,17925179.12,3943478.37,17837586.69,-515918.30,-8.51
NPSAR11,2026-04-02,4809101.58,559624.55,105.59,103.69,327806.80,1.83,17925179.12,3921670.23,17837586.69,-537726.44,-1.23
NPSAR12,2026-04-02,4868995.72,584809.54,105.67,103.43,387700.94,2.16,17925179.12,3896485.24,17837586.69,-562911.43,-1.06
NPSAR13,2026-04-02,4915667.32,425591.32,108.00,105.44,434372.54,2.42,17925179.12,4055703.46,17837586.69,-403693.21,0.00
NPSAR2,2026-04-02,2019643.09,111584.25,98.21,97.87,27956.50,0.35,7966746.34,1880102.34,7927816.37,-101851.75,-5.88
NPSAR3,2026-04-02,2019643.09,111584.25,95.21,94.88,27956.50,0.35,7966746.34,1880102.34,7927816.37,-101851.75,-11.27
NPSAR4,2026-04-02,2019643.09,111584.25,92.81,92.49,27956.50,0.35,7966746.34,1880102.34,7927816.37,-101851.75,-7.80
NPSAR5,2026-04-02,2019643.09,111584.25,94.31,93.98,27956.50,0.35,7966746.34,1880102.34,7927816.37,-101851.75,-5.69
NPSAR6,2026-04-02,2019643.09,111584.25,99.33,98.98,27956.50,0.35,7966746.34,1880102.34,7927816.37,-101851.75,-2.10
NPSAR7,2026-04-02,1989751.98,111584.25,99.60,99.62,-1934.61,-0.02,7966746.34,1880102.34,7927816.37,-101851.75,-1.58
NPSAR8,2026-04-02,2024066.34,111584.25,96.28,95.89,32379.75,0.41,7966746.34,1880102.34,7927816.37,-101851.75,-3.72
NPSAR9,2026-04-02,1575292.00,264164.64,94.39,99.60,-416394.59,-5.23,7966746.34,1727521.95,7927816.37,-254432.14,-8.27
SPSAR1,2026-04-02,1992648.40,2282.49,113.24,113.23,961.81,0.01,7966746.34,1989404.09,7927816.37,7450.00,0.00
SPSAR10,2026-04-02,3502670.94,197425.47,101.13,106.97,-978623.84,-5.46,17925179.12,4283869.31,17837586.69,-175527.36,-8.66
SPSAR11,2026-04-02,4825947.83,196092.02,113.13,111.00,344653.05,1.92,17925179.12,4285202.76,17837586.69,-174193.91,0.00
SPSAR12,2026-04-02,4835720.85,173666.74,111.58,109.42,354426.07,1.98,17925179.12,4307628.04,17837586.69,-151768.63,0.00
SPSAR13,2026-04-02,4841444.67,170256.31,104.36,102.30,360149.89,2.01,17925179.12,4311038.47,17837586.69,-148358.20,0.00
SPSAR2,2026-04-02,2054443.68,79472.49,101.05,100.26,62757.09,0.79,7966746.34,1912214.09,7927816.37,-69740.00,-4.20
SPSAR3,2026-04-02,2052186.09,79472.49,97.07,96.34,60499.50,0.76,7966746.34,1912214.09,7927816.37,-69740.00,-9.28
SPSAR4,2026-04-02,2048367.43,79472.49,95.04,94.37,56680.84,0.71,7966746.34,1912214.09,7927816.37,-69740.00,-6.48
SPSAR5,2026-04-02,2042829.52,11943.49,94.53,93.93,51142.93,0.64,7966746.34,1979743.09,7927816.37,-2211.00,-5.76
SPSAR6,2026-04-02,2025419.75,6960.49,99.74,99.32,33733.16,0.42,7966746.34,1984726.09,7927816.37,2772.00,-2.33
SPSAR7,2026-04-02,1999256.41,4276.49,99.81,99.72,7569.82,0.10,7966746.34,1987410.09,7927816.37,5456.00,-0.19
SPSAR8,2026-04-02,2047511.19,4276.49,105.02,104.29,55824.60,0.70,7966746.34,1987410.09,7927816.37,5456.00,0.00
SPSAR9,2026-04-02,1449802.35,118156.81,96.46,103.50,-541884.24,-6.80,7966746.34,1873529.78,7927816.37,-108424.31,-8.08
NLONG1,2026-04-02,28128.04,-37657.01,112.17,111.64,28128.04,0.47,5975059.71,37657.01,5945862.23,37657.01,-3.54
NLONG10,2026-04-02,148723.51,61143.24,118.12,115.25,148723.51,2.49,5975059.71,-61143.24,5945862.23,-61143.24,-3.48
NLONG11,2026-04-02,35953.20,-11536.42,119.12,118.41,35953.20,0.60,5975059.71,11536.42,5945862.23,11536.42,-4.57
NLONG12,2026-04-02,146080.73,58636.90,123.41,120.46,146080.73,2.44,5975059.71,-58636.90,5945862.23,-58636.90,0.00
NLONG13,2026-04-02,25371.43,-15394.66,119.94,119.43,25371.43,0.42,5975059.71,15394.66,5945862.23,15394.66,0.00
NLONG14,2026-04-02,22436.50,-22508.96,120.55,120.10,22436.50,0.38,5975059.71,22508.96,5945862.23,22508.96,0.00
NLONG15,2026-04-02,22354.78,20254.66,113.30,112.88,22354.78,0.37,5975059.71,-20254.66,5945862.23,-20254.66,-1.52
NLONG16,2026-04-02,24447.59,23076.70,115.92,115.45,24447.59,0.41,5975059.71,-23076.70,5945862.23,-23076.70,-0.80
NLONG17,2026-04-02,11361.89,87687.12,120.34,120.11,11361.89,0.19,5975059.71,-87687.12,5945862.23,-87687.12,-1.29
NLONG18,2026-04-02,11671.29,92007.42,119.54,119.31,11671.29,0.20,5975059.71,-92007.42,5945862.23,-92007.42,-1.36
NLONG19,2026-04-02,109694.68,5130.06,116.81,114.70,109694.68,1.84,5975059.71,-5130.06,5945862.23,-5130.06,0.00
NLONG2,2026-04-02,148723.51,-47250.41,103.02,100.52,148723.51,2.49,5975059.71,47250.41,5945862.23,47250.41,-2.69
NLONG20,2026-04-02,107862.35,-4028.60,116.23,114.17,107862.35,1.81,5975059.71,4028.60,5945862.23,4028.60,0.00
NLONG21,2026-04-02,98731.74,63710.89,124.74,122.71,98731.74,1.65,5975059.71,-63710.89,5945862.23,-63710.89,0.00
NLONG22,2026-04-02,100971.66,68031.19,125.01,122.93,100971.66,1.69,5975059.71,-68031.19,5945862.23,-68031.19,0.00
NLONG23,2026-04-02,86075.54,-4240.90,125.78,123.99,86075.54,1.44,5975059.71,4240.90,5945862.23,4240.90,0.00
NLONG24,2026-04-02,79516.93,55370.66,127.84,126.16,79516.93,1.33,5975059.71,-55370.66,5945862.23,-55370.66,0.00
NLONG3,2026-04-02,30710.68,-7192.31,108.14,107.59,30710.68,0.51,5975059.71,7192.31,5945862.23,7192.31,-8.37
NLONG4,2026-04-02,146080.73,-4028.60,110.69,108.05,146080.73,2.44,5975059.71,4028.60,5945862.23,4028.60,-4.50
NLONG5,2026-04-02,26965.49,60205.58,113.59,113.08,26965.49,0.45,5975059.71,-60205.58,5945862.23,-60205.58,-5.96
NLONG6,2026-04-02,148723.51,61143.24,112.50,109.77,148723.51,2.49,5975059.71,-61143.24,5945862.23,-61143.24,-4.14
NLONG7,2026-04-02,34691.52,-7192.31,116.84,116.17,34691.52,0.58,5975059.71,7192.31,5945862.23,7192.31,-3.91
NLONG8,2026-04-02,146080.73,58636.90,113.73,111.02,146080.73,2.44,5975059.71,-58636.90,5945862.23,-58636.90,-3.81
NLONG9,2026-04-02,26277.30,58458.14,116.36,115.85,26277.30,0.44,5975059.71,-58458.14,5945862.23,-58458.14,-5.39
SLONG1,2026-04-02,140069.59,70929.91,113.47,110.87,140069.59,2.34,5975059.71,-70929.91,5945862.23,-70929.91,-3.89
SLONG10,2026-04-02,207140.01,104360.21,114.55,110.71,207140.01,3.47,5975059.71,-104360.21,5945862.23,-104360.21,0.00
SLONG11,2026-04-02,134146.77,61072.76,117.62,115.04,134146.77,2.25,5975059.71,-61072.76,5945862.23,-61072.76,0.00
SLONG12,2026-04-02,577101.02,104234.84,127.77,116.52,577101.02,9.66,5975059.71,-104234.84,5945862.23,-104234.84,0.00
SLONG13,2026-04-02,-6030.45,-12292.61,116.87,116.99,-6030.45,-0.10,5975059.71,12292.61,5945862.23,12292.61,-0.10
SLONG14,2026-04-02,43110.42,-24511.70,118.95,118.10,43110.42,0.72,5975059.71,24511.70,5945862.23,24511.70,0.00
SLONG15,2026-04-02,317709.48,-25900.02,135.24,128.41,317709.48,5.32,5975059.71,25900.02,5945862.23,25900.02,0.00
SLONG16,2026-04-02,376780.38,-19929.72,129.00,121.35,376780.38,6.31,5975059.71,19929.72,5945862.23,19929.72,0.00
SLONG17,2026-04-02,-6.81,142661.18,116.24,116.24,-6.81,0.00,5975059.71,-142661.18,5945862.23,-142661.18,-2.40
SLONG18,2026-04-02,42462.69,144003.53,116.11,115.29,42462.69,0.71,5975059.71,-144003.53,5945862.23,-144003.53,-1.73
SLONG19,2026-04-02,356447.66,111240.86,137.85,130.09,356447.66,5.97,5975059.71,-111240.86,5945862.23,-111240.86,0.00
SLONG2,2026-04-02,207140.01,12618.66,100.55,97.18,207140.01,3.47,5975059.71,-12618.66,5945862.23,-12618.66,-1.60
SLONG20,2026-04-02,398513.63,89346.98,131.52,123.30,398513.63,6.67,5975059.71,-89346.98,5945862.23,-89346.98,0.00
SLONG21,2026-04-02,207115.70,94546.53,121.31,117.25,207115.70,3.47,5975059.71,-94546.53,5945862.23,-94546.53,0.00
SLONG22,2026-04-02,211568.27,95537.55,119.08,115.01,211568.27,3.54,5975059.71,-95537.55,5945862.23,-95537.55,0.00
SLONG23,2026-04-02,154792.59,83827.50,137.16,133.70,154792.59,2.59,5975059.71,-83827.50,5945862.23,-83827.50,0.00
SLONG24,2026-04-02,148593.08,75764.02,129.78,126.63,148593.08,2.49,5975059.71,-75764.02,5945862.23,-75764.02,0.00
SLONG3,2026-04-02,111014.07,72317.94,108.01,106.04,111014.07,1.86,5975059.71,-72317.94,5945862.23,-72317.94,-8.05
SLONG4,2026-04-02,577101.02,12618.66,117.46,107.11,577101.02,9.66,5975059.71,-12618.66,5945862.23,-12618.66,0.00
SLONG5,2026-04-02,137851.26,70929.91,113.49,110.93,137851.26,2.31,5975059.71,-70929.91,5945862.23,-70929.91,-5.59
SLONG6,2026-04-02,207140.01,104360.21,109.80,106.12,207140.01,3.47,5975059.71,-104360.21,5945862.23,-104360.21,-2.97
SLONG7,2026-04-02,110870.92,74515.87,116.41,114.29,110870.92,1.86,5975059.71,-74515.87,5945862.23,-74515.87,-3.04
SLONG8,2026-04-02,577101.02,104234.84,122.80,111.98,577101.02,9.66,5975059.71,-104234.84,5945862.23,-104234.84,0.00
SLONG9,2026-04-02,139207.76,70007.32,113.75,111.16,139207.76,2.33,5975059.71,-70007.32,5945862.23,-70007.32,-5.46
Gold Stock Holdings,2026-04-02,18722456.60,0.00,111.44,114.02,-433203.30,-2.26,19155659.90,19155659.90,18817171.30,338488.60,-2.26
QAW++ Gold Stock Holdings,2026-04-02,18722456.60,0.00,111.44,114.02,-433203.30,-2.26,19155659.90,19155659.90,18817171.30,338488.60,-2.26
Liquidcase Stock Holdings,2026-04-02,59256759.44,0.00,101.18,101.13,31330.68,0.05,59225428.76,59225428.76,59220206.98,5221.78,0.00
QYE++ Liquidcase Stock Holdings,2026-04-02,47235823.04,0.00,101.19,101.14,24974.88,0.05,47210848.16,47210848.16,47206685.68,4162.48,0.00
QAW++ Liquidcase Stock Holdings,2026-04-02,12020936.40,0.00,100.17,100.12,6355.80,0.05,12014580.60,12014580.60,12013521.30,1059.30,0.00
Low Vol Stock Holdings,2026-04-02,8429056.20,0.00,100.32,99.87,37351.80,0.45,8391704.40,8391704.40,8420755.80,-29051.40,-2.86
QAW++ Low Vol Stock Holdings,2026-04-02,8429056.20,0.00,100.32,99.87,37351.80,0.45,8391704.40,8391704.40,8420755.80,-29051.40,-2.86
Momentum Stock Holdings,2026-04-02,17199691.60,0.00,102.42,103.35,-155418.90,-0.90,17355110.50,17355110.50,16848148.85,506961.65,-3.40
QAW++ Momentum Stock Holdings,2026-04-02,17199691.60,0.00,102.42,103.35,-155418.90,-0.90,17355110.50,17355110.50,16848148.85,506961.65,-3.40
QYE++ Debt Stock Holdings,2026-04-02,47235823.04,0.00,101.19,101.14,24974.88,0.05,47210848.16,47210848.16,47206685.68,4162.48,0.00
QAW++ Debt Stock Holdings,2026-04-02,12020936.40,0.00,100.17,100.12,6355.80,0.05,12014580.60,12014580.60,12013521.30,1059.30,0.00
Debt Stock Holdings,2026-04-02,59256759.44,0.00,101.18,101.13,31330.68,0.05,59225428.76,59225428.76,59220206.98,5221.78,0.00
QAW++ Equity Stock Holdings,2026-04-02,44351204.40,0.00,105.60,106.91,-551270.40,-1.23,44902474.80,44902474.80,44086075.95,816398.85,-1.46
Equity Stock Holdings,2026-04-02,44351204.40,0.00,105.60,106.91,-551270.40,-1.23,44902474.80,44902474.80,44086075.95,816398.85,-1.46
QYE++ Stock Holdings,2026-04-02,47235823.04,0.00,101.19,101.14,24974.88,0.05,47210848.16,47210848.16,47206685.68,4162.48,0.00
QAW++ Stock Holdings,2026-04-02,56372140.80,0.00,104.40,105.41,-544914.60,-0.96,56917055.40,56917055.40,56099597.25,817458.15,-1.11
Stock Holdings,2026-04-02,103607963.84,0.00,103.96,104.48,-519939.72,-0.50,104127903.56,104127903.56,103306282.93,821620.63,-0.53
Small Cap Mutual Funds,2026-04-02,153164466.50,0.00,92.59,92.55,59352.38,0.04,153105114.12,153105114.12,148184548.64,4920565.48,-8.29
QYE++ Small Cap Mutual Funds,2026-04-02,153164466.50,0.00,92.59,92.55,59352.38,0.04,153105114.12,153105114.12,148184548.64,4920565.48,-8.29
QYE++ Mutual Funds,2026-04-02,153164466.50,0.00,92.59,92.55,59352.38,0.04,153105114.12,153105114.12,148184548.64,4920565.48,-8.29
QYE++ Equity Mutual Funds,2026-04-02,153164466.50,0.00,92.59,92.55,59352.38,0.04,153105114.12,153105114.12,148184548.64,4920565.48,-8.29
Equity Mutual Funds,2026-04-02,153164466.50,0.00,92.59,92.55,59352.38,0.04,153105114.12,153105114.12,148184548.64,4920565.48,-8.29
Mutual Funds,2026-04-02,153164466.50,0.00,92.59,92.55,59352.38,0.04,153105114.12,153105114.12,148184548.64,4920565.48,-8.29
QYE++ Miscellaneous P&L,2026-04-02,0.00,0.00,100.00,100.00,0.00,0.00,0.00,0.00,0.00,0.00,0.00
QAW++ Miscellaneous P&L,2026-04-02,0.00,0.00,100.00,100.00,0.00,0.00,0.00,0.00,0.00,0.00,0.00
Miscellaneous P&L,2026-04-02,0.00,0.00,100.00,100.00,0.00,0.00,0.00,0.00,0.00,0.00,0.00
QYE++ Equity Holdings Tax,2026-04-02,0.00,0.00,100.00,100.00,0.00,0.00,0.00,0.00,0.00,0.00,0.00
QAW++ Equity Holdings Tax,2026-04-02,0.00,0.00,100.00,100.00,0.00,0.00,0.00,0.00,0.00,0.00,0.00
Equity Holdings Tax,2026-04-02,0.00,0.00,100.00,100.00,0.00,0.00,0.00,0.00,0.00,0.00,0.00
QYE++ Total Tax,2026-04-02,0.00,0.00,100.00,100.00,0.00,0.00,0.00,0.00,0.00,0.00,0.00
QAW++ Total Tax,2026-04-02,0.00,0.00,100.00,100.00,0.00,0.00,0.00,0.00,0.00,0.00,0.00
Total Tax,2026-04-02,0.00,0.00,100.00,100.00,0.00,0.00,0.00,0.00,0.00,0.00,0.00
QYE++ F&O Tax,2026-04-02,0.00,0.00,100.00,100.00,0.00,0.00,0.00,0.00,0.00,0.00,0.00
QAW++ F&O Tax,2026-04-02,0.00,0.00,100.00,100.00,0.00,0.00,0.00,0.00,0.00,0.00,0.00
F&O Tax,2026-04-02,0.00,0.00,100.00,100.00,0.00,0.00,0.00,0.00,0.00,0.00,0.00
Equity Intraday Tax,2026-04-02,0.00,0.00,100.00,100.00,0.00,0.00,0.00,0.00,0.00,0.00,0.00
MCX Tax,2026-04-02,0.00,0.00,100.00,100.00,0.00,0.00,0.00,0.00,0.00,0.00,0.00
QYE++ Total Other Debits and Credits,2026-04-02,0.00,0.00,100.00,100.00,0.00,0.00,0.00,0.00,0.00,0.00,0.00
QAW++ Total Other Debits and Credits,2026-04-02,0.00,0.00,100.00,100.00,0.00,0.00,0.00,0.00,0.00,0.00,0.00
Total Other Debits and Credits,2026-04-02,0.00,0.00,100.00,100.00,0.00,0.00,0.00,0.00,0.00,0.00,0.00
QYE++ Equity Other Debits and Credits,2026-04-02,0.00,0.00,100.00,100.00,0.00,0.00,0.00,0.00,0.00,0.00,0.00
QAW++ Equity Other Debits and Credits,2026-04-02,0.00,0.00,100.00,100.00,0.00,0.00,0.00,0.00,0.00,0.00,0.00
Equity Other Debits and Credits,2026-04-02,0.00,0.00,100.00,100.00,0.00,0.00,0.00,0.00,0.00,0.00,0.00
QYE++ NPSAR,2026-04-02,28025068.86,2625920.63,101.89,101.84,58274.85,0.05,111867176.02,25340873.38,110973913.74,-2402605.06,-2.11
QAW++ NPSAR,2026-04-02,7899991.49,638759.75,99.11,99.06,16427.11,0.05,31534257.52,7244804.63,31726780.35,-686890.46,-2.11
NPSAR,2026-04-02,35925060.35,3264680.42,101.89,101.84,74701.96,0.05,143401433.54,32585678.00,142700694.09,-3089495.52,-2.11
QYE++ SPSAR,2026-04-02,27863735.78,960988.65,103.89,103.98,-103058.22,-0.09,111867176.02,27005805.36,110973913.74,-737673.08,-0.76
QAW++ SPSAR,2026-04-02,7854513.28,162765.63,99.97,100.06,-29051.10,-0.09,31534257.52,7720798.75,31726780.35,-210896.33,-0.76
SPSAR,2026-04-02,35718249.07,1123754.31,103.89,103.98,-132109.32,-0.09,143401433.54,34726604.11,142700694.09,-948569.41,-0.76
QYE++ NLONG,2026-04-02,1378928.84,476293.15,117.21,115.79,1378928.84,1.23,111867175.63,-476293.15,110973913.29,-476293.15,-0.58
QAW++ NLONG,2026-04-02,388706.49,136169.37,100.85,99.62,388706.49,1.23,31534257.41,-136169.37,31726780.23,-136169.37,0.00
NLONG,2026-04-02,1767635.33,612462.52,117.21,115.79,1767635.33,1.23,143401433.04,-612462.52,142700693.52,-612462.52,-0.58
QYE++ SLONG,2026-04-02,4194540.39,1257098.32,120.07,115.73,4194540.39,3.75,111867175.63,-1257098.32,110973913.29,-1257098.32,0.00
QAW++ SLONG,2026-04-02,1182399.71,359396.91,102.70,98.99,1182399.71,3.75,31534257.41,-359396.91,31726780.23,-359396.91,0.00
SLONG,2026-04-02,5376940.10,1616495.23,120.07,115.73,5376940.10,3.75,143401433.04,-1616495.23,142700693.52,-1616495.23,0.00
QYE++ PSAR,2026-04-02,55888804.64,3586909.27,102.89,102.91,-44783.37,-0.02,223734352.04,52346678.74,221947827.47,-3140278.13,-1.43
QAW++ PSAR,2026-04-02,15754504.77,801525.38,99.54,99.56,-12623.99,-0.02,63068515.04,14965603.38,63453560.71,-897786.80,-1.43
PSAR,2026-04-02,71643309.41,4388434.72,102.89,102.91,-57407.36,-0.02,286802867.08,67312282.11,285401388.18,-4038064.93,-1.43
QYE++ LONG,2026-04-02,5573469.23,1733391.46,118.67,115.79,5573469.23,2.49,223734351.26,-1733391.46,221947826.59,-1733391.46,0.00
QAW++ LONG,2026-04-02,1571106.20,495566.29,101.78,99.31,1571106.20,2.49,63068514.82,-495566.29,63453560.45,-495566.29,0.00
LONG,2026-04-02,7144575.43,2228957.75,118.67,115.79,7144575.43,2.49,286802866.08,-2228957.75,285401387.04,-2228957.75,0.00
QAW++ DMA1,2026-04-02,579280.00,0.00,99.25,99.00,75010.00,0.25,29795561.00,504270.00,25785760.00,-295776.00,-0.90
DMA1,2026-04-02,579280.00,0.00,99.25,99.00,75010.00,0.25,29795561.00,504270.00,25785760.00,-295776.00,-0.90
QYE++ Total Portfolio Value,2026-04-02,61462273.87,5320300.74,121.67,118.73,5528685.86,2.47,223734351.20,50613287.27,221947826.56,-4873669.60,0.00
QAW++ Total Portfolio Value,2026-04-02,17904890.97,1297091.67,100.96,98.41,1633492.21,2.59,63068514.80,14974307.09,63453560.44,-1689129.08,-0.14
Total Portfolio Value,2026-04-02,79367164.84,6617392.47,121.65,118.68,7162178.07,2.50,286802866.00,65587594.36,285401387.00,-6562798.68,0.00
QYE++ Zerodha Total Portfolio,2026-04-02,225604312.10,0.00,115.97,113.09,5588038.24,2.54,220016273.86,220016273.86,219969377.98,46895.88,-0.47
QAW++ Zerodha Total Portfolio,2026-04-02,63133977.83,0.00,105.24,103.38,1113552.49,1.80,62020425.34,62020425.34,62887933.79,-867508.45,0.00
Zerodha Total Portfolio,2026-04-02,288738289.92,0.00,116.48,113.77,6701590.73,2.38,282036699.19,282036699.19,282857311.76,-820612.57,-0.03