System Tag,Date,Portfolio Value,Cash In/Out,NAV,Prev NAV,PnL,Daily P/L %,Exposure Value,Prev Portfolio Value,Prev Exposure Value,Prev Pnl,Drawdown %
NPSAR1,2026-01-20,173281.26,169215.59,100.30,100.00,4065.67,0.30,1353724.68,0.00,0.00,0.00,0.00
NPSAR10,2026-01-20,386679.99,380735.06,100.20,100.00,5944.93,0.20,3045880.50,0.00,0.00,0.00,0.00
NPSAR11,2026-01-20,387671.41,380735.06,100.23,100.00,6936.35,0.23,3045880.50,0.00,0.00,0.00,0.00
NPSAR12,2026-01-20,390020.22,380735.06,100.30,100.00,9285.16,0.30,3045880.50,0.00,0.00,0.00,0.00
NPSAR13,2026-01-20,389769.92,380735.06,100.30,100.00,9034.86,0.30,3045880.50,0.00,0.00,0.00,0.00
NPSAR2,2026-01-20,173170.15,169215.59,100.29,100.00,3954.56,0.29,1353724.68,0.00,0.00,0.00,0.00
NPSAR3,2026-01-20,173189.69,169215.59,100.29,100.00,3974.10,0.29,1353724.68,0.00,0.00,0.00,0.00
NPSAR4,2026-01-20,175322.11,169215.59,100.45,100.00,6106.52,0.45,1353724.68,0.00,0.00,0.00,0.00
NPSAR5,2026-01-20,175344.96,169215.59,100.45,100.00,6129.37,0.45,1353724.68,0.00,0.00,0.00,0.00
NPSAR6,2026-01-20,175210.88,169215.59,100.44,100.00,5995.29,0.44,1353724.68,0.00,0.00,0.00,0.00
NPSAR7,2026-01-20,175145.53,169215.59,100.44,100.00,5929.94,0.44,1353724.68,0.00,0.00,0.00,0.00
NPSAR8,2026-01-20,176567.85,169215.59,100.54,100.00,7352.26,0.54,1353724.68,0.00,0.00,0.00,0.00
NPSAR9,2026-01-20,176084.00,169215.59,100.51,100.00,6868.41,0.51,1353724.68,0.00,0.00,0.00,0.00
SPSAR1,2026-01-20,173692.59,169215.59,100.33,100.00,4477.00,0.33,1353724.68,0.00,0.00,0.00,0.00
SPSAR10,2026-01-20,388521.06,380735.06,100.26,100.00,7786.00,0.26,3045880.50,0.00,0.00,0.00,0.00
SPSAR11,2026-01-20,389284.02,380735.06,100.28,100.00,8548.96,0.28,3045880.50,0.00,0.00,0.00,0.00
SPSAR12,2026-01-20,389284.02,380735.06,100.28,100.00,8548.96,0.28,3045880.50,0.00,0.00,0.00,0.00
SPSAR13,2026-01-20,392207.72,380735.06,100.38,100.00,11472.66,0.38,3045880.50,0.00,0.00,0.00,0.00
SPSAR2,2026-01-20,173692.59,169215.59,100.33,100.00,4477.00,0.33,1353724.68,0.00,0.00,0.00,0.00
SPSAR3,2026-01-20,173692.59,169215.59,100.33,100.00,4477.00,0.33,1353724.68,0.00,0.00,0.00,0.00
SPSAR4,2026-01-20,175255.59,169215.59,100.45,100.00,6040.00,0.45,1353724.68,0.00,0.00,0.00,0.00
SPSAR5,2026-01-20,175255.59,169215.59,100.45,100.00,6040.00,0.45,1353724.68,0.00,0.00,0.00,0.00
SPSAR6,2026-01-20,175255.59,169215.59,100.45,100.00,6040.00,0.45,1353724.68,0.00,0.00,0.00,0.00
SPSAR7,2026-01-20,175255.59,169215.59,100.45,100.00,6040.00,0.45,1353724.68,0.00,0.00,0.00,0.00
SPSAR8,2026-01-20,175255.59,169215.59,100.45,100.00,6040.00,0.45,1353724.68,0.00,0.00,0.00,0.00
SPSAR9,2026-01-20,175255.59,169215.59,100.45,100.00,6040.00,0.45,1353724.68,0.00,0.00,0.00,0.00
NLONG1,2026-01-20,6463.81,0.00,100.64,100.00,6463.81,0.64,1015293.50,0.00,0.00,0.00,0.00
NLONG10,2026-01-20,7512.02,0.00,100.74,100.00,7512.02,0.74,1015293.50,0.00,0.00,0.00,0.00
NLONG11,2026-01-20,30565.84,0.00,103.01,100.00,30565.84,3.01,1015293.50,0.00,0.00,0.00,0.00
NLONG12,2026-01-20,24039.69,0.00,102.37,100.00,24039.69,2.37,1015293.50,0.00,0.00,0.00,0.00
NLONG13,2026-01-20,4542.52,0.00,100.45,100.00,4542.52,0.45,1015293.50,0.00,0.00,0.00,0.00
NLONG14,2026-01-20,3316.68,0.00,100.33,100.00,3316.68,0.33,1015293.50,0.00,0.00,0.00,0.00
NLONG15,2026-01-20,23099.50,0.00,102.28,100.00,23099.50,2.28,1015293.50,0.00,0.00,0.00,0.00
NLONG16,2026-01-20,17925.29,0.00,101.77,100.00,17925.29,1.77,1015293.50,0.00,0.00,0.00,0.00
NLONG17,2026-01-20,4542.52,0.00,100.45,100.00,4542.52,0.45,1015293.50,0.00,0.00,0.00,0.00
NLONG18,2026-01-20,3316.68,0.00,100.33,100.00,3316.68,0.33,1015293.50,0.00,0.00,0.00,0.00
NLONG19,2026-01-20,23099.50,0.00,102.28,100.00,23099.50,2.28,1015293.50,0.00,0.00,0.00,0.00
NLONG2,2026-01-20,7512.02,0.00,100.74,100.00,7512.02,0.74,1015293.50,0.00,0.00,0.00,0.00
NLONG20,2026-01-20,17925.29,0.00,101.77,100.00,17925.29,1.77,1015293.50,0.00,0.00,0.00,0.00
NLONG21,2026-01-20,2888.00,0.00,100.28,100.00,2888.00,0.28,1015293.50,0.00,0.00,0.00,0.00
NLONG22,2026-01-20,2495.69,0.00,100.25,100.00,2495.69,0.25,1015293.50,0.00,0.00,0.00,0.00
NLONG23,2026-01-20,29297.20,0.00,102.89,100.00,29297.20,2.89,1015293.50,0.00,0.00,0.00,0.00
NLONG24,2026-01-20,32396.21,0.00,103.19,100.00,32396.21,3.19,1015293.50,0.00,0.00,0.00,0.00
NLONG3,2026-01-20,30391.56,0.00,102.99,100.00,30391.56,2.99,1015293.50,0.00,0.00,0.00,0.00
NLONG4,2026-01-20,24039.69,0.00,102.37,100.00,24039.69,2.37,1015293.50,0.00,0.00,0.00,0.00
NLONG5,2026-01-20,7867.40,0.00,100.77,100.00,7867.40,0.77,1015293.50,0.00,0.00,0.00,0.00
NLONG6,2026-01-20,7512.02,0.00,100.74,100.00,7512.02,0.74,1015293.50,0.00,0.00,0.00,0.00
NLONG7,2026-01-20,30565.84,0.00,103.01,100.00,30565.84,3.01,1015293.50,0.00,0.00,0.00,0.00
NLONG8,2026-01-20,24039.69,0.00,102.37,100.00,24039.69,2.37,1015293.50,0.00,0.00,0.00,0.00
NLONG9,2026-01-20,7867.40,0.00,100.77,100.00,7867.40,0.77,1015293.50,0.00,0.00,0.00,0.00
SLONG1,2026-01-20,13755.95,0.00,101.35,100.00,13755.95,1.35,1015293.50,0.00,0.00,0.00,0.00
SLONG10,2026-01-20,14093.94,0.00,101.39,100.00,14093.94,1.39,1015293.50,0.00,0.00,0.00,0.00
SLONG11,2026-01-20,13755.95,0.00,101.35,100.00,13755.95,1.35,1015293.50,0.00,0.00,0.00,0.00
SLONG12,2026-01-20,14093.94,0.00,101.39,100.00,14093.94,1.39,1015293.50,0.00,0.00,0.00,0.00
SLONG13,2026-01-20,11455.19,0.00,101.13,100.00,11455.19,1.13,1015293.50,0.00,0.00,0.00,0.00
SLONG14,2026-01-20,9849.64,0.00,100.97,100.00,9849.64,0.97,1015293.50,0.00,0.00,0.00,0.00
SLONG15,2026-01-20,11076.97,0.00,101.09,100.00,11076.97,1.09,1015293.50,0.00,0.00,0.00,0.00
SLONG16,2026-01-20,10575.92,0.00,101.04,100.00,10575.92,1.04,1015293.50,0.00,0.00,0.00,0.00
SLONG17,2026-01-20,11455.19,0.00,101.13,100.00,11455.19,1.13,1015293.50,0.00,0.00,0.00,0.00
SLONG18,2026-01-20,9849.64,0.00,100.97,100.00,9849.64,0.97,1015293.50,0.00,0.00,0.00,0.00
SLONG19,2026-01-20,11076.97,0.00,101.09,100.00,11076.97,1.09,1015293.50,0.00,0.00,0.00,0.00
SLONG2,2026-01-20,14093.94,0.00,101.39,100.00,14093.94,1.39,1015293.50,0.00,0.00,0.00,0.00
SLONG20,2026-01-20,10575.92,0.00,101.04,100.00,10575.92,1.04,1015293.50,0.00,0.00,0.00,0.00
SLONG21,2026-01-20,8717.21,0.00,100.86,100.00,8717.21,0.86,1015293.50,0.00,0.00,0.00,0.00
SLONG22,2026-01-20,8439.75,0.00,100.83,100.00,8439.75,0.83,1015293.50,0.00,0.00,0.00,0.00
SLONG23,2026-01-20,10300.80,0.00,101.01,100.00,10300.80,1.01,1015293.50,0.00,0.00,0.00,0.00
SLONG24,2026-01-20,11124.65,0.00,101.10,100.00,11124.65,1.10,1015293.50,0.00,0.00,0.00,0.00
SLONG3,2026-01-20,13755.95,0.00,101.35,100.00,13755.95,1.35,1015293.50,0.00,0.00,0.00,0.00
SLONG4,2026-01-20,14093.94,0.00,101.39,100.00,14093.94,1.39,1015293.50,0.00,0.00,0.00,0.00
SLONG5,2026-01-20,13755.95,0.00,101.35,100.00,13755.95,1.35,1015293.50,0.00,0.00,0.00,0.00
SLONG6,2026-01-20,14093.94,0.00,101.39,100.00,14093.94,1.39,1015293.50,0.00,0.00,0.00,0.00
SLONG7,2026-01-20,13755.95,0.00,101.35,100.00,13755.95,1.35,1015293.50,0.00,0.00,0.00,0.00
SLONG8,2026-01-20,14093.94,0.00,101.39,100.00,14093.94,1.39,1015293.50,0.00,0.00,0.00,0.00
SLONG9,2026-01-20,13755.95,0.00,101.35,100.00,13755.95,1.35,1015293.50,0.00,0.00,0.00,0.00
Large Cap Stock Holdings,2026-01-20,26265676.25,26743211.25,98.21,100.00,-477535.00,-1.79,26743211.25,0.00,0.00,0.00,-1.79
Liquidcase Stock Holdings,2026-01-20,6589963.20,6589376.80,100.01,100.00,586.40,0.01,6589376.80,0.00,0.00,0.00,0.00
Small Cap Stock Holdings,2026-01-20,10821200.00,11228600.00,96.37,100.00,-407400.00,-3.63,11228600.00,0.00,0.00,0.00,-3.63
Debt Stock Holdings,2026-01-20,6589963.20,6589376.80,100.01,100.00,586.40,0.01,6589376.80,0.00,0.00,0.00,0.00
Equity Stock Holdings,2026-01-20,37086876.25,37971811.25,97.67,100.00,-884935.00,-2.33,37971811.25,0.00,0.00,0.00,-2.33
Stock Holdings,2026-01-20,43676839.45,44561188.05,98.02,100.00,-884348.60,-1.98,44561188.05,0.00,0.00,0.00,-1.98
Miscellaneous P&L,2026-01-20,0.00,0.00,100.00,100.00,0.00,0.00,0.00,0.00,0.00,0.00,0.00
Total Tax,2026-01-20,-3089.11,0.00,100.00,100.00,-3089.11,0.00,0.00,0.00,0.00,0.00,0.00
Equity Holdings Tax,2026-01-20,0.00,0.00,100.00,100.00,0.00,0.00,0.00,0.00,0.00,0.00,0.00
Equity Intraday Tax,2026-01-20,0.00,0.00,100.00,100.00,0.00,0.00,0.00,0.00,0.00,0.00,0.00
F&O Tax,2026-01-20,-3089.11,0.00,100.00,100.00,-3089.11,0.00,0.00,0.00,0.00,0.00,0.00
MCX Tax,2026-01-20,0.00,0.00,100.00,100.00,0.00,0.00,0.00,0.00,0.00,0.00,0.00
Total Other Debits and Credits,2026-01-20,-35.40,0.00,100.00,100.00,-35.40,0.00,0.00,0.00,0.00,0.00,0.00
Equity Other Debits and Credits,2026-01-20,-35.40,0.00,100.00,100.00,-35.40,0.00,0.00,0.00,0.00,0.00,0.00
NPSAR,2026-01-20,3127457.94,3045880.52,100.33,100.00,81577.42,0.33,24367044.12,0.00,0.00,0.00,0.00
SPSAR,2026-01-20,3131908.10,3045880.52,100.35,100.00,86027.58,0.35,24367044.12,0.00,0.00,0.00,0.00
NLONG,2026-01-20,373222.06,0.00,101.53,100.00,373222.06,1.53,24367044.00,0.00,0.00,0.00,0.00
SLONG,2026-01-20,291597.19,0.00,101.20,100.00,291597.19,1.20,24367044.00,0.00,0.00,0.00,0.00
PSAR,2026-01-20,6259366.03,6091761.03,100.34,100.00,167605.00,0.34,48734088.24,0.00,0.00,0.00,0.00
LONG,2026-01-20,664819.25,0.00,101.36,100.00,664819.25,1.36,48734088.00,0.00,0.00,0.00,0.00
Total Portfolio Value,2026-01-20,6921096.17,6091761.03,101.70,100.00,829335.14,1.70,48734088.00,0.00,0.00,0.00,0.00
Zerodha Total Portfolio,2026-01-20,47915547.09,47970595.95,99.89,100.00,-55048.86,-0.11,47970595.95,0.00,0.00,0.00,-0.11
NPSAR1,2026-01-21,168783.65,-6935.11,100.48,100.30,2437.50,0.18,1330769.21,173281.26,1353724.68,4065.67,0.00
NPSAR10,2026-01-21,379797.34,-12401.15,100.38,100.20,5518.50,0.18,2994230.69,386679.99,3045880.50,5944.93,0.00
NPSAR11,2026-01-21,367497.00,-13392.57,100.00,100.23,-6781.84,-0.23,2994230.69,387671.41,3045880.50,6936.35,-0.23
NPSAR12,2026-01-21,373131.52,-15741.38,100.26,100.30,-1147.32,-0.04,2994230.69,390020.22,3045880.50,9285.16,-0.04
NPSAR13,2026-01-21,375638.88,-15491.08,100.35,100.30,1360.04,0.05,2994230.69,389769.92,3045880.50,9034.86,0.00
NPSAR2,2026-01-21,168783.65,-6823.99,100.47,100.29,2437.50,0.18,1330769.21,173170.14,1353724.68,3954.56,0.00
NPSAR3,2026-01-21,168783.65,-6843.53,100.47,100.29,2437.50,0.18,1330769.21,173189.68,1353724.68,3974.10,0.00
NPSAR4,2026-01-21,168783.65,-8975.95,100.63,100.45,2437.50,0.18,1330769.21,175322.10,1353724.68,6106.52,0.00
NPSAR5,2026-01-21,168783.65,-8998.81,100.63,100.45,2437.50,0.18,1330769.21,175344.96,1353724.68,6129.37,0.00
NPSAR6,2026-01-21,168783.65,-8864.73,100.62,100.44,2437.50,0.18,1330769.21,175210.88,1353724.68,5995.29,0.00
NPSAR7,2026-01-21,168783.65,-8799.37,100.62,100.44,2437.50,0.18,1330769.21,175145.52,1353724.68,5929.94,0.00
NPSAR8,2026-01-21,169105.40,-10221.69,100.75,100.54,2759.25,0.21,1330769.21,176567.84,1353724.68,7352.26,0.00
NPSAR9,2026-01-21,169105.40,-9737.85,100.72,100.51,2759.25,0.21,1330769.21,176084.00,1353724.68,6868.41,0.00
SPSAR1,2026-01-21,166844.15,-7346.43,100.37,100.33,498.00,0.04,1330769.21,173692.58,1353724.68,4477.00,0.00
SPSAR10,2026-01-21,365724.17,-14242.22,99.97,100.26,-8554.67,-0.29,2994230.69,388521.06,3045880.50,7786.00,-0.29
SPSAR11,2026-01-21,370041.00,-15005.18,100.14,100.28,-4237.84,-0.14,2994230.69,389284.02,3045880.50,8548.96,-0.14
SPSAR12,2026-01-21,374491.39,-15005.18,100.29,100.28,212.55,0.01,2994230.69,389284.02,3045880.50,8548.96,0.00
SPSAR13,2026-01-21,375260.57,-17928.88,100.41,100.38,981.73,0.03,2994230.69,392207.72,3045880.50,11472.66,0.00
SPSAR2,2026-01-21,166844.15,-7346.43,100.37,100.33,498.00,0.04,1330769.21,173692.58,1353724.68,4477.00,0.00
SPSAR3,2026-01-21,166844.15,-7346.43,100.37,100.33,498.00,0.04,1330769.21,173692.58,1353724.68,4477.00,0.00
SPSAR4,2026-01-21,167066.15,-8909.43,100.50,100.45,720.00,0.05,1330769.21,175255.58,1353724.68,6040.00,0.00
SPSAR5,2026-01-21,167066.15,-8909.43,100.50,100.45,720.00,0.05,1330769.21,175255.58,1353724.68,6040.00,0.00
SPSAR6,2026-01-21,167066.15,-8909.43,100.50,100.45,720.00,0.05,1330769.21,175255.58,1353724.68,6040.00,0.00
SPSAR7,2026-01-21,167066.15,-8909.43,100.50,100.45,720.00,0.05,1330769.21,175255.58,1353724.68,6040.00,0.00
SPSAR8,2026-01-21,167066.15,-8909.43,100.50,100.45,720.00,0.05,1330769.21,175255.58,1353724.68,6040.00,0.00
SPSAR9,2026-01-21,167066.15,-8909.43,100.50,100.45,720.00,0.05,1330769.21,175255.58,1353724.68,6040.00,0.00
NLONG1,2026-01-21,-6471.20,-6463.81,99.99,100.64,-6471.20,-0.65,998076.90,6463.81,1015293.50,6463.81,-0.65
NLONG10,2026-01-21,-5360.00,-7512.02,100.20,100.74,-5360.00,-0.54,998076.90,7512.02,1015293.50,7512.02,-0.54
NLONG11,2026-01-21,-4643.25,-30565.84,102.53,103.01,-4643.25,-0.47,998076.90,30565.84,1015293.50,30565.84,-0.47
NLONG12,2026-01-21,-670.38,-24039.69,102.30,102.37,-670.38,-0.07,998076.90,24039.69,1015293.50,24039.69,-0.07
NLONG13,2026-01-21,-3297.32,-4542.52,100.12,100.45,-3297.32,-0.33,998076.90,4542.52,1015293.50,4542.52,-0.33
NLONG14,2026-01-21,-3638.22,-3316.68,99.96,100.33,-3638.22,-0.36,998076.90,3316.68,1015293.50,3316.68,-0.37
NLONG15,2026-01-21,-1033.10,-23099.50,102.17,102.28,-1033.10,-0.10,998076.90,23099.50,1015293.50,23099.50,-0.11
NLONG16,2026-01-21,-2107.80,-17925.29,101.56,101.77,-2107.80,-0.21,998076.90,17925.29,1015293.50,17925.29,-0.21
NLONG17,2026-01-21,-7074.88,-4542.52,99.74,100.45,-7074.88,-0.71,998076.90,4542.52,1015293.50,4542.52,-0.71
NLONG18,2026-01-21,-8235.03,-3316.68,99.50,100.33,-8235.03,-0.83,998076.90,3316.68,1015293.50,3316.68,-0.83
NLONG19,2026-01-21,-3301.72,-23099.50,101.94,102.28,-3301.72,-0.33,998076.90,23099.50,1015293.50,23099.50,-0.33
NLONG2,2026-01-21,-5200.92,-7512.02,100.22,100.74,-5200.92,-0.52,998076.90,7512.02,1015293.50,7512.02,-0.52
NLONG20,2026-01-21,-3972.10,-17925.29,101.36,101.77,-3972.10,-0.40,998076.90,17925.29,1015293.50,17925.29,-0.40
NLONG21,2026-01-21,-2048.63,-2888.00,100.07,100.28,-2048.63,-0.21,998076.90,2888.00,1015293.50,2888.00,-0.21
NLONG22,2026-01-21,-3025.46,-2495.69,99.95,100.25,-3025.46,-0.30,998076.90,2495.69,1015293.50,2495.69,-0.30
NLONG23,2026-01-21,219.61,-29297.20,102.91,102.89,219.61,0.02,998076.90,29297.20,1015293.50,29297.20,0.00
NLONG24,2026-01-21,-1643.83,-32396.21,103.02,103.19,-1643.83,-0.16,998076.90,32396.21,1015293.50,32396.21,-0.16
NLONG3,2026-01-21,-4622.89,-30391.56,102.51,102.99,-4622.89,-0.46,998076.90,30391.56,1015293.50,30391.56,-0.47
NLONG4,2026-01-21,-3602.45,-24039.69,102.00,102.37,-3602.45,-0.36,998076.90,24039.69,1015293.50,24039.69,-0.36
NLONG5,2026-01-21,-6471.20,-7867.40,100.12,100.77,-6471.20,-0.65,998076.90,7867.40,1015293.50,7867.40,-0.65
NLONG6,2026-01-21,-5200.92,-7512.02,100.22,100.74,-5200.92,-0.52,998076.90,7512.02,1015293.50,7512.02,-0.52
NLONG7,2026-01-21,-4506.92,-30565.84,102.54,103.01,-4506.92,-0.45,998076.90,30565.84,1015293.50,30565.84,-0.46
NLONG8,2026-01-21,-6223.40,-24039.69,101.73,102.37,-6223.40,-0.62,998076.90,24039.69,1015293.50,24039.69,-0.63
NLONG9,2026-01-21,-6491.56,-7867.40,100.11,100.77,-6491.56,-0.65,998076.90,7867.40,1015293.50,7867.40,-0.65
SLONG1,2026-01-21,-8251.66,-13755.95,100.51,101.35,-8251.66,-0.83,998076.90,13755.95,1015293.50,13755.95,-0.83
SLONG10,2026-01-21,-9101.81,-14093.94,100.47,101.39,-9101.81,-0.91,998076.90,14093.94,1015293.50,14093.94,-0.91
SLONG11,2026-01-21,3060.75,-13755.95,101.66,101.35,3060.75,0.31,998076.90,13755.95,1015293.50,13755.95,0.00
SLONG12,2026-01-21,-4043.38,-14093.94,100.98,101.39,-4043.38,-0.41,998076.90,14093.94,1015293.50,14093.94,-0.40
SLONG13,2026-01-21,-2189.60,-11455.19,100.91,101.13,-2189.60,-0.22,998076.90,11455.19,1015293.50,11455.19,-0.22
SLONG14,2026-01-21,-3169.89,-9849.64,100.65,100.97,-3169.89,-0.32,998076.90,9849.64,1015293.50,9849.64,-0.32
SLONG15,2026-01-21,5868.67,-11076.97,101.68,101.09,5868.67,0.59,998076.90,11076.97,1015293.50,11076.97,0.00
SLONG16,2026-01-21,-591.46,-10575.92,100.98,101.04,-591.46,-0.06,998076.90,10575.92,1015293.50,10575.92,-0.06
SLONG17,2026-01-21,-6487.90,-11455.19,100.47,101.13,-6487.90,-0.65,998076.90,11455.19,1015293.50,11455.19,-0.65
SLONG18,2026-01-21,-6385.37,-9849.64,100.32,100.97,-6385.37,-0.64,998076.90,9849.64,1015293.50,9849.64,-0.64
SLONG19,2026-01-21,3533.06,-11076.97,101.45,101.09,3533.06,0.35,998076.90,11076.97,1015293.50,11076.97,0.00
SLONG2,2026-01-21,-8718.40,-14093.94,100.50,101.39,-8718.40,-0.87,998076.90,14093.94,1015293.50,14093.94,-0.88
SLONG20,2026-01-21,-3763.14,-10575.92,100.66,101.04,-3763.14,-0.38,998076.90,10575.92,1015293.50,10575.92,-0.38
SLONG21,2026-01-21,-1487.74,-8717.21,100.71,100.86,-1487.74,-0.15,998076.90,8717.21,1015293.50,8717.21,-0.15
SLONG22,2026-01-21,-2313.15,-8439.75,100.60,100.83,-2313.15,-0.23,998076.90,8439.75,1015293.50,8439.75,-0.23
SLONG23,2026-01-21,7758.22,-10300.80,101.80,101.01,7758.22,0.78,998076.90,10300.80,1015293.50,10300.80,0.00
SLONG24,2026-01-21,618.96,-11124.65,101.16,101.10,618.96,0.06,998076.90,11124.65,1015293.50,11124.65,0.00
SLONG3,2026-01-21,131.80,-13755.95,101.36,101.35,131.80,0.01,998076.90,13755.95,1015293.50,13755.95,0.00
SLONG4,2026-01-21,-6089.26,-14093.94,100.77,101.39,-6089.26,-0.61,998076.90,14093.94,1015293.50,14093.94,-0.61
SLONG5,2026-01-21,-8251.66,-13755.95,100.51,101.35,-8251.66,-0.83,998076.90,13755.95,1015293.50,13755.95,-0.83
SLONG6,2026-01-21,-8718.40,-14093.94,100.50,101.39,-8718.40,-0.87,998076.90,14093.94,1015293.50,14093.94,-0.88
SLONG7,2026-01-21,2389.71,-13755.95,101.59,101.35,2389.71,0.24,998076.90,13755.95,1015293.50,13755.95,0.00
SLONG8,2026-01-21,-3487.15,-14093.94,101.04,101.39,-3487.15,-0.35,998076.90,14093.94,1015293.50,14093.94,-0.35
SLONG9,2026-01-21,-5322.71,-13755.95,100.81,101.35,-5322.71,-0.53,998076.90,13755.95,1015293.50,13755.95,-0.53
Large Cap Stock Holdings,2026-01-21,26246611.25,0.00,98.14,98.21,-19065.00,-0.07,26265676.25,26265676.25,26743211.25,-477535.00,-1.86
Liquidcase Stock Holdings,2026-01-21,6591136.00,0.00,100.03,100.01,1172.80,0.02,6589963.20,6589963.20,6589376.80,586.40,0.00
Small Cap Stock Holdings,2026-01-21,10841850.00,0.00,96.55,96.37,20650.00,0.19,10821200.00,10821200.00,11228600.00,-407400.00,-3.45
Debt Stock Holdings,2026-01-21,6591136.00,0.00,100.03,100.01,1172.80,0.02,6589963.20,6589963.20,6589376.80,586.40,0.00
Equity Stock Holdings,2026-01-21,37088461.25,0.00,97.67,97.67,1585.00,0.00,37086876.25,37086876.25,37971811.25,-884935.00,-2.33
Stock Holdings,2026-01-21,43679597.25,0.00,98.03,98.02,2757.80,0.01,43676839.45,43676839.45,44561188.05,-884348.60,-1.97
Miscellaneous P&L,2026-01-21,0.00,0.00,100.00,100.00,0.00,0.00,0.00,0.00,0.00,0.00,0.00
Total Tax,2026-01-21,-3148.03,3089.11,100.00,100.00,-3148.03,0.00,0.00,-3089.11,0.00,0.00,0.00
Equity Holdings Tax,2026-01-21,0.00,0.00,100.00,100.00,0.00,0.00,0.00,0.00,0.00,0.00,0.00
Equity Intraday Tax,2026-01-21,0.00,0.00,100.00,100.00,0.00,0.00,0.00,0.00,0.00,0.00,0.00
F&O Tax,2026-01-21,-3148.03,3089.11,100.00,100.00,-3148.03,0.00,0.00,-3089.11,0.00,0.00,0.00
MCX Tax,2026-01-21,0.00,0.00,100.00,100.00,0.00,0.00,0.00,0.00,0.00,0.00,0.00
Total Other Debits and Credits,2026-01-21,0.00,35.40,100.00,100.00,0.00,0.00,0.00,-35.40,0.00,0.00,0.00
Equity Other Debits and Credits,2026-01-21,0.00,35.40,100.00,100.00,0.00,0.00,0.00,-35.40,0.00,0.00,0.00
NPSAR,2026-01-21,3015761.09,-133227.21,100.42,100.33,21530.38,0.09,23953845.65,3127457.94,24367044.12,81577.42,0.00
SPSAR,2026-01-21,2988446.48,-137677.33,100.33,100.35,-5784.23,-0.02,23953845.65,3131908.10,24367044.12,86027.58,-0.02
NLONG,2026-01-21,-98623.57,-373222.06,101.11,101.53,-98623.57,-0.41,23953845.60,373222.06,24367044.00,373222.06,-0.41
SLONG,2026-01-21,-65011.51,-291597.19,100.92,101.20,-65011.51,-0.27,23953845.60,291597.19,24367044.00,291597.19,-0.27
PSAR,2026-01-21,6004207.56,-270904.55,100.38,100.34,15746.15,0.03,47907691.30,6259366.03,48734088.24,167605.00,0.00
LONG,2026-01-21,-163635.08,-664819.25,101.02,101.36,-163635.08,-0.34,47907691.20,664819.25,48734088.00,664819.25,-0.34
Total Portfolio Value,2026-01-21,5837424.45,-932634.69,101.37,101.70,-151036.96,-0.32,47907691.00,6921096.17,48734088.00,829335.14,-0.32
Zerodha Total Portfolio,2026-01-21,47767267.93,0.00,99.58,99.89,-148279.16,-0.31,47915547.09,47915547.09,47970595.95,-55048.86,-0.42
NPSAR1,2026-01-22,163427.97,-2934.43,100.30,100.48,-2421.25,-0.18,1326793.73,168783.65,1330769.21,2437.50,-0.18
NPSAR10,2026-01-22,367376.12,-6636.61,100.19,100.38,-5784.62,-0.19,2985285.88,379797.34,2994230.69,5518.50,-0.19
NPSAR11,2026-01-22,371146.19,5663.73,99.93,100.00,-2014.55,-0.07,2985285.88,367497.00,2994230.69,-6781.84,-0.30
NPSAR12,2026-01-22,376790.53,29.21,100.38,100.26,3629.79,0.12,2985285.88,373131.52,2994230.69,-1147.32,0.00
NPSAR13,2026-01-22,375366.26,-2478.15,100.42,100.35,2205.52,0.07,2985285.88,375638.88,2994230.69,1360.04,0.00
NPSAR2,2026-01-22,163427.97,-2934.43,100.29,100.47,-2421.25,-0.18,1326793.73,168783.65,1330769.21,2437.50,-0.18
NPSAR3,2026-01-22,163427.97,-2934.43,100.29,100.47,-2421.25,-0.18,1326793.73,168783.65,1330769.21,2437.50,-0.18
NPSAR4,2026-01-22,163427.97,-2934.43,100.45,100.63,-2421.25,-0.18,1326793.73,168783.65,1330769.21,2437.50,-0.18
NPSAR5,2026-01-22,163427.97,-2934.43,100.45,100.63,-2421.25,-0.18,1326793.73,168783.65,1330769.21,2437.50,-0.18
NPSAR6,2026-01-22,163427.97,-2934.43,100.44,100.62,-2421.25,-0.18,1326793.73,168783.65,1330769.21,2437.50,-0.18
NPSAR7,2026-01-22,163427.97,-2934.43,100.44,100.62,-2421.25,-0.18,1326793.73,168783.65,1330769.21,2437.50,-0.18
NPSAR8,2026-01-22,162898.08,-3256.18,100.53,100.75,-2951.14,-0.22,1326793.73,169105.40,1330769.21,2759.25,-0.22
NPSAR9,2026-01-22,156608.22,-3256.18,100.02,100.72,-9241.00,-0.70,1326793.73,169105.40,1330769.21,2759.25,-0.69
SPSAR1,2026-01-22,166144.53,-994.93,100.39,100.37,295.31,0.02,1326793.73,166844.15,1330769.21,498.00,0.00
SPSAR10,2026-01-22,371565.35,7436.57,99.92,99.97,-1595.39,-0.05,2985285.88,365724.17,2994230.69,-8554.67,-0.34
SPSAR11,2026-01-22,375486.28,3119.73,100.22,100.14,2325.54,0.08,2985285.88,370041.00,2994230.69,-4237.84,-0.06
SPSAR12,2026-01-22,375823.20,-1330.66,100.38,100.29,2662.46,0.09,2985285.88,374491.39,2994230.69,212.55,0.00
SPSAR13,2026-01-22,386564.62,-2099.84,100.86,100.41,13403.88,0.45,2985285.88,375260.57,2994230.69,981.73,0.00
SPSAR2,2026-01-22,166175.18,-994.93,100.39,100.37,325.96,0.02,1326793.73,166844.15,1330769.21,498.00,0.00
SPSAR3,2026-01-22,166173.39,-994.93,100.39,100.37,324.17,0.02,1326793.73,166844.15,1330769.21,498.00,0.00
SPSAR4,2026-01-22,165544.71,-1216.93,100.48,100.50,-304.51,-0.02,1326793.73,167066.15,1330769.21,720.00,-0.02
SPSAR5,2026-01-22,165955.21,-1216.93,100.51,100.50,105.99,0.01,1326793.73,167066.15,1330769.21,720.00,0.00
SPSAR6,2026-01-22,166072.47,-1216.93,100.52,100.50,223.25,0.02,1326793.73,167066.15,1330769.21,720.00,0.00
SPSAR7,2026-01-22,166000.88,-1216.93,100.51,100.50,151.66,0.01,1326793.73,167066.15,1330769.21,720.00,0.00
SPSAR8,2026-01-22,162134.19,-1216.93,100.22,100.50,-3715.03,-0.28,1326793.73,167066.15,1330769.21,720.00,-0.28
SPSAR9,2026-01-22,162635.15,-1216.93,100.26,100.50,-3214.07,-0.24,1326793.73,167066.15,1330769.21,720.00,-0.24
NLONG1,2026-01-22,-6751.79,6471.20,99.31,99.99,-6751.79,-0.68,995095.29,-6471.20,998076.90,-6471.20,-1.32
NLONG10,2026-01-22,-8041.59,5360.00,99.39,100.20,-8041.59,-0.81,995095.29,-5360.00,998076.90,-5360.00,-1.34
NLONG11,2026-01-22,-386.49,4643.25,102.49,102.53,-386.49,-0.04,995095.29,-4643.25,998076.90,-4643.25,-0.50
NLONG12,2026-01-22,-4733.80,670.38,101.81,102.30,-4733.80,-0.48,995095.29,-670.38,998076.90,-670.38,-0.55
NLONG13,2026-01-22,5051.77,3297.32,100.63,100.12,5051.77,0.51,995095.29,-3297.32,998076.90,-3297.32,0.00
NLONG14,2026-01-22,5080.85,3638.22,100.47,99.96,5080.85,0.51,995095.29,-3638.22,998076.90,-3638.22,0.00
NLONG15,2026-01-22,6298.88,1033.10,102.82,102.17,6298.88,0.63,995095.29,-1033.10,998076.90,-1033.10,0.00
NLONG16,2026-01-22,5681.75,2107.80,102.14,101.56,5681.75,0.57,995095.29,-2107.80,998076.90,-2107.80,0.00
NLONG17,2026-01-22,3904.69,7074.88,100.13,99.74,3904.69,0.39,995095.29,-7074.88,998076.90,-7074.88,-0.32
NLONG18,2026-01-22,927.58,8235.03,99.59,99.50,927.58,0.09,995095.29,-8235.03,998076.90,-8235.03,-0.74
NLONG19,2026-01-22,5822.73,3301.72,102.54,101.94,5822.73,0.59,995095.29,-3301.72,998076.90,-3301.72,0.00
NLONG2,2026-01-22,-8152.73,5200.92,99.40,100.22,-8152.73,-0.82,995095.29,-5200.92,998076.90,-5200.92,-1.33
NLONG20,2026-01-22,5567.05,3972.10,101.93,101.36,5567.05,0.56,995095.29,-3972.10,998076.90,-3972.10,0.00
NLONG21,2026-01-22,5450.59,2048.63,100.62,100.07,5450.59,0.55,995095.29,-2048.63,998076.90,-2048.63,0.00
NLONG22,2026-01-22,5163.17,3025.46,100.47,99.95,5163.17,0.52,995095.29,-3025.46,998076.90,-3025.46,0.00
NLONG23,2026-01-22,6426.37,-219.61,103.57,102.91,6426.37,0.65,995095.29,219.61,998076.90,219.61,0.00
NLONG24,2026-01-22,6051.14,1643.83,103.65,103.02,6051.14,0.61,995095.29,-1643.83,998076.90,-1643.83,0.00
NLONG3,2026-01-22,-6874.57,4622.89,101.80,102.51,-6874.57,-0.69,995095.29,-4622.89,998076.90,-4622.89,-1.16
NLONG4,2026-01-22,-8362.74,3602.45,101.14,102.00,-8362.74,-0.84,995095.29,-3602.45,998076.90,-3602.45,-1.20
NLONG5,2026-01-22,-6751.79,6471.20,99.44,100.12,-6751.79,-0.68,995095.29,-6471.20,998076.90,-6471.20,-1.32
NLONG6,2026-01-22,-8152.73,5200.92,99.40,100.22,-8152.73,-0.82,995095.29,-5200.92,998076.90,-5200.92,-1.33
NLONG7,2026-01-22,-7309.21,4506.92,101.79,102.54,-7309.21,-0.73,995095.29,-4506.92,998076.90,-4506.92,-1.18
NLONG8,2026-01-22,-4555.38,6223.40,101.26,101.73,-4555.38,-0.46,995095.29,-6223.40,998076.90,-6223.40,-1.08
NLONG9,2026-01-22,-552.67,6491.56,100.05,100.11,-552.67,-0.06,995095.29,-6491.56,998076.90,-6491.56,-0.71
SLONG1,2026-01-22,-8262.83,8251.66,99.68,100.51,-8262.83,-0.83,995095.29,-8251.66,998076.90,-8251.66,-1.65
SLONG10,2026-01-22,-4808.39,9101.81,99.98,100.47,-4808.39,-0.48,995095.29,-9101.81,998076.90,-9101.81,-1.39
SLONG11,2026-01-22,-4787.96,-3060.75,101.17,101.66,-4787.96,-0.48,995095.29,3060.75,998076.90,3060.75,-0.48
SLONG12,2026-01-22,-5902.65,4043.38,100.38,100.98,-5902.65,-0.59,995095.29,-4043.38,998076.90,-4043.38,-1.00
SLONG13,2026-01-22,5237.68,2189.60,101.44,100.91,5237.68,0.53,995095.29,-2189.60,998076.90,-2189.60,0.00
SLONG14,2026-01-22,5232.71,3169.89,101.18,100.65,5232.71,0.53,995095.29,-3169.89,998076.90,-3169.89,0.00
SLONG15,2026-01-22,-2154.43,-5868.67,101.46,101.68,-2154.43,-0.22,995095.29,5868.67,998076.90,5868.67,-0.22
SLONG16,2026-01-22,19.81,591.46,100.98,100.98,19.81,0.00,995095.29,-591.46,998076.90,-591.46,-0.06
SLONG17,2026-01-22,3988.61,6487.90,100.87,100.47,3988.61,0.40,995095.29,-6487.90,998076.90,-6487.90,-0.26
SLONG18,2026-01-22,927.34,6385.37,100.41,100.32,927.34,0.09,995095.29,-6385.37,998076.90,-6385.37,-0.55
SLONG19,2026-01-22,-3062.11,-3533.06,101.14,101.45,-3062.11,-0.31,995095.29,3533.06,998076.90,3533.06,-0.31
SLONG2,2026-01-22,-4647.76,8718.40,100.03,100.50,-4647.76,-0.47,995095.29,-8718.40,998076.90,-8718.40,-1.34
SLONG20,2026-01-22,-5833.89,3763.14,100.07,100.66,-5833.89,-0.59,995095.29,-3763.14,998076.90,-3763.14,-0.96
SLONG21,2026-01-22,11831.25,1487.74,101.91,100.71,11831.25,1.19,995095.29,-1487.74,998076.90,-1487.74,0.00
SLONG22,2026-01-22,11821.31,2313.15,101.80,100.60,11821.31,1.19,995095.29,-2313.15,998076.90,-2313.15,0.00
SLONG23,2026-01-22,4904.99,-7758.22,102.30,101.80,4904.99,0.49,995095.29,7758.22,998076.90,7758.22,0.00
SLONG24,2026-01-22,5628.75,-618.96,101.73,101.16,5628.75,0.57,995095.29,618.96,998076.90,618.96,0.00
SLONG3,2026-01-22,-12569.18,-131.80,100.08,101.36,-12569.18,-1.26,995095.29,131.80,998076.90,131.80,-1.26
SLONG4,2026-01-22,-5096.75,6089.26,100.25,100.77,-5096.75,-0.51,995095.29,-6089.26,998076.90,-6089.26,-1.12
SLONG5,2026-01-22,-8262.83,8251.66,99.68,100.51,-8262.83,-0.83,995095.29,-8251.66,998076.90,-8251.66,-1.65
SLONG6,2026-01-22,-4647.76,8718.40,100.03,100.50,-4647.76,-0.47,995095.29,-8718.40,998076.90,-8718.40,-1.34
SLONG7,2026-01-22,-9768.73,-2389.71,100.59,101.59,-9768.73,-0.98,995095.29,2389.71,998076.90,2389.71,-0.98
SLONG8,2026-01-22,-5199.62,3487.15,100.51,101.04,-5199.62,-0.52,995095.29,-3487.15,998076.90,-3487.15,-0.87
SLONG9,2026-01-22,-1605.60,5322.71,100.65,100.81,-1605.60,-0.16,995095.29,-5322.71,998076.90,-5322.71,-0.69
Large Cap Stock Holdings,2026-01-22,26224538.75,0.00,98.06,98.14,-22072.50,-0.08,26246611.25,26246611.25,26265676.25,-19065.00,-1.94
Liquidcase Stock Holdings,2026-01-22,6591722.40,0.00,100.04,100.03,586.40,0.01,6591136.00,6591136.00,6589963.20,1172.80,0.00
Small Cap Stock Holdings,2026-01-22,10971375.00,0.00,97.70,96.55,129525.00,1.19,10841850.00,10841850.00,10821200.00,20650.00,-2.30
Debt Stock Holdings,2026-01-22,6591722.40,0.00,100.04,100.03,586.40,0.01,6591136.00,6591136.00,6589963.20,1172.80,0.00
Equity Stock Holdings,2026-01-22,37195913.75,0.00,97.95,97.67,107452.50,0.29,37088461.25,37088461.25,37086876.25,1585.00,-2.05
Stock Holdings,2026-01-22,43787636.15,0.00,98.28,98.03,108038.90,0.25,43679597.25,43679597.25,43676839.45,2757.80,-1.72
Miscellaneous P&L,2026-01-22,0.00,0.00,100.00,100.00,0.00,0.00,0.00,0.00,0.00,0.00,0.00
Total Tax,2026-01-22,-4109.19,3148.03,100.00,100.00,-4109.19,0.00,0.00,-3148.03,0.00,0.00,0.00
Equity Holdings Tax,2026-01-22,0.00,0.00,100.00,100.00,0.00,0.00,0.00,0.00,0.00,0.00,0.00
Equity Intraday Tax,2026-01-22,0.00,0.00,100.00,100.00,0.00,0.00,0.00,0.00,0.00,0.00,0.00
F&O Tax,2026-01-22,-4109.19,3148.03,100.00,100.00,-4109.19,0.00,0.00,-3148.03,0.00,0.00,0.00
MCX Tax,2026-01-22,0.00,0.00,100.00,100.00,0.00,0.00,0.00,0.00,0.00,0.00,0.00
Total Other Debits and Credits,2026-01-22,0.00,0.00,100.00,100.00,0.00,0.00,0.00,0.00,0.00,0.00,0.00
Equity Other Debits and Credits,2026-01-22,0.00,0.00,100.00,100.00,0.00,0.00,0.00,0.00,0.00,0.00,0.00
NPSAR,2026-01-22,2954181.14,-30475.20,100.29,100.42,-31104.75,-0.13,23882287.09,3015761.09,23953845.65,21530.38,-0.13
SPSAR,2026-01-22,2996275.11,-3160.59,100.37,100.33,10989.22,0.05,23882287.09,2988446.48,23953845.65,-5784.23,0.00
NLONG,2026-01-22,-9198.92,98623.57,101.07,101.11,-9198.92,-0.04,23882286.96,-98623.57,23953845.60,-98623.57,-0.45
SLONG,2026-01-22,-37018.04,65011.51,100.77,100.92,-37018.04,-0.16,23882286.96,-65011.51,23953845.60,-65011.51,-0.43
PSAR,2026-01-22,5950456.24,-33635.80,100.33,100.38,-20115.53,-0.04,47764574.18,6004207.56,47907691.30,15746.15,-0.04
LONG,2026-01-22,-46216.96,163635.08,100.92,101.02,-46216.96,-0.10,47764573.92,-163635.08,47907691.20,-163635.08,-0.44
Total Portfolio Value,2026-01-22,5900130.09,133147.31,101.22,101.37,-70441.68,-0.15,47764574.00,5837424.45,47907691.00,-151036.96,-0.47
Zerodha Total Portfolio,2026-01-22,47804865.15,0.00,99.66,99.58,37597.22,0.08,47767267.93,47767267.93,47915547.09,-148279.16,-0.34
NPSAR1,2026-01-23,172124.62,2758.90,100.75,100.30,5937.75,0.45,1329494.96,163427.97,1326793.73,-2421.25,0.00
NPSAR10,2026-01-23,376567.84,6544.33,100.28,100.19,2647.39,0.09,2991363.62,367376.12,2985285.88,-5784.62,-0.10
NPSAR11,2026-01-23,379010.94,2774.27,100.10,99.93,5090.49,0.17,2991363.62,371146.18,2985285.88,-2014.55,-0.13
NPSAR12,2026-01-23,383920.08,-2870.07,100.72,100.38,9999.63,0.33,2991363.62,376790.52,2985285.88,3629.79,0.00
NPSAR13,2026-01-23,383385.87,-1445.81,100.74,100.42,9465.42,0.32,2991363.62,375366.26,2985285.88,2205.52,0.00
NPSAR2,2026-01-23,172124.62,2758.90,100.74,100.29,5937.75,0.45,1329494.96,163427.97,1326793.73,-2421.25,0.00
NPSAR3,2026-01-23,172124.62,2758.90,100.74,100.29,5937.75,0.45,1329494.96,163427.97,1326793.73,-2421.25,0.00
NPSAR4,2026-01-23,172124.62,2758.90,100.90,100.45,5937.75,0.45,1329494.96,163427.97,1326793.73,-2421.25,0.00
NPSAR5,2026-01-23,172124.62,2758.90,100.90,100.45,5937.75,0.45,1329494.96,163427.97,1326793.73,-2421.25,0.00
NPSAR6,2026-01-23,172124.62,2758.90,100.89,100.44,5937.75,0.45,1329494.96,163427.97,1326793.73,-2421.25,0.00
NPSAR7,2026-01-23,157149.03,2758.90,99.76,100.44,-9037.84,-0.68,1329494.96,163427.97,1326793.73,-2421.25,-0.85
NPSAR8,2026-01-23,154177.56,3288.79,99.62,100.53,-12009.31,-0.90,1329494.96,162898.08,1326793.73,-2951.14,-1.12
NPSAR9,2026-01-23,162142.60,9578.65,99.72,100.02,-4044.27,-0.30,1329494.96,156608.22,1326793.73,-9241.00,-0.99
SPSAR1,2026-01-23,173538.87,42.34,100.95,100.39,7352.00,0.55,1329494.96,166144.53,1326793.73,295.31,0.00
SPSAR10,2026-01-23,389190.45,2355.11,100.43,99.92,15270.00,0.51,2991363.62,371565.34,2985285.88,-1595.39,0.00
SPSAR11,2026-01-23,378898.08,-1565.83,100.39,100.22,4977.63,0.17,2991363.62,375486.28,2985285.88,2325.54,0.00
SPSAR12,2026-01-23,381434.33,-1902.75,100.63,100.38,7513.88,0.25,2991363.62,375823.20,2985285.88,2662.46,0.00
SPSAR13,2026-01-23,379666.61,-12644.17,101.05,100.86,5746.16,0.19,2991363.62,386564.62,2985285.88,13403.88,0.00
SPSAR2,2026-01-23,173168.87,11.69,100.92,100.39,6982.00,0.53,1329494.96,166175.18,1326793.73,325.96,0.00
SPSAR3,2026-01-23,173538.87,13.48,100.95,100.39,7352.00,0.55,1329494.96,166173.39,1326793.73,324.17,0.00
SPSAR4,2026-01-23,173538.87,642.16,101.04,100.48,7352.00,0.55,1329494.96,165544.71,1326793.73,-304.51,0.00
SPSAR5,2026-01-23,173538.87,231.66,101.07,100.51,7352.00,0.55,1329494.96,165955.21,1326793.73,105.99,0.00
SPSAR6,2026-01-23,173538.87,114.40,101.08,100.52,7352.00,0.55,1329494.96,166072.47,1326793.73,223.25,0.00
SPSAR7,2026-01-23,159538.21,185.99,100.01,100.51,-6648.66,-0.50,1329494.96,166000.88,1326793.73,151.66,-0.50
SPSAR8,2026-01-23,161911.65,4052.68,99.90,100.22,-4275.22,-0.32,1329494.96,162134.19,1326793.73,-3715.03,-0.60
SPSAR9,2026-01-23,163065.98,3551.72,100.02,100.26,-3120.89,-0.23,1329494.96,162635.15,1326793.73,-3214.07,-0.48
NLONG1,2026-01-23,11534.55,6751.79,100.46,99.31,11534.55,1.16,997121.21,-6751.79,995095.29,-6751.79,-0.18
NLONG10,2026-01-23,8333.58,8041.59,100.22,99.39,8333.58,0.84,997121.21,-8041.59,995095.29,-8041.59,-0.52
NLONG11,2026-01-23,10544.80,386.49,103.57,102.49,10544.80,1.06,997121.21,-386.49,995095.29,-386.49,0.00
NLONG12,2026-01-23,8333.58,4733.80,102.66,101.81,8333.58,0.84,997121.21,-4733.80,995095.29,-4733.80,0.00
NLONG13,2026-01-23,5549.29,-5051.77,101.19,100.63,5549.29,0.56,997121.21,5051.77,995095.29,5051.77,0.00
NLONG14,2026-01-23,4888.57,-5080.85,100.96,100.47,4888.57,0.49,997121.21,5080.85,995095.29,5080.85,0.00
NLONG15,2026-01-23,6350.58,-6298.88,103.47,102.82,6350.58,0.64,997121.21,6298.88,995095.29,6298.88,0.00
NLONG16,2026-01-23,4849.64,-5681.75,102.64,102.14,4849.64,0.49,997121.21,5681.75,995095.29,5681.75,0.00
NLONG17,2026-01-23,5549.29,-3904.69,100.69,100.13,5549.29,0.56,997121.21,3904.69,995095.29,3904.69,0.00
NLONG18,2026-01-23,4888.57,-927.58,100.08,99.59,4888.57,0.49,997121.21,927.58,995095.29,927.58,-0.25
NLONG19,2026-01-23,562.32,-5822.73,102.60,102.54,562.32,0.06,997121.21,5822.73,995095.29,5822.73,0.00
NLONG2,2026-01-23,8333.58,8152.73,100.23,99.40,8333.58,0.84,997121.21,-8152.73,995095.29,-8152.73,-0.51
NLONG20,2026-01-23,-339.54,-5567.05,101.90,101.93,-339.54,-0.03,997121.21,5567.05,995095.29,5567.05,-0.03
NLONG21,2026-01-23,-1569.34,-5450.59,100.46,100.62,-1569.34,-0.16,997121.21,5450.59,995095.29,5450.59,-0.16
NLONG22,2026-01-23,-1630.98,-5163.17,100.31,100.47,-1630.98,-0.16,997121.21,5163.17,995095.29,5163.17,-0.16
NLONG23,2026-01-23,1948.53,-6426.37,103.77,103.57,1948.53,0.20,997121.21,6426.37,995095.29,6426.37,0.00
NLONG24,2026-01-23,1046.67,-6051.14,103.76,103.65,1046.67,0.10,997121.21,6051.14,995095.29,6051.14,0.00
NLONG3,2026-01-23,10629.45,6874.57,102.89,101.80,10629.45,1.07,997121.21,-6874.57,995095.29,-6874.57,-0.10
NLONG4,2026-01-23,8333.58,8362.74,101.99,101.14,8333.58,0.84,997121.21,-8362.74,995095.29,-8362.74,-0.37
NLONG5,2026-01-23,11534.55,6751.79,100.59,99.44,11534.55,1.16,997121.21,-6751.79,995095.29,-6751.79,-0.18
NLONG6,2026-01-23,8333.58,8152.73,100.23,99.40,8333.58,0.84,997121.21,-8152.73,995095.29,-8152.73,-0.51
NLONG7,2026-01-23,10629.45,7309.21,102.88,101.79,10629.45,1.07,997121.21,-7309.21,995095.29,-7309.21,-0.13
NLONG8,2026-01-23,8333.58,4555.38,102.11,101.26,8333.58,0.84,997121.21,-4555.38,995095.29,-4555.38,-0.25
NLONG9,2026-01-23,11534.55,552.67,101.21,100.05,11534.55,1.16,997121.21,-552.67,995095.29,-552.67,0.00
SLONG1,2026-01-23,6033.04,8262.83,100.28,99.68,6033.04,0.61,997121.21,-8262.83,995095.29,-8262.83,-1.06
SLONG10,2026-01-23,6426.00,4808.39,100.62,99.98,6426.00,0.64,997121.21,-4808.39,995095.29,-4808.39,-0.76
SLONG11,2026-01-23,4890.65,4787.96,101.67,101.17,4890.65,0.49,997121.21,-4787.96,995095.29,-4787.96,0.00
SLONG12,2026-01-23,4754.56,5902.65,100.86,100.38,4754.56,0.48,997121.21,-5902.65,995095.29,-5902.65,-0.52
SLONG13,2026-01-23,2112.72,-5237.68,101.65,101.44,2112.72,0.21,997121.21,5237.68,995095.29,5237.68,0.00
SLONG14,2026-01-23,2048.22,-5232.71,101.39,101.18,2048.22,0.21,997121.21,5232.71,995095.29,5232.71,0.00
SLONG15,2026-01-23,3143.60,2154.43,101.78,101.46,3143.60,0.32,997121.21,-2154.43,995095.29,-2154.43,0.00
SLONG16,2026-01-23,3246.79,-19.81,101.31,100.98,3246.79,0.33,997121.21,19.81,995095.29,19.81,0.00
SLONG17,2026-01-23,2112.72,-3988.61,101.08,100.87,2112.72,0.21,997121.21,3988.61,995095.29,3988.61,-0.05
SLONG18,2026-01-23,2048.22,-927.34,100.62,100.41,2048.22,0.21,997121.21,927.34,995095.29,927.34,-0.35
SLONG19,2026-01-23,1347.16,3062.11,101.28,101.14,1347.16,0.14,997121.21,-3062.11,995095.29,-3062.11,-0.17
SLONG2,2026-01-23,6568.71,4647.76,100.69,100.03,6568.71,0.66,997121.21,-4647.76,995095.29,-4647.76,-0.69
SLONG20,2026-01-23,1347.16,5833.89,100.21,100.07,1347.16,0.14,997121.21,-5833.89,995095.29,-5833.89,-0.82
SLONG21,2026-01-23,-880.20,-11831.25,101.82,101.91,-880.20,-0.09,997121.21,11831.25,995095.29,11831.25,-0.09
SLONG22,2026-01-23,-1047.89,-11821.31,101.69,101.80,-1047.89,-0.11,997121.21,11821.31,995095.29,11821.31,-0.11
SLONG23,2026-01-23,1279.73,-4904.99,102.43,102.30,1279.73,0.13,997121.21,4904.99,995095.29,4904.99,0.00
SLONG24,2026-01-23,1279.73,-5628.75,101.86,101.73,1279.73,0.13,997121.21,5628.75,995095.29,5628.75,0.00
SLONG3,2026-01-23,4623.16,12569.18,100.54,100.08,4623.16,0.46,997121.21,-12569.18,995095.29,-12569.18,-0.81
SLONG4,2026-01-23,4754.56,5096.75,100.73,100.25,4754.56,0.48,997121.21,-5096.75,995095.29,-5096.75,-0.65
SLONG5,2026-01-23,6033.04,8262.83,100.28,99.68,6033.04,0.61,997121.21,-8262.83,995095.29,-8262.83,-1.06
SLONG6,2026-01-23,6568.71,4647.76,100.69,100.03,6568.71,0.66,997121.21,-4647.76,995095.29,-4647.76,-0.69
SLONG7,2026-01-23,4623.16,9768.73,101.06,100.59,4623.16,0.46,997121.21,-9768.73,995095.29,-9768.73,-0.52
SLONG8,2026-01-23,4754.56,5199.62,100.99,100.51,4754.56,0.48,997121.21,-5199.62,995095.29,-5199.62,-0.39
SLONG9,2026-01-23,6033.04,1605.60,101.26,100.65,6033.04,0.61,997121.21,-1605.60,995095.29,-1605.60,-0.09
Large Cap Stock Holdings,2026-01-23,25874605.00,0.00,96.76,98.06,-349933.75,-1.33,26224538.75,26224538.75,26246611.25,-22072.50,-3.24
Liquidcase Stock Holdings,2026-01-23,6595827.20,0.00,100.10,100.04,4104.80,0.06,6591722.40,6591722.40,6591136.00,586.40,0.00
Small Cap Stock Holdings,2026-01-23,10686275.00,0.00,95.16,97.70,-285100.00,-2.60,10971375.00,10971375.00,10841850.00,129525.00,-4.84
Debt Stock Holdings,2026-01-23,6595827.20,0.00,100.10,100.04,4104.80,0.06,6591722.40,6591722.40,6591136.00,586.40,0.00
Equity Stock Holdings,2026-01-23,36560880.00,0.00,96.28,97.95,-635033.75,-1.71,37195913.75,37195913.75,37088461.25,107452.50,-3.72
Stock Holdings,2026-01-23,43156707.20,0.00,96.86,98.28,-630928.95,-1.44,43787636.15,43787636.15,43679597.25,108038.90,-3.14
Miscellaneous P&L,2026-01-23,0.00,0.00,100.00,100.00,0.00,0.00,0.00,0.00,0.00,0.00,0.00
Total Tax,2026-01-23,-2316.14,4109.19,100.00,100.00,-2316.14,0.00,0.00,-4109.19,0.00,0.00,0.00
Equity Holdings Tax,2026-01-23,0.00,0.00,100.00,100.00,0.00,0.00,0.00,0.00,0.00,0.00,0.00
Equity Intraday Tax,2026-01-23,0.00,0.00,100.00,100.00,0.00,0.00,0.00,0.00,0.00,0.00,0.00
F&O Tax,2026-01-23,-2316.14,4109.19,100.00,100.00,-2316.14,0.00,0.00,-4109.19,0.00,0.00,0.00
MCX Tax,2026-01-23,0.00,0.00,100.00,100.00,0.00,0.00,0.00,0.00,0.00,0.00,0.00
Total Other Debits and Credits,2026-01-23,0.00,0.00,100.00,100.00,0.00,0.00,0.00,0.00,0.00,0.00,0.00
Equity Other Debits and Credits,2026-01-23,0.00,0.00,100.00,100.00,0.00,0.00,0.00,0.00,0.00,0.00,0.00
NPSAR,2026-01-23,3029101.65,37182.47,100.45,100.29,37738.01,0.16,23930909.12,2954181.14,23882287.09,-31104.75,0.00
SPSAR,2026-01-23,3054568.54,-4911.51,100.64,100.37,63204.90,0.26,23930909.12,2996275.11,23882287.09,10989.22,0.00
NLONG,2026-01-23,148502.43,9198.92,101.70,101.07,148502.43,0.62,23930909.04,-9198.92,23882286.96,-9198.92,0.00
SLONG,2026-01-23,84101.15,37018.04,101.12,100.77,84101.15,0.35,23930909.04,-37018.04,23882286.96,-37018.04,-0.08
PSAR,2026-01-23,6083670.19,32270.96,100.55,100.33,100942.91,0.21,47861818.24,5950456.24,47764574.18,-20115.53,0.00
LONG,2026-01-23,232603.58,46216.96,101.41,100.92,232603.58,0.49,47861818.08,-46216.96,47764573.92,-46216.96,0.00
Total Portfolio Value,2026-01-23,6313957.63,82597.11,101.92,101.22,331230.35,0.69,47861818.00,5900130.09,47764574.00,-70441.68,0.00
Zerodha Total Portfolio,2026-01-23,47505166.55,0.00,99.03,99.66,-299698.60,-0.63,47804865.15,47804865.15,47767267.93,37597.22,-0.97
NPSAR1,2026-01-27,165477.43,-7099.97,100.78,100.75,452.78,0.03,1320197.21,172124.62,1329494.96,5937.75,0.00
NPSAR10,2026-01-27,379220.56,-5262.38,100.55,100.28,7915.10,0.27,2970443.69,376567.84,2991363.62,2647.39,0.00
NPSAR11,2026-01-27,352247.40,-7705.48,99.46,100.10,-19058.06,-0.64,2970443.69,379010.94,2991363.62,5090.49,-0.77
NPSAR12,2026-01-27,327772.32,-12614.62,99.24,100.72,-43533.14,-1.47,2970443.69,383920.08,2991363.62,9999.63,-1.47
NPSAR13,2026-01-27,333030.17,-12080.41,99.44,100.74,-38275.29,-1.29,2970443.69,383385.87,2991363.62,9465.42,-1.29
NPSAR2,2026-01-27,165635.73,-7099.97,100.79,100.74,611.08,0.05,1320197.21,172124.62,1329494.96,5937.75,0.00
NPSAR3,2026-01-27,165458.56,-7099.97,100.77,100.74,433.91,0.03,1320197.21,172124.62,1329494.96,5937.75,0.00
NPSAR4,2026-01-27,165725.99,-7099.97,100.95,100.90,701.34,0.05,1320197.21,172124.62,1329494.96,5937.75,0.00
NPSAR5,2026-01-27,165806.64,-7099.97,100.96,100.90,781.99,0.06,1320197.21,172124.62,1329494.96,5937.75,0.00
NPSAR6,2026-01-27,165284.94,-7099.97,100.91,100.89,260.29,0.02,1320197.21,172124.62,1329494.96,5937.75,0.00
NPSAR7,2026-01-27,170642.56,7875.62,100.18,99.76,5617.91,0.43,1320197.21,157149.03,1329494.96,-9037.84,-0.44
NPSAR8,2026-01-27,165020.62,10847.09,99.62,99.62,-4.03,0.00,1320197.21,154177.56,1329494.96,-12009.31,-1.12
NPSAR9,2026-01-27,167134.75,2882.05,99.88,99.72,2110.10,0.16,1320197.21,162142.60,1329494.96,-4044.27,-0.83
SPSAR1,2026-01-27,165347.65,-8514.22,100.97,100.95,323.00,0.02,1320197.21,173538.87,1329494.96,7352.00,0.00
SPSAR10,2026-01-27,380040.47,-17884.99,100.73,100.43,8735.01,0.29,2970443.69,389190.45,2991363.62,15270.00,0.00
SPSAR11,2026-01-27,355563.88,-7592.62,99.86,100.39,-15741.58,-0.53,2970443.69,378898.08,2991363.62,4977.63,-0.53
SPSAR12,2026-01-27,362884.54,-10128.87,100.34,100.63,-8420.92,-0.28,2970443.69,381434.33,2991363.62,7513.88,-0.29
SPSAR13,2026-01-27,331697.72,-8361.15,99.70,101.05,-39607.74,-1.33,2970443.69,379666.61,2991363.62,5746.16,-1.34
SPSAR2,2026-01-27,165556.65,-8144.22,100.96,100.92,532.00,0.04,1320197.21,173168.87,1329494.96,6982.00,0.00
SPSAR3,2026-01-27,165347.65,-8514.22,100.97,100.95,323.00,0.02,1320197.21,173538.87,1329494.96,7352.00,0.00
SPSAR4,2026-01-27,165347.65,-8514.22,101.06,101.04,323.00,0.02,1320197.21,173538.87,1329494.96,7352.00,0.00
SPSAR5,2026-01-27,165347.65,-8514.22,101.09,101.07,323.00,0.02,1320197.21,173538.87,1329494.96,7352.00,0.00
SPSAR6,2026-01-27,165347.65,-8514.22,101.10,101.08,323.00,0.02,1320197.21,173538.87,1329494.96,7352.00,0.00
SPSAR7,2026-01-27,167236.03,5486.44,100.18,100.01,2211.38,0.17,1320197.21,159538.21,1329494.96,-6648.66,-0.33
SPSAR8,2026-01-27,164453.65,3113.00,99.86,99.90,-571.00,-0.04,1320197.21,161911.65,1329494.96,-4275.22,-0.64
SPSAR9,2026-01-27,164453.65,1958.67,99.98,100.02,-571.00,-0.04,1320197.21,163065.98,1329494.96,-3120.89,-0.52
NLONG1,2026-01-27,-1245.97,-11534.55,100.33,100.46,-1245.97,-0.13,990147.90,11534.55,997121.21,11534.55,-0.31
NLONG10,2026-01-27,878.47,-8333.58,100.31,100.22,878.47,0.09,990147.90,8333.58,997121.21,8333.58,-0.43
NLONG11,2026-01-27,-6992.89,-10544.80,102.84,103.57,-6992.89,-0.71,990147.90,10544.80,997121.21,10544.80,-0.70
NLONG12,2026-01-27,3449.12,-8333.58,103.02,102.66,3449.12,0.35,990147.90,8333.58,997121.21,8333.58,0.00
NLONG13,2026-01-27,-7060.19,-5549.29,100.47,101.19,-7060.19,-0.71,990147.90,5549.29,997121.21,5549.29,-0.71
NLONG14,2026-01-27,-5494.60,-4888.57,100.40,100.96,-5494.60,-0.55,990147.90,4888.57,997121.21,4888.57,-0.55
NLONG15,2026-01-27,-15179.80,-6350.58,101.88,103.47,-15179.80,-1.53,990147.90,6350.58,997121.21,6350.58,-1.54
NLONG16,2026-01-27,-1141.07,-4849.64,102.52,102.64,-1141.07,-0.12,990147.90,4849.64,997121.21,4849.64,-0.12
NLONG17,2026-01-27,-7060.19,-5549.29,99.97,100.69,-7060.19,-0.71,990147.90,5549.29,997121.21,5549.29,-0.72
NLONG18,2026-01-27,-5494.60,-4888.57,99.52,100.08,-5494.60,-0.55,990147.90,4888.57,997121.21,4888.57,-0.81
NLONG19,2026-01-27,-11683.02,-562.32,101.39,102.60,-11683.02,-1.18,990147.90,562.32,997121.21,562.32,-1.18
NLONG2,2026-01-27,-8016.18,-8333.58,99.42,100.23,-8016.18,-0.81,990147.90,8333.58,997121.21,8333.58,-1.31
NLONG20,2026-01-27,-3101.29,339.54,101.58,101.90,-3101.29,-0.31,990147.90,-339.54,997121.21,-339.54,-0.34
NLONG21,2026-01-27,-7466.86,1569.34,99.70,100.46,-7466.86,-0.75,990147.90,-1569.34,997121.21,-1569.34,-0.91
NLONG22,2026-01-27,-5823.96,1630.98,99.72,100.31,-5823.96,-0.59,990147.90,-1630.98,997121.21,-1630.98,-0.75
NLONG23,2026-01-27,-5629.70,-1948.53,103.18,103.77,-5629.70,-0.57,990147.90,1948.53,997121.21,1948.53,-0.57
NLONG24,2026-01-27,2977.79,-1046.67,104.07,103.76,2977.79,0.30,990147.90,1046.67,997121.21,1046.67,0.00
NLONG3,2026-01-27,-6992.89,-10629.45,102.16,102.89,-6992.89,-0.71,990147.90,10629.45,997121.21,10629.45,-0.81
NLONG4,2026-01-27,-2290.85,-8333.58,101.75,101.99,-2290.85,-0.23,990147.90,8333.58,997121.21,8333.58,-0.61
NLONG5,2026-01-27,-1245.97,-11534.55,100.46,100.59,-1245.97,-0.13,990147.90,11534.55,997121.21,11534.55,-0.31
NLONG6,2026-01-27,-7209.33,-8333.58,99.50,100.23,-7209.33,-0.73,990147.90,8333.58,997121.21,8333.58,-1.23
NLONG7,2026-01-27,-6992.89,-10629.45,102.15,102.88,-6992.89,-0.71,990147.90,10629.45,997121.21,10629.45,-0.83
NLONG8,2026-01-27,-2342.59,-8333.58,101.87,102.11,-2342.59,-0.24,990147.90,8333.58,997121.21,8333.58,-0.49
NLONG9,2026-01-27,-1245.97,-11534.55,101.08,101.21,-1245.97,-0.13,990147.90,11534.55,997121.21,11534.55,-0.13
SLONG1,2026-01-27,-654.18,-6033.04,100.21,100.28,-654.18,-0.07,990147.90,6033.04,997121.21,6033.04,-1.12
SLONG10,2026-01-27,1360.94,-6426.00,100.76,100.62,1360.94,0.14,990147.90,6426.00,997121.21,6426.00,-0.62
SLONG11,2026-01-27,-2127.64,-4890.65,101.45,101.67,-2127.64,-0.21,990147.90,4890.65,997121.21,4890.65,-0.22
SLONG12,2026-01-27,2158.85,-4754.56,101.08,100.86,2158.85,0.22,990147.90,4754.56,997121.21,4754.56,-0.31
SLONG13,2026-01-27,-3618.98,-2112.72,101.28,101.65,-3618.98,-0.37,990147.90,2112.72,997121.21,2112.72,-0.36
SLONG14,2026-01-27,-2544.43,-2048.22,101.13,101.39,-2544.43,-0.26,990147.90,2048.22,997121.21,2048.22,-0.26
SLONG15,2026-01-27,-6556.86,-3143.60,101.11,101.78,-6556.86,-0.66,990147.90,3143.60,997121.21,3143.60,-0.66
SLONG16,2026-01-27,-1742.56,-3246.79,101.13,101.31,-1742.56,-0.18,990147.90,3246.79,997121.21,3246.79,-0.18
SLONG17,2026-01-27,-3618.98,-2112.72,100.71,101.08,-3618.98,-0.37,990147.90,2112.72,997121.21,2112.72,-0.42
SLONG18,2026-01-27,-2544.43,-2048.22,100.36,100.62,-2544.43,-0.26,990147.90,2048.22,997121.21,2048.22,-0.60
SLONG19,2026-01-27,-6523.28,-1347.16,100.61,101.28,-6523.28,-0.66,990147.90,1347.16,997121.21,1347.16,-0.83
SLONG2,2026-01-27,-3580.34,-6568.71,100.33,100.69,-3580.34,-0.36,990147.90,6568.71,997121.21,6568.71,-1.05
SLONG20,2026-01-27,-1924.05,-1347.16,100.02,100.21,-1924.05,-0.19,990147.90,1347.16,997121.21,1347.16,-1.01
SLONG21,2026-01-27,-3886.39,880.20,101.42,101.82,-3886.39,-0.39,990147.90,-880.20,997121.21,-880.20,-0.48
SLONG22,2026-01-27,-2832.66,1047.89,101.40,101.69,-2832.66,-0.29,990147.90,-1047.89,997121.21,-1047.89,-0.39
SLONG23,2026-01-27,-1752.57,-1279.73,102.25,102.43,-1752.57,-0.18,990147.90,1279.73,997121.21,1279.73,-0.18
SLONG24,2026-01-27,1923.75,-1279.73,102.06,101.86,1923.75,0.19,990147.90,1279.73,997121.21,1279.73,0.00
SLONG3,2026-01-27,-3790.31,-4623.16,100.16,100.54,-3790.31,-0.38,990147.90,4623.16,997121.21,4623.16,-1.18
SLONG4,2026-01-27,2158.85,-4754.56,100.95,100.73,2158.85,0.22,990147.90,4754.56,997121.21,4754.56,-0.43
SLONG5,2026-01-27,1008.49,-6033.04,100.38,100.28,1008.49,0.10,990147.90,6033.04,997121.21,6033.04,-0.96
SLONG6,2026-01-27,1360.94,-6568.71,100.83,100.69,1360.94,0.14,990147.90,6568.71,997121.21,6568.71,-0.55
SLONG7,2026-01-27,-2127.64,-4623.16,100.84,101.06,-2127.64,-0.21,990147.90,4623.16,997121.21,4623.16,-0.74
SLONG8,2026-01-27,2158.85,-4754.56,101.21,100.99,2158.85,0.22,990147.90,4754.56,997121.21,4754.56,-0.18
SLONG9,2026-01-27,1008.49,-6033.04,101.36,101.26,1008.49,0.10,990147.90,6033.04,997121.21,6033.04,0.00
Large Cap Stock Holdings,2026-01-27,25948780.00,0.00,97.04,96.76,74175.00,0.29,25874605.00,25874605.00,26224538.75,-349933.75,-2.96
Liquidcase Stock Holdings,2026-01-27,6596413.60,0.00,100.11,100.10,586.40,0.01,6595827.20,6595827.20,6591722.40,4104.80,0.00
Small Cap Stock Holdings,2026-01-27,10705150.00,0.00,95.33,95.16,18875.00,0.18,10686275.00,10686275.00,10971375.00,-285100.00,-4.67
Debt Stock Holdings,2026-01-27,6596413.60,0.00,100.11,100.10,586.40,0.01,6595827.20,6595827.20,6591722.40,4104.80,0.00
Equity Stock Holdings,2026-01-27,36653930.00,0.00,96.52,96.28,93050.00,0.25,36560880.00,36560880.00,37195913.75,-635033.75,-3.48
Stock Holdings,2026-01-27,43250343.60,0.00,97.07,96.86,93636.40,0.22,43156707.20,43156707.20,43787636.15,-630928.95,-2.93
Miscellaneous P&L,2026-01-27,0.00,0.00,100.00,100.00,0.00,0.00,0.00,0.00,0.00,0.00,0.00
Total Tax,2026-01-27,-4923.63,2316.14,100.00,100.00,-4923.63,0.00,0.00,-2316.14,0.00,0.00,0.00
Equity Holdings Tax,2026-01-27,0.00,0.00,100.00,100.00,0.00,0.00,0.00,0.00,0.00,0.00,0.00
Equity Intraday Tax,2026-01-27,0.00,0.00,100.00,100.00,0.00,0.00,0.00,0.00,0.00,0.00,0.00
F&O Tax,2026-01-27,-4923.63,2316.14,100.00,100.00,-4923.63,0.00,0.00,-2316.14,0.00,0.00,0.00
MCX Tax,2026-01-27,0.00,0.00,100.00,100.00,0.00,0.00,0.00,0.00,0.00,0.00,0.00
Total Other Debits and Credits,2026-01-27,0.00,0.00,100.00,100.00,0.00,0.00,0.00,0.00,0.00,0.00,0.00
Equity Other Debits and Credits,2026-01-27,0.00,0.00,100.00,100.00,0.00,0.00,0.00,0.00,0.00,0.00,0.00
NPSAR,2026-01-27,2888457.69,-58657.93,100.11,100.45,-81986.02,-0.35,23763549.65,3029101.65,23930909.12,37738.01,-0.35
SPSAR,2026-01-27,2918624.86,-84124.82,100.42,100.64,-51818.85,-0.22,23763549.65,3054568.54,23930909.12,63204.90,-0.22
NLONG,2026-01-27,-112405.43,-148502.43,101.22,101.70,-112405.43,-0.47,23763549.60,148502.43,23930909.04,148502.43,-0.47
SLONG,2026-01-27,-36686.14,-84101.15,100.96,101.12,-36686.14,-0.15,23763549.60,84101.15,23930909.04,84101.15,-0.23
PSAR,2026-01-27,5807082.54,-142782.76,100.26,100.55,-133804.87,-0.28,47527099.30,6083670.19,47861818.24,100942.91,-0.28
LONG,2026-01-27,-149091.57,-232603.58,101.09,101.41,-149091.57,-0.31,47527099.20,232603.58,47861818.08,232603.58,-0.31
Total Portfolio Value,2026-01-27,5653067.34,-373070.20,101.30,101.92,-287820.07,-0.61,47527099.00,6313957.63,47861818.00,331230.35,-0.61
Zerodha Total Portfolio,2026-01-27,47310982.88,0.00,98.63,99.03,-194183.67,-0.41,47505166.55,47505166.55,47804865.15,-299698.60,-1.37
NPSAR1,2026-01-28,163149.75,-936.68,100.67,100.78,-1391.00,-0.11,1316325.98,165477.43,1320197.21,452.78,-0.11
NPSAR10,2026-01-28,378309.18,-9003.88,100.82,100.55,8092.50,0.27,2961733.44,379220.56,2970443.69,7915.10,0.00
NPSAR11,2026-01-28,362130.51,17969.28,99.19,99.46,-8086.17,-0.27,2961733.44,352247.40,2970443.69,-19058.06,-1.04
NPSAR12,2026-01-28,367221.12,42444.36,99.14,99.24,-2995.56,-0.10,2961733.44,327772.32,2970443.69,-43533.14,-1.57
NPSAR13,2026-01-28,372049.44,37186.51,99.50,99.44,1832.76,0.06,2961733.44,333030.17,2970443.69,-38275.29,-1.23
NPSAR2,2026-01-28,163149.75,-1094.98,100.68,100.79,-1391.00,-0.11,1316325.98,165635.73,1320197.21,611.08,-0.11
NPSAR3,2026-01-28,163411.98,-917.81,100.68,100.77,-1128.77,-0.09,1316325.98,165458.56,1320197.21,433.91,-0.09
NPSAR4,2026-01-28,162374.56,-1185.24,100.78,100.95,-2166.19,-0.16,1316325.98,165725.99,1320197.21,701.34,-0.17
NPSAR5,2026-01-28,163438.59,-1265.89,100.88,100.96,-1102.16,-0.08,1316325.98,165806.64,1320197.21,781.99,-0.08
NPSAR6,2026-01-28,163438.59,-744.19,100.83,100.91,-1102.16,-0.08,1316325.98,165284.94,1320197.21,260.29,-0.08
NPSAR7,2026-01-28,163438.59,-6101.81,100.10,100.18,-1102.16,-0.08,1316325.98,170642.56,1320197.21,5617.91,-0.52
NPSAR8,2026-01-28,163438.59,-479.87,99.54,99.62,-1102.16,-0.08,1316325.98,165020.62,1320197.21,-4.03,-1.20
NPSAR9,2026-01-28,163438.59,-2594.00,99.80,99.88,-1102.16,-0.08,1316325.98,167134.75,1320197.21,2110.10,-0.91
SPSAR1,2026-01-28,163953.75,-806.90,100.92,100.97,-587.00,-0.04,1316325.98,165347.65,1320197.21,323.00,-0.05
SPSAR10,2026-01-28,376486.68,-9823.79,100.94,100.73,6270.00,0.21,2961733.44,380040.47,2970443.69,8735.01,0.00
SPSAR11,2026-01-28,366436.37,14652.80,99.73,99.86,-3780.31,-0.13,2961733.44,355563.88,2970443.69,-15741.58,-0.66
SPSAR12,2026-01-28,370581.68,7332.14,100.35,100.34,365.00,0.01,2961733.44,362884.54,2970443.69,-8420.92,-0.28
SPSAR13,2026-01-28,373125.74,38518.96,99.80,99.70,2909.06,0.10,2961733.44,331697.72,2970443.69,-39607.74,-1.24
SPSAR2,2026-01-28,164156.75,-1015.90,100.93,100.96,-384.00,-0.03,1316325.98,165556.65,1320197.21,532.00,-0.03
SPSAR3,2026-01-28,163953.75,-806.90,100.92,100.97,-587.00,-0.04,1316325.98,165347.65,1320197.21,323.00,-0.05
SPSAR4,2026-01-28,162618.15,-806.90,100.91,101.06,-1922.60,-0.15,1316325.98,165347.65,1320197.21,323.00,-0.15
SPSAR5,2026-01-28,162618.15,-806.90,100.94,101.09,-1922.60,-0.15,1316325.98,165347.65,1320197.21,323.00,-0.15
SPSAR6,2026-01-28,164436.05,-806.90,101.09,101.10,-104.70,-0.01,1316325.98,165347.65,1320197.21,323.00,-0.01
SPSAR7,2026-01-28,159511.07,-2695.28,99.80,100.18,-5029.68,-0.38,1316325.98,167236.03,1320197.21,2211.38,-0.71
SPSAR8,2026-01-28,160440.54,87.10,99.55,99.86,-4100.21,-0.31,1316325.98,164453.65,1320197.21,-571.00,-0.95
SPSAR9,2026-01-28,160440.54,87.10,99.67,99.98,-4100.21,-0.31,1316325.98,164453.65,1320197.21,-571.00,-0.83
NLONG1,2026-01-28,0.00,1245.97,100.33,100.33,0.00,0.00,987244.48,-1245.97,990147.90,-1245.97,-0.31
NLONG10,2026-01-28,0.00,-878.47,100.31,100.31,0.00,0.00,987244.48,878.47,990147.90,878.47,-0.43
NLONG11,2026-01-28,0.00,6992.89,102.84,102.84,0.00,0.00,987244.48,-6992.89,990147.90,-6992.89,-0.70
NLONG12,2026-01-28,0.00,-3449.12,103.02,103.02,0.00,0.00,987244.48,3449.12,990147.90,3449.12,0.00
NLONG13,2026-01-28,-4715.85,7060.19,99.99,100.47,-4715.85,-0.48,987244.48,-7060.19,990147.90,-7060.19,-1.19
NLONG14,2026-01-28,-4696.48,5494.60,99.92,100.40,-4696.48,-0.48,987244.48,-5494.60,990147.90,-5494.60,-1.03
NLONG15,2026-01-28,-3119.30,15179.80,101.56,101.88,-3119.30,-0.32,987244.48,-15179.80,990147.90,-15179.80,-1.85
NLONG16,2026-01-28,-3119.30,1141.07,102.20,102.52,-3119.30,-0.32,987244.48,-1141.07,990147.90,-1141.07,-0.43
NLONG17,2026-01-28,-4715.85,7060.19,99.49,99.97,-4715.85,-0.48,987244.48,-7060.19,990147.90,-7060.19,-1.19
NLONG18,2026-01-28,-4696.48,5494.60,99.05,99.52,-4696.48,-0.48,987244.48,-5494.60,990147.90,-5494.60,-1.28
NLONG19,2026-01-28,-2815.01,11683.02,101.10,101.39,-2815.01,-0.29,987244.48,-11683.02,990147.90,-11683.02,-1.46
NLONG2,2026-01-28,0.00,8016.18,99.42,99.42,0.00,0.00,987244.48,-8016.18,990147.90,-8016.18,-1.31
NLONG20,2026-01-28,-2563.06,3101.29,101.32,101.58,-2563.06,-0.26,987244.48,-3101.29,990147.90,-3101.29,-0.60
NLONG21,2026-01-28,-4666.77,7466.86,99.23,99.70,-4666.77,-0.47,987244.48,-7466.86,990147.90,-7466.86,-1.38
NLONG22,2026-01-28,-4647.40,5823.96,99.25,99.72,-4647.40,-0.47,987244.48,-5823.96,990147.90,-5823.96,-1.21
NLONG23,2026-01-28,-2703.76,5629.70,102.90,103.18,-2703.76,-0.27,987244.48,-5629.70,990147.90,-5629.70,-0.84
NLONG24,2026-01-28,-2422.36,-2977.79,103.81,104.07,-2422.36,-0.25,987244.48,2977.79,990147.90,2977.79,-0.25
NLONG3,2026-01-28,0.00,6992.89,102.16,102.16,0.00,0.00,987244.48,-6992.89,990147.90,-6992.89,-0.81
NLONG4,2026-01-28,0.00,2290.85,101.75,101.75,0.00,0.00,987244.48,-2290.85,990147.90,-2290.85,-0.61
NLONG5,2026-01-28,0.00,1245.97,100.46,100.46,0.00,0.00,987244.48,-1245.97,990147.90,-1245.97,-0.31
NLONG6,2026-01-28,-1577.18,7209.33,99.34,99.50,-1577.18,-0.16,987244.48,-7209.33,990147.90,-7209.33,-1.39
NLONG7,2026-01-28,0.00,6992.89,102.15,102.15,0.00,0.00,987244.48,-6992.89,990147.90,-6992.89,-0.83
NLONG8,2026-01-28,0.00,2342.59,101.87,101.87,0.00,0.00,987244.48,-2342.59,990147.90,-2342.59,-0.49
NLONG9,2026-01-28,0.00,1245.97,101.08,101.08,0.00,0.00,987244.48,-1245.97,990147.90,-1245.97,-0.13
SLONG1,2026-01-28,4405.85,654.18,100.66,100.21,4405.85,0.45,987244.48,-654.18,990147.90,-654.18,-0.68
SLONG10,2026-01-28,-5886.92,-1360.94,100.16,100.76,-5886.92,-0.60,987244.48,1360.94,990147.90,1360.94,-1.21
SLONG11,2026-01-28,0.00,2127.64,101.45,101.45,0.00,0.00,987244.48,-2127.64,990147.90,-2127.64,-0.22
SLONG12,2026-01-28,-5886.92,-2158.85,100.48,101.08,-5886.92,-0.60,987244.48,2158.85,990147.90,2158.85,-0.90
SLONG13,2026-01-28,-5977.27,3618.98,100.67,101.28,-5977.27,-0.61,987244.48,-3618.98,990147.90,-3618.98,-0.96
SLONG14,2026-01-28,-4827.47,2544.43,100.64,101.13,-4827.47,-0.49,987244.48,-2544.43,990147.90,-2544.43,-0.74
SLONG15,2026-01-28,-5878.94,6556.86,100.51,101.11,-5878.94,-0.60,987244.48,-6556.86,990147.90,-6556.86,-1.25
SLONG16,2026-01-28,-4827.47,1742.56,100.64,101.13,-4827.47,-0.49,987244.48,-1742.56,990147.90,-1742.56,-0.66
SLONG17,2026-01-28,-5977.27,3618.98,100.10,100.71,-5977.27,-0.61,987244.48,-3618.98,990147.90,-3618.98,-1.02
SLONG18,2026-01-28,-4827.47,2544.43,99.87,100.36,-4827.47,-0.49,987244.48,-2544.43,990147.90,-2544.43,-1.09
SLONG19,2026-01-28,-5939.14,6523.28,100.00,100.61,-5939.14,-0.60,987244.48,-6523.28,990147.90,-6523.28,-1.43
SLONG2,2026-01-28,-5886.92,3580.34,99.73,100.33,-5886.92,-0.60,987244.48,-3580.34,990147.90,-3580.34,-1.64
SLONG20,2026-01-28,-4887.67,1924.05,99.52,100.02,-4887.67,-0.50,987244.48,-1924.05,990147.90,-1924.05,-1.50
SLONG21,2026-01-28,-7271.77,3886.39,100.67,101.42,-7271.77,-0.74,987244.48,-3886.39,990147.90,-3886.39,-1.22
SLONG22,2026-01-28,-5837.16,2832.66,100.80,101.40,-5837.16,-0.59,987244.48,-2832.66,990147.90,-2832.66,-0.98
SLONG23,2026-01-28,-3981.58,1752.57,101.84,102.25,-3981.58,-0.40,987244.48,-1752.57,990147.90,-1752.57,-0.58
SLONG24,2026-01-28,-3981.58,-1923.75,101.65,102.06,-3981.58,-0.40,987244.48,1923.75,990147.90,1923.75,-0.40
SLONG3,2026-01-28,3674.83,3790.31,100.53,100.16,3674.83,0.37,987244.48,-3790.31,990147.90,-3790.31,-0.82
SLONG4,2026-01-28,-5886.92,-2158.85,100.35,100.95,-5886.92,-0.60,987244.48,2158.85,990147.90,2158.85,-1.03
SLONG5,2026-01-28,0.00,-1008.49,100.38,100.38,0.00,0.00,987244.48,1008.49,990147.90,1008.49,-0.96
SLONG6,2026-01-28,-5886.92,-1360.94,100.23,100.83,-5886.92,-0.60,987244.48,1360.94,990147.90,1360.94,-1.14
SLONG7,2026-01-28,0.00,2127.64,100.84,100.84,0.00,0.00,987244.48,-2127.64,990147.90,-2127.64,-0.74
SLONG8,2026-01-28,-5886.92,-2158.85,100.61,101.21,-5886.92,-0.60,987244.48,2158.85,990147.90,2158.85,-0.77
SLONG9,2026-01-28,0.00,-1008.49,101.36,101.36,0.00,0.00,987244.48,1008.49,990147.90,1008.49,0.00
Large Cap Stock Holdings,2026-01-28,26171693.75,0.00,97.87,97.04,222913.75,0.86,25948780.00,25948780.00,25874605.00,74175.00,-2.13
Liquidcase Stock Holdings,2026-01-28,6597000.00,0.00,100.12,100.11,586.40,0.01,6596413.60,6596413.60,6595827.20,586.40,0.00
Small Cap Stock Holdings,2026-01-28,11016450.00,0.00,98.10,95.33,311300.00,2.91,10705150.00,10705150.00,10686275.00,18875.00,-1.90
Debt Stock Holdings,2026-01-28,6597000.00,0.00,100.12,100.11,586.40,0.01,6596413.60,6596413.60,6595827.20,586.40,0.00
Equity Stock Holdings,2026-01-28,37188143.75,0.00,97.93,96.52,534213.75,1.46,36653930.00,36653930.00,36560880.00,93050.00,-2.07
Stock Holdings,2026-01-28,43785143.75,0.00,98.27,97.07,534800.15,1.24,43250343.60,43250343.60,43156707.20,93636.40,-1.73
Miscellaneous P&L,2026-01-28,0.00,0.00,100.00,100.00,0.00,0.00,0.00,0.00,0.00,0.00,0.00
Total Tax,2026-01-28,-2333.54,4923.63,100.00,100.00,-2333.54,0.00,0.00,-4923.63,0.00,0.00,0.00
Equity Holdings Tax,2026-01-28,0.00,0.00,100.00,100.00,0.00,0.00,0.00,0.00,0.00,0.00,0.00
Equity Intraday Tax,2026-01-28,0.00,0.00,100.00,100.00,0.00,0.00,0.00,0.00,0.00,0.00,0.00
F&O Tax,2026-01-28,-2333.54,4923.63,100.00,100.00,-2333.54,0.00,0.00,-4923.63,0.00,0.00,0.00
MCX Tax,2026-01-28,0.00,0.00,100.00,100.00,0.00,0.00,0.00,0.00,0.00,0.00,0.00
Total Other Debits and Credits,2026-01-28,0.00,0.00,100.00,100.00,0.00,0.00,0.00,0.00,0.00,0.00,0.00
Equity Other Debits and Credits,2026-01-28,0.00,0.00,100.00,100.00,0.00,0.00,0.00,0.00,0.00,0.00,0.00
NPSAR,2026-01-28,2948989.22,73275.78,100.05,100.11,-12744.23,-0.05,23693867.58,2888457.69,23763549.65,-81986.02,-0.40
SPSAR,2026-01-28,2948759.20,43108.61,100.37,100.42,-12974.25,-0.05,23693867.58,2918624.86,23763549.65,-51818.85,-0.27
NLONG,2026-01-28,-46458.80,112405.43,101.02,101.22,-46458.80,-0.20,23693867.52,-112405.43,23763549.60,-112405.43,-0.67
SLONG,2026-01-28,-91455.63,36686.14,100.57,100.96,-91455.63,-0.39,23693867.52,-36686.14,23763549.60,-36686.14,-0.62
PSAR,2026-01-28,5897748.42,116384.39,100.21,100.26,-25718.48,-0.05,47387735.16,5807082.54,47527099.30,-133804.87,-0.34
LONG,2026-01-28,-137914.43,149091.57,100.80,101.09,-137914.43,-0.29,47387735.04,-149091.57,47527099.20,-149091.57,-0.60
Total Portfolio Value,2026-01-28,5757500.44,270399.59,100.95,101.30,-165966.45,-0.35,47387735.00,5653067.34,47527099.00,-287820.07,-0.95
Zerodha Total Portfolio,2026-01-28,47679816.58,0.00,99.40,98.63,368833.70,0.78,47310982.88,47310982.88,47505166.55,-194183.67,-0.60
NPSAR1,2026-01-29,163282.34,2904.84,100.46,100.67,-2772.25,-0.21,1328436.71,163149.75,1316325.98,-1391.00,-0.32
NPSAR10,2026-01-29,365435.94,-4686.36,100.54,100.82,-8186.88,-0.27,2988982.56,378309.18,2961733.44,8092.50,-0.28
NPSAR11,2026-01-29,368287.98,11492.31,99.01,99.19,-5334.84,-0.18,2988982.56,362130.51,2961733.44,-8086.17,-1.22
NPSAR12,2026-01-29,375185.27,6401.70,99.19,99.14,1562.45,0.05,2988982.56,367221.12,2961733.44,-2995.56,-1.52
NPSAR13,2026-01-29,372053.49,1573.38,99.45,99.50,-1569.33,-0.05,2988982.56,372049.44,2961733.44,1832.76,-1.28
NPSAR2,2026-01-29,162971.58,2904.84,100.45,100.68,-3083.01,-0.23,1328436.71,163149.75,1316325.98,-1391.00,-0.34
NPSAR3,2026-01-29,169619.84,2642.61,100.95,100.68,3565.25,0.27,1328436.71,163411.98,1316325.98,-1128.77,0.00
NPSAR4,2026-01-29,169863.59,3680.03,101.07,100.78,3809.00,0.29,1328436.71,162374.56,1316325.98,-2166.19,0.00
NPSAR5,2026-01-29,169619.84,2616.00,101.15,100.88,3565.25,0.27,1328436.71,163438.59,1316325.98,-1102.16,0.00
NPSAR6,2026-01-29,169619.84,2616.00,101.10,100.83,3565.25,0.27,1328436.71,163438.59,1316325.98,-1102.16,0.00
NPSAR7,2026-01-29,169619.84,2616.00,100.37,100.10,3565.25,0.27,1328436.71,163438.59,1316325.98,-1102.16,-0.25
NPSAR8,2026-01-29,169619.84,2616.00,99.81,99.54,3565.25,0.27,1328436.71,163438.59,1316325.98,-1102.16,-0.93
NPSAR9,2026-01-29,169619.84,2616.00,100.07,99.80,3565.25,0.27,1328436.71,163438.59,1316325.98,-1102.16,-0.65
SPSAR1,2026-01-29,164838.19,2100.84,100.83,100.92,-1216.40,-0.09,1328436.71,163953.75,1316325.98,-587.00,-0.14
SPSAR10,2026-01-29,371019.28,-2863.86,100.85,100.94,-2603.54,-0.09,2988982.56,376486.68,2961733.44,6270.00,-0.09
SPSAR11,2026-01-29,368843.44,7186.45,99.57,99.73,-4779.38,-0.16,2988982.56,366436.37,2961733.44,-3780.31,-0.82
SPSAR12,2026-01-29,366517.37,3041.14,100.11,100.35,-7105.45,-0.24,2988982.56,370581.68,2961733.44,365.00,-0.52
SPSAR13,2026-01-29,367247.81,497.08,99.59,99.80,-6375.01,-0.21,2988982.56,373125.74,2961733.44,2909.06,-1.44
SPSAR2,2026-01-29,166923.71,1897.84,101.00,100.93,869.12,0.07,1328436.71,164156.75,1316325.98,-384.00,0.00
SPSAR3,2026-01-29,173462.34,2100.84,101.48,100.92,7407.75,0.56,1328436.71,163953.75,1316325.98,-587.00,0.00
SPSAR4,2026-01-29,171261.48,3436.44,101.31,100.91,5206.89,0.39,1328436.71,162618.15,1316325.98,-1922.60,0.00
SPSAR5,2026-01-29,171592.53,3436.44,101.36,100.94,5537.94,0.42,1328436.71,162618.15,1316325.98,-1922.60,0.00
SPSAR6,2026-01-29,170375.71,1618.54,101.42,101.09,4321.12,0.33,1328436.71,164436.05,1316325.98,-104.70,0.00
SPSAR7,2026-01-29,171525.92,6543.52,100.21,99.80,5471.33,0.41,1328436.71,159511.07,1316325.98,-5029.68,-0.30
SPSAR8,2026-01-29,171514.14,5614.05,99.96,99.55,5459.55,0.41,1328436.71,160440.54,1316325.98,-4100.21,-0.54
SPSAR9,2026-01-29,171287.84,5614.05,100.06,99.67,5233.25,0.39,1328436.71,160440.54,1316325.98,-4100.21,-0.44
NLONG1,2026-01-29,-5918.87,0.00,99.73,100.33,-5918.87,-0.59,996327.52,0.00,987244.48,0.00,-0.90
NLONG10,2026-01-29,758.09,0.00,100.39,100.31,758.09,0.08,996327.52,0.00,987244.48,0.00,-0.35
NLONG11,2026-01-29,0.00,0.00,102.84,102.84,0.00,0.00,996327.52,0.00,987244.48,0.00,-0.70
NLONG12,2026-01-29,758.09,0.00,103.10,103.02,758.09,0.08,996327.52,0.00,987244.48,0.00,0.00
NLONG13,2026-01-29,4842.46,4715.85,100.48,99.99,4842.46,0.49,996327.52,-4715.85,987244.48,-4715.85,-0.70
NLONG14,2026-01-29,4939.36,4696.48,100.42,99.92,4939.36,0.50,996327.52,-4696.48,987244.48,-4696.48,-0.53
NLONG15,2026-01-29,5352.83,3119.30,102.11,101.56,5352.83,0.54,996327.52,-3119.30,987244.48,-3119.30,-1.31
NLONG16,2026-01-29,4939.36,3119.30,102.71,102.20,4939.36,0.50,996327.52,-3119.30,987244.48,-3119.30,0.00
NLONG17,2026-01-29,4541.64,4715.85,99.94,99.49,4541.64,0.46,996327.52,-4715.85,987244.48,-4715.85,-0.74
NLONG18,2026-01-29,4638.54,4696.48,99.51,99.05,4638.54,0.47,996327.52,-4696.48,987244.48,-4696.48,-0.82
NLONG19,2026-01-29,4319.57,2815.01,101.54,101.10,4319.57,0.43,996327.52,-2815.01,987244.48,-2815.01,-1.03
NLONG2,2026-01-29,758.09,0.00,99.50,99.42,758.09,0.08,996327.52,0.00,987244.48,0.00,-1.23
NLONG20,2026-01-29,3906.10,2563.06,101.72,101.32,3906.10,0.39,996327.52,-2563.06,987244.48,-2563.06,-0.21
NLONG21,2026-01-29,882.36,4666.77,99.32,99.23,882.36,0.09,996327.52,-4666.77,987244.48,-4666.77,-1.29
NLONG22,2026-01-29,979.26,4647.40,99.35,99.25,979.26,0.10,996327.52,-4647.40,987244.48,-4647.40,-1.11
NLONG23,2026-01-29,1445.05,2703.76,103.05,102.90,1445.05,0.15,996327.52,-2703.76,987244.48,-2703.76,-0.69
NLONG24,2026-01-29,1031.58,2422.36,103.92,103.81,1031.58,0.10,996327.52,-2422.36,987244.48,-2422.36,-0.14
NLONG3,2026-01-29,-7410.96,0.00,101.40,102.16,-7410.96,-0.74,996327.52,0.00,987244.48,0.00,-1.54
NLONG4,2026-01-29,758.09,0.00,101.83,101.75,758.09,0.08,996327.52,0.00,987244.48,0.00,-0.53
NLONG5,2026-01-29,-7312.87,0.00,99.72,100.46,-7312.87,-0.73,996327.52,0.00,987244.48,0.00,-1.04
NLONG6,2026-01-29,758.09,1577.18,99.42,99.34,758.09,0.08,996327.52,-1577.18,987244.48,-1577.18,-1.31
NLONG7,2026-01-29,0.00,0.00,102.15,102.15,0.00,0.00,996327.52,0.00,987244.48,0.00,-0.83
NLONG8,2026-01-29,758.09,0.00,101.95,101.87,758.09,0.08,996327.52,0.00,987244.48,0.00,-0.41
NLONG9,2026-01-29,0.00,0.00,101.08,101.08,0.00,0.00,996327.52,0.00,987244.48,0.00,-0.13
SLONG1,2026-01-29,-5740.07,-4405.85,100.08,100.66,-5740.07,-0.58,996327.52,4405.85,987244.48,4405.85,-1.25
SLONG10,2026-01-29,314.12,5886.92,100.19,100.16,314.12,0.03,996327.52,-5886.92,987244.48,-5886.92,-1.18
SLONG11,2026-01-29,0.00,0.00,101.45,101.45,0.00,0.00,996327.52,0.00,987244.48,0.00,-0.22
SLONG12,2026-01-29,-3121.07,5886.92,100.17,100.48,-3121.07,-0.31,996327.52,-5886.92,987244.48,-5886.92,-1.20
SLONG13,2026-01-29,4777.24,5977.27,101.15,100.67,4777.24,0.48,996327.52,-5977.27,987244.48,-5977.27,-0.49
SLONG14,2026-01-29,5053.54,4827.47,101.15,100.64,5053.54,0.51,996327.52,-4827.47,987244.48,-4827.47,-0.24
SLONG15,2026-01-29,7616.67,5878.94,101.28,100.51,7616.67,0.76,996327.52,-5878.94,987244.48,-5878.94,-0.49
SLONG16,2026-01-29,8896.78,4827.47,101.54,100.64,8896.78,0.89,996327.52,-4827.47,987244.48,-4827.47,0.00
SLONG17,2026-01-29,5341.66,5977.27,100.64,100.10,5341.66,0.54,996327.52,-5977.27,987244.48,-5977.27,-0.48
SLONG18,2026-01-29,5617.96,4827.47,100.43,99.87,5617.96,0.56,996327.52,-4827.47,987244.48,-4827.47,-0.53
SLONG19,2026-01-29,8204.91,5939.14,100.82,100.00,8204.91,0.82,996327.52,-5939.14,987244.48,-5939.14,-0.62
SLONG2,2026-01-29,314.12,5886.92,99.76,99.73,314.12,0.03,996327.52,-5886.92,987244.48,-5886.92,-1.61
SLONG20,2026-01-29,10816.85,4887.67,100.60,99.52,10816.85,1.09,996327.52,-4887.67,987244.48,-4887.67,-0.44
SLONG21,2026-01-29,1294.01,7271.77,100.80,100.67,1294.01,0.13,996327.52,-7271.77,987244.48,-7271.77,-1.09
SLONG22,2026-01-29,-608.38,5837.16,100.74,100.80,-608.38,-0.06,996327.52,-5837.16,987244.48,-5837.16,-1.04
SLONG23,2026-01-29,-5655.30,3981.58,101.26,101.84,-5655.30,-0.57,996327.52,-3981.58,987244.48,-3981.58,-1.14
SLONG24,2026-01-29,-4751.85,3981.58,101.17,101.65,-4751.85,-0.48,996327.52,-3981.58,987244.48,-3981.58,-0.87
SLONG3,2026-01-29,-8938.51,-3674.83,99.63,100.53,-8938.51,-0.90,996327.52,3674.83,987244.48,3674.83,-1.71
SLONG4,2026-01-29,-3121.07,5886.92,100.04,100.35,-3121.07,-0.31,996327.52,-5886.92,987244.48,-5886.92,-1.33
SLONG5,2026-01-29,-6969.35,0.00,99.68,100.38,-6969.35,-0.70,996327.52,0.00,987244.48,0.00,-1.65
SLONG6,2026-01-29,314.12,5886.92,100.26,100.23,314.12,0.03,996327.52,-5886.92,987244.48,-5886.92,-1.11
SLONG7,2026-01-29,-11295.03,0.00,99.70,100.84,-11295.03,-1.13,996327.52,0.00,987244.48,0.00,-1.86
SLONG8,2026-01-29,-3121.07,5886.92,100.29,100.61,-3121.07,-0.31,996327.52,-5886.92,987244.48,-5886.92,-1.08
SLONG9,2026-01-29,0.00,0.00,101.36,101.36,0.00,0.00,996327.52,0.00,987244.48,0.00,0.00
Large Cap Stock Holdings,2026-01-29,26104232.50,0.00,97.62,97.87,-67461.25,-0.26,26171693.75,26171693.75,25948780.00,222913.75,-2.38
Liquidcase Stock Holdings,2026-01-29,6598172.80,0.00,100.14,100.12,1172.80,0.02,6597000.00,6597000.00,6596413.60,586.40,0.00
Small Cap Stock Holdings,2026-01-29,10934375.00,0.00,97.36,98.10,-82075.00,-0.75,11016450.00,11016450.00,10705150.00,311300.00,-2.64
Debt Stock Holdings,2026-01-29,6598172.80,0.00,100.14,100.12,1172.80,0.02,6597000.00,6597000.00,6596413.60,586.40,0.00
Equity Stock Holdings,2026-01-29,37038607.50,0.00,97.54,97.93,-149536.25,-0.40,37188143.75,37188143.75,36653930.00,534213.75,-2.46
Stock Holdings,2026-01-29,43636780.30,0.00,97.94,98.27,-148363.45,-0.34,43785143.75,43785143.75,43250343.60,534800.15,-2.06
Miscellaneous P&L,2026-01-29,0.00,0.00,100.00,100.00,0.00,0.00,0.00,0.00,0.00,0.00,0.00
Total Tax,2026-01-29,-3905.74,2333.54,100.00,100.00,-3905.74,0.00,0.00,-2333.54,0.00,0.00,0.00
Equity Holdings Tax,2026-01-29,0.00,0.00,100.00,100.00,0.00,0.00,0.00,0.00,0.00,0.00,0.00
Equity Intraday Tax,2026-01-29,0.00,0.00,100.00,100.00,0.00,0.00,0.00,0.00,0.00,0.00,0.00
F&O Tax,2026-01-29,-3905.74,2333.54,100.00,100.00,-3905.74,0.00,0.00,-2333.54,0.00,0.00,0.00
MCX Tax,2026-01-29,0.00,0.00,100.00,100.00,0.00,0.00,0.00,0.00,0.00,0.00,0.00
Total Other Debits and Credits,2026-01-29,0.00,0.00,100.00,100.00,0.00,0.00,0.00,0.00,0.00,0.00,0.00
Equity Other Debits and Credits,2026-01-29,0.00,0.00,100.00,100.00,0.00,0.00,0.00,0.00,0.00,0.00,0.00
NPSAR,2026-01-29,2994799.22,39993.34,100.08,100.05,5816.64,0.02,23911860.63,2948989.22,23693867.58,-12744.23,-0.37
SPSAR,2026-01-29,3006409.75,40223.36,100.44,100.37,17427.17,0.07,23911860.63,2948759.20,23693867.58,-12974.25,-0.20
NLONG,2026-01-29,25723.95,46458.80,101.13,101.02,25723.95,0.11,23911860.48,-46458.80,23693867.52,-46458.80,-0.56
SLONG,2026-01-29,5240.28,91455.63,100.60,100.57,5240.28,0.02,23911860.48,-91455.63,23693867.52,-91455.63,-0.59
PSAR,2026-01-29,6001208.97,80216.70,100.26,100.21,23243.81,0.05,47823721.26,5897748.41,47387735.16,-25718.48,-0.29
LONG,2026-01-29,30964.23,137914.43,100.86,100.80,30964.23,0.06,47823720.96,-137914.43,47387735.04,-137914.43,-0.54
Total Portfolio Value,2026-01-29,6028267.46,220464.67,101.06,100.95,50302.30,0.11,47823721.00,5757500.44,47387735.00,-165966.45,-0.84
Zerodha Total Portfolio,2026-01-29,47581755.43,0.00,99.19,99.40,-98061.15,-0.21,47679816.58,47679816.58,47310982.88,368833.70,-0.81
NPSAR1,2026-01-30,169848.42,1671.58,100.83,100.46,4894.50,0.37,1319631.37,163282.34,1328436.71,-2772.25,0.00
NPSAR10,2026-01-30,348168.07,5710.38,99.76,100.54,-22978.25,-0.77,2969170.56,365435.94,2988982.56,-8186.88,-1.05
NPSAR11,2026-01-30,354229.02,2858.34,98.45,99.01,-16917.30,-0.57,2969170.56,368287.98,2988982.56,-5334.84,-1.78
NPSAR12,2026-01-30,360357.47,-4038.95,98.83,99.19,-10788.85,-0.36,2969170.56,375185.27,2988982.56,1562.45,-1.88
NPSAR13,2026-01-30,349405.05,-907.17,98.72,99.45,-21741.27,-0.73,2969170.56,372053.49,2988982.56,-1569.33,-2.01
NPSAR2,2026-01-30,160836.17,1982.34,100.14,100.45,-4117.75,-0.31,1319631.37,162971.58,1328436.71,-3083.01,-0.64
NPSAR3,2026-01-30,161583.67,-4665.92,100.69,100.95,-3370.25,-0.26,1319631.37,169619.84,1328436.71,3565.25,-0.26
NPSAR4,2026-01-30,161209.92,-4909.67,100.78,101.07,-3744.00,-0.28,1319631.37,169863.59,1328436.71,3809.00,-0.29
NPSAR5,2026-01-30,161583.67,-4665.92,100.89,101.15,-3370.25,-0.26,1319631.37,169619.84,1328436.71,3565.25,-0.26
NPSAR6,2026-01-30,161583.67,-4665.92,100.84,101.10,-3370.25,-0.26,1319631.37,169619.84,1328436.71,3565.25,-0.26
NPSAR7,2026-01-30,161583.67,-4665.92,100.11,100.37,-3370.25,-0.26,1319631.37,169619.84,1328436.71,3565.25,-0.51
NPSAR8,2026-01-30,154307.72,-4665.92,99.00,99.81,-10646.20,-0.81,1319631.37,169619.84,1328436.71,3565.25,-1.74
NPSAR9,2026-01-30,154307.72,-4665.92,99.26,100.07,-10646.20,-0.81,1319631.37,169619.84,1328436.71,3565.25,-1.45
SPSAR1,2026-01-30,168338.92,115.73,101.09,100.83,3385.00,0.26,1319631.37,164838.19,1328436.71,-1216.40,0.00
SPSAR10,2026-01-30,355929.10,127.04,100.33,100.85,-15217.22,-0.51,2969170.56,371019.28,2988982.56,-2603.54,-0.60
SPSAR11,2026-01-30,357050.83,2302.88,99.10,99.57,-14095.49,-0.47,2969170.56,368843.44,2988982.56,-4779.38,-1.28
SPSAR12,2026-01-30,362354.23,4628.95,99.81,100.11,-8792.09,-0.30,2969170.56,366517.37,2988982.56,-7105.45,-0.81
SPSAR13,2026-01-30,350669.87,3898.51,98.90,99.59,-20476.45,-0.69,2969170.56,367247.81,2988982.56,-6375.01,-2.13
SPSAR2,2026-01-30,162603.92,-1969.79,100.82,101.00,-2350.00,-0.18,1319631.37,166923.71,1328436.71,869.12,-0.18
SPSAR3,2026-01-30,162603.92,-8508.42,101.30,101.48,-2350.00,-0.18,1319631.37,173462.34,1328436.71,7407.75,-0.18
SPSAR4,2026-01-30,162603.92,-6307.56,101.13,101.31,-2350.00,-0.18,1319631.37,171261.48,1328436.71,5206.89,-0.18
SPSAR5,2026-01-30,162166.92,-6638.61,101.15,101.36,-2787.00,-0.21,1319631.37,171592.53,1328436.71,5537.94,-0.21
SPSAR6,2026-01-30,162603.92,-5421.79,101.24,101.42,-2350.00,-0.18,1319631.37,170375.71,1328436.71,4321.12,-0.18
SPSAR7,2026-01-30,162166.92,-6572.00,100.00,100.21,-2787.00,-0.21,1319631.37,171525.92,1328436.71,5471.33,-0.51
SPSAR8,2026-01-30,153337.78,-6560.22,99.08,99.96,-11616.14,-0.88,1319631.37,171514.14,1328436.71,5459.55,-1.41
SPSAR9,2026-01-30,154633.29,-6333.92,99.28,100.06,-10320.63,-0.78,1319631.37,171287.84,1328436.71,5233.25,-1.21
NLONG1,2026-01-30,4393.64,5918.87,100.17,99.73,4393.64,0.44,989723.52,-5918.87,996327.52,-5918.87,-0.47
NLONG10,2026-01-30,-4654.33,-758.09,99.92,100.39,-4654.33,-0.47,989723.52,758.09,996327.52,758.09,-0.81
NLONG11,2026-01-30,0.00,0.00,102.84,102.84,0.00,0.00,989723.52,0.00,996327.52,0.00,-0.70
NLONG12,2026-01-30,-4853.96,-758.09,102.59,103.10,-4853.96,-0.49,989723.52,758.09,996327.52,758.09,-0.49
NLONG13,2026-01-30,-6659.78,-4842.46,99.80,100.48,-6659.78,-0.67,989723.52,4842.46,996327.52,4842.46,-1.37
NLONG14,2026-01-30,-5987.74,-4939.36,99.81,100.42,-5987.74,-0.60,989723.52,4939.36,996327.52,4939.36,-1.14
NLONG15,2026-01-30,-7313.38,-5352.83,101.36,102.11,-7313.38,-0.74,989723.52,5352.83,996327.52,5352.83,-2.04
NLONG16,2026-01-30,-6277.51,-4939.36,102.06,102.71,-6277.51,-0.63,989723.52,4939.36,996327.52,4939.36,-0.63
NLONG17,2026-01-30,-6659.78,-4541.64,99.27,99.94,-6659.78,-0.67,989723.52,4541.64,996327.52,4541.64,-1.41
NLONG18,2026-01-30,-5987.74,-4638.54,98.91,99.51,-5987.74,-0.60,989723.52,4638.54,996327.52,4638.54,-1.42
NLONG19,2026-01-30,-7313.38,-4319.57,100.79,101.54,-7313.38,-0.74,989723.52,4319.57,996327.52,4319.57,-1.76
NLONG2,2026-01-30,-4654.33,-758.09,99.03,99.50,-4654.33,-0.47,989723.52,758.09,996327.52,758.09,-1.70
NLONG20,2026-01-30,-6277.51,-3906.10,101.07,101.72,-6277.51,-0.63,989723.52,3906.10,996327.52,3906.10,-0.84
NLONG21,2026-01-30,-5390.57,-882.36,98.78,99.32,-5390.57,-0.54,989723.52,882.36,996327.52,882.36,-1.83
NLONG22,2026-01-30,-5242.29,-979.26,98.82,99.35,-5242.29,-0.53,989723.52,979.26,996327.52,979.26,-1.64
NLONG23,2026-01-30,-5585.66,-1445.05,102.47,103.05,-5585.66,-0.56,989723.52,1445.05,996327.52,1445.05,-1.25
NLONG24,2026-01-30,-4865.80,-1031.58,103.41,103.92,-4865.80,-0.49,989723.52,1031.58,996327.52,1031.58,-0.63
NLONG3,2026-01-30,3873.99,7410.96,101.80,101.40,3873.99,0.39,989723.52,-7410.96,996327.52,-7410.96,-1.16
NLONG4,2026-01-30,-4853.96,-758.09,101.33,101.83,-4853.96,-0.49,989723.52,758.09,996327.52,758.09,-1.02
NLONG5,2026-01-30,3751.64,7312.87,100.10,99.72,3751.64,0.38,989723.52,-7312.87,996327.52,-7312.87,-0.66
NLONG6,2026-01-30,-4654.33,-758.09,98.95,99.42,-4654.33,-0.47,989723.52,758.09,996327.52,758.09,-1.78
NLONG7,2026-01-30,0.00,0.00,102.15,102.15,0.00,0.00,989723.52,0.00,996327.52,0.00,-0.83
NLONG8,2026-01-30,-4853.96,-758.09,101.45,101.95,-4853.96,-0.49,989723.52,758.09,996327.52,758.09,-0.90
NLONG9,2026-01-30,0.00,0.00,101.08,101.08,0.00,0.00,989723.52,0.00,996327.52,0.00,-0.13
SLONG1,2026-01-30,3891.29,5740.07,100.47,100.08,3891.29,0.39,989723.52,-5740.07,996327.52,-5740.07,-0.87
SLONG10,2026-01-30,-4642.57,-314.12,99.72,100.19,-4642.57,-0.47,989723.52,314.12,996327.52,314.12,-1.65
SLONG11,2026-01-30,0.00,0.00,101.45,101.45,0.00,0.00,989723.52,0.00,996327.52,0.00,-0.22
SLONG12,2026-01-30,-4618.34,3121.07,99.70,100.17,-4618.34,-0.47,989723.52,-3121.07,996327.52,-3121.07,-1.67
SLONG13,2026-01-30,-6987.49,-4777.24,100.44,101.15,-6987.49,-0.71,989723.52,4777.24,996327.52,4777.24,-1.19
SLONG14,2026-01-30,-6506.84,-5053.54,100.48,101.15,-6506.84,-0.66,989723.52,5053.54,996327.52,5053.54,-0.90
SLONG15,2026-01-30,-2036.49,-7616.67,101.07,101.28,-2036.49,-0.21,989723.52,7616.67,996327.52,7616.67,-0.70
SLONG16,2026-01-30,-5948.31,-8896.78,100.93,101.54,-5948.31,-0.60,989723.52,8896.78,996327.52,8896.78,-0.60
SLONG17,2026-01-30,-6987.49,-5341.66,99.93,100.64,-6987.49,-0.71,989723.52,5341.66,996327.52,5341.66,-1.19
SLONG18,2026-01-30,-6506.84,-5617.96,99.77,100.43,-6506.84,-0.66,989723.52,5617.96,996327.52,5617.96,-1.19
SLONG19,2026-01-30,-2036.49,-8204.91,100.61,100.82,-2036.49,-0.21,989723.52,8204.91,996327.52,8204.91,-0.83
SLONG2,2026-01-30,-4642.57,-314.12,99.29,99.76,-4642.57,-0.47,989723.52,314.12,996327.52,314.12,-2.07
SLONG20,2026-01-30,-5948.31,-10816.85,100.00,100.60,-5948.31,-0.60,989723.52,10816.85,996327.52,10816.85,-1.03
SLONG21,2026-01-30,-6950.73,-1294.01,100.09,100.80,-6950.73,-0.70,989723.52,1294.01,996327.52,1294.01,-1.79
SLONG22,2026-01-30,-6088.38,608.38,100.12,100.74,-6088.38,-0.62,989723.52,-608.38,996327.52,-608.38,-1.65
SLONG23,2026-01-30,-1340.06,5655.30,101.12,101.26,-1340.06,-0.14,989723.52,-5655.30,996327.52,-5655.30,-1.28
SLONG24,2026-01-30,-1106.91,4751.85,101.06,101.17,-1106.91,-0.11,989723.52,-4751.85,996327.52,-4751.85,-0.98
SLONG3,2026-01-30,0.00,8938.51,99.63,99.63,0.00,0.00,989723.52,-8938.51,996327.52,-8938.51,-1.71
SLONG4,2026-01-30,-4618.34,3121.07,99.57,100.04,-4618.34,-0.47,989723.52,-3121.07,996327.52,-3121.07,-1.80
SLONG5,2026-01-30,3661.38,6969.35,100.05,99.68,3661.38,0.37,989723.52,-6969.35,996327.52,-6969.35,-1.28
SLONG6,2026-01-30,-4642.57,-314.12,99.79,100.26,-4642.57,-0.47,989723.52,314.12,996327.52,314.12,-1.58
SLONG7,2026-01-30,0.00,11295.03,99.70,99.70,0.00,0.00,989723.52,-11295.03,996327.52,-11295.03,-1.86
SLONG8,2026-01-30,-4618.34,3121.07,99.82,100.29,-4618.34,-0.47,989723.52,-3121.07,996327.52,-3121.07,-1.55
SLONG9,2026-01-30,0.00,0.00,101.36,101.36,0.00,0.00,989723.52,0.00,996327.52,0.00,0.00
Large Cap Stock Holdings,2026-01-30,26117901.25,0.00,97.67,97.62,13668.75,0.05,26104232.50,26104232.50,26171693.75,-67461.25,-2.33
Liquidcase Stock Holdings,2026-01-30,6600518.40,0.00,100.18,100.14,2345.60,0.04,6598172.80,6598172.80,6597000.00,1172.80,0.00
Small Cap Stock Holdings,2026-01-30,11146825.00,0.00,99.25,97.36,212450.00,1.94,10934375.00,10934375.00,11016450.00,-82075.00,-0.75
Debt Stock Holdings,2026-01-30,6600518.40,0.00,100.18,100.14,2345.60,0.04,6598172.80,6598172.80,6597000.00,1172.80,0.00
Equity Stock Holdings,2026-01-30,37264726.25,0.00,98.13,97.54,226118.75,0.61,37038607.50,37038607.50,37188143.75,-149536.25,-1.87
Stock Holdings,2026-01-30,43865244.65,0.00,98.45,97.94,228464.35,0.52,43636780.30,43636780.30,43785143.75,-148363.45,-1.55
Miscellaneous P&L,2026-01-30,0.00,0.00,100.00,100.00,0.00,0.00,0.00,0.00,0.00,0.00,0.00
Total Tax,2026-01-30,-3446.44,3905.74,100.00,100.00,-3446.44,0.00,0.00,-3905.74,0.00,0.00,0.00
Equity Holdings Tax,2026-01-30,0.00,0.00,100.00,100.00,0.00,0.00,0.00,0.00,0.00,0.00,0.00
Equity Intraday Tax,2026-01-30,0.00,0.00,100.00,100.00,0.00,0.00,0.00,0.00,0.00,0.00,0.00
F&O Tax,2026-01-30,-3446.44,3905.74,100.00,100.00,-3446.44,0.00,0.00,-3905.74,0.00,0.00,0.00
MCX Tax,2026-01-30,0.00,0.00,100.00,100.00,0.00,0.00,0.00,0.00,0.00,0.00,0.00
Total Other Debits and Credits,2026-01-30,0.00,0.00,100.00,100.00,0.00,0.00,0.00,0.00,0.00,0.00,0.00
Equity Other Debits and Credits,2026-01-30,0.00,0.00,100.00,100.00,0.00,0.00,0.00,0.00,0.00,0.00,0.00
NPSAR,2026-01-30,2859004.25,-25628.66,99.61,100.08,-110166.32,-0.46,23753364.57,2994799.22,23911860.63,5816.64,-0.84
SPSAR,2026-01-30,2877063.55,-37239.19,100.05,100.44,-92107.02,-0.39,23753364.57,3006409.75,23911860.63,17427.17,-0.59
NLONG,2026-01-30,-90066.74,-25723.95,100.75,101.13,-90066.74,-0.38,23753364.48,25723.95,23911860.48,25723.95,-0.94
SLONG,2026-01-30,-78674.40,-5240.28,100.26,100.60,-78674.40,-0.33,23753364.48,5240.28,23911860.48,5240.28,-0.92
PSAR,2026-01-30,5736067.80,-62867.85,99.83,100.26,-202273.34,-0.43,47506729.14,6001208.97,47823721.26,23243.81,-0.71
LONG,2026-01-30,-168741.14,-30964.23,100.51,100.86,-168741.14,-0.36,47506728.96,30964.23,47823720.96,30964.23,-0.89
Total Portfolio Value,2026-01-30,5563880.22,-89926.34,100.26,101.06,-374460.92,-0.79,47506729.00,6028267.46,47823721.00,50302.30,-1.63
Zerodha Total Portfolio,2026-01-30,47435758.86,0.00,98.88,99.19,-145996.57,-0.31,47581755.43,47581755.43,47679816.58,-98061.15,-1.12
NPSAR1,2026-02-01,180543.55,-6156.12,102.13,100.83,16851.25,1.29,1309538.43,169848.42,1319631.37,4894.50,0.00
NPSAR10,2026-02-01,386918.40,20139.61,100.39,99.76,18610.72,0.63,2946461.44,348168.07,2969170.56,-22978.25,-0.43
NPSAR11,2026-02-01,379792.50,14078.66,98.83,98.45,11484.82,0.39,2946461.44,354229.02,2969170.56,-16917.30,-1.40
NPSAR12,2026-02-01,358490.83,7950.21,98.50,98.83,-9816.85,-0.33,2946461.44,360357.47,2969170.56,-10788.85,-2.20
NPSAR13,2026-02-01,365171.75,18902.63,98.61,98.72,-3135.93,-0.11,2946461.44,349405.05,2969170.56,-21741.27,-2.11
NPSAR2,2026-02-01,147897.31,2856.13,98.93,100.14,-15794.99,-1.21,1309538.43,160836.17,1319631.37,-4117.75,-1.85
NPSAR3,2026-02-01,163628.83,2108.63,100.69,100.69,-63.47,0.00,1309538.43,161583.67,1319631.37,-3370.25,-0.26
NPSAR4,2026-02-01,162002.32,2482.38,100.65,100.78,-1689.98,-0.13,1309538.43,161209.92,1319631.37,-3744.00,-0.42
NPSAR5,2026-02-01,163628.83,2108.63,100.89,100.89,-63.47,0.00,1309538.43,161583.67,1319631.37,-3370.25,-0.26
NPSAR6,2026-02-01,171535.67,2108.63,101.44,100.84,7843.37,0.60,1309538.43,161583.67,1319631.37,-3370.25,0.00
NPSAR7,2026-02-01,173071.93,2108.63,100.83,100.11,9379.63,0.72,1309538.43,161583.67,1319631.37,-3370.25,0.00
NPSAR8,2026-02-01,164866.12,9384.58,99.09,99.00,1173.82,0.09,1309538.43,154307.72,1319631.37,-10646.20,-1.65
NPSAR9,2026-02-01,164866.12,9384.58,99.35,99.26,1173.82,0.09,1309538.43,154307.72,1319631.37,-10646.20,-1.36
SPSAR1,2026-02-01,171528.30,-4646.62,101.69,101.09,7836.00,0.60,1309538.43,168338.92,1319631.37,3385.00,0.00
SPSAR10,2026-02-01,384394.83,12378.58,100.88,100.33,16087.15,0.55,2946461.44,355929.10,2969170.56,-15217.22,-0.06
SPSAR11,2026-02-01,387684.18,11256.85,99.75,99.10,19376.50,0.66,2946461.44,357050.83,2969170.56,-14095.49,-0.64
SPSAR12,2026-02-01,359020.55,5953.45,99.50,99.81,-9287.13,-0.32,2946461.44,362354.23,2969170.56,-8792.09,-1.12
SPSAR13,2026-02-01,358650.61,17637.81,98.58,98.90,-9657.07,-0.33,2946461.44,350669.87,2969170.56,-20476.45,-2.44
SPSAR2,2026-02-01,145207.80,1088.38,99.40,100.82,-18484.50,-1.41,1309538.43,162603.92,1319631.37,-2350.00,-1.58
SPSAR3,2026-02-01,155614.34,1088.38,100.68,101.30,-8077.96,-0.62,1309538.43,162603.92,1319631.37,-2350.00,-0.79
SPSAR4,2026-02-01,159841.40,1088.38,100.83,101.13,-3850.90,-0.29,1309538.43,162603.92,1319631.37,-2350.00,-0.47
SPSAR5,2026-02-01,160685.93,1525.38,100.92,101.15,-3006.37,-0.23,1309538.43,162166.92,1319631.37,-2787.00,-0.43
SPSAR6,2026-02-01,168674.95,1088.38,101.63,101.24,4982.65,0.38,1309538.43,162603.92,1319631.37,-2350.00,0.00
SPSAR7,2026-02-01,169418.47,1525.38,100.44,100.00,5726.17,0.44,1309538.43,162166.92,1319631.37,-2787.00,-0.07
SPSAR8,2026-02-01,165306.63,10354.52,99.20,99.08,1614.33,0.12,1309538.43,153337.78,1319631.37,-11616.14,-1.29
SPSAR9,2026-02-01,165276.66,9059.01,99.40,99.28,1584.36,0.12,1309538.43,154633.29,1319631.37,-10320.63,-1.09
NLONG1,2026-02-01,15868.10,-4393.64,101.79,100.17,15868.10,1.62,982153.81,4393.64,989723.52,4393.64,0.00
NLONG10,2026-02-01,9448.24,4654.33,100.88,99.92,9448.24,0.96,982153.81,-4654.33,989723.52,-4654.33,0.00
NLONG11,2026-02-01,15868.10,0.00,104.50,102.84,15868.10,1.62,982153.81,0.00,989723.52,0.00,0.00
NLONG12,2026-02-01,9448.24,4853.96,103.58,102.59,9448.24,0.96,982153.81,-4853.96,989723.52,-4853.96,0.00
NLONG13,2026-02-01,-11462.78,6659.78,98.64,99.80,-11462.78,-1.17,982153.81,-6659.78,989723.52,-6659.78,-2.52
NLONG14,2026-02-01,-8098.10,5987.74,98.99,99.81,-8098.10,-0.82,982153.81,-5987.74,989723.52,-5987.74,-1.95
NLONG15,2026-02-01,-5413.12,7313.38,100.80,101.36,-5413.12,-0.55,982153.81,-7313.38,989723.52,-7313.38,-2.58
NLONG16,2026-02-01,-9088.30,6277.51,101.12,102.06,-9088.30,-0.93,982153.81,-6277.51,989723.52,-6277.51,-1.55
NLONG17,2026-02-01,5001.62,6659.78,99.78,99.27,5001.62,0.51,982153.81,-6659.78,989723.52,-6659.78,-0.90
NLONG18,2026-02-01,5504.66,5987.74,99.46,98.91,5504.66,0.56,982153.81,-5987.74,989723.52,-5987.74,-0.87
NLONG19,2026-02-01,4885.42,7313.38,101.29,100.79,4885.42,0.50,982153.81,-7313.38,989723.52,-7313.38,-1.28
NLONG2,2026-02-01,-7601.31,4654.33,98.26,99.03,-7601.31,-0.77,982153.81,-4654.33,989723.52,-4654.33,-2.46
NLONG20,2026-02-01,5146.49,6277.51,101.60,101.07,5146.49,0.52,982153.81,-6277.51,989723.52,-6277.51,-0.32
NLONG21,2026-02-01,6261.79,5390.57,99.41,98.78,6261.79,0.64,982153.81,-5390.57,989723.52,-5390.57,-1.20
NLONG22,2026-02-01,6764.83,5242.29,99.50,98.82,6764.83,0.69,982153.81,-5242.29,989723.52,-5242.29,-0.97
NLONG23,2026-02-01,5356.33,5585.66,103.03,102.47,5356.33,0.55,982153.81,-5585.66,989723.52,-5585.66,-0.71
NLONG24,2026-02-01,5617.40,4865.80,104.00,103.41,5617.40,0.57,982153.81,-4865.80,989723.52,-4865.80,-0.07
NLONG3,2026-02-01,15868.10,-3873.99,103.44,101.80,15868.10,1.62,982153.81,3873.99,989723.52,3873.99,0.00
NLONG4,2026-02-01,-7601.31,4853.96,100.55,101.33,-7601.31,-0.77,982153.81,-4853.96,989723.52,-4853.96,-1.78
NLONG5,2026-02-01,15868.10,-3751.64,101.72,100.10,15868.10,1.62,982153.81,3751.64,989723.52,3751.64,0.00
NLONG6,2026-02-01,-7601.31,4654.33,98.18,98.95,-7601.31,-0.77,982153.81,-4654.33,989723.52,-4654.33,-2.54
NLONG7,2026-02-01,15868.10,0.00,103.80,102.15,15868.10,1.62,982153.81,0.00,989723.52,0.00,0.00
NLONG8,2026-02-01,-7601.31,4853.96,100.66,101.45,-7601.31,-0.77,982153.81,-4853.96,989723.52,-4853.96,-1.67
NLONG9,2026-02-01,15868.10,0.00,102.71,101.08,15868.10,1.62,982153.81,0.00,989723.52,0.00,0.00
SLONG1,2026-02-01,15785.35,-3891.29,102.08,100.47,15785.35,1.61,982153.81,3891.29,989723.52,3891.29,0.00
SLONG10,2026-02-01,-9005.64,4642.57,98.81,99.72,-9005.64,-0.92,982153.81,-4642.57,989723.52,-4642.57,-2.54
SLONG11,2026-02-01,15785.35,0.00,103.08,101.45,15785.35,1.61,982153.81,0.00,989723.52,0.00,0.00
SLONG12,2026-02-01,-7186.71,4618.34,98.97,99.70,-7186.71,-0.73,982153.81,-4618.34,989723.52,-4618.34,-2.39
SLONG13,2026-02-01,-12275.95,6987.49,99.18,100.44,-12275.95,-1.25,982153.81,-6987.49,989723.52,-6987.49,-2.43
SLONG14,2026-02-01,-8850.32,6506.84,99.57,100.48,-8850.32,-0.90,982153.81,-6506.84,989723.52,-6506.84,-1.80
SLONG15,2026-02-01,-4294.13,2036.49,100.63,101.07,-4294.13,-0.44,982153.81,-2036.49,989723.52,-2036.49,-1.13
SLONG16,2026-02-01,-8636.69,5948.31,100.04,100.93,-8636.69,-0.88,982153.81,-5948.31,989723.52,-5948.31,-1.48
SLONG17,2026-02-01,5236.73,6987.49,100.46,99.93,5236.73,0.53,982153.81,-6987.49,989723.52,-6987.49,-0.66
SLONG18,2026-02-01,6107.61,6506.84,100.39,99.77,6107.61,0.62,982153.81,-6506.84,989723.52,-6506.84,-0.57
SLONG19,2026-02-01,4867.70,2036.49,101.11,100.61,4867.70,0.50,982153.81,-2036.49,989723.52,-2036.49,-0.34
SLONG2,2026-02-01,-8877.07,4642.57,98.39,99.29,-8877.07,-0.90,982153.81,-4642.57,989723.52,-4642.57,-2.96
SLONG20,2026-02-01,5136.12,5948.31,100.52,100.00,5136.12,0.52,982153.81,-5948.31,989723.52,-5948.31,-0.51
SLONG21,2026-02-01,5990.61,6950.73,100.70,100.09,5990.61,0.61,982153.81,-6950.73,989723.52,-6950.73,-1.19
SLONG22,2026-02-01,6737.19,6088.38,100.81,100.12,6737.19,0.69,982153.81,-6088.38,989723.52,-6088.38,-0.97
SLONG23,2026-02-01,4911.69,1340.06,101.63,101.12,4911.69,0.50,982153.81,-1340.06,989723.52,-1340.06,-0.78
SLONG24,2026-02-01,5180.11,1106.91,101.59,101.06,5180.11,0.53,982153.81,-1106.91,989723.52,-1106.91,-0.46
SLONG3,2026-02-01,15785.35,0.00,101.23,99.63,15785.35,1.61,982153.81,0.00,989723.52,0.00,-0.13
SLONG4,2026-02-01,-8877.07,4618.34,98.67,99.57,-8877.07,-0.90,982153.81,-4618.34,989723.52,-4618.34,-2.68
SLONG5,2026-02-01,15785.35,-3661.38,101.66,100.05,15785.35,1.61,982153.81,3661.38,989723.52,3661.38,0.00
SLONG6,2026-02-01,-8877.07,4642.57,98.89,99.79,-8877.07,-0.90,982153.81,-4642.57,989723.52,-4642.57,-2.47
SLONG7,2026-02-01,15785.35,0.00,101.30,99.70,15785.35,1.61,982153.81,0.00,989723.52,0.00,-0.29
SLONG8,2026-02-01,-8877.07,4618.34,98.92,99.82,-8877.07,-0.90,982153.81,-4618.34,989723.52,-4618.34,-2.44
SLONG9,2026-02-01,15785.35,0.00,102.99,101.36,15785.35,1.61,982153.81,0.00,989723.52,0.00,0.00
Large Cap Stock Holdings,2026-02-01,25407618.75,0.00,95.01,97.67,-710282.50,-2.72,26117901.25,26117901.25,26104232.50,13668.75,-4.99
Liquidcase Stock Holdings,2026-02-01,6600518.40,0.00,100.18,100.18,0.00,0.00,6600518.40,6600518.40,6598172.80,2345.60,0.00
Small Cap Stock Holdings,2026-02-01,10941250.00,0.00,97.42,99.25,-205575.00,-1.84,11146825.00,11146825.00,10934375.00,212450.00,-2.58
Debt Stock Holdings,2026-02-01,6600518.40,0.00,100.18,100.18,0.00,0.00,6600518.40,6600518.40,6598172.80,2345.60,0.00
Equity Stock Holdings,2026-02-01,36348868.75,0.00,95.72,98.13,-915857.50,-2.46,37264726.25,37264726.25,37038607.50,226118.75,-4.28
Stock Holdings,2026-02-01,42949387.15,0.00,96.39,98.45,-915857.50,-2.09,43865244.65,43865244.65,43636780.30,228464.35,-3.61
Miscellaneous P&L,2026-02-01,0.00,0.00,100.00,100.00,0.00,0.00,0.00,0.00,0.00,0.00,0.00
Total Tax,2026-02-01,-4963.27,3446.44,100.00,100.00,-4963.27,0.00,0.00,-3446.44,0.00,0.00,0.00
Equity Holdings Tax,2026-02-01,0.00,0.00,100.00,100.00,0.00,0.00,0.00,0.00,0.00,0.00,0.00
Equity Intraday Tax,2026-02-01,0.00,0.00,100.00,100.00,0.00,0.00,0.00,0.00,0.00,0.00,0.00
F&O Tax,2026-02-01,-4963.27,3446.44,100.00,100.00,-4963.27,0.00,0.00,-3446.44,0.00,0.00,0.00
MCX Tax,2026-02-01,0.00,0.00,100.00,100.00,0.00,0.00,0.00,0.00,0.00,0.00,0.00
Total Other Debits and Credits,2026-02-01,0.00,0.00,100.00,100.00,0.00,0.00,0.00,0.00,0.00,0.00,0.00
Equity Other Debits and Credits,2026-02-01,0.00,0.00,100.00,100.00,0.00,0.00,0.00,0.00,0.00,0.00,0.00
NPSAR,2026-02-01,2982414.19,87457.21,99.76,99.61,35952.74,0.15,23571691.63,2859004.25,23753364.57,-110166.32,-0.69
SPSAR,2026-02-01,2951304.68,69397.91,100.07,100.05,4843.23,0.02,23571691.63,2877063.55,23753364.57,-92107.02,-0.57
NLONG,2026-02-01,94176.08,90066.74,101.15,100.75,94176.08,0.40,23571691.44,-90066.74,23753364.48,-90066.74,-0.54
SLONG,2026-02-01,53122.14,78674.40,100.49,100.26,53122.14,0.23,23571691.44,-78674.40,23753364.48,-78674.40,-0.70
PSAR,2026-02-01,5933718.88,156855.13,99.92,99.83,40795.97,0.09,47143383.26,5736067.80,47506729.14,-202273.34,-0.63
LONG,2026-02-01,147298.22,168741.14,100.82,100.51,147298.22,0.31,47143382.88,-168741.14,47506728.96,-168741.14,-0.58
Total Portfolio Value,2026-02-01,6076053.83,329042.71,100.65,100.26,183130.92,0.39,47143383.00,5563880.22,47506729.00,-374460.92,-1.25
Zerodha Total Portfolio,2026-02-01,46703032.28,0.00,97.36,98.88,-732726.58,-1.54,47435758.86,47435758.86,47581755.43,-145996.57,-2.64
NPSAR1,2026-02-02,164461.14,-15711.91,102.10,102.13,-370.50,-0.03,1318653.12,180543.55,1309538.43,16851.25,-0.03
NPSAR10,2026-02-02,380503.61,-16047.21,100.72,100.39,9632.42,0.32,2966969.50,386918.40,2946461.44,18610.72,-0.10
NPSAR11,2026-02-02,383985.60,-8921.31,99.27,98.83,13114.41,0.44,2966969.50,379792.50,2946461.44,11484.82,-0.96
NPSAR12,2026-02-02,360259.58,12380.36,98.15,98.50,-10611.61,-0.36,2966969.50,358490.83,2946461.44,-9816.85,-2.55
NPSAR13,2026-02-02,378428.72,5699.44,98.86,98.61,7557.53,0.25,2966969.50,365171.75,2946461.44,-3135.93,-1.87
NPSAR2,2026-02-02,159813.64,16934.33,98.55,98.93,-5018.00,-0.38,1318653.12,147897.31,1309538.43,-15794.99,-2.22
NPSAR3,2026-02-02,163739.64,1202.81,100.61,100.69,-1092.00,-0.08,1318653.12,163628.83,1309538.43,-63.47,-0.34
NPSAR4,2026-02-02,163739.64,2829.32,100.57,100.65,-1092.00,-0.08,1318653.12,162002.32,1309538.43,-1689.98,-0.49
NPSAR5,2026-02-02,163739.64,1202.81,100.81,100.89,-1092.00,-0.08,1318653.12,163628.83,1309538.43,-63.47,-0.34
NPSAR6,2026-02-02,164867.39,-6704.03,101.44,101.44,35.75,0.00,1318653.12,171535.67,1309538.43,7843.37,0.00
NPSAR7,2026-02-02,165205.39,-8240.29,100.86,100.83,373.75,0.03,1318653.12,173071.93,1309538.43,9379.63,0.00
NPSAR8,2026-02-02,164867.39,-34.48,99.09,99.09,35.75,0.00,1318653.12,164866.12,1309538.43,1173.82,-1.65
NPSAR9,2026-02-02,165356.32,-34.48,99.39,99.35,524.68,0.04,1318653.12,164866.12,1309538.43,1173.82,-1.32
SPSAR1,2026-02-02,165005.64,-6696.66,101.70,101.69,174.00,0.01,1318653.12,171528.30,1309538.43,7836.00,0.00
SPSAR10,2026-02-02,378739.40,-13523.64,101.15,100.88,7868.21,0.27,2966969.50,384394.83,2946461.44,16087.15,0.00
SPSAR11,2026-02-02,383705.83,-16812.99,100.18,99.75,12834.64,0.43,2966969.50,387684.18,2946461.44,19376.50,-0.21
SPSAR12,2026-02-02,360517.80,11850.64,99.15,99.50,-10353.39,-0.35,2966969.50,359020.55,2946461.44,-9287.13,-1.47
SPSAR13,2026-02-02,375426.35,12220.58,98.73,98.58,4555.16,0.15,2966969.50,358650.61,2946461.44,-9657.07,-2.30
SPSAR2,2026-02-02,158689.64,19623.84,98.94,99.40,-6142.00,-0.47,1318653.12,145207.80,1309538.43,-18484.50,-2.04
SPSAR3,2026-02-02,161282.64,9217.30,100.41,100.68,-3549.00,-0.27,1318653.12,155614.34,1309538.43,-8077.96,-1.05
SPSAR4,2026-02-02,162209.64,4990.24,100.63,100.83,-2622.00,-0.20,1318653.12,159841.40,1309538.43,-3850.90,-0.67
SPSAR5,2026-02-02,162209.64,4145.71,100.72,100.92,-2622.00,-0.20,1318653.12,160685.93,1309538.43,-3006.37,-0.63
SPSAR6,2026-02-02,163751.64,-3843.31,101.55,101.63,-1080.00,-0.08,1318653.12,168674.95,1309538.43,4982.65,-0.08
SPSAR7,2026-02-02,163751.64,-4586.83,100.36,100.44,-1080.00,-0.08,1318653.12,169418.47,1309538.43,5726.17,-0.15
SPSAR8,2026-02-02,164102.62,-474.99,99.15,99.20,-729.02,-0.06,1318653.12,165306.63,1309538.43,1614.33,-1.34
SPSAR9,2026-02-02,164102.62,-445.02,99.35,99.40,-729.02,-0.06,1318653.12,165276.66,1309538.43,1584.36,-1.14
NLONG1,2026-02-02,6421.27,-15868.10,102.45,101.79,6421.27,0.65,988989.83,15868.10,982153.81,15868.10,0.00
NLONG10,2026-02-02,8338.67,-9448.24,101.73,100.88,8338.67,0.84,988989.83,9448.24,982153.81,9448.24,0.00
NLONG11,2026-02-02,10001.25,-15868.10,105.56,104.50,10001.25,1.01,988989.83,15868.10,982153.81,15868.10,0.00
NLONG12,2026-02-02,7944.68,-9448.24,104.41,103.58,7944.68,0.80,988989.83,9448.24,982153.81,9448.24,0.00
NLONG13,2026-02-02,3032.93,11462.78,98.94,98.64,3032.93,0.31,988989.83,-11462.78,982153.81,-11462.78,-2.22
NLONG14,2026-02-02,3128.63,8098.10,99.30,98.99,3128.63,0.32,988989.83,-8098.10,982153.81,-8098.10,-1.64
NLONG15,2026-02-02,5829.23,5413.12,101.39,100.80,5829.23,0.59,988989.83,-5413.12,982153.81,-5413.12,-2.01
NLONG16,2026-02-02,3128.63,9088.30,101.44,101.12,3128.63,0.32,988989.83,-9088.30,982153.81,-9088.30,-1.24
NLONG17,2026-02-02,7141.18,-5001.62,100.50,99.78,7141.18,0.72,988989.83,5001.62,982153.81,5001.62,-0.19
NLONG18,2026-02-02,6372.42,-5504.66,100.10,99.46,6372.42,0.64,988989.83,5504.66,982153.81,5504.66,-0.23
NLONG19,2026-02-02,7950.95,-4885.42,102.10,101.29,7950.95,0.80,988989.83,4885.42,982153.81,4885.42,-0.49
NLONG2,2026-02-02,-5867.28,7601.31,97.68,98.26,-5867.28,-0.59,988989.83,-7601.31,982153.81,-7601.31,-3.04
NLONG20,2026-02-02,5948.96,-5146.49,102.21,101.60,5948.96,0.60,988989.83,5146.49,982153.81,5146.49,0.00
NLONG21,2026-02-02,7510.42,-6261.79,100.16,99.41,7510.42,0.76,988989.83,6261.79,982153.81,6261.79,-0.46
NLONG22,2026-02-02,6741.66,-6764.83,100.18,99.50,6741.66,0.68,988989.83,6764.83,982153.81,6764.83,-0.29
NLONG23,2026-02-02,8270.74,-5356.33,103.89,103.03,8270.74,0.84,988989.83,5356.33,982153.81,5356.33,0.00
NLONG24,2026-02-02,6268.75,-5617.40,104.66,104.00,6268.75,0.63,988989.83,5617.40,982153.81,5617.40,0.00
NLONG3,2026-02-02,10001.25,-15868.10,104.49,103.44,10001.25,1.01,988989.83,15868.10,982153.81,15868.10,0.00
NLONG4,2026-02-02,4959.47,7601.31,101.05,100.55,4959.47,0.50,988989.83,-7601.31,982153.81,-7601.31,-1.29
NLONG5,2026-02-02,8860.91,-15868.10,102.63,101.72,8860.91,0.90,988989.83,15868.10,982153.81,15868.10,0.00
NLONG6,2026-02-02,4959.47,7601.31,98.67,98.18,4959.47,0.50,988989.83,-7601.31,982153.81,-7601.31,-2.05
NLONG7,2026-02-02,10001.25,-15868.10,104.85,103.80,10001.25,1.01,988989.83,15868.10,982153.81,15868.10,0.00
NLONG8,2026-02-02,4959.47,7601.31,101.16,100.66,4959.47,0.50,988989.83,-7601.31,982153.81,-7601.31,-1.18
NLONG9,2026-02-02,8860.91,-15868.10,103.63,102.71,8860.91,0.90,988989.83,15868.10,982153.81,15868.10,0.00
SLONG1,2026-02-02,4075.12,-15785.35,102.50,102.08,4075.12,0.41,988989.83,15785.35,982153.81,15785.35,0.00
SLONG10,2026-02-02,4533.22,9005.64,99.26,98.81,4533.22,0.46,988989.83,-9005.64,982153.81,-9005.64,-2.10
SLONG11,2026-02-02,7146.88,-15785.35,103.82,103.08,7146.88,0.72,988989.83,15785.35,982153.81,15785.35,0.00
SLONG12,2026-02-02,4533.22,7186.71,99.42,98.97,4533.22,0.46,988989.83,-7186.71,982153.81,-7186.71,-1.94
SLONG13,2026-02-02,2229.64,12275.95,99.40,99.18,2229.64,0.23,988989.83,-12275.95,982153.81,-12275.95,-2.21
SLONG14,2026-02-02,2676.42,8850.32,99.84,99.57,2676.42,0.27,988989.83,-8850.32,982153.81,-8850.32,-1.53
SLONG15,2026-02-02,3678.06,4294.13,101.00,100.63,3678.06,0.37,988989.83,-4294.13,982153.81,-4294.13,-0.77
SLONG16,2026-02-02,2676.42,8636.69,100.31,100.04,2676.42,0.27,988989.83,-8636.69,982153.81,-8636.69,-1.21
SLONG17,2026-02-02,5249.70,-5236.73,100.99,100.46,5249.70,0.53,988989.83,5236.73,982153.81,5236.73,-0.14
SLONG18,2026-02-02,4619.91,-6107.61,100.86,100.39,4619.91,0.47,988989.83,6107.61,982153.81,6107.61,-0.11
SLONG19,2026-02-02,5826.44,-4867.70,101.71,101.11,5826.44,0.59,988989.83,4867.70,982153.81,4867.70,0.00
SLONG2,2026-02-02,-7267.51,8877.07,97.67,98.39,-7267.51,-0.73,988989.83,-8877.07,982153.81,-8877.07,-3.67
SLONG20,2026-02-02,4359.87,-5136.12,100.96,100.52,4359.87,0.44,988989.83,5136.12,982153.81,5136.12,-0.08
SLONG21,2026-02-02,6303.91,-5990.61,101.34,100.70,6303.91,0.64,988989.83,5990.61,982153.81,5990.61,-0.56
SLONG22,2026-02-02,5674.12,-6737.19,101.39,100.81,5674.12,0.57,988989.83,6737.19,982153.81,6737.19,-0.40
SLONG23,2026-02-02,5923.70,-4911.69,102.24,101.63,5923.70,0.60,988989.83,4911.69,982153.81,4911.69,-0.19
SLONG24,2026-02-02,4829.69,-5180.11,102.09,101.59,4829.69,0.49,988989.83,5180.11,982153.81,5180.11,0.00
SLONG3,2026-02-02,7146.88,-15785.35,101.96,101.23,7146.88,0.72,988989.83,15785.35,982153.81,15785.35,0.00
SLONG4,2026-02-02,4533.22,8877.07,99.12,98.67,4533.22,0.46,988989.83,-8877.07,982153.81,-8877.07,-2.24
SLONG5,2026-02-02,6318.98,-15785.35,102.31,101.66,6318.98,0.64,988989.83,15785.35,982153.81,15785.35,0.00
SLONG6,2026-02-02,4533.22,8877.07,99.34,98.89,4533.22,0.46,988989.83,-8877.07,982153.81,-8877.07,-2.02
SLONG7,2026-02-02,7146.88,-15785.35,102.03,101.30,7146.88,0.72,988989.83,15785.35,982153.81,15785.35,0.00
SLONG8,2026-02-02,4533.22,8877.07,99.37,98.92,4533.22,0.46,988989.83,-8877.07,982153.81,-8877.07,-1.99
SLONG9,2026-02-02,6318.98,-15785.35,103.65,102.99,6318.98,0.64,988989.83,15785.35,982153.81,15785.35,0.00
Large Cap Stock Holdings,2026-02-02,25783127.50,0.00,96.42,95.01,375508.75,1.48,25407618.75,25407618.75,26117901.25,-710282.50,-3.58
Liquidcase Stock Holdings,2026-02-02,6601104.80,0.00,100.19,100.18,586.40,0.01,6600518.40,6600518.40,6600518.40,0.00,0.00
Small Cap Stock Holdings,2026-02-02,11103475.00,0.00,98.86,97.42,162225.00,1.48,10941250.00,10941250.00,11146825.00,-205575.00,-1.14
Debt Stock Holdings,2026-02-02,6601104.80,0.00,100.19,100.18,586.40,0.01,6600518.40,6600518.40,6600518.40,0.00,0.00
Equity Stock Holdings,2026-02-02,36886602.50,0.00,97.14,95.72,537733.75,1.48,36348868.75,36348868.75,37264726.25,-915857.50,-2.86
Stock Holdings,2026-02-02,43487707.30,0.00,97.59,96.39,538320.15,1.25,42949387.15,42949387.15,43865244.65,-915857.50,-2.41
Miscellaneous P&L,2026-02-02,0.00,0.00,100.00,100.00,0.00,0.00,0.00,0.00,0.00,0.00,0.00
Total Tax,2026-02-02,-3302.78,4963.27,100.00,100.00,-3302.78,0.00,0.00,-4963.27,0.00,0.00,0.00
Equity Holdings Tax,2026-02-02,0.00,0.00,100.00,100.00,0.00,0.00,0.00,0.00,0.00,0.00,0.00
Equity Intraday Tax,2026-02-02,0.00,0.00,100.00,100.00,0.00,0.00,0.00,0.00,0.00,0.00,0.00
F&O Tax,2026-02-02,-3302.78,4963.27,100.00,100.00,-3302.78,0.00,0.00,-4963.27,0.00,0.00,0.00
MCX Tax,2026-02-02,0.00,0.00,100.00,100.00,0.00,0.00,0.00,0.00,0.00,0.00,0.00
Total Other Debits and Credits,2026-02-02,0.00,0.00,100.00,100.00,0.00,0.00,0.00,0.00,0.00,0.00,0.00
Equity Other Debits and Credits,2026-02-02,0.00,0.00,100.00,100.00,0.00,0.00,0.00,0.00,0.00,0.00,0.00
NPSAR,2026-02-02,2978967.69,-15444.65,99.81,99.76,11998.18,0.05,23735756.08,2982414.19,23571691.63,35952.74,-0.63
SPSAR,2026-02-02,2963495.09,15664.86,100.06,100.07,-3474.42,-0.01,23735756.08,2951304.68,23571691.63,4843.23,-0.58
NLONG,2026-02-02,150765.82,-94176.08,101.79,101.15,150765.82,0.64,23735755.92,94176.08,23571691.44,94176.08,0.00
SLONG,2026-02-02,107600.19,-53122.14,100.94,100.49,107600.19,0.45,23735755.92,53122.14,23571691.44,53122.14,-0.25
PSAR,2026-02-02,5942462.78,220.21,99.93,99.92,8523.76,0.02,47471512.16,5933718.88,47143383.26,40795.97,-0.61
LONG,2026-02-02,258366.01,-147298.22,101.37,100.82,258366.01,0.54,47471511.84,147298.22,47143382.88,147298.22,-0.04
Total Portfolio Value,2026-02-02,6197526.01,-142114.74,101.21,100.65,263586.99,0.56,47471512.00,6076053.83,47143383.00,183130.92,-0.70
Zerodha Total Portfolio,2026-02-02,47504939.42,0.00,99.03,97.36,801907.14,1.72,46703032.28,46703032.28,47435758.86,-732726.58,-0.97
NPSAR1,2026-02-03,144952.39,-62.82,100.59,102.10,-19445.93,-1.48,1315186.57,164461.14,1318653.12,-370.50,-1.51
NPSAR10,2026-02-03,374244.07,-10607.39,100.87,100.72,4347.85,0.15,2959169.75,380503.61,2966969.50,9632.42,0.00
NPSAR11,2026-02-03,376961.95,-14089.38,99.51,99.27,7065.73,0.24,2959169.75,383985.60,2966969.50,13114.41,-0.72
NPSAR12,2026-02-03,380688.85,9636.64,98.51,98.15,10792.63,0.36,2959169.75,360259.58,2966969.50,-10611.61,-2.19
NPSAR13,2026-02-03,379293.69,-8532.50,99.17,98.86,9397.47,0.32,2959169.75,378428.72,2966969.50,7557.53,-1.56
NPSAR2,2026-02-03,138364.51,4584.68,96.60,98.55,-26033.81,-1.98,1315186.57,159813.64,1318653.12,-5018.00,-4.16
NPSAR3,2026-02-03,142565.98,658.68,98.94,100.61,-21832.34,-1.66,1315186.57,163739.64,1318653.12,-1092.00,-1.99
NPSAR4,2026-02-03,142562.53,658.68,98.90,100.57,-21835.79,-1.66,1315186.57,163739.64,1318653.12,-1092.00,-2.15
NPSAR5,2026-02-03,142355.38,658.68,99.12,100.81,-22042.94,-1.68,1315186.57,163739.64,1318653.12,-1092.00,-2.01
NPSAR6,2026-02-03,147039.69,-469.07,100.10,101.44,-17358.63,-1.32,1315186.57,164867.39,1318653.12,35.75,-1.32
NPSAR7,2026-02-03,148720.31,-807.07,99.66,100.86,-15678.01,-1.19,1315186.57,165205.39,1318653.12,373.75,-1.19
NPSAR8,2026-02-03,147503.57,-469.07,97.82,99.09,-16894.75,-1.28,1315186.57,164867.39,1318653.12,35.75,-2.91
NPSAR9,2026-02-03,167898.44,-958.00,99.65,99.39,3500.12,0.27,1315186.57,165356.32,1318653.12,524.68,-1.06
SPSAR1,2026-02-03,153662.63,-607.32,100.87,101.70,-10735.69,-0.82,1315186.57,165005.64,1318653.12,174.00,-0.82
SPSAR10,2026-02-03,381238.22,-8843.18,101.54,101.15,11342.00,0.38,2959169.75,378739.40,2966969.50,7868.21,0.00
SPSAR11,2026-02-03,379935.87,-13809.61,100.52,100.18,10039.65,0.34,2959169.75,383705.83,2966969.50,12834.64,0.00
SPSAR12,2026-02-03,383940.68,9378.42,99.62,99.15,14044.46,0.47,2959169.75,360517.80,2966969.50,-10353.39,-1.00
SPSAR13,2026-02-03,383968.62,-5530.13,99.20,98.73,14072.40,0.48,2959169.75,375426.35,2966969.50,4555.16,-1.83
SPSAR2,2026-02-03,140498.99,5708.68,97.14,98.94,-23899.33,-1.82,1315186.57,158689.64,1318653.12,-6142.00,-3.82
SPSAR3,2026-02-03,142432.04,3115.68,98.73,100.41,-21966.28,-1.67,1315186.57,161282.64,1318653.12,-3549.00,-2.71
SPSAR4,2026-02-03,144103.83,2188.68,99.08,100.63,-20294.49,-1.54,1315186.57,162209.64,1318653.12,-2622.00,-2.20
SPSAR5,2026-02-03,144103.83,2188.68,99.17,100.72,-20294.49,-1.54,1315186.57,162209.64,1318653.12,-2622.00,-2.16
SPSAR6,2026-02-03,148052.42,646.68,100.29,101.55,-16345.90,-1.24,1315186.57,163751.64,1318653.12,-1080.00,-1.32
SPSAR7,2026-02-03,148052.42,646.68,99.11,100.36,-16345.90,-1.24,1315186.57,163751.64,1318653.12,-1080.00,-1.39
SPSAR8,2026-02-03,173025.32,295.70,99.80,99.15,8627.00,0.66,1315186.57,164102.62,1318653.12,-729.02,-0.70
SPSAR9,2026-02-03,173025.32,295.70,100.00,99.35,8627.00,0.66,1315186.57,164102.62,1318653.12,-729.02,-0.50
NLONG1,2026-02-03,35534.23,-6421.27,106.14,102.45,35534.23,3.60,986389.92,6421.27,988989.83,6421.27,0.00
NLONG10,2026-02-03,42002.47,-8338.67,106.06,101.73,42002.47,4.26,986389.92,8338.67,988989.83,8338.67,0.00
NLONG11,2026-02-03,41493.69,-10001.25,110.00,105.56,41493.69,4.21,986389.92,10001.25,988989.83,10001.25,0.00
NLONG12,2026-02-03,40894.60,-7944.68,108.74,104.41,40894.60,4.15,986389.92,7944.68,988989.83,7944.68,0.00
NLONG13,2026-02-03,38690.80,-3032.93,102.82,98.94,38690.80,3.92,986389.92,3032.93,988989.83,3032.93,0.00
NLONG14,2026-02-03,40631.89,-3128.63,103.39,99.30,40631.89,4.12,986389.92,3128.63,988989.83,3128.63,0.00
NLONG15,2026-02-03,30071.41,-5829.23,104.48,101.39,30071.41,3.05,986389.92,5829.23,988989.83,5829.23,0.00
NLONG16,2026-02-03,34735.44,-3128.63,105.01,101.44,34735.44,3.52,986389.92,3128.63,988989.83,3128.63,0.00
NLONG17,2026-02-03,38690.80,-7141.18,104.44,100.50,38690.80,3.92,986389.92,7141.18,988989.83,7141.18,0.00
NLONG18,2026-02-03,40631.89,-6372.42,104.22,100.10,40631.89,4.12,986389.92,6372.42,988989.83,6372.42,0.00
NLONG19,2026-02-03,30968.15,-7950.95,105.31,102.10,30968.15,3.14,986389.92,7950.95,988989.83,7950.95,0.00
NLONG2,2026-02-03,0.00,5867.28,97.68,97.68,0.00,0.00,986389.92,-5867.28,988989.83,-5867.28,-3.04
NLONG20,2026-02-03,34735.44,-5948.96,105.81,102.21,34735.44,3.52,986389.92,5948.96,988989.83,5948.96,0.00
NLONG21,2026-02-03,38996.50,-7510.42,104.12,100.16,38996.50,3.95,986389.92,7510.42,988989.83,7510.42,0.00
NLONG22,2026-02-03,41063.27,-6741.66,104.35,100.18,41063.27,4.16,986389.92,6741.66,988989.83,6741.66,0.00
NLONG23,2026-02-03,31263.66,-8270.74,107.18,103.89,31263.66,3.17,986389.92,8270.74,988989.83,8270.74,0.00
NLONG24,2026-02-03,34990.69,-6268.75,108.37,104.66,34990.69,3.55,986389.92,6268.75,988989.83,6268.75,0.00
NLONG3,2026-02-03,23466.98,-10001.25,106.98,104.49,23466.98,2.38,986389.92,10001.25,988989.83,10001.25,0.00
NLONG4,2026-02-03,40894.60,-4959.47,105.24,101.05,40894.60,4.15,986389.92,4959.47,988989.83,4959.47,0.00
NLONG5,2026-02-03,36451.35,-8860.91,106.42,102.63,36451.35,3.70,986389.92,8860.91,988989.83,8860.91,0.00
NLONG6,2026-02-03,42002.47,-4959.47,102.87,98.67,42002.47,4.26,986389.92,4959.47,988989.83,4959.47,0.00
NLONG7,2026-02-03,32854.52,-10001.25,108.34,104.85,32854.52,3.33,986389.92,10001.25,988989.83,10001.25,0.00
NLONG8,2026-02-03,40894.60,-4959.47,105.35,101.16,40894.60,4.15,986389.92,4959.47,988989.83,4959.47,0.00
NLONG9,2026-02-03,39592.05,-8860.91,107.79,103.63,39592.05,4.01,986389.92,8860.91,988989.83,8860.91,0.00
SLONG1,2026-02-03,30306.55,-4075.12,105.65,102.50,30306.55,3.07,986389.92,4075.12,988989.83,4075.12,0.00
SLONG10,2026-02-03,36215.20,-4533.22,102.90,99.26,36215.20,3.67,986389.92,4533.22,988989.83,4533.22,0.00
SLONG11,2026-02-03,30412.51,-7146.88,107.02,103.82,30412.51,3.08,986389.92,7146.88,988989.83,7146.88,0.00
SLONG12,2026-02-03,34940.48,-4533.22,102.94,99.42,34940.48,3.54,986389.92,4533.22,988989.83,4533.22,0.00
SLONG13,2026-02-03,33473.93,-2229.64,102.77,99.40,33473.93,3.39,986389.92,2229.64,988989.83,2229.64,0.00
SLONG14,2026-02-03,34800.22,-2676.42,103.36,99.84,34800.22,3.53,986389.92,2676.42,988989.83,2676.42,0.00
SLONG15,2026-02-03,27835.54,-3678.06,103.85,101.00,27835.54,2.82,986389.92,3678.06,988989.83,3678.06,0.00
SLONG16,2026-02-03,33263.86,-2676.42,103.69,100.31,33263.86,3.37,986389.92,2676.42,988989.83,2676.42,0.00
SLONG17,2026-02-03,33473.93,-5249.70,104.42,100.99,33473.93,3.39,986389.92,5249.70,988989.83,5249.70,0.00
SLONG18,2026-02-03,34800.22,-4619.91,104.42,100.86,34800.22,3.53,986389.92,4619.91,988989.83,4619.91,0.00
SLONG19,2026-02-03,27865.85,-5826.44,104.58,101.71,27865.85,2.83,986389.92,5826.44,988989.83,5826.44,0.00
SLONG2,2026-02-03,-7093.35,7267.51,96.97,97.67,-7093.35,-0.72,986389.92,-7267.51,988989.83,-7267.51,-4.36
SLONG20,2026-02-03,33132.05,-4359.87,104.35,100.96,33132.05,3.36,986389.92,4359.87,988989.83,4359.87,0.00
SLONG21,2026-02-03,33636.31,-6303.91,104.80,101.34,33636.31,3.41,986389.92,6303.91,988989.83,6303.91,0.00
SLONG22,2026-02-03,35406.61,-5674.12,105.03,101.39,35406.61,3.59,986389.92,5674.12,988989.83,5674.12,0.00
SLONG23,2026-02-03,28091.48,-5923.70,105.15,102.24,28091.48,2.85,986389.92,5923.70,988989.83,5923.70,0.00
SLONG24,2026-02-03,33519.80,-4829.69,105.56,102.09,33519.80,3.40,986389.92,4829.69,988989.83,4829.69,0.00
SLONG3,2026-02-03,23598.12,-7146.88,104.40,101.96,23598.12,2.39,986389.92,7146.88,988989.83,7146.88,0.00
SLONG4,2026-02-03,27847.13,-4533.22,101.92,99.12,27847.13,2.82,986389.92,4533.22,988989.83,4533.22,0.00
SLONG5,2026-02-03,32064.50,-6318.98,105.64,102.31,32064.50,3.25,986389.92,6318.98,988989.83,6318.98,0.00
SLONG6,2026-02-03,36215.20,-4533.22,102.99,99.34,36215.20,3.67,986389.92,4533.22,988989.83,4533.22,0.00
SLONG7,2026-02-03,27994.90,-7146.88,104.93,102.03,27994.90,2.84,986389.92,7146.88,988989.83,7146.88,0.00
SLONG8,2026-02-03,34940.48,-4533.22,102.89,99.37,34940.48,3.54,986389.92,4533.22,988989.83,4533.22,0.00
SLONG9,2026-02-03,35068.86,-6318.98,107.34,103.65,35068.86,3.56,986389.92,6318.98,988989.83,6318.98,0.00
Large Cap Stock Holdings,2026-02-03,26574873.75,0.00,99.38,96.42,791746.25,3.07,25783127.50,25783127.50,25407618.75,375508.75,-0.62
Liquidcase Stock Holdings,2026-02-03,6602864.00,0.00,100.22,100.19,1759.20,0.03,6601104.80,6601104.80,6600518.40,586.40,0.00
Small Cap Stock Holdings,2026-02-03,11389900.00,0.00,101.41,98.86,286425.00,2.58,11103475.00,11103475.00,10941250.00,162225.00,0.00
Debt Stock Holdings,2026-02-03,6602864.00,0.00,100.22,100.19,1759.20,0.03,6601104.80,6601104.80,6600518.40,586.40,0.00
Equity Stock Holdings,2026-02-03,37964773.75,0.00,99.98,97.14,1078171.25,2.92,36886602.50,36886602.50,36348868.75,537733.75,-0.02
Stock Holdings,2026-02-03,44567637.75,0.00,100.01,97.59,1079930.45,2.48,43487707.30,43487707.30,42949387.15,538320.15,0.00
Miscellaneous P&L,2026-02-03,0.00,0.00,100.00,100.00,0.00,0.00,0.00,0.00,0.00,0.00,0.00
Total Tax,2026-02-03,-6901.11,3302.78,100.00,100.00,-6901.11,0.00,0.00,-3302.78,0.00,0.00,0.00
Equity Holdings Tax,2026-02-03,0.00,0.00,100.00,100.00,0.00,0.00,0.00,0.00,0.00,0.00,0.00
Equity Intraday Tax,2026-02-03,0.00,0.00,100.00,100.00,0.00,0.00,0.00,0.00,0.00,0.00,0.00
F&O Tax,2026-02-03,-6901.11,3302.78,100.00,100.00,-6901.11,0.00,0.00,-3302.78,0.00,0.00,0.00
MCX Tax,2026-02-03,0.00,0.00,100.00,100.00,0.00,0.00,0.00,0.00,0.00,0.00,0.00
Total Other Debits and Credits,2026-02-03,0.00,0.00,100.00,100.00,0.00,0.00,0.00,0.00,0.00,0.00,0.00
Equity Other Debits and Credits,2026-02-03,0.00,0.00,100.00,100.00,0.00,0.00,0.00,0.00,0.00,0.00,0.00
NPSAR,2026-02-03,2833151.37,-19797.93,99.28,99.81,-126018.40,-0.53,23673358.13,2978967.69,23735756.08,11998.18,-1.16
SPSAR,2026-02-03,2896040.20,-4325.33,99.79,100.06,-63129.57,-0.27,23673358.13,2963495.09,23735756.08,-3474.42,-0.85
NLONG,2026-02-03,851551.50,-150765.82,105.45,101.79,851551.50,3.60,23673358.08,150765.82,23735755.92,150765.82,0.00
SLONG,2026-02-03,731810.38,-107600.19,104.06,100.94,731810.38,3.09,23673358.08,107600.19,23735755.92,107600.19,0.00
PSAR,2026-02-03,5729191.56,-24123.27,99.54,99.93,-189147.97,-0.40,47346716.26,5942462.78,47471512.16,8523.76,-1.01
LONG,2026-02-03,1583361.88,-258366.01,104.76,101.37,1583361.88,3.34,47346716.16,258366.01,47471511.84,258366.01,0.00
Total Portfolio Value,2026-02-03,7305652.33,-279186.50,104.18,101.21,1387312.80,2.93,47346716.00,6197526.01,47471512.00,263586.99,0.00
Zerodha Total Portfolio,2026-02-03,49972182.67,0.00,104.17,99.03,2467243.25,5.19,47504939.42,47504939.42,46703032.28,801907.14,0.00
NPSAR1,2026-02-04,172209.51,24257.37,100.81,100.59,2999.75,0.22,1353678.04,144952.39,1315186.57,-19445.93,-1.29
NPSAR10,2026-02-04,376696.36,6477.88,100.74,100.87,-4025.59,-0.13,3045775.56,374244.07,2959169.75,4347.85,-0.13
NPSAR11,2026-02-04,377577.35,3759.99,99.41,99.51,-3144.60,-0.10,3045775.56,376961.95,2959169.75,7065.73,-0.82
NPSAR12,2026-02-04,382742.32,33.10,98.58,98.51,2020.37,0.07,3045775.56,380688.85,2959169.75,10792.63,-2.12
NPSAR13,2026-02-04,386176.37,1428.26,99.35,99.17,5454.42,0.18,3045775.56,379293.69,2959169.75,9397.47,-1.38
NPSAR2,2026-02-04,172209.51,30845.25,96.81,96.60,2999.75,0.22,1353678.04,138364.51,1315186.57,-26033.81,-3.95
NPSAR3,2026-02-04,172209.51,26643.78,99.16,98.94,2999.75,0.22,1353678.04,142565.98,1315186.57,-21832.34,-1.77
NPSAR4,2026-02-04,172209.51,26647.23,99.12,98.90,2999.75,0.22,1353678.04,142562.53,1315186.57,-21835.79,-1.93
NPSAR5,2026-02-04,172209.51,26854.38,99.34,99.12,2999.75,0.22,1353678.04,142355.38,1315186.57,-22042.94,-1.79
NPSAR6,2026-02-04,172209.51,22170.07,100.32,100.10,2999.75,0.22,1353678.04,147039.69,1315186.57,-17358.63,-1.10
NPSAR7,2026-02-04,172209.51,20489.45,99.88,99.66,2999.75,0.22,1353678.04,148720.31,1315186.57,-15678.01,-0.97
NPSAR8,2026-02-04,172209.51,21706.19,98.04,97.82,2999.75,0.22,1353678.04,147503.57,1315186.57,-16894.75,-2.69
NPSAR9,2026-02-04,172489.01,1311.32,99.89,99.65,3279.25,0.24,1353678.04,167898.44,1315186.57,3500.12,-0.82
SPSAR1,2026-02-04,173693.76,15547.13,101.20,100.87,4484.00,0.33,1353678.04,153662.63,1315186.57,-10735.69,-0.49
SPSAR10,2026-02-04,375380.60,-516.27,101.36,101.54,-5341.35,-0.18,3045775.56,381238.22,2959169.75,11342.00,-0.18
SPSAR11,2026-02-04,386191.95,786.08,100.70,100.52,5470.00,0.18,3045775.56,379935.87,2959169.75,10039.65,0.00
SPSAR12,2026-02-04,388669.92,-3218.73,99.88,99.62,7947.97,0.26,3045775.56,383940.68,2959169.75,14044.46,-0.75
SPSAR13,2026-02-04,391122.59,-3246.67,99.54,99.20,10400.64,0.34,3045775.56,383968.62,2959169.75,14072.40,-1.49
SPSAR2,2026-02-04,173693.76,28710.77,97.46,97.14,4484.00,0.33,1353678.04,140498.99,1315186.57,-23899.33,-3.50
SPSAR3,2026-02-04,173693.76,26777.72,99.06,98.73,4484.00,0.33,1353678.04,142432.04,1315186.57,-21966.28,-2.38
SPSAR4,2026-02-04,173693.76,25105.93,99.41,99.08,4484.00,0.33,1353678.04,144103.83,1315186.57,-20294.49,-1.88
SPSAR5,2026-02-04,173693.76,25105.93,99.50,99.17,4484.00,0.33,1353678.04,144103.83,1315186.57,-20294.49,-1.84
SPSAR6,2026-02-04,173693.76,21157.34,100.62,100.29,4484.00,0.33,1353678.04,148052.42,1315186.57,-16345.90,-0.99
SPSAR7,2026-02-04,173693.76,21157.34,99.44,99.11,4484.00,0.33,1353678.04,148052.42,1315186.57,-16345.90,-1.06
SPSAR8,2026-02-04,169658.76,-3815.57,99.83,99.80,449.00,0.03,1353678.04,173025.32,1315186.57,8627.00,-0.67
SPSAR9,2026-02-04,169658.76,-3815.57,100.03,100.00,449.00,0.03,1353678.04,173025.32,1315186.57,8627.00,-0.47
NLONG1,2026-02-04,-59.94,-35534.23,106.13,106.14,-59.94,-0.01,1015258.52,35534.23,986389.92,35534.23,-0.01
NLONG10,2026-02-04,-783.95,-42002.47,105.98,106.06,-783.95,-0.08,1015258.52,42002.47,986389.92,42002.47,-0.08
NLONG11,2026-02-04,-157.53,-41493.69,109.98,110.00,-157.53,-0.02,1015258.52,41493.69,986389.92,41493.69,-0.02
NLONG12,2026-02-04,-783.95,-40894.60,108.66,108.74,-783.95,-0.08,1015258.52,40894.60,986389.92,40894.60,-0.07
NLONG13,2026-02-04,-268.75,-38690.80,102.79,102.82,-268.75,-0.03,1015258.52,38690.80,986389.92,38690.80,-0.03
NLONG14,2026-02-04,-1223.39,-40631.89,103.27,103.39,-1223.39,-0.12,1015258.52,40631.89,986389.92,40631.89,-0.12
NLONG15,2026-02-04,-1367.96,-30071.41,104.34,104.48,-1367.96,-0.13,1015258.52,30071.41,986389.92,30071.41,-0.13
NLONG16,2026-02-04,-1319.02,-34735.44,104.87,105.01,-1319.02,-0.13,1015258.52,34735.44,986389.92,34735.44,-0.13
NLONG17,2026-02-04,-268.75,-38690.80,104.41,104.44,-268.75,-0.03,1015258.52,38690.80,986389.92,38690.80,-0.03
NLONG18,2026-02-04,-1223.39,-40631.89,104.09,104.22,-1223.39,-0.12,1015258.52,40631.89,986389.92,40631.89,-0.12
NLONG19,2026-02-04,-1367.96,-30968.15,105.17,105.31,-1367.96,-0.13,1015258.52,30968.15,986389.92,30968.15,-0.13
NLONG2,2026-02-04,-1191.78,0.00,97.57,97.68,-1191.78,-0.12,1015258.52,0.00,986389.92,0.00,-3.15
NLONG20,2026-02-04,-1319.02,-34735.44,105.67,105.81,-1319.02,-0.13,1015258.52,34735.44,986389.92,34735.44,-0.13
NLONG21,2026-02-04,-268.75,-38996.50,104.09,104.12,-268.75,-0.03,1015258.52,38996.50,986389.92,38996.50,-0.03
NLONG22,2026-02-04,-1223.39,-41063.27,104.22,104.35,-1223.39,-0.12,1015258.52,41063.27,986389.92,41063.27,-0.12
NLONG23,2026-02-04,-699.12,-31263.66,107.11,107.18,-699.12,-0.07,1015258.52,31263.66,986389.92,31263.66,-0.07
NLONG24,2026-02-04,-1071.06,-34990.69,108.26,108.37,-1071.06,-0.11,1015258.52,34990.69,986389.92,34990.69,-0.10
NLONG3,2026-02-04,-976.45,-23466.98,106.88,106.98,-976.45,-0.10,1015258.52,23466.98,986389.92,23466.98,-0.09
NLONG4,2026-02-04,-1191.78,-40894.60,105.12,105.24,-1191.78,-0.12,1015258.52,40894.60,986389.92,40894.60,-0.11
NLONG5,2026-02-04,941.68,-36451.35,106.52,106.42,941.68,0.09,1015258.52,36451.35,986389.92,36451.35,0.00
NLONG6,2026-02-04,-783.95,-42002.47,102.79,102.87,-783.95,-0.08,1015258.52,42002.47,986389.92,42002.47,-0.08
NLONG7,2026-02-04,-157.53,-32854.52,108.32,108.34,-157.53,-0.02,1015258.52,32854.52,986389.92,32854.52,-0.02
NLONG8,2026-02-04,-783.95,-40894.60,105.27,105.35,-783.95,-0.08,1015258.52,40894.60,986389.92,40894.60,-0.08
NLONG9,2026-02-04,1064.63,-39592.05,107.90,107.79,1064.63,0.10,1015258.52,39592.05,986389.92,39592.05,0.00
SLONG1,2026-02-04,-685.12,-30306.55,105.58,105.65,-685.12,-0.07,1015258.52,30306.55,986389.92,30306.55,-0.07
SLONG10,2026-02-04,-1937.91,-36215.20,102.70,102.90,-1937.91,-0.19,1015258.52,36215.20,986389.92,36215.20,-0.19
SLONG11,2026-02-04,723.06,-30412.51,107.10,107.02,723.06,0.07,1015258.52,30412.51,986389.92,30412.51,0.00
SLONG12,2026-02-04,-1937.91,-34940.48,102.74,102.94,-1937.91,-0.19,1015258.52,34940.48,986389.92,34940.48,-0.19
SLONG13,2026-02-04,-476.31,-33473.93,102.72,102.77,-476.31,-0.05,1015258.52,33473.93,986389.92,33473.93,-0.05
SLONG14,2026-02-04,-2393.46,-34800.22,103.12,103.36,-2393.46,-0.24,1015258.52,34800.22,986389.92,34800.22,-0.23
SLONG15,2026-02-04,303.64,-27835.54,103.88,103.85,303.64,0.03,1015258.52,27835.54,986389.92,27835.54,0.00
SLONG16,2026-02-04,-1688.21,-33263.86,103.52,103.69,-1688.21,-0.17,1015258.52,33263.86,986389.92,33263.86,-0.16
SLONG17,2026-02-04,-476.31,-33473.93,104.37,104.42,-476.31,-0.05,1015258.52,33473.93,986389.92,33473.93,-0.05
SLONG18,2026-02-04,-2393.46,-34800.22,104.17,104.42,-2393.46,-0.24,1015258.52,34800.22,986389.92,34800.22,-0.24
SLONG19,2026-02-04,303.64,-27865.85,104.61,104.58,303.64,0.03,1015258.52,27865.85,986389.92,27865.85,0.00
SLONG2,2026-02-04,-6256.21,7093.35,96.37,96.97,-6256.21,-0.62,1015258.52,-7093.35,986389.92,-7093.35,-4.95
SLONG20,2026-02-04,-1934.19,-33132.05,104.15,104.35,-1934.19,-0.19,1015258.52,33132.05,986389.92,33132.05,-0.19
SLONG21,2026-02-04,-670.50,-33636.31,104.73,104.80,-670.50,-0.07,1015258.52,33636.31,986389.92,33636.31,-0.07
SLONG22,2026-02-04,-2472.09,-35406.61,104.77,105.03,-2472.09,-0.24,1015258.52,35406.61,986389.92,35406.61,-0.25
SLONG23,2026-02-04,751.90,-28091.48,105.23,105.15,751.90,0.07,1015258.52,28091.48,986389.92,28091.48,0.00
SLONG24,2026-02-04,-1339.88,-33519.80,105.42,105.56,-1339.88,-0.13,1015258.52,33519.80,986389.92,33519.80,-0.13
SLONG3,2026-02-04,-491.04,-23598.12,104.35,104.40,-491.04,-0.05,1015258.52,23598.12,986389.92,23598.12,-0.05
SLONG4,2026-02-04,-1937.91,-27847.13,101.73,101.92,-1937.91,-0.19,1015258.52,27847.13,986389.92,27847.13,-0.19
SLONG5,2026-02-04,-685.12,-32064.50,105.57,105.64,-685.12,-0.07,1015258.52,32064.50,986389.92,32064.50,-0.07
SLONG6,2026-02-04,-1937.91,-36215.20,102.79,102.99,-1937.91,-0.19,1015258.52,36215.20,986389.92,36215.20,-0.19
SLONG7,2026-02-04,376.27,-27994.90,104.97,104.93,376.27,0.04,1015258.52,27994.90,986389.92,27994.90,0.00
SLONG8,2026-02-04,-1937.91,-34940.48,102.69,102.89,-1937.91,-0.19,1015258.52,34940.48,986389.92,34940.48,-0.19
SLONG9,2026-02-04,-413.65,-35068.86,107.30,107.34,-413.65,-0.04,1015258.52,35068.86,986389.92,35068.86,-0.04
Large Cap Stock Holdings,2026-02-04,26760238.75,0.00,100.08,99.38,185365.00,0.70,26574873.75,26574873.75,25783127.50,791746.25,0.00
Liquidcase Stock Holdings,2026-02-04,6602864.00,0.00,100.22,100.22,0.00,0.00,6602864.00,6602864.00,6601104.80,1759.20,0.00
Small Cap Stock Holdings,2026-02-04,12001900.00,0.00,106.86,101.41,612000.00,5.37,11389900.00,11389900.00,11103475.00,286425.00,0.00
Debt Stock Holdings,2026-02-04,6602864.00,0.00,100.22,100.22,0.00,0.00,6602864.00,6602864.00,6601104.80,1759.20,0.00
Equity Stock Holdings,2026-02-04,38762138.75,0.00,102.08,99.98,797365.00,2.10,37964773.75,37964773.75,36886602.50,1078171.25,0.00
Stock Holdings,2026-02-04,45365002.75,0.00,101.80,100.01,797365.00,1.79,44567637.75,44567637.75,43487707.30,1079930.45,0.00
Miscellaneous P&L,2026-02-04,0.00,0.00,100.00,100.00,0.00,0.00,0.00,0.00,0.00,0.00,0.00
Total Tax,2026-02-04,-1985.36,6901.11,100.00,100.00,-1985.36,0.00,0.00,-6901.11,0.00,0.00,0.00
Equity Holdings Tax,2026-02-04,0.00,0.00,100.00,100.00,0.00,0.00,0.00,0.00,0.00,0.00,0.00
Equity Intraday Tax,2026-02-04,0.00,0.00,100.00,100.00,0.00,0.00,0.00,0.00,0.00,0.00,0.00
F&O Tax,2026-02-04,-1985.36,6901.11,100.00,100.00,-1985.36,0.00,0.00,-6901.11,0.00,0.00,0.00
MCX Tax,2026-02-04,0.00,0.00,100.00,100.00,0.00,0.00,0.00,0.00,0.00,0.00,0.00
Total Other Debits and Credits,2026-02-04,-70.40,0.00,100.00,100.00,-70.40,0.00,0.00,0.00,0.00,0.00,0.00
Equity Other Debits and Credits,2026-02-04,-70.40,0.00,100.00,100.00,-70.40,0.00,0.00,0.00,0.00,0.00,0.00
NPSAR,2026-02-04,3073357.43,212624.22,99.40,99.28,27581.85,0.11,24366204.60,2833151.37,23673358.13,-126018.40,-1.05
SPSAR,2026-02-04,3096538.84,149735.39,100.00,99.79,50763.26,0.21,24366204.60,2896040.20,23673358.13,-63129.57,-0.64
NLONG,2026-02-04,-16485.06,-851551.50,105.38,105.45,-16485.06,-0.07,24366204.48,851551.50,23673358.08,851551.50,-0.07
SLONG,2026-02-04,-29606.59,-731810.38,103.94,104.06,-29606.59,-0.12,24366204.48,731810.38,23673358.08,731810.38,-0.12
PSAR,2026-02-04,6169896.26,362359.60,99.70,99.54,78345.11,0.16,48732409.20,5729191.56,47346716.26,-189147.97,-0.85
LONG,2026-02-04,-46091.65,-1583361.88,104.66,104.76,-46091.65,-0.09,48732408.96,1583361.88,47346716.16,1583361.88,-0.09
Total Portfolio Value,2026-02-04,6121819.25,-1214101.17,104.24,104.18,30268.10,0.06,48732409.00,7305652.33,47346716.00,1387312.80,0.00
Zerodha Total Portfolio,2026-02-04,50799745.37,0.00,105.90,104.17,827562.70,1.66,49972182.67,49972182.67,47504939.42,2467243.25,0.00
NPSAR1,2026-02-05,173119.42,3708.17,100.61,100.81,-2798.25,-0.20,1407341.32,172209.50,1353678.04,2999.75,-1.49
NPSAR10,2026-02-05,408281.74,19118.38,101.14,100.74,12467.00,0.39,3166517.94,376696.36,3045775.56,-4025.59,0.00
NPSAR11,2026-02-05,386142.84,18237.40,99.11,99.41,-9671.90,-0.31,3166517.94,377577.34,3045775.56,-3144.60,-1.12
NPSAR12,2026-02-05,393783.19,13072.42,98.52,98.58,-2031.55,-0.06,3166517.94,382742.32,3045775.56,2020.37,-2.18
NPSAR13,2026-02-05,399445.50,9638.38,99.46,99.35,3630.76,0.11,3166517.94,386176.36,3045775.56,5454.42,-1.27
NPSAR2,2026-02-05,173119.42,3708.17,96.62,96.81,-2798.25,-0.20,1407341.32,172209.50,1353678.04,2999.75,-4.14
NPSAR3,2026-02-05,173119.42,3708.17,98.96,99.16,-2798.25,-0.20,1407341.32,172209.50,1353678.04,2999.75,-1.97
NPSAR4,2026-02-05,173119.42,3708.17,98.92,99.12,-2798.25,-0.20,1407341.32,172209.50,1353678.04,2999.75,-2.13
NPSAR5,2026-02-05,173119.42,3708.17,99.14,99.34,-2798.25,-0.20,1407341.32,172209.50,1353678.04,2999.75,-1.99
NPSAR6,2026-02-05,173119.42,3708.17,100.12,100.32,-2798.25,-0.20,1407341.32,172209.50,1353678.04,2999.75,-1.30
NPSAR7,2026-02-05,169402.68,3708.17,99.42,99.88,-6514.99,-0.46,1407341.32,172209.50,1353678.04,2999.75,-1.43
NPSAR8,2026-02-05,172849.44,3708.17,97.83,98.04,-3068.23,-0.22,1407341.32,172209.50,1353678.04,2999.75,-2.90
NPSAR9,2026-02-05,171910.26,3428.67,99.61,99.89,-4007.41,-0.28,1407341.32,172489.00,1353678.04,3279.25,-1.10
SPSAR1,2026-02-05,168422.91,2223.91,100.66,101.20,-7494.76,-0.53,1407341.32,173693.76,1353678.04,4484.00,-1.02
SPSAR10,2026-02-05,417099.85,20434.14,102.04,101.36,21285.11,0.67,3166517.94,375380.60,3045775.56,-5341.35,0.00
SPSAR11,2026-02-05,405134.54,9622.80,101.00,100.70,9319.80,0.29,3166517.94,386191.94,3045775.56,5470.00,0.00
SPSAR12,2026-02-05,399430.04,7144.82,99.99,99.88,3615.30,0.11,3166517.94,388669.92,3045775.56,7947.97,-0.64
SPSAR13,2026-02-05,400891.11,4692.16,99.70,99.54,5076.37,0.16,3166517.94,391122.58,3045775.56,10400.64,-1.34
SPSAR2,2026-02-05,168420.63,2223.91,96.94,97.46,-7497.04,-0.53,1407341.32,173693.76,1353678.04,4484.00,-4.02
SPSAR3,2026-02-05,168495.81,2223.91,98.54,99.06,-7421.86,-0.53,1407341.32,173693.76,1353678.04,4484.00,-2.90
SPSAR4,2026-02-05,168811.60,2223.91,98.91,99.41,-7106.07,-0.50,1407341.32,173693.76,1353678.04,4484.00,-2.37
SPSAR5,2026-02-05,168973.92,2223.91,99.01,99.50,-6943.75,-0.49,1407341.32,173693.76,1353678.04,4484.00,-2.32
SPSAR6,2026-02-05,168913.29,2223.91,100.12,100.62,-7004.38,-0.50,1407341.32,173693.76,1353678.04,4484.00,-1.49
SPSAR7,2026-02-05,170291.15,2223.91,99.04,99.44,-5626.52,-0.40,1407341.32,173693.76,1353678.04,4484.00,-1.46
SPSAR8,2026-02-05,177896.54,6258.91,99.97,99.83,1978.87,0.14,1407341.32,169658.76,1353678.04,449.00,-0.53
SPSAR9,2026-02-05,179084.02,6258.91,100.26,100.03,3166.35,0.22,1407341.32,169658.76,1353678.04,449.00,-0.24
NLONG1,2026-02-05,-4188.49,59.94,105.71,106.13,-4188.49,-0.40,1055505.98,-59.94,1015258.52,-59.94,-0.41
NLONG10,2026-02-05,-3561.03,783.95,105.62,105.98,-3561.03,-0.34,1055505.98,-783.95,1015258.52,-783.95,-0.41
NLONG11,2026-02-05,-3421.34,157.53,109.62,109.98,-3421.34,-0.32,1055505.98,-157.53,1015258.52,-157.53,-0.35
NLONG12,2026-02-05,-3712.66,783.95,108.28,108.66,-3712.66,-0.35,1055505.98,-783.95,1015258.52,-783.95,-0.42
NLONG13,2026-02-05,-2736.93,268.75,102.52,102.79,-2736.93,-0.26,1055505.98,-268.75,1015258.52,-268.75,-0.29
NLONG14,2026-02-05,-2217.50,1223.39,103.05,103.27,-2217.50,-0.21,1055505.98,-1223.39,1015258.52,-1223.39,-0.33
NLONG15,2026-02-05,-2365.90,1367.96,104.11,104.34,-2365.90,-0.22,1055505.98,-1367.96,1015258.52,-1367.96,-0.35
NLONG16,2026-02-05,-2369.13,1319.02,104.63,104.87,-2369.13,-0.22,1055505.98,-1319.02,1015258.52,-1319.02,-0.36
NLONG17,2026-02-05,-2736.93,268.75,104.14,104.41,-2736.93,-0.26,1055505.98,-268.75,1015258.52,-268.75,-0.29
NLONG18,2026-02-05,-2217.50,1223.39,103.87,104.09,-2217.50,-0.21,1055505.98,-1223.39,1015258.52,-1223.39,-0.34
NLONG19,2026-02-05,-2365.90,1367.96,104.93,105.17,-2365.90,-0.22,1055505.98,-1367.96,1015258.52,-1367.96,-0.36
NLONG2,2026-02-05,-3561.03,1191.78,97.24,97.57,-3561.03,-0.34,1055505.98,-1191.78,1015258.52,-1191.78,-3.47
NLONG20,2026-02-05,-2369.13,1319.02,105.43,105.67,-2369.13,-0.22,1055505.98,-1319.02,1015258.52,-1319.02,-0.36
NLONG21,2026-02-05,-2736.93,268.75,103.82,104.09,-2736.93,-0.26,1055505.98,-268.75,1015258.52,-268.75,-0.29
NLONG22,2026-02-05,-2217.50,1223.39,104.00,104.22,-2217.50,-0.21,1055505.98,-1223.39,1015258.52,-1223.39,-0.34
NLONG23,2026-02-05,-2365.90,699.12,106.87,107.11,-2365.90,-0.22,1055505.98,-699.12,1015258.52,-699.12,-0.29
NLONG24,2026-02-05,-2369.13,1071.06,108.02,108.26,-2369.13,-0.22,1055505.98,-1071.06,1015258.52,-1071.06,-0.32
NLONG3,2026-02-05,-3817.46,976.45,106.49,106.88,-3817.46,-0.36,1055505.98,-976.45,1015258.52,-976.45,-0.46
NLONG4,2026-02-05,-3712.66,1191.78,104.75,105.12,-3712.66,-0.35,1055505.98,-1191.78,1015258.52,-1191.78,-0.47
NLONG5,2026-02-05,-4188.49,-941.68,106.10,106.52,-4188.49,-0.40,1055505.98,941.68,1015258.52,941.68,-0.39
NLONG6,2026-02-05,-3561.03,783.95,102.44,102.79,-3561.03,-0.34,1055505.98,-783.95,1015258.52,-783.95,-0.42
NLONG7,2026-02-05,-3817.46,157.53,107.93,108.32,-3817.46,-0.36,1055505.98,-157.53,1015258.52,-157.53,-0.38
NLONG8,2026-02-05,-3712.66,783.95,104.90,105.27,-3712.66,-0.35,1055505.98,-783.95,1015258.52,-783.95,-0.43
NLONG9,2026-02-05,-3792.37,-1064.63,107.51,107.90,-3792.37,-0.36,1055505.98,1064.63,1015258.52,1064.63,-0.36
SLONG1,2026-02-05,-6191.01,685.12,104.96,105.58,-6191.01,-0.59,1055505.98,-685.12,1015258.52,-685.12,-0.65
SLONG10,2026-02-05,-5498.11,1937.91,102.17,102.70,-5498.11,-0.52,1055505.98,-1937.91,1015258.52,-1937.91,-0.71
SLONG11,2026-02-05,-15096.83,-723.06,105.57,107.10,-15096.83,-1.43,1055505.98,723.06,1015258.52,723.06,-1.43
SLONG12,2026-02-05,-10445.03,1937.91,101.72,102.74,-10445.03,-0.99,1055505.98,-1937.91,1015258.52,-1937.91,-1.19
SLONG13,2026-02-05,-5568.20,476.31,102.18,102.72,-5568.20,-0.53,1055505.98,-476.31,1015258.52,-476.31,-0.57
SLONG14,2026-02-05,-4875.30,2393.46,102.64,103.12,-4875.30,-0.46,1055505.98,-2393.46,1015258.52,-2393.46,-0.70
SLONG15,2026-02-05,-4889.20,-303.64,103.40,103.88,-4889.20,-0.46,1055505.98,303.64,1015258.52,303.64,-0.46
SLONG16,2026-02-05,-5059.94,1688.21,103.02,103.52,-5059.94,-0.48,1055505.98,-1688.21,1015258.52,-1688.21,-0.65
SLONG17,2026-02-05,-5568.20,476.31,103.82,104.37,-5568.20,-0.53,1055505.98,-476.31,1015258.52,-476.31,-0.57
SLONG18,2026-02-05,-4875.30,2393.46,103.69,104.17,-4875.30,-0.46,1055505.98,-2393.46,1015258.52,-2393.46,-0.70
SLONG19,2026-02-05,-4889.20,-303.64,104.13,104.61,-4889.20,-0.46,1055505.98,303.64,1015258.52,303.64,-0.46
SLONG2,2026-02-05,-622.81,6256.21,96.31,96.37,-622.81,-0.06,1055505.98,-6256.21,1015258.52,-6256.21,-5.01
SLONG20,2026-02-05,-5059.94,1934.19,103.65,104.15,-5059.94,-0.48,1055505.98,-1934.19,1015258.52,-1934.19,-0.67
SLONG21,2026-02-05,-5568.20,670.50,104.18,104.73,-5568.20,-0.53,1055505.98,-670.50,1015258.52,-670.50,-0.59
SLONG22,2026-02-05,-4875.30,2472.09,104.29,104.77,-4875.30,-0.46,1055505.98,-2472.09,1015258.52,-2472.09,-0.70
SLONG23,2026-02-05,-4889.20,-751.90,104.74,105.23,-4889.20,-0.46,1055505.98,751.90,1015258.52,751.90,-0.47
SLONG24,2026-02-05,-5059.94,1339.88,104.91,105.42,-5059.94,-0.48,1055505.98,-1339.88,1015258.52,-1339.88,-0.62
SLONG3,2026-02-05,-15096.83,491.04,102.86,104.35,-15096.83,-1.43,1055505.98,-491.04,1015258.52,-491.04,-1.48
SLONG4,2026-02-05,-10445.03,1937.91,100.72,101.73,-10445.03,-0.99,1055505.98,-1937.91,1015258.52,-1937.91,-1.18
SLONG5,2026-02-05,-6191.01,685.12,104.95,105.57,-6191.01,-0.59,1055505.98,-685.12,1015258.52,-685.12,-0.65
SLONG6,2026-02-05,-5498.11,1937.91,102.25,102.79,-5498.11,-0.52,1055505.98,-1937.91,1015258.52,-1937.91,-0.72
SLONG7,2026-02-05,-15096.83,-376.27,103.47,104.97,-15096.83,-1.43,1055505.98,376.27,1015258.52,376.27,-1.43
SLONG8,2026-02-05,-10445.03,1937.91,101.67,102.69,-10445.03,-0.99,1055505.98,-1937.91,1015258.52,-1937.91,-1.19
SLONG9,2026-02-05,-6191.01,413.65,106.67,107.30,-6191.01,-0.59,1055505.98,-413.65,1015258.52,-413.65,-0.62
Large Cap Stock Holdings,2026-02-05,26491752.50,0.00,99.08,100.08,-268486.25,-1.00,26760238.75,26760238.75,26574873.75,185365.00,-1.00
Liquidcase Stock Holdings,2026-02-05,6604036.80,0.00,100.24,100.22,1172.80,0.02,6602864.00,6602864.00,6602864.00,0.00,0.00
Small Cap Stock Holdings,2026-02-05,11878725.00,0.00,105.76,106.86,-123175.00,-1.03,12001900.00,12001900.00,11389900.00,612000.00,-1.03
Debt Stock Holdings,2026-02-05,6604036.80,0.00,100.24,100.22,1172.80,0.02,6602864.00,6602864.00,6602864.00,0.00,0.00
Equity Stock Holdings,2026-02-05,38370477.50,0.00,101.05,102.08,-391661.25,-1.01,38762138.75,38762138.75,37964773.75,797365.00,-1.01
Stock Holdings,2026-02-05,44974514.30,0.00,100.92,101.80,-390488.45,-0.86,45365002.75,45365002.75,44567637.75,797365.00,-0.86
Miscellaneous P&L,2026-02-05,0.00,0.00,100.00,100.00,0.00,0.00,0.00,0.00,0.00,0.00,0.00
Total Tax,2026-02-05,-2820.06,1985.36,100.00,100.00,-2820.06,0.00,0.00,-1985.36,0.00,0.00,0.00
Equity Holdings Tax,2026-02-05,0.00,0.00,100.00,100.00,0.00,0.00,0.00,0.00,0.00,0.00,0.00
Equity Intraday Tax,2026-02-05,0.00,0.00,100.00,100.00,0.00,0.00,0.00,0.00,0.00,0.00,0.00
F&O Tax,2026-02-05,-2820.06,1985.36,100.00,100.00,-2820.06,0.00,0.00,-1985.36,0.00,0.00,0.00
MCX Tax,2026-02-05,0.00,0.00,100.00,100.00,0.00,0.00,0.00,0.00,0.00,0.00,0.00
Total Other Debits and Credits,2026-02-05,0.00,70.40,100.00,100.00,0.00,0.00,0.00,-70.40,0.00,0.00,0.00
Equity Other Debits and Credits,2026-02-05,0.00,70.40,100.00,100.00,0.00,0.00,0.00,-70.40,0.00,0.00,0.00
NPSAR,2026-02-05,3140532.14,93160.58,99.29,99.40,-25985.82,-0.10,25332143.64,3073357.42,24366204.60,27581.85,-1.15
SPSAR,2026-02-05,3161865.38,69979.08,99.98,100.00,-4652.58,-0.02,25332143.64,3096538.83,24366204.60,50763.26,-0.66
NLONG,2026-02-05,-74115.06,16485.06,105.07,105.38,-74115.06,-0.29,25332143.52,-16485.06,24366204.48,-16485.06,-0.36
SLONG,2026-02-05,-167995.56,29606.59,103.25,103.94,-167995.56,-0.66,25332143.52,-29606.59,24366204.48,-29606.59,-0.78
PSAR,2026-02-05,6302397.51,163139.65,99.64,99.70,-30638.40,-0.06,50664287.28,6169896.26,48732409.20,78345.11,-0.91
LONG,2026-02-05,-242110.62,46091.65,104.16,104.66,-242110.62,-0.48,50664287.04,-46091.65,48732408.96,-46091.65,-0.57
Total Portfolio Value,2026-02-05,6057466.83,211216.66,103.68,104.24,-275569.08,-0.54,50664287.00,6121819.25,48732409.00,30268.10,-0.54
Zerodha Total Portfolio,2026-02-05,50133687.84,0.00,104.51,105.90,-666057.53,-1.31,50799745.37,50799745.37,49972182.67,827562.70,-1.31
NPSAR1,2026-02-06,176577.29,978.12,100.79,100.61,2479.75,0.18,1392780.32,173119.42,1407341.32,-2798.25,-1.31
NPSAR10,2026-02-06,400252.13,-16562.28,101.42,101.14,8532.67,0.27,3133755.69,408281.74,3166517.94,12467.00,0.00
NPSAR11,2026-02-06,399984.93,5576.62,99.37,99.11,8265.47,0.26,3133755.69,386142.84,3166517.94,-9671.90,-0.86
NPSAR12,2026-02-06,381843.95,-2063.73,98.21,98.52,-9875.51,-0.32,3133755.69,393783.19,3166517.94,-2031.55,-2.49
NPSAR13,2026-02-06,385596.68,-7726.04,99.27,99.46,-6122.78,-0.20,3133755.69,399445.50,3166517.94,3630.76,-1.46
NPSAR2,2026-02-06,176577.29,978.12,96.79,96.62,2479.75,0.18,1392780.32,173119.42,1407341.32,-2798.25,-3.97
NPSAR3,2026-02-06,176577.29,978.12,99.14,98.96,2479.75,0.18,1392780.32,173119.42,1407341.32,-2798.25,-1.79
NPSAR4,2026-02-06,176577.29,978.12,99.10,98.92,2479.75,0.18,1392780.32,173119.42,1407341.32,-2798.25,-1.95
NPSAR5,2026-02-06,161841.30,978.12,98.27,99.14,-12256.24,-0.88,1392780.32,173119.42,1407341.32,-2798.25,-2.85
NPSAR6,2026-02-06,168568.07,978.12,99.72,100.12,-5529.47,-0.40,1392780.32,173119.42,1407341.32,-2798.25,-1.70
NPSAR7,2026-02-06,175693.29,4694.86,99.53,99.42,1595.75,0.11,1392780.32,169402.68,1407341.32,-6514.99,-1.32
NPSAR8,2026-02-06,175833.04,1248.10,97.95,97.83,1735.50,0.12,1392780.32,172849.44,1407341.32,-3068.23,-2.78
NPSAR9,2026-02-06,175833.04,2187.28,99.73,99.61,1735.50,0.12,1392780.32,171910.26,1407341.32,-4007.41,-0.98
SPSAR1,2026-02-06,176484.54,5674.64,100.83,100.66,2387.00,0.17,1392780.32,168422.90,1407341.32,-7494.76,-0.86
SPSAR10,2026-02-06,397389.52,-25380.39,102.22,102.04,5670.06,0.18,3133755.69,417099.85,3166517.94,21285.11,0.00
SPSAR11,2026-02-06,393571.62,-13415.08,101.06,101.00,1852.16,0.06,3133755.69,405134.54,3166517.94,9319.80,0.00
SPSAR12,2026-02-06,394356.29,-7710.58,100.07,99.99,2636.83,0.08,3133755.69,399430.04,3166517.94,3615.30,-0.56
SPSAR13,2026-02-06,385473.50,-9171.65,99.50,99.70,-6245.96,-0.20,3133755.69,400891.11,3166517.94,5076.37,-1.53
SPSAR2,2026-02-06,176484.54,5676.92,97.11,96.94,2387.00,0.17,1392780.32,168420.62,1407341.32,-7497.04,-3.85
SPSAR3,2026-02-06,176484.54,5601.74,98.71,98.54,2387.00,0.17,1392780.32,168495.80,1407341.32,-7421.86,-2.73
SPSAR4,2026-02-06,176484.54,5285.94,99.08,98.91,2387.00,0.17,1392780.32,168811.60,1407341.32,-7106.07,-2.20
SPSAR5,2026-02-06,165201.49,5123.62,98.38,99.01,-8896.05,-0.64,1392780.32,168973.92,1407341.32,-6943.75,-2.94
SPSAR6,2026-02-06,171102.32,5184.26,99.90,100.12,-2995.22,-0.22,1392780.32,168913.28,1407341.32,-7004.38,-1.70
SPSAR7,2026-02-06,174202.54,3806.40,99.05,99.04,105.00,0.01,1392780.32,170291.14,1407341.32,-5626.52,-1.45
SPSAR8,2026-02-06,174373.54,-3799.00,99.99,99.97,276.00,0.02,1392780.32,177896.54,1407341.32,1978.87,-0.51
SPSAR9,2026-02-06,174202.54,-4986.48,100.27,100.26,105.00,0.01,1392780.32,179084.02,1407341.32,3166.35,-0.23
NLONG1,2026-02-06,1621.37,4188.49,105.87,105.71,1621.37,0.16,1044585.23,-4188.49,1055505.98,-4188.49,-0.25
NLONG10,2026-02-06,483.06,3561.03,105.67,105.62,483.06,0.05,1044585.23,-3561.03,1055505.98,-3561.03,-0.37
NLONG11,2026-02-06,1517.89,3421.34,109.78,109.62,1517.89,0.15,1044585.23,-3421.34,1055505.98,-3421.34,-0.20
NLONG12,2026-02-06,796.74,3712.66,108.36,108.28,796.74,0.08,1044585.23,-3712.66,1055505.98,-3712.66,-0.35
NLONG13,2026-02-06,-5745.25,2736.93,101.96,102.52,-5745.25,-0.55,1044585.23,-2736.93,1055505.98,-2736.93,-0.84
NLONG14,2026-02-06,-4896.04,2217.50,102.57,103.05,-4896.04,-0.47,1044585.23,-2217.50,1055505.98,-2217.50,-0.79
NLONG15,2026-02-06,-5745.25,2365.90,103.54,104.11,-5745.25,-0.55,1044585.23,-2365.90,1055505.98,-2365.90,-0.90
NLONG16,2026-02-06,-5235.73,2369.13,104.11,104.63,-5235.73,-0.50,1044585.23,-2369.13,1055505.98,-2369.13,-0.86
NLONG17,2026-02-06,-5993.48,2736.93,103.54,104.14,-5993.48,-0.57,1044585.23,-2736.93,1055505.98,-2736.93,-0.86
NLONG18,2026-02-06,-5993.48,2217.50,103.27,103.87,-5993.48,-0.57,1044585.23,-2217.50,1055505.98,-2217.50,-0.91
NLONG19,2026-02-06,-5581.94,2365.90,104.37,104.93,-5581.94,-0.53,1044585.23,-2365.90,1055505.98,-2365.90,-0.89
NLONG2,2026-02-06,483.06,3561.03,97.28,97.24,483.06,0.05,1044585.23,-3561.03,1055505.98,-3561.03,-3.43
NLONG20,2026-02-06,-4406.12,2369.13,104.99,105.43,-4406.12,-0.42,1044585.23,-2369.13,1055505.98,-2369.13,-0.77
NLONG21,2026-02-06,0.00,2736.93,103.82,103.82,0.00,0.00,1044585.23,-2736.93,1055505.98,-2736.93,-0.29
NLONG22,2026-02-06,0.00,2217.50,104.00,104.00,0.00,0.00,1044585.23,-2217.50,1055505.98,-2217.50,-0.34
NLONG23,2026-02-06,0.00,2365.90,106.87,106.87,0.00,0.00,1044585.23,-2365.90,1055505.98,-2365.90,-0.29
NLONG24,2026-02-06,0.00,2369.13,108.02,108.02,0.00,0.00,1044585.23,-2369.13,1055505.98,-2369.13,-0.32
NLONG3,2026-02-06,1517.89,3817.46,106.64,106.49,1517.89,0.15,1044585.23,-3817.46,1055505.98,-3817.46,-0.32
NLONG4,2026-02-06,796.74,3712.66,104.83,104.75,796.74,0.08,1044585.23,-3712.66,1055505.98,-3712.66,-0.39
NLONG5,2026-02-06,1621.37,4188.49,106.26,106.10,1621.37,0.16,1044585.23,-4188.49,1055505.98,-4188.49,-0.24
NLONG6,2026-02-06,483.06,3561.03,102.49,102.44,483.06,0.05,1044585.23,-3561.03,1055505.98,-3561.03,-0.37
NLONG7,2026-02-06,1517.89,3817.46,108.09,107.93,1517.89,0.15,1044585.23,-3817.46,1055505.98,-3817.46,-0.23
NLONG8,2026-02-06,796.74,3712.66,104.98,104.90,796.74,0.08,1044585.23,-3712.66,1055505.98,-3712.66,-0.35
NLONG9,2026-02-06,1621.37,3792.37,107.68,107.51,1621.37,0.16,1044585.23,-3792.37,1055505.98,-3792.37,-0.20
SLONG1,2026-02-06,1471.05,6191.01,105.11,104.96,1471.05,0.14,1044585.23,-6191.01,1055505.98,-6191.01,-0.51
SLONG10,2026-02-06,349.65,5498.11,102.20,102.17,349.65,0.03,1044585.23,-5498.11,1055505.98,-5498.11,-0.68
SLONG11,2026-02-06,0.00,15096.83,105.57,105.57,0.00,0.00,1044585.23,-15096.83,1055505.98,-15096.83,-1.43
SLONG12,2026-02-06,0.00,10445.03,101.72,101.72,0.00,0.00,1044585.23,-10445.03,1055505.98,-10445.03,-1.19
SLONG13,2026-02-06,-2769.79,5568.20,101.91,102.18,-2769.79,-0.27,1044585.23,-5568.20,1055505.98,-5568.20,-0.84
SLONG14,2026-02-06,-2659.35,4875.30,102.38,102.64,-2659.35,-0.25,1044585.23,-4875.30,1055505.98,-4875.30,-0.95
SLONG15,2026-02-06,-2769.79,4889.20,103.13,103.40,-2769.79,-0.27,1044585.23,-4889.20,1055505.98,-4889.20,-0.72
SLONG16,2026-02-06,-2505.48,5059.94,102.77,103.02,-2505.48,-0.24,1044585.23,-5059.94,1055505.98,-5059.94,-0.89
SLONG17,2026-02-06,-2740.65,5568.20,103.55,103.82,-2740.65,-0.26,1044585.23,-5568.20,1055505.98,-5568.20,-0.83
SLONG18,2026-02-06,-2622.06,4875.30,103.43,103.69,-2622.06,-0.25,1044585.23,-4875.30,1055505.98,-4875.30,-0.95
SLONG19,2026-02-06,0.00,4889.20,104.13,104.13,0.00,0.00,1044585.23,-4889.20,1055505.98,-4889.20,-0.46
SLONG2,2026-02-06,349.65,622.81,96.34,96.31,349.65,0.03,1044585.23,-622.81,1055505.98,-622.81,-4.98
SLONG20,2026-02-06,-2425.08,5059.94,103.41,103.65,-2425.08,-0.23,1044585.23,-5059.94,1055505.98,-5059.94,-0.90
SLONG21,2026-02-06,0.00,5568.20,104.18,104.18,0.00,0.00,1044585.23,-5568.20,1055505.98,-5568.20,-0.59
SLONG22,2026-02-06,0.00,4875.30,104.29,104.29,0.00,0.00,1044585.23,-4875.30,1055505.98,-4875.30,-0.70
SLONG23,2026-02-06,0.00,4889.20,104.74,104.74,0.00,0.00,1044585.23,-4889.20,1055505.98,-4889.20,-0.47
SLONG24,2026-02-06,0.00,5059.94,104.91,104.91,0.00,0.00,1044585.23,-5059.94,1055505.98,-5059.94,-0.62
SLONG3,2026-02-06,0.00,15096.83,102.86,102.86,0.00,0.00,1044585.23,-15096.83,1055505.98,-15096.83,-1.48
SLONG4,2026-02-06,0.00,10445.03,100.72,100.72,0.00,0.00,1044585.23,-10445.03,1055505.98,-10445.03,-1.18
SLONG5,2026-02-06,1471.05,6191.01,105.10,104.95,1471.05,0.14,1044585.23,-6191.01,1055505.98,-6191.01,-0.51
SLONG6,2026-02-06,349.65,5498.11,102.28,102.25,349.65,0.03,1044585.23,-5498.11,1055505.98,-5498.11,-0.69
SLONG7,2026-02-06,0.00,15096.83,103.47,103.47,0.00,0.00,1044585.23,-15096.83,1055505.98,-15096.83,-1.43
SLONG8,2026-02-06,0.00,10445.03,101.67,101.67,0.00,0.00,1044585.23,-10445.03,1055505.98,-10445.03,-1.19
SLONG9,2026-02-06,1471.05,6191.01,106.82,106.67,1471.05,0.14,1044585.23,-6191.01,1055505.98,-6191.01,-0.48
Large Cap Stock Holdings,2026-02-06,26911910.00,0.00,100.66,99.08,420157.50,1.59,26491752.50,26491752.50,26760238.75,-268486.25,0.00
Liquidcase Stock Holdings,2026-02-06,6606382.40,0.00,100.28,100.24,2345.60,0.04,6604036.80,6604036.80,6602864.00,1172.80,0.00
Small Cap Stock Holdings,2026-02-06,11748650.00,0.00,104.60,105.76,-130075.00,-1.10,11878725.00,11878725.00,12001900.00,-123175.00,-2.11
Debt Stock Holdings,2026-02-06,6606382.40,0.00,100.28,100.24,2345.60,0.04,6604036.80,6604036.80,6602864.00,1172.80,0.00
Equity Stock Holdings,2026-02-06,38660560.00,0.00,101.82,101.05,290082.50,0.76,38370477.50,38370477.50,38762138.75,-391661.25,-0.25
Stock Holdings,2026-02-06,45266942.40,0.00,101.58,100.92,292428.10,0.65,44974514.30,44974514.30,45365002.75,-390488.45,-0.22
Miscellaneous P&L,2026-02-06,0.00,0.00,100.00,100.00,0.00,0.00,0.00,0.00,0.00,0.00,0.00
Total Tax,2026-02-06,-2339.57,2820.06,100.00,100.00,-2339.57,0.00,0.00,-2820.06,0.00,0.00,0.00
Equity Holdings Tax,2026-02-06,0.00,0.00,100.00,100.00,0.00,0.00,0.00,0.00,0.00,0.00,0.00
Equity Intraday Tax,2026-02-06,0.00,0.00,100.00,100.00,0.00,0.00,0.00,0.00,0.00,0.00,0.00
F&O Tax,2026-02-06,-2339.57,2820.06,100.00,100.00,-2339.57,0.00,0.00,-2820.06,0.00,0.00,0.00
MCX Tax,2026-02-06,0.00,0.00,100.00,100.00,0.00,0.00,0.00,0.00,0.00,0.00,0.00
Total Other Debits and Credits,2026-02-06,0.00,0.00,100.00,100.00,0.00,0.00,0.00,0.00,0.00,0.00,0.00
Equity Other Debits and Credits,2026-02-06,0.00,0.00,100.00,100.00,0.00,0.00,0.00,0.00,0.00,0.00,0.00
NPSAR,2026-02-06,3131755.60,-6776.47,99.29,99.29,-2000.11,-0.01,25070045.64,3140532.13,25332143.64,-25985.82,-1.16
SPSAR,2026-02-06,3135811.53,-28109.65,99.99,99.98,2055.82,0.01,25070045.64,3161865.38,25332143.64,-4652.58,-0.65
NLONG,2026-02-06,-30340.11,74115.06,104.95,105.07,-30340.11,-0.12,25070045.52,-74115.06,25332143.52,-74115.06,-0.48
SLONG,2026-02-06,-13030.10,167995.56,103.20,103.25,-13030.10,-0.05,25070045.52,-167995.56,25332143.52,-167995.56,-0.84
PSAR,2026-02-06,6267567.12,-34886.12,99.64,99.64,55.71,0.00,50140091.28,6302397.51,50664287.28,-30638.40,-0.91
LONG,2026-02-06,-43370.21,242110.62,104.07,104.16,-43370.21,-0.09,50140091.04,-242110.62,50664287.04,-242110.62,-0.66
Total Portfolio Value,2026-02-06,6221857.34,210044.56,103.59,103.68,-45654.07,-0.09,50140091.00,6057466.83,50664287.00,-275569.08,-0.62
Zerodha Total Portfolio,2026-02-06,50380461.87,0.00,105.02,104.51,246774.03,0.49,50133687.84,50133687.84,50799745.37,-666057.53,-0.83
NPSAR1,2026-02-09,182001.18,-1833.36,101.31,100.79,7257.25,0.52,1397951.43,176577.29,1392780.32,2479.75,-0.80
NPSAR10,2026-02-09,400193.84,-7078.29,101.65,101.42,7020.00,0.22,3145390.69,400252.13,3133755.69,8532.67,0.00
NPSAR11,2026-02-09,402429.84,-6811.09,99.66,99.37,9256.00,0.29,3145390.69,399984.93,3133755.69,8265.47,-0.57
NPSAR12,2026-02-09,400193.84,11329.89,98.43,98.21,7020.00,0.22,3145390.69,381843.95,3133755.69,-9875.51,-2.27
NPSAR13,2026-02-09,399340.70,7577.16,99.46,99.27,6166.86,0.20,3145390.69,385596.68,3133755.69,-6122.78,-1.27
NPSAR2,2026-02-09,182001.18,-1833.36,97.29,96.79,7257.25,0.52,1397951.43,176577.29,1392780.32,2479.75,-3.47
NPSAR3,2026-02-09,182001.18,-1833.36,99.65,99.14,7257.25,0.52,1397951.43,176577.29,1392780.32,2479.75,-1.29
NPSAR4,2026-02-09,182001.18,-1833.36,99.61,99.10,7257.25,0.52,1397951.43,176577.29,1392780.32,2479.75,-1.44
NPSAR5,2026-02-09,164584.43,12902.63,97.56,98.27,-10159.50,-0.73,1397951.43,161841.30,1392780.32,-12256.24,-3.55
NPSAR6,2026-02-09,165205.18,6175.86,99.04,99.72,-9538.75,-0.68,1397951.43,168568.07,1392780.32,-5529.47,-2.37
NPSAR7,2026-02-09,166144.43,-949.36,98.92,99.53,-8599.50,-0.62,1397951.43,175693.29,1392780.32,1595.75,-1.92
NPSAR8,2026-02-09,167223.43,-1089.11,97.42,97.95,-7520.50,-0.54,1397951.43,175833.04,1392780.32,1735.50,-3.31
NPSAR9,2026-02-09,168026.48,-1089.11,99.25,99.73,-6717.45,-0.48,1397951.43,175833.04,1392780.32,1735.50,-1.46
SPSAR1,2026-02-09,178767.93,-1740.61,101.12,100.83,4024.00,0.29,1397951.43,176484.54,1392780.32,2387.00,-0.57
SPSAR10,2026-02-09,402031.84,-4215.68,102.51,102.22,8858.00,0.28,3145390.69,397389.52,3133755.69,5670.06,0.00
SPSAR11,2026-02-09,401221.84,-397.78,101.32,101.06,8048.00,0.26,3145390.69,393571.62,3133755.69,1852.16,0.00
SPSAR12,2026-02-09,401551.54,-1182.45,100.34,100.07,8377.70,0.27,3145390.69,394356.29,3133755.69,2636.83,-0.29
SPSAR13,2026-02-09,399536.97,7700.34,99.70,99.50,6363.13,0.20,3145390.69,385473.50,3133755.69,-6245.96,-1.34
SPSAR2,2026-02-09,178767.93,-1740.61,97.39,97.11,4024.00,0.29,1397951.43,176484.54,1392780.32,2387.00,-3.57
SPSAR3,2026-02-09,178767.93,-1740.61,98.99,98.71,4024.00,0.29,1397951.43,176484.54,1392780.32,2387.00,-2.45
SPSAR4,2026-02-09,178767.93,-1740.61,99.37,99.08,4024.00,0.29,1397951.43,176484.54,1392780.32,2387.00,-1.91
SPSAR5,2026-02-09,167322.93,9542.44,97.86,98.38,-7421.00,-0.53,1397951.43,165201.49,1392780.32,-8896.05,-3.45
SPSAR6,2026-02-09,167976.93,3641.61,99.42,99.90,-6767.00,-0.48,1397951.43,171102.32,1392780.32,-2995.22,-2.17
SPSAR7,2026-02-09,168457.93,541.39,98.60,99.05,-6286.00,-0.45,1397951.43,174202.54,1392780.32,105.00,-1.90
SPSAR8,2026-02-09,168884.93,370.39,99.57,99.99,-5859.00,-0.42,1397951.43,174373.54,1392780.32,276.00,-0.93
SPSAR9,2026-02-09,168419.83,541.39,99.82,100.27,-6324.10,-0.45,1397951.43,174202.54,1392780.32,105.00,-0.68
NLONG1,2026-02-09,0.00,-1621.37,105.87,105.87,0.00,0.00,1048463.56,1621.37,1044585.23,1621.37,-0.25
NLONG10,2026-02-09,0.00,-483.06,105.67,105.67,0.00,0.00,1048463.56,483.06,1044585.23,483.06,-0.37
NLONG11,2026-02-09,0.00,-1517.89,109.78,109.78,0.00,0.00,1048463.56,1517.89,1044585.23,1517.89,-0.20
NLONG12,2026-02-09,0.00,-796.74,108.36,108.36,0.00,0.00,1048463.56,796.74,1044585.23,796.74,-0.35
NLONG13,2026-02-09,-5046.95,5745.25,101.47,101.96,-5046.95,-0.48,1048463.56,-5745.25,1044585.23,-5745.25,-1.31
NLONG14,2026-02-09,-4930.45,4896.04,102.09,102.57,-4930.45,-0.47,1048463.56,-4896.04,1044585.23,-4896.04,-1.26
NLONG15,2026-02-09,-5085.78,5745.25,103.04,103.54,-5085.78,-0.49,1048463.56,-5745.25,1044585.23,-5745.25,-1.38
NLONG16,2026-02-09,-5027.53,5235.73,103.61,104.11,-5027.53,-0.48,1048463.56,-5235.73,1044585.23,-5235.73,-1.33
NLONG17,2026-02-09,-5046.95,5993.48,103.04,103.54,-5046.95,-0.48,1048463.56,-5993.48,1044585.23,-5993.48,-1.34
NLONG18,2026-02-09,-4930.45,5993.48,102.78,103.27,-4930.45,-0.47,1048463.56,-5993.48,1044585.23,-5993.48,-1.38
NLONG19,2026-02-09,-5085.78,5581.94,103.86,104.37,-5085.78,-0.49,1048463.56,-5581.94,1044585.23,-5581.94,-1.38
NLONG2,2026-02-09,0.00,-483.06,97.28,97.28,0.00,0.00,1048463.56,483.06,1044585.23,483.06,-3.43
NLONG20,2026-02-09,-5027.53,4406.12,104.49,104.99,-5027.53,-0.48,1048463.56,-4406.12,1044585.23,-4406.12,-1.25
NLONG21,2026-02-09,0.00,0.00,103.82,103.82,0.00,0.00,1048463.56,0.00,1044585.23,0.00,-0.29
NLONG22,2026-02-09,0.00,0.00,104.00,104.00,0.00,0.00,1048463.56,0.00,1044585.23,0.00,-0.34
NLONG23,2026-02-09,0.00,0.00,106.87,106.87,0.00,0.00,1048463.56,0.00,1044585.23,0.00,-0.29
NLONG24,2026-02-09,0.00,0.00,108.02,108.02,0.00,0.00,1048463.56,0.00,1044585.23,0.00,-0.32
NLONG3,2026-02-09,0.00,-1517.89,106.64,106.64,0.00,0.00,1048463.56,1517.89,1044585.23,1517.89,-0.32
NLONG4,2026-02-09,0.00,-796.74,104.83,104.83,0.00,0.00,1048463.56,796.74,1044585.23,796.74,-0.39
NLONG5,2026-02-09,0.00,-1621.37,106.26,106.26,0.00,0.00,1048463.56,1621.37,1044585.23,1621.37,-0.24
NLONG6,2026-02-09,0.00,-483.06,102.49,102.49,0.00,0.00,1048463.56,483.06,1044585.23,483.06,-0.37
NLONG7,2026-02-09,0.00,-1517.89,108.09,108.09,0.00,0.00,1048463.56,1517.89,1044585.23,1517.89,-0.23
NLONG8,2026-02-09,0.00,-796.74,104.98,104.98,0.00,0.00,1048463.56,796.74,1044585.23,796.74,-0.35
NLONG9,2026-02-09,0.00,-1621.37,107.68,107.68,0.00,0.00,1048463.56,1621.37,1044585.23,1621.37,-0.20
SLONG1,2026-02-09,0.00,-1471.05,105.11,105.11,0.00,0.00,1048463.56,1471.05,1044585.23,1471.05,-0.51
SLONG10,2026-02-09,0.00,-349.65,102.20,102.20,0.00,0.00,1048463.56,349.65,1044585.23,349.65,-0.68
SLONG11,2026-02-09,0.00,0.00,105.57,105.57,0.00,0.00,1048463.56,0.00,1044585.23,0.00,-1.43
SLONG12,2026-02-09,0.00,0.00,101.72,101.72,0.00,0.00,1048463.56,0.00,1044585.23,0.00,-1.19
SLONG13,2026-02-09,-3220.72,2769.79,101.60,101.91,-3220.72,-0.31,1048463.56,-2769.79,1044585.23,-2769.79,-1.14
SLONG14,2026-02-09,-3447.45,2659.35,102.04,102.38,-3447.45,-0.33,1048463.56,-2659.35,1044585.23,-2659.35,-1.28
SLONG15,2026-02-09,-3121.15,2769.79,102.82,103.13,-3121.15,-0.30,1048463.56,-2769.79,1044585.23,-2769.79,-1.02
SLONG16,2026-02-09,-3226.70,2505.48,102.45,102.77,-3226.70,-0.31,1048463.56,-2505.48,1044585.23,-2505.48,-1.20
SLONG17,2026-02-09,-3220.72,2740.65,103.23,103.55,-3220.72,-0.31,1048463.56,-2740.65,1044585.23,-2740.65,-1.14
SLONG18,2026-02-09,-3155.01,2622.06,103.12,103.43,-3155.01,-0.30,1048463.56,-2622.06,1044585.23,-2622.06,-1.24
SLONG19,2026-02-09,0.00,0.00,104.13,104.13,0.00,0.00,1048463.56,0.00,1044585.23,0.00,-0.46
SLONG2,2026-02-09,0.00,-349.65,96.34,96.34,0.00,0.00,1048463.56,349.65,1044585.23,349.65,-4.98
SLONG20,2026-02-09,-3226.70,2425.08,103.09,103.41,-3226.70,-0.31,1048463.56,-2425.08,1044585.23,-2425.08,-1.21
SLONG21,2026-02-09,0.00,0.00,104.18,104.18,0.00,0.00,1048463.56,0.00,1044585.23,0.00,-0.59
SLONG22,2026-02-09,0.00,0.00,104.29,104.29,0.00,0.00,1048463.56,0.00,1044585.23,0.00,-0.70
SLONG23,2026-02-09,0.00,0.00,104.74,104.74,0.00,0.00,1048463.56,0.00,1044585.23,0.00,-0.47
SLONG24,2026-02-09,0.00,0.00,104.91,104.91,0.00,0.00,1048463.56,0.00,1044585.23,0.00,-0.62
SLONG3,2026-02-09,0.00,0.00,102.86,102.86,0.00,0.00,1048463.56,0.00,1044585.23,0.00,-1.48
SLONG4,2026-02-09,0.00,0.00,100.72,100.72,0.00,0.00,1048463.56,0.00,1044585.23,0.00,-1.18
SLONG5,2026-02-09,0.00,-1471.05,105.10,105.10,0.00,0.00,1048463.56,1471.05,1044585.23,1471.05,-0.51
SLONG6,2026-02-09,0.00,-349.65,102.28,102.28,0.00,0.00,1048463.56,349.65,1044585.23,349.65,-0.69
SLONG7,2026-02-09,0.00,0.00,103.47,103.47,0.00,0.00,1048463.56,0.00,1044585.23,0.00,-1.43
SLONG8,2026-02-09,0.00,0.00,101.67,101.67,0.00,0.00,1048463.56,0.00,1044585.23,0.00,-1.19
SLONG9,2026-02-09,0.00,-1471.05,106.82,106.82,0.00,0.00,1048463.56,1471.05,1044585.23,1471.05,-0.48
Large Cap Stock Holdings,2026-02-09,27020337.50,0.00,101.06,100.66,108427.50,0.40,26911910.00,26911910.00,26491752.50,420157.50,0.00
Liquidcase Stock Holdings,2026-02-09,6606968.80,0.00,100.29,100.28,586.40,0.01,6606382.40,6606382.40,6604036.80,2345.60,0.00
Small Cap Stock Holdings,2026-02-09,12079525.00,0.00,107.55,104.60,330875.00,2.82,11748650.00,11748650.00,11878725.00,-130075.00,0.00
Debt Stock Holdings,2026-02-09,6606968.80,0.00,100.29,100.28,586.40,0.01,6606382.40,6606382.40,6604036.80,2345.60,0.00
Equity Stock Holdings,2026-02-09,39099862.50,0.00,102.98,101.82,439302.50,1.14,38660560.00,38660560.00,38370477.50,290082.50,0.00
Stock Holdings,2026-02-09,45706831.30,0.00,102.57,101.58,439888.90,0.97,45266942.40,45266942.40,44974514.30,292428.10,0.00
Miscellaneous P&L,2026-02-09,0.00,0.00,100.00,100.00,0.00,0.00,0.00,0.00,0.00,0.00,0.00
Total Tax,2026-02-09,-589.74,2339.57,100.00,100.00,-589.74,0.00,0.00,-2339.57,0.00,0.00,0.00
Equity Holdings Tax,2026-02-09,0.00,0.00,100.00,100.00,0.00,0.00,0.00,0.00,0.00,0.00,0.00
Equity Intraday Tax,2026-02-09,0.00,0.00,100.00,100.00,0.00,0.00,0.00,0.00,0.00,0.00,0.00
F&O Tax,2026-02-09,-589.74,2339.57,100.00,100.00,-589.74,0.00,0.00,-2339.57,0.00,0.00,0.00
MCX Tax,2026-02-09,0.00,0.00,100.00,100.00,0.00,0.00,0.00,0.00,0.00,0.00,0.00
Total Other Debits and Credits,2026-02-09,0.00,0.00,100.00,100.00,0.00,0.00,0.00,0.00,0.00,0.00,0.00
Equity Other Debits and Credits,2026-02-09,0.00,0.00,100.00,100.00,0.00,0.00,0.00,0.00,0.00,0.00,0.00
NPSAR,2026-02-09,3161346.86,13635.11,99.35,99.29,15956.16,0.06,25163125.63,3131755.60,25070045.64,-2000.11,-1.10
SPSAR,2026-02-09,3160476.43,9579.18,100.05,99.99,15085.73,0.06,25163125.63,3135811.52,25070045.64,2055.82,-0.59
NLONG,2026-02-09,-40181.42,30340.11,104.78,104.95,-40181.42,-0.16,25163125.44,-30340.11,25070045.52,-30340.11,-0.64
SLONG,2026-02-09,-22618.45,13030.10,103.10,103.20,-22618.45,-0.09,25163125.44,-13030.10,25070045.52,-13030.10,-0.92
PSAR,2026-02-09,6321823.30,23214.30,99.70,99.64,31041.89,0.06,50326251.26,6267567.12,50140091.28,55.71,-0.84
LONG,2026-02-09,-62799.87,43370.21,103.94,104.07,-62799.87,-0.12,50326250.88,-43370.21,50140091.04,-43370.21,-0.78
Total Portfolio Value,2026-02-09,6258433.69,68924.08,103.53,103.59,-32347.72,-0.06,50326251.00,6221857.34,50140091.00,-45654.07,-0.68
Zerodha Total Portfolio,2026-02-09,50788003.05,0.00,105.88,105.02,407541.18,0.81,50380461.87,50380461.87,50133687.84,246774.03,-0.02
NPSAR1,2026-02-10,178551.30,-5755.66,101.48,101.31,2305.78,0.16,1409964.15,182001.18,1397951.43,7257.25,-0.64
NPSAR10,2026-02-10,398544.04,-3641.43,101.71,101.65,1991.63,0.06,3172419.31,400193.84,3145390.69,7020.00,0.00
NPSAR11,2026-02-10,395029.99,-5877.43,99.61,99.66,-1522.42,-0.05,3172419.31,402429.84,3145390.69,9256.00,-0.62
NPSAR12,2026-02-10,398874.95,-3641.43,98.50,98.43,2322.54,0.07,3172419.31,400193.84,3145390.69,7020.00,-2.20
NPSAR13,2026-02-10,399315.81,-2788.29,99.55,99.46,2763.40,0.09,3172419.31,399340.70,3145390.69,6166.86,-1.18
NPSAR2,2026-02-10,178522.35,-5755.66,97.45,97.29,2276.83,0.16,1409964.15,182001.18,1397951.43,7257.25,-3.31
NPSAR3,2026-02-10,178483.75,-5755.66,99.81,99.65,2238.23,0.16,1409964.15,182001.18,1397951.43,7257.25,-1.13
NPSAR4,2026-02-10,178419.57,-5755.66,99.76,99.61,2174.05,0.15,1409964.15,182001.18,1397951.43,7257.25,-1.30
NPSAR5,2026-02-10,171383.65,11661.09,97.22,97.56,-4861.87,-0.34,1409964.15,164584.43,1397951.43,-10159.50,-3.89
NPSAR6,2026-02-10,169234.18,11040.34,98.55,99.04,-7011.34,-0.50,1409964.15,165205.18,1397951.43,-9538.75,-2.85
NPSAR7,2026-02-10,176472.99,10101.09,98.94,98.92,227.47,0.02,1409964.15,166144.43,1397951.43,-8599.50,-1.90
NPSAR8,2026-02-10,176666.64,9022.09,97.45,97.42,421.12,0.03,1409964.15,167223.43,1397951.43,-7520.50,-3.28
NPSAR9,2026-02-10,180299.58,8219.04,99.54,99.25,4054.06,0.29,1409964.15,168026.48,1397951.43,-6717.45,-1.17
SPSAR1,2026-02-10,177978.52,-2522.41,101.24,101.12,1733.00,0.12,1409964.15,178767.93,1397951.43,4024.00,-0.45
SPSAR10,2026-02-10,400464.41,-5479.43,102.64,102.51,3912.00,0.12,3172419.31,402031.84,3145390.69,8858.00,0.00
SPSAR11,2026-02-10,398660.50,-4669.43,101.39,101.32,2108.09,0.07,3172419.31,401221.84,3145390.69,8048.00,0.00
SPSAR12,2026-02-10,393615.73,-4999.13,100.25,100.34,-2936.68,-0.09,3172419.31,401551.54,3145390.69,8377.70,-0.38
SPSAR13,2026-02-10,396218.85,-2984.56,99.69,99.70,-333.56,-0.01,3172419.31,399536.97,3145390.69,6363.13,-1.35
SPSAR2,2026-02-10,177978.52,-2522.41,97.51,97.39,1733.00,0.12,1409964.15,178767.93,1397951.43,4024.00,-3.46
SPSAR3,2026-02-10,177978.52,-2522.41,99.11,98.99,1733.00,0.12,1409964.15,178767.93,1397951.43,4024.00,-2.34
SPSAR4,2026-02-10,177978.52,-2522.41,99.49,99.37,1733.00,0.12,1409964.15,178767.93,1397951.43,4024.00,-1.80
SPSAR5,2026-02-10,172990.52,8922.59,97.63,97.86,-3255.00,-0.23,1409964.15,167322.93,1397951.43,-7421.00,-3.68
SPSAR6,2026-02-10,168759.75,8268.59,98.89,99.42,-7485.77,-0.53,1409964.15,167976.93,1397951.43,-6767.00,-2.70
SPSAR7,2026-02-10,171579.29,7787.59,98.27,98.60,-4666.23,-0.33,1409964.15,168457.93,1397951.43,-6286.00,-2.23
SPSAR8,2026-02-10,176020.23,7360.59,99.55,99.57,-225.29,-0.02,1409964.15,168884.93,1397951.43,-5859.00,-0.95
SPSAR9,2026-02-10,179748.52,7825.69,100.07,99.82,3503.00,0.25,1409964.15,168419.83,1397951.43,-6324.10,-0.43
NLONG1,2026-02-10,0.00,0.00,105.87,105.87,0.00,0.00,1057473.10,0.00,1048463.56,0.00,-0.25
NLONG10,2026-02-10,0.00,0.00,105.67,105.67,0.00,0.00,1057473.10,0.00,1048463.56,0.00,-0.37
NLONG11,2026-02-10,0.00,0.00,109.78,109.78,0.00,0.00,1057473.10,0.00,1048463.56,0.00,-0.20
NLONG12,2026-02-10,0.00,0.00,108.36,108.36,0.00,0.00,1057473.10,0.00,1048463.56,0.00,-0.35
NLONG13,2026-02-10,0.00,5046.95,101.47,101.47,0.00,0.00,1057473.10,-5046.95,1048463.56,-5046.95,-1.31
NLONG14,2026-02-10,0.00,4930.45,102.09,102.09,0.00,0.00,1057473.10,-4930.45,1048463.56,-4930.45,-1.26
NLONG15,2026-02-10,0.00,5085.78,103.04,103.04,0.00,0.00,1057473.10,-5085.78,1048463.56,-5085.78,-1.38
NLONG16,2026-02-10,0.00,5027.53,103.61,103.61,0.00,0.00,1057473.10,-5027.53,1048463.56,-5027.53,-1.33
NLONG17,2026-02-10,0.00,5046.95,103.04,103.04,0.00,0.00,1057473.10,-5046.95,1048463.56,-5046.95,-1.34
NLONG18,2026-02-10,0.00,4930.45,102.78,102.78,0.00,0.00,1057473.10,-4930.45,1048463.56,-4930.45,-1.38
NLONG19,2026-02-10,0.00,5085.78,103.86,103.86,0.00,0.00,1057473.10,-5085.78,1048463.56,-5085.78,-1.38
NLONG2,2026-02-10,0.00,0.00,97.28,97.28,0.00,0.00,1057473.10,0.00,1048463.56,0.00,-3.43
NLONG20,2026-02-10,0.00,5027.53,104.49,104.49,0.00,0.00,1057473.10,-5027.53,1048463.56,-5027.53,-1.25
NLONG21,2026-02-10,0.00,0.00,103.82,103.82,0.00,0.00,1057473.10,0.00,1048463.56,0.00,-0.29
NLONG22,2026-02-10,0.00,0.00,104.00,104.00,0.00,0.00,1057473.10,0.00,1048463.56,0.00,-0.34
NLONG23,2026-02-10,0.00,0.00,106.87,106.87,0.00,0.00,1057473.10,0.00,1048463.56,0.00,-0.29
NLONG24,2026-02-10,0.00,0.00,108.02,108.02,0.00,0.00,1057473.10,0.00,1048463.56,0.00,-0.32
NLONG3,2026-02-10,0.00,0.00,106.64,106.64,0.00,0.00,1057473.10,0.00,1048463.56,0.00,-0.32
NLONG4,2026-02-10,0.00,0.00,104.83,104.83,0.00,0.00,1057473.10,0.00,1048463.56,0.00,-0.39
NLONG5,2026-02-10,0.00,0.00,106.26,106.26,0.00,0.00,1057473.10,0.00,1048463.56,0.00,-0.24
NLONG6,2026-02-10,0.00,0.00,102.49,102.49,0.00,0.00,1057473.10,0.00,1048463.56,0.00,-0.37
NLONG7,2026-02-10,0.00,0.00,108.09,108.09,0.00,0.00,1057473.10,0.00,1048463.56,0.00,-0.23
NLONG8,2026-02-10,0.00,0.00,104.98,104.98,0.00,0.00,1057473.10,0.00,1048463.56,0.00,-0.35
NLONG9,2026-02-10,0.00,0.00,107.68,107.68,0.00,0.00,1057473.10,0.00,1048463.56,0.00,-0.20
SLONG1,2026-02-10,0.00,0.00,105.11,105.11,0.00,0.00,1057473.10,0.00,1048463.56,0.00,-0.51
SLONG10,2026-02-10,0.00,0.00,102.20,102.20,0.00,0.00,1057473.10,0.00,1048463.56,0.00,-0.68
SLONG11,2026-02-10,0.00,0.00,105.57,105.57,0.00,0.00,1057473.10,0.00,1048463.56,0.00,-1.43
SLONG12,2026-02-10,0.00,0.00,101.72,101.72,0.00,0.00,1057473.10,0.00,1048463.56,0.00,-1.19
SLONG13,2026-02-10,0.00,3220.72,101.60,101.60,0.00,0.00,1057473.10,-3220.72,1048463.56,-3220.72,-1.14
SLONG14,2026-02-10,0.00,3447.45,102.04,102.04,0.00,0.00,1057473.10,-3447.45,1048463.56,-3447.45,-1.28
SLONG15,2026-02-10,0.00,3121.15,102.82,102.82,0.00,0.00,1057473.10,-3121.15,1048463.56,-3121.15,-1.02
SLONG16,2026-02-10,0.00,3226.70,102.45,102.45,0.00,0.00,1057473.10,-3226.70,1048463.56,-3226.70,-1.20
SLONG17,2026-02-10,0.00,3220.72,103.23,103.23,0.00,0.00,1057473.10,-3220.72,1048463.56,-3220.72,-1.14
SLONG18,2026-02-10,0.00,3155.01,103.12,103.12,0.00,0.00,1057473.10,-3155.01,1048463.56,-3155.01,-1.24
SLONG19,2026-02-10,0.00,0.00,104.13,104.13,0.00,0.00,1057473.10,0.00,1048463.56,0.00,-0.46
SLONG2,2026-02-10,0.00,0.00,96.34,96.34,0.00,0.00,1057473.10,0.00,1048463.56,0.00,-4.98
SLONG20,2026-02-10,0.00,3226.70,103.09,103.09,0.00,0.00,1057473.10,-3226.70,1048463.56,-3226.70,-1.21
SLONG21,2026-02-10,0.00,0.00,104.18,104.18,0.00,0.00,1057473.10,0.00,1048463.56,0.00,-0.59
SLONG22,2026-02-10,0.00,0.00,104.29,104.29,0.00,0.00,1057473.10,0.00,1048463.56,0.00,-0.70
SLONG23,2026-02-10,0.00,0.00,104.74,104.74,0.00,0.00,1057473.10,0.00,1048463.56,0.00,-0.47
SLONG24,2026-02-10,0.00,0.00,104.91,104.91,0.00,0.00,1057473.10,0.00,1048463.56,0.00,-0.62
SLONG3,2026-02-10,0.00,0.00,102.86,102.86,0.00,0.00,1057473.10,0.00,1048463.56,0.00,-1.48
SLONG4,2026-02-10,0.00,0.00,100.72,100.72,0.00,0.00,1057473.10,0.00,1048463.56,0.00,-1.18
SLONG5,2026-02-10,0.00,0.00,105.10,105.10,0.00,0.00,1057473.10,0.00,1048463.56,0.00,-0.51
SLONG6,2026-02-10,0.00,0.00,102.28,102.28,0.00,0.00,1057473.10,0.00,1048463.56,0.00,-0.69
SLONG7,2026-02-10,0.00,0.00,103.47,103.47,0.00,0.00,1057473.10,0.00,1048463.56,0.00,-1.43
SLONG8,2026-02-10,0.00,0.00,101.67,101.67,0.00,0.00,1057473.10,0.00,1048463.56,0.00,-1.19
SLONG9,2026-02-10,0.00,0.00,106.82,106.82,0.00,0.00,1057473.10,0.00,1048463.56,0.00,-0.48
Large Cap Stock Holdings,2026-02-10,27044182.50,0.00,101.15,101.06,23845.00,0.09,27020337.50,27020337.50,26911910.00,108427.50,0.00
Liquidcase Stock Holdings,2026-02-10,6607555.20,0.00,100.30,100.29,586.40,0.01,6606968.80,6606968.80,6606382.40,586.40,0.00
Small Cap Stock Holdings,2026-02-10,12200625.00,0.00,108.63,107.55,121100.00,1.00,12079525.00,12079525.00,11748650.00,330875.00,0.00
Debt Stock Holdings,2026-02-10,6607555.20,0.00,100.30,100.29,586.40,0.01,6606968.80,6606968.80,6606382.40,586.40,0.00
Equity Stock Holdings,2026-02-10,39244807.50,0.00,103.36,102.98,144945.00,0.37,39099862.50,39099862.50,38660560.00,439302.50,0.00
Stock Holdings,2026-02-10,45852362.70,0.00,102.90,102.57,145531.40,0.32,45706831.30,45706831.30,45266942.40,439888.90,0.00
Miscellaneous P&L,2026-02-10,0.00,0.00,100.00,100.00,0.00,0.00,0.00,0.00,0.00,0.00,0.00
Total Tax,2026-02-10,-1909.11,589.74,100.00,100.00,-1909.11,0.00,0.00,-589.74,0.00,0.00,0.00
Equity Holdings Tax,2026-02-10,0.00,0.00,100.00,100.00,0.00,0.00,0.00,0.00,0.00,0.00,0.00
Equity Intraday Tax,2026-02-10,0.00,0.00,100.00,100.00,0.00,0.00,0.00,0.00,0.00,0.00,0.00
F&O Tax,2026-02-10,-1909.11,589.74,100.00,100.00,-1909.11,0.00,0.00,-589.74,0.00,0.00,0.00
MCX Tax,2026-02-10,0.00,0.00,100.00,100.00,0.00,0.00,0.00,0.00,0.00,0.00,0.00
Total Other Debits and Credits,2026-02-10,0.00,0.00,100.00,100.00,0.00,0.00,0.00,0.00,0.00,0.00,0.00
Equity Other Debits and Credits,2026-02-10,0.00,0.00,100.00,100.00,0.00,0.00,0.00,0.00,0.00,0.00,0.00
NPSAR,2026-02-10,3179798.80,11072.43,99.38,99.35,7379.48,0.03,25379354.59,3161346.86,25163125.63,15956.16,-1.07
SPSAR,2026-02-10,3169971.88,11942.86,100.04,100.05,-2447.44,-0.01,25379354.59,3160476.43,25163125.63,15085.73,-0.60
NLONG,2026-02-10,0.00,40181.42,104.78,104.78,0.00,0.00,25379354.40,-40181.42,25163125.44,-40181.42,-0.64
SLONG,2026-02-10,0.00,22618.45,103.10,103.10,0.00,0.00,25379354.40,-22618.45,25163125.44,-22618.45,-0.92
PSAR,2026-02-10,6349770.69,23015.30,99.71,99.70,4932.04,0.01,50758709.18,6321823.30,50326251.26,31041.89,-0.84
LONG,2026-02-10,0.00,62799.87,103.94,103.94,0.00,0.00,50758708.80,-62799.87,50326250.88,-62799.87,-0.78
Total Portfolio Value,2026-02-10,6347861.58,86404.91,103.54,103.53,3022.93,0.01,50758709.00,6258433.69,50326251.00,-32347.72,-0.67
Zerodha Total Portfolio,2026-02-10,50936557.38,0.00,106.18,105.88,148554.33,0.29,50788003.05,50788003.05,50380461.87,407541.18,0.00
NPSAR1,2026-02-11,178112.67,-1858.88,101.58,101.48,1420.25,0.10,1413539.37,178551.30,1409964.15,2305.78,-0.54
NPSAR10,2026-02-11,396226.87,-986.09,101.67,101.71,-1331.08,-0.04,3180463.56,398544.04,3172419.31,1991.63,-0.04
NPSAR11,2026-02-11,389138.05,2527.96,99.35,99.61,-8419.90,-0.26,3180463.56,395029.99,3172419.31,-1522.42,-0.88
NPSAR12,2026-02-11,390029.40,-1317.01,98.27,98.50,-7528.55,-0.24,3180463.56,398874.95,3172419.31,2322.54,-2.43
NPSAR13,2026-02-11,389625.54,-1757.86,99.30,99.55,-7932.41,-0.25,3180463.56,399315.81,3172419.31,2763.40,-1.43
NPSAR2,2026-02-11,178112.67,-1829.93,97.55,97.45,1420.25,0.10,1413539.37,178522.35,1409964.15,2276.83,-3.21
NPSAR3,2026-02-11,178112.67,-1791.33,99.91,99.81,1420.25,0.10,1413539.37,178483.75,1409964.15,2238.23,-1.03
NPSAR4,2026-02-11,178112.67,-1727.15,99.86,99.76,1420.25,0.10,1413539.37,178419.57,1409964.15,2174.05,-1.20
NPSAR5,2026-02-11,178112.67,5308.77,97.32,97.22,1420.25,0.10,1413539.37,171383.65,1409964.15,-4861.87,-3.79
NPSAR6,2026-02-11,178112.67,7458.24,98.65,98.55,1420.25,0.10,1413539.37,169234.18,1409964.15,-7011.34,-2.75
NPSAR7,2026-02-11,178112.67,219.43,99.04,98.94,1420.25,0.10,1413539.37,176472.99,1409964.15,227.47,-1.80
NPSAR8,2026-02-11,178112.67,25.78,97.55,97.45,1420.25,0.10,1413539.37,176666.64,1409964.15,421.12,-3.18
NPSAR9,2026-02-11,178112.67,-3607.16,99.64,99.54,1420.25,0.10,1413539.37,180299.58,1409964.15,4054.06,-1.07
SPSAR1,2026-02-11,177222.42,-1286.10,101.28,101.24,530.00,0.04,1413539.37,177978.52,1409964.15,1733.00,-0.41
SPSAR10,2026-02-11,399254.38,-2906.46,102.69,102.64,1696.43,0.05,3180463.56,400464.41,3172419.31,3912.00,0.00
SPSAR11,2026-02-11,393087.65,-1102.55,101.25,101.39,-4470.30,-0.14,3180463.56,398660.50,3172419.31,2108.09,-0.14
SPSAR12,2026-02-11,394836.31,3942.22,100.16,100.25,-2721.64,-0.09,3180463.56,393615.73,3172419.31,-2936.68,-0.47
SPSAR13,2026-02-11,392349.11,1339.10,99.53,99.69,-5208.84,-0.16,3180463.56,396218.85,3172419.31,-333.56,-1.50
SPSAR2,2026-02-11,177222.42,-1286.10,97.55,97.51,530.00,0.04,1413539.37,177978.52,1409964.15,1733.00,-3.42
SPSAR3,2026-02-11,177222.42,-1286.10,99.15,99.11,530.00,0.04,1413539.37,177978.52,1409964.15,1733.00,-2.30
SPSAR4,2026-02-11,176878.24,-1286.10,99.50,99.49,185.82,0.01,1413539.37,177978.52,1409964.15,1733.00,-1.79
SPSAR5,2026-02-11,171713.87,3701.90,97.29,97.63,-4978.55,-0.35,1413539.37,172990.52,1409964.15,-3255.00,-4.02
SPSAR6,2026-02-11,177191.42,7932.67,98.92,98.89,499.00,0.04,1413539.37,168759.75,1409964.15,-7485.77,-2.67
SPSAR7,2026-02-11,177434.42,5113.13,98.32,98.27,742.00,0.05,1413539.37,171579.29,1409964.15,-4666.23,-2.18
SPSAR8,2026-02-11,177823.42,672.19,99.63,99.55,1131.00,0.08,1413539.37,176020.23,1409964.15,-225.29,-0.87
SPSAR9,2026-02-11,177805.42,-3056.10,100.15,100.07,1113.00,0.08,1413539.37,179748.52,1409964.15,3503.00,-0.35
NLONG1,2026-02-11,0.00,0.00,105.87,105.87,0.00,0.00,1060154.52,0.00,1057473.10,0.00,-0.25
NLONG10,2026-02-11,0.00,0.00,105.67,105.67,0.00,0.00,1060154.52,0.00,1057473.10,0.00,-0.37
NLONG11,2026-02-11,0.00,0.00,109.78,109.78,0.00,0.00,1060154.52,0.00,1057473.10,0.00,-0.20
NLONG12,2026-02-11,0.00,0.00,108.36,108.36,0.00,0.00,1060154.52,0.00,1057473.10,0.00,-0.35
NLONG13,2026-02-11,0.00,0.00,101.47,101.47,0.00,0.00,1060154.52,0.00,1057473.10,0.00,-1.31
NLONG14,2026-02-11,0.00,0.00,102.09,102.09,0.00,0.00,1060154.52,0.00,1057473.10,0.00,-1.26
NLONG15,2026-02-11,0.00,0.00,103.04,103.04,0.00,0.00,1060154.52,0.00,1057473.10,0.00,-1.38
NLONG16,2026-02-11,0.00,0.00,103.61,103.61,0.00,0.00,1060154.52,0.00,1057473.10,0.00,-1.33
NLONG17,2026-02-11,0.00,0.00,103.04,103.04,0.00,0.00,1060154.52,0.00,1057473.10,0.00,-1.34
NLONG18,2026-02-11,0.00,0.00,102.78,102.78,0.00,0.00,1060154.52,0.00,1057473.10,0.00,-1.38
NLONG19,2026-02-11,0.00,0.00,103.86,103.86,0.00,0.00,1060154.52,0.00,1057473.10,0.00,-1.38
NLONG2,2026-02-11,0.00,0.00,97.28,97.28,0.00,0.00,1060154.52,0.00,1057473.10,0.00,-3.43
NLONG20,2026-02-11,0.00,0.00,104.49,104.49,0.00,0.00,1060154.52,0.00,1057473.10,0.00,-1.25
NLONG21,2026-02-11,0.00,0.00,103.82,103.82,0.00,0.00,1060154.52,0.00,1057473.10,0.00,-0.29
NLONG22,2026-02-11,0.00,0.00,104.00,104.00,0.00,0.00,1060154.52,0.00,1057473.10,0.00,-0.34
NLONG23,2026-02-11,0.00,0.00,106.87,106.87,0.00,0.00,1060154.52,0.00,1057473.10,0.00,-0.29
NLONG24,2026-02-11,0.00,0.00,108.02,108.02,0.00,0.00,1060154.52,0.00,1057473.10,0.00,-0.32
NLONG3,2026-02-11,0.00,0.00,106.64,106.64,0.00,0.00,1060154.52,0.00,1057473.10,0.00,-0.32
NLONG4,2026-02-11,0.00,0.00,104.83,104.83,0.00,0.00,1060154.52,0.00,1057473.10,0.00,-0.39
NLONG5,2026-02-11,0.00,0.00,106.26,106.26,0.00,0.00,1060154.52,0.00,1057473.10,0.00,-0.24
NLONG6,2026-02-11,0.00,0.00,102.49,102.49,0.00,0.00,1060154.52,0.00,1057473.10,0.00,-0.37
NLONG7,2026-02-11,0.00,0.00,108.09,108.09,0.00,0.00,1060154.52,0.00,1057473.10,0.00,-0.23
NLONG8,2026-02-11,0.00,0.00,104.98,104.98,0.00,0.00,1060154.52,0.00,1057473.10,0.00,-0.35
NLONG9,2026-02-11,0.00,0.00,107.68,107.68,0.00,0.00,1060154.52,0.00,1057473.10,0.00,-0.20
SLONG1,2026-02-11,0.00,0.00,105.11,105.11,0.00,0.00,1060154.52,0.00,1057473.10,0.00,-0.51
SLONG10,2026-02-11,0.00,0.00,102.20,102.20,0.00,0.00,1060154.52,0.00,1057473.10,0.00,-0.68
SLONG11,2026-02-11,0.00,0.00,105.57,105.57,0.00,0.00,1060154.52,0.00,1057473.10,0.00,-1.43
SLONG12,2026-02-11,0.00,0.00,101.72,101.72,0.00,0.00,1060154.52,0.00,1057473.10,0.00,-1.19
SLONG13,2026-02-11,0.00,0.00,101.60,101.60,0.00,0.00,1060154.52,0.00,1057473.10,0.00,-1.14
SLONG14,2026-02-11,0.00,0.00,102.04,102.04,0.00,0.00,1060154.52,0.00,1057473.10,0.00,-1.28
SLONG15,2026-02-11,0.00,0.00,102.82,102.82,0.00,0.00,1060154.52,0.00,1057473.10,0.00,-1.02
SLONG16,2026-02-11,0.00,0.00,102.45,102.45,0.00,0.00,1060154.52,0.00,1057473.10,0.00,-1.20
SLONG17,2026-02-11,0.00,0.00,103.23,103.23,0.00,0.00,1060154.52,0.00,1057473.10,0.00,-1.14
SLONG18,2026-02-11,0.00,0.00,103.12,103.12,0.00,0.00,1060154.52,0.00,1057473.10,0.00,-1.24
SLONG19,2026-02-11,0.00,0.00,104.13,104.13,0.00,0.00,1060154.52,0.00,1057473.10,0.00,-0.46
SLONG2,2026-02-11,0.00,0.00,96.34,96.34,0.00,0.00,1060154.52,0.00,1057473.10,0.00,-4.98
SLONG20,2026-02-11,0.00,0.00,103.09,103.09,0.00,0.00,1060154.52,0.00,1057473.10,0.00,-1.21
SLONG21,2026-02-11,0.00,0.00,104.18,104.18,0.00,0.00,1060154.52,0.00,1057473.10,0.00,-0.59
SLONG22,2026-02-11,0.00,0.00,104.29,104.29,0.00,0.00,1060154.52,0.00,1057473.10,0.00,-0.70
SLONG23,2026-02-11,0.00,0.00,104.74,104.74,0.00,0.00,1060154.52,0.00,1057473.10,0.00,-0.47
SLONG24,2026-02-11,0.00,0.00,104.91,104.91,0.00,0.00,1060154.52,0.00,1057473.10,0.00,-0.62
SLONG3,2026-02-11,0.00,0.00,102.86,102.86,0.00,0.00,1060154.52,0.00,1057473.10,0.00,-1.48
SLONG4,2026-02-11,0.00,0.00,100.72,100.72,0.00,0.00,1060154.52,0.00,1057473.10,0.00,-1.18
SLONG5,2026-02-11,0.00,0.00,105.10,105.10,0.00,0.00,1060154.52,0.00,1057473.10,0.00,-0.51
SLONG6,2026-02-11,0.00,0.00,102.28,102.28,0.00,0.00,1060154.52,0.00,1057473.10,0.00,-0.69
SLONG7,2026-02-11,0.00,0.00,103.47,103.47,0.00,0.00,1060154.52,0.00,1057473.10,0.00,-1.43
SLONG8,2026-02-11,0.00,0.00,101.67,101.67,0.00,0.00,1060154.52,0.00,1057473.10,0.00,-1.19
SLONG9,2026-02-11,0.00,0.00,106.82,106.82,0.00,0.00,1060154.52,0.00,1057473.10,0.00,-0.48
Large Cap Stock Holdings,2026-02-11,26978218.75,0.00,100.91,101.15,-65963.75,-0.24,27044182.50,27044182.50,27020337.50,23845.00,-0.24
Liquidcase Stock Holdings,2026-02-11,6608728.00,0.00,100.32,100.30,1172.80,0.02,6607555.20,6607555.20,6606968.80,586.40,0.00
Small Cap Stock Holdings,2026-02-11,12407850.00,0.00,110.48,108.63,207225.00,1.70,12200625.00,12200625.00,12079525.00,121100.00,0.00
Debt Stock Holdings,2026-02-11,6608728.00,0.00,100.32,100.30,1172.80,0.02,6607555.20,6607555.20,6606968.80,586.40,0.00
Equity Stock Holdings,2026-02-11,39386068.75,0.00,103.73,103.36,141261.25,0.36,39244807.50,39244807.50,39099862.50,144945.00,0.00
Stock Holdings,2026-02-11,45994796.75,0.00,103.22,102.90,142434.05,0.31,45852362.70,45852362.70,45706831.30,145531.40,0.00
Miscellaneous P&L,2026-02-11,0.00,0.00,100.00,100.00,0.00,0.00,0.00,0.00,0.00,0.00,0.00
Total Tax,2026-02-11,-1622.36,1909.11,100.00,100.00,-1622.36,0.00,0.00,-1909.11,0.00,0.00,0.00
Equity Holdings Tax,2026-02-11,0.00,0.00,100.00,100.00,0.00,0.00,0.00,0.00,0.00,0.00,0.00
Equity Intraday Tax,2026-02-11,0.00,0.00,100.00,100.00,0.00,0.00,0.00,0.00,0.00,0.00,0.00
F&O Tax,2026-02-11,-1622.36,1909.11,100.00,100.00,-1622.36,0.00,0.00,-1909.11,0.00,0.00,0.00
MCX Tax,2026-02-11,0.00,0.00,100.00,100.00,0.00,0.00,0.00,0.00,0.00,0.00,0.00
Total Other Debits and Credits,2026-02-11,0.00,0.00,100.00,100.00,0.00,0.00,0.00,0.00,0.00,0.00,0.00
Equity Other Debits and Credits,2026-02-11,0.00,0.00,100.00,100.00,0.00,0.00,0.00,0.00,0.00,0.00,0.00
NPSAR,2026-02-11,3168033.88,664.77,99.33,99.38,-12429.69,-0.05,25443708.57,3179798.80,25379354.59,7379.48,-1.12
SPSAR,2026-02-11,3170041.49,10491.69,100.00,100.04,-10422.08,-0.04,25443708.57,3169971.88,25379354.59,-2447.44,-0.64
NLONG,2026-02-11,0.00,0.00,104.78,104.78,0.00,0.00,25443708.48,0.00,25379354.40,0.00,-0.64
SLONG,2026-02-11,0.00,0.00,103.10,103.10,0.00,0.00,25443708.48,0.00,25379354.40,0.00,-0.92
PSAR,2026-02-11,6338075.37,11156.46,99.66,99.71,-22851.77,-0.04,50887417.14,6349770.69,50758709.18,4932.04,-0.88
LONG,2026-02-11,0.00,0.00,103.94,103.94,0.00,0.00,50887416.96,0.00,50758708.80,0.00,-0.78
Total Portfolio Value,2026-02-11,6336453.01,13065.57,103.49,103.54,-24474.13,-0.05,50887417.00,6347861.58,50758709.00,3022.93,-0.72
Zerodha Total Portfolio,2026-02-11,51054517.30,0.00,106.43,106.18,117959.92,0.23,50936557.38,50936557.38,50788003.05,148554.33,0.00
NPSAR1,2026-02-12,172385.28,-1512.14,101.28,101.58,-4215.25,-0.30,1412804.21,178112.67,1413539.37,1420.25,-0.83
NPSAR10,2026-02-12,408128.18,1124.32,102.01,101.67,10777.00,0.34,3178809.44,396226.86,3180463.56,-1331.08,0.00
NPSAR11,2026-02-12,400213.01,8213.14,99.44,99.35,2861.83,0.09,3178809.44,389138.04,3180463.56,-8419.90,-0.79
NPSAR12,2026-02-12,397129.56,7321.78,98.26,98.27,-221.62,-0.01,3178809.44,390029.40,3180463.56,-7528.55,-2.44
NPSAR13,2026-02-12,397307.19,7725.64,99.30,99.30,-43.99,0.00,3178809.44,389625.54,3180463.56,-7932.41,-1.43
NPSAR2,2026-02-12,172385.28,-1512.14,97.26,97.55,-4215.25,-0.30,1412804.21,178112.67,1413539.37,1420.25,-3.50
NPSAR3,2026-02-12,173504.45,-1512.14,99.69,99.91,-3096.08,-0.22,1412804.21,178112.67,1413539.37,1420.25,-1.25
NPSAR4,2026-02-12,176068.59,-1512.14,99.82,99.86,-531.94,-0.04,1412804.21,178112.67,1413539.37,1420.25,-1.24
NPSAR5,2026-02-12,172385.28,-1512.14,97.03,97.32,-4215.25,-0.30,1412804.21,178112.67,1413539.37,1420.25,-4.07
NPSAR6,2026-02-12,172385.28,-1512.14,98.36,98.65,-4215.25,-0.30,1412804.21,178112.67,1413539.37,1420.25,-3.04
NPSAR7,2026-02-12,169106.64,-1512.14,98.51,99.04,-7493.89,-0.53,1412804.21,178112.67,1413539.37,1420.25,-2.33
NPSAR8,2026-02-12,173504.45,-1512.14,97.34,97.55,-3096.08,-0.22,1412804.21,178112.67,1413539.37,1420.25,-3.38
NPSAR9,2026-02-12,173357.10,-1512.14,99.41,99.64,-3243.43,-0.23,1412804.21,178112.67,1413539.37,1420.25,-1.30
SPSAR1,2026-02-12,178021.17,-621.89,101.38,101.28,1420.64,0.10,1412804.21,177222.42,1413539.37,530.00,-0.31
SPSAR10,2026-02-12,405894.87,-1903.20,102.97,102.69,8543.69,0.27,3178809.44,399254.38,3180463.56,1696.43,0.00
SPSAR11,2026-02-12,400192.32,4263.54,101.34,101.25,2841.14,0.09,3178809.44,393087.64,3180463.56,-4470.30,-0.05
SPSAR12,2026-02-12,400514.55,2514.88,100.26,100.16,3163.37,0.10,3178809.44,394836.30,3180463.56,-2721.64,-0.37
SPSAR13,2026-02-12,400956.94,5002.08,99.64,99.53,3605.76,0.11,3178809.44,392349.10,3180463.56,-5208.84,-1.40
SPSAR2,2026-02-12,178002.64,-621.89,97.65,97.55,1402.11,0.10,1412804.21,177222.42,1413539.37,530.00,-3.32
SPSAR3,2026-02-12,180342.23,-621.89,99.41,99.15,3741.70,0.26,1412804.21,177222.42,1413539.37,530.00,-2.04
SPSAR4,2026-02-12,180816.64,-277.71,99.80,99.50,4216.11,0.30,1412804.21,176878.24,1413539.37,185.82,-1.49
SPSAR5,2026-02-12,166467.29,4886.66,96.59,97.29,-10133.24,-0.72,1412804.21,171713.87,1413539.37,-4978.55,-4.71
SPSAR6,2026-02-12,165159.67,-590.89,98.12,98.92,-11440.86,-0.81,1412804.21,177191.42,1413539.37,499.00,-3.45
SPSAR7,2026-02-12,170920.74,-833.89,97.92,98.32,-5679.79,-0.40,1412804.21,177434.42,1413539.37,742.00,-2.58
SPSAR8,2026-02-12,174001.95,-1222.89,99.45,99.63,-2598.58,-0.18,1412804.21,177823.42,1413539.37,1131.00,-1.04
SPSAR9,2026-02-12,176624.68,-1204.89,100.15,100.15,24.15,0.00,1412804.21,177805.42,1413539.37,1113.00,-0.35
NLONG1,2026-02-12,-2804.94,0.00,105.59,105.87,-2804.94,-0.26,1059603.15,0.00,1060154.52,0.00,-0.52
NLONG10,2026-02-12,0.00,0.00,105.67,105.67,0.00,0.00,1059603.15,0.00,1060154.52,0.00,-0.37
NLONG11,2026-02-12,-2804.94,0.00,109.49,109.78,-2804.94,-0.26,1059603.15,0.00,1060154.52,0.00,-0.46
NLONG12,2026-02-12,0.00,0.00,108.36,108.36,0.00,0.00,1059603.15,0.00,1060154.52,0.00,-0.35
NLONG13,2026-02-12,0.00,0.00,101.47,101.47,0.00,0.00,1059603.15,0.00,1060154.52,0.00,-1.31
NLONG14,2026-02-12,0.00,0.00,102.09,102.09,0.00,0.00,1059603.15,0.00,1060154.52,0.00,-1.26
NLONG15,2026-02-12,0.00,0.00,103.04,103.04,0.00,0.00,1059603.15,0.00,1060154.52,0.00,-1.38
NLONG16,2026-02-12,0.00,0.00,103.61,103.61,0.00,0.00,1059603.15,0.00,1060154.52,0.00,-1.33
NLONG17,2026-02-12,0.00,0.00,103.04,103.04,0.00,0.00,1059603.15,0.00,1060154.52,0.00,-1.34
NLONG18,2026-02-12,0.00,0.00,102.78,102.78,0.00,0.00,1059603.15,0.00,1060154.52,0.00,-1.38
NLONG19,2026-02-12,0.00,0.00,103.86,103.86,0.00,0.00,1059603.15,0.00,1060154.52,0.00,-1.38
NLONG2,2026-02-12,0.00,0.00,97.28,97.28,0.00,0.00,1059603.15,0.00,1060154.52,0.00,-3.43
NLONG20,2026-02-12,0.00,0.00,104.49,104.49,0.00,0.00,1059603.15,0.00,1060154.52,0.00,-1.25
NLONG21,2026-02-12,0.00,0.00,103.82,103.82,0.00,0.00,1059603.15,0.00,1060154.52,0.00,-0.29
NLONG22,2026-02-12,0.00,0.00,104.00,104.00,0.00,0.00,1059603.15,0.00,1060154.52,0.00,-0.34
NLONG23,2026-02-12,0.00,0.00,106.87,106.87,0.00,0.00,1059603.15,0.00,1060154.52,0.00,-0.29
NLONG24,2026-02-12,0.00,0.00,108.02,108.02,0.00,0.00,1059603.15,0.00,1060154.52,0.00,-0.32
NLONG3,2026-02-12,-2804.94,0.00,106.36,106.64,-2804.94,-0.26,1059603.15,0.00,1060154.52,0.00,-0.58
NLONG4,2026-02-12,0.00,0.00,104.83,104.83,0.00,0.00,1059603.15,0.00,1060154.52,0.00,-0.39
NLONG5,2026-02-12,-2804.94,0.00,105.98,106.26,-2804.94,-0.26,1059603.15,0.00,1060154.52,0.00,-0.51
NLONG6,2026-02-12,0.00,0.00,102.49,102.49,0.00,0.00,1059603.15,0.00,1060154.52,0.00,-0.37
NLONG7,2026-02-12,-2804.94,0.00,107.80,108.09,-2804.94,-0.26,1059603.15,0.00,1060154.52,0.00,-0.50
NLONG8,2026-02-12,0.00,0.00,104.98,104.98,0.00,0.00,1059603.15,0.00,1060154.52,0.00,-0.35
NLONG9,2026-02-12,-2804.94,0.00,107.39,107.68,-2804.94,-0.26,1059603.15,0.00,1060154.52,0.00,-0.47
SLONG1,2026-02-12,-619.41,0.00,105.05,105.11,-619.41,-0.06,1059603.15,0.00,1060154.52,0.00,-0.57
SLONG10,2026-02-12,0.00,0.00,102.20,102.20,0.00,0.00,1059603.15,0.00,1060154.52,0.00,-0.68
SLONG11,2026-02-12,-7927.87,0.00,104.78,105.57,-7927.87,-0.75,1059603.15,0.00,1060154.52,0.00,-2.17
SLONG12,2026-02-12,0.00,0.00,101.72,101.72,0.00,0.00,1059603.15,0.00,1060154.52,0.00,-1.19
SLONG13,2026-02-12,0.00,0.00,101.60,101.60,0.00,0.00,1059603.15,0.00,1060154.52,0.00,-1.14
SLONG14,2026-02-12,0.00,0.00,102.04,102.04,0.00,0.00,1059603.15,0.00,1060154.52,0.00,-1.28
SLONG15,2026-02-12,0.00,0.00,102.82,102.82,0.00,0.00,1059603.15,0.00,1060154.52,0.00,-1.02
SLONG16,2026-02-12,0.00,0.00,102.45,102.45,0.00,0.00,1059603.15,0.00,1060154.52,0.00,-1.20
SLONG17,2026-02-12,0.00,0.00,103.23,103.23,0.00,0.00,1059603.15,0.00,1060154.52,0.00,-1.14
SLONG18,2026-02-12,0.00,0.00,103.12,103.12,0.00,0.00,1059603.15,0.00,1060154.52,0.00,-1.24
SLONG19,2026-02-12,0.00,0.00,104.13,104.13,0.00,0.00,1059603.15,0.00,1060154.52,0.00,-0.46
SLONG2,2026-02-12,0.00,0.00,96.34,96.34,0.00,0.00,1059603.15,0.00,1060154.52,0.00,-4.98
SLONG20,2026-02-12,0.00,0.00,103.09,103.09,0.00,0.00,1059603.15,0.00,1060154.52,0.00,-1.21
SLONG21,2026-02-12,0.00,0.00,104.18,104.18,0.00,0.00,1059603.15,0.00,1060154.52,0.00,-0.59
SLONG22,2026-02-12,0.00,0.00,104.29,104.29,0.00,0.00,1059603.15,0.00,1060154.52,0.00,-0.70
SLONG23,2026-02-12,0.00,0.00,104.74,104.74,0.00,0.00,1059603.15,0.00,1060154.52,0.00,-0.47
SLONG24,2026-02-12,0.00,0.00,104.91,104.91,0.00,0.00,1059603.15,0.00,1060154.52,0.00,-0.62
SLONG3,2026-02-12,-7927.87,0.00,102.09,102.86,-7927.87,-0.75,1059603.15,0.00,1060154.52,0.00,-2.21
SLONG4,2026-02-12,0.00,0.00,100.72,100.72,0.00,0.00,1059603.15,0.00,1060154.52,0.00,-1.18
SLONG5,2026-02-12,-619.41,0.00,105.04,105.10,-619.41,-0.06,1059603.15,0.00,1060154.52,0.00,-0.57
SLONG6,2026-02-12,0.00,0.00,102.28,102.28,0.00,0.00,1059603.15,0.00,1060154.52,0.00,-0.69
SLONG7,2026-02-12,-7927.87,0.00,102.70,103.47,-7927.87,-0.75,1059603.15,0.00,1060154.52,0.00,-2.16
SLONG8,2026-02-12,0.00,0.00,101.67,101.67,0.00,0.00,1059603.15,0.00,1060154.52,0.00,-1.19
SLONG9,2026-02-12,-619.41,0.00,106.76,106.82,-619.41,-0.06,1059603.15,0.00,1060154.52,0.00,-0.54
Large Cap Stock Holdings,2026-02-12,26547167.50,0.00,99.30,100.91,-431051.25,-1.60,26978218.75,26978218.75,27044182.50,-65963.75,-1.83
Liquidcase Stock Holdings,2026-02-12,6609314.40,0.00,100.33,100.32,586.40,0.01,6608728.00,6608728.00,6607555.20,1172.80,0.00
Small Cap Stock Holdings,2026-02-12,12138350.00,0.00,108.08,110.48,-269500.00,-2.17,12407850.00,12407850.00,12200625.00,207225.00,-2.17
Debt Stock Holdings,2026-02-12,6609314.40,0.00,100.33,100.32,586.40,0.01,6608728.00,6608728.00,6607555.20,1172.80,0.00
Equity Stock Holdings,2026-02-12,38685517.50,0.00,101.88,103.73,-700551.25,-1.78,39386068.75,39386068.75,39244807.50,141261.25,-1.78
Stock Holdings,2026-02-12,45294831.90,0.00,101.65,103.22,-699964.85,-1.52,45994796.75,45994796.75,45852362.70,142434.05,-1.52
Miscellaneous P&L,2026-02-12,0.00,0.00,100.00,100.00,0.00,0.00,0.00,0.00,0.00,0.00,0.00
Total Tax,2026-02-12,-2143.50,1622.36,100.00,100.00,-2143.50,0.00,0.00,-1622.36,0.00,0.00,0.00
Equity Holdings Tax,2026-02-12,0.00,0.00,100.00,100.00,0.00,0.00,0.00,0.00,0.00,0.00,0.00
Equity Intraday Tax,2026-02-12,0.00,0.00,100.00,100.00,0.00,0.00,0.00,0.00,0.00,0.00,0.00
F&O Tax,2026-02-12,-2143.50,1622.36,100.00,100.00,-2143.50,0.00,0.00,-1622.36,0.00,0.00,0.00
MCX Tax,2026-02-12,0.00,0.00,100.00,100.00,0.00,0.00,0.00,0.00,0.00,0.00,0.00
Total Other Debits and Credits,2026-02-12,0.00,0.00,100.00,100.00,0.00,0.00,0.00,0.00,0.00,0.00,0.00
Equity Other Debits and Credits,2026-02-12,0.00,0.00,100.00,100.00,0.00,0.00,0.00,0.00,0.00,0.00,0.00
NPSAR,2026-02-12,3157860.26,10775.59,99.25,99.33,-20949.20,-0.08,25430475.65,3168033.88,25443708.57,-12429.69,-1.20
SPSAR,2026-02-12,3177915.66,8767.99,99.99,100.00,-893.80,0.00,25430475.65,3170041.49,25443708.57,-10422.08,-0.64
NLONG,2026-02-12,-16829.64,0.00,104.71,104.78,-16829.64,-0.07,25430475.60,0.00,25443708.48,0.00,-0.71
SLONG,2026-02-12,-25641.84,0.00,103.00,103.10,-25641.84,-0.10,25430475.60,0.00,25443708.48,0.00,-1.02
PSAR,2026-02-12,6335775.91,19543.57,99.62,99.66,-21843.00,-0.04,50860951.30,6338075.37,50887417.14,-22851.77,-0.92
LONG,2026-02-12,-42471.48,0.00,103.85,103.94,-42471.48,-0.08,50860951.20,0.00,50887416.96,0.00,-0.86
Total Portfolio Value,2026-02-12,6291160.93,21165.93,103.36,103.49,-66457.98,-0.13,50860951.00,6336453.01,50887417.00,-24474.13,-0.84
Zerodha Total Portfolio,2026-02-12,50288094.47,0.00,104.83,106.43,-766422.83,-1.50,51054517.30,51054517.30,50936557.38,117959.92,-1.50
NPSAR1,2026-02-13,157574.32,4026.04,99.93,101.28,-18837.00,-1.33,1411290.54,172385.28,1412804.21,-4215.25,-2.15
NPSAR10,2026-02-13,404523.96,-11202.72,102.25,102.01,7598.50,0.24,3175403.69,408128.18,3178809.44,10777.00,0.00
NPSAR11,2026-02-13,404523.96,-3287.55,99.68,99.44,7598.50,0.24,3175403.69,400213.01,3178809.44,2861.83,-0.55
NPSAR12,2026-02-13,409866.96,-204.10,98.66,98.26,12941.50,0.41,3175403.69,397129.56,3178809.44,-221.62,-2.05
NPSAR13,2026-02-13,409866.96,-381.73,99.70,99.30,12941.50,0.41,3175403.69,397307.19,3178809.44,-43.99,-1.03
NPSAR2,2026-02-13,169745.54,4026.04,96.80,97.26,-6665.78,-0.47,1411290.54,172385.28,1412804.21,-4215.25,-3.96
NPSAR3,2026-02-13,182882.07,2906.87,100.15,99.69,6470.75,0.46,1411290.54,173504.45,1412804.21,-3096.08,-0.79
NPSAR4,2026-02-13,181465.07,342.73,100.18,99.82,5053.75,0.36,1411290.54,176068.59,1412804.21,-531.94,-0.88
NPSAR5,2026-02-13,169745.54,4026.04,96.57,97.03,-6665.78,-0.47,1411290.54,172385.28,1412804.21,-4215.25,-4.53
NPSAR6,2026-02-13,169745.54,4026.04,97.90,98.36,-6665.78,-0.47,1411290.54,172385.28,1412804.21,-4215.25,-3.49
NPSAR7,2026-02-13,184455.07,7304.68,99.07,98.51,8043.75,0.57,1411290.54,169106.64,1412804.21,-7493.89,-1.77
NPSAR8,2026-02-13,182882.07,2906.87,97.79,97.34,6470.75,0.46,1411290.54,173504.45,1412804.21,-3096.08,-2.94
NPSAR9,2026-02-13,182882.07,3054.22,99.87,99.41,6470.75,0.46,1411290.54,173357.10,1412804.21,-3243.43,-0.84
SPSAR1,2026-02-13,165229.37,-1609.85,100.58,101.38,-11181.95,-0.79,1411290.54,178021.17,1412804.21,1420.64,-1.10
SPSAR10,2026-02-13,411273.46,-8969.41,103.44,102.97,14348.00,0.45,3175403.69,405894.87,3178809.44,8543.69,0.00
SPSAR11,2026-02-13,409845.46,-3266.86,101.75,101.34,12920.00,0.41,3175403.69,400192.32,3178809.44,2841.14,0.00
SPSAR12,2026-02-13,409845.46,-3589.09,100.67,100.26,12920.00,0.41,3175403.69,400514.55,3178809.44,3163.37,0.00
SPSAR13,2026-02-13,408431.46,-4031.48,100.00,99.64,11506.00,0.36,3175403.69,400956.94,3178809.44,3605.76,-1.04
SPSAR2,2026-02-13,171103.45,-1591.32,97.28,97.65,-5307.87,-0.38,1411290.54,178002.64,1412804.21,1402.11,-3.68
SPSAR3,2026-02-13,183585.32,-3930.91,99.92,99.41,7174.00,0.51,1411290.54,180342.23,1412804.21,3741.70,-1.54
SPSAR4,2026-02-13,183585.32,-4405.32,100.31,99.80,7174.00,0.51,1411290.54,180816.64,1412804.21,4216.11,-0.99
SPSAR5,2026-02-13,171103.45,9944.03,96.23,96.59,-5307.87,-0.38,1411290.54,166467.29,1412804.21,-10133.24,-5.06
SPSAR6,2026-02-13,183585.32,11251.65,98.62,98.12,7174.00,0.51,1411290.54,165159.67,1412804.21,-11440.86,-2.96
SPSAR7,2026-02-13,183585.32,5490.58,98.42,97.92,7174.00,0.51,1411290.54,170920.74,1412804.21,-5679.79,-2.08
SPSAR8,2026-02-13,183585.32,2409.37,99.96,99.45,7174.00,0.51,1411290.54,174001.95,1412804.21,-2598.58,-0.54
SPSAR9,2026-02-13,183585.32,-213.36,100.66,100.15,7174.00,0.51,1411290.54,176624.68,1412804.21,24.15,0.00
NLONG1,2026-02-13,13485.61,2804.94,106.94,105.59,13485.61,1.27,1058467.90,-2804.94,1059603.15,-2804.94,0.00
NLONG10,2026-02-13,0.00,0.00,105.67,105.67,0.00,0.00,1058467.90,0.00,1059603.15,0.00,-0.37
NLONG11,2026-02-13,13050.39,2804.94,110.84,109.49,13050.39,1.23,1058467.90,-2804.94,1059603.15,-2804.94,0.00
NLONG12,2026-02-13,0.00,0.00,108.36,108.36,0.00,0.00,1058467.90,0.00,1059603.15,0.00,-0.35
NLONG13,2026-02-13,-372.18,0.00,101.43,101.47,-372.18,-0.04,1058467.90,0.00,1059603.15,0.00,-1.35
NLONG14,2026-02-13,-372.18,0.00,102.05,102.09,-372.18,-0.04,1058467.90,0.00,1059603.15,0.00,-1.30
NLONG15,2026-02-13,-372.18,0.00,103.00,103.04,-372.18,-0.04,1058467.90,0.00,1059603.15,0.00,-1.42
NLONG16,2026-02-13,-372.18,0.00,103.57,103.61,-372.18,-0.04,1058467.90,0.00,1059603.15,0.00,-1.37
NLONG17,2026-02-13,-372.18,0.00,103.00,103.04,-372.18,-0.04,1058467.90,0.00,1059603.15,0.00,-1.38
NLONG18,2026-02-13,-372.18,0.00,102.74,102.78,-372.18,-0.04,1058467.90,0.00,1059603.15,0.00,-1.42
NLONG19,2026-02-13,-372.18,0.00,103.82,103.86,-372.18,-0.04,1058467.90,0.00,1059603.15,0.00,-1.41
NLONG2,2026-02-13,0.00,0.00,97.28,97.28,0.00,0.00,1058467.90,0.00,1059603.15,0.00,-3.43
NLONG20,2026-02-13,-372.18,0.00,104.45,104.49,-372.18,-0.04,1058467.90,0.00,1059603.15,0.00,-1.29
NLONG21,2026-02-13,-372.18,0.00,103.78,103.82,-372.18,-0.04,1058467.90,0.00,1059603.15,0.00,-0.33
NLONG22,2026-02-13,-372.18,0.00,103.96,104.00,-372.18,-0.04,1058467.90,0.00,1059603.15,0.00,-0.37
NLONG23,2026-02-13,-372.18,0.00,106.83,106.87,-372.18,-0.04,1058467.90,0.00,1059603.15,0.00,-0.33
NLONG24,2026-02-13,-372.18,0.00,107.98,108.02,-372.18,-0.04,1058467.90,0.00,1059603.15,0.00,-0.36
NLONG3,2026-02-13,13050.39,2804.94,107.67,106.36,13050.39,1.23,1058467.90,-2804.94,1059603.15,-2804.94,0.00
NLONG4,2026-02-13,0.00,0.00,104.83,104.83,0.00,0.00,1058467.90,0.00,1059603.15,0.00,-0.39
NLONG5,2026-02-13,13485.61,2804.94,107.33,105.98,13485.61,1.27,1058467.90,-2804.94,1059603.15,-2804.94,0.00
NLONG6,2026-02-13,0.00,0.00,102.49,102.49,0.00,0.00,1058467.90,0.00,1059603.15,0.00,-0.37
NLONG7,2026-02-13,13050.39,2804.94,109.13,107.80,13050.39,1.23,1058467.90,-2804.94,1059603.15,-2804.94,0.00
NLONG8,2026-02-13,0.00,0.00,104.98,104.98,0.00,0.00,1058467.90,0.00,1059603.15,0.00,-0.35
NLONG9,2026-02-13,13485.61,2804.94,108.76,107.39,13485.61,1.27,1058467.90,-2804.94,1059603.15,-2804.94,0.00
SLONG1,2026-02-13,8219.21,619.41,105.87,105.05,8219.21,0.78,1058467.90,-619.41,1059603.15,-619.41,0.00
SLONG10,2026-02-13,0.00,0.00,102.20,102.20,0.00,0.00,1058467.90,0.00,1059603.15,0.00,-0.68
SLONG11,2026-02-13,0.00,7927.87,104.78,104.78,0.00,0.00,1058467.90,-7927.87,1059603.15,-7927.87,-2.17
SLONG12,2026-02-13,0.00,0.00,101.72,101.72,0.00,0.00,1058467.90,0.00,1059603.15,0.00,-1.19
SLONG13,2026-02-13,-258.73,0.00,101.58,101.60,-258.73,-0.02,1058467.90,0.00,1059603.15,0.00,-1.16
SLONG14,2026-02-13,-425.84,0.00,102.00,102.04,-425.84,-0.04,1058467.90,0.00,1059603.15,0.00,-1.32
SLONG15,2026-02-13,-258.73,0.00,102.79,102.82,-258.73,-0.02,1058467.90,0.00,1059603.15,0.00,-1.05
SLONG16,2026-02-13,-425.84,0.00,102.41,102.45,-425.84,-0.04,1058467.90,0.00,1059603.15,0.00,-1.23
SLONG17,2026-02-13,-258.73,0.00,103.20,103.23,-258.73,-0.02,1058467.90,0.00,1059603.15,0.00,-1.17
SLONG18,2026-02-13,-425.84,0.00,103.08,103.12,-425.84,-0.04,1058467.90,0.00,1059603.15,0.00,-1.28
SLONG19,2026-02-13,-258.73,0.00,104.10,104.13,-258.73,-0.02,1058467.90,0.00,1059603.15,0.00,-0.49
SLONG2,2026-02-13,0.00,0.00,96.34,96.34,0.00,0.00,1058467.90,0.00,1059603.15,0.00,-4.98
SLONG20,2026-02-13,-425.84,0.00,103.05,103.09,-425.84,-0.04,1058467.90,0.00,1059603.15,0.00,-1.25
SLONG21,2026-02-13,-258.73,0.00,104.15,104.18,-258.73,-0.02,1058467.90,0.00,1059603.15,0.00,-0.62
SLONG22,2026-02-13,-425.84,0.00,104.25,104.29,-425.84,-0.04,1058467.90,0.00,1059603.15,0.00,-0.74
SLONG23,2026-02-13,-258.73,0.00,104.71,104.74,-258.73,-0.02,1058467.90,0.00,1059603.15,0.00,-0.49
SLONG24,2026-02-13,-425.84,0.00,104.87,104.91,-425.84,-0.04,1058467.90,0.00,1059603.15,0.00,-0.65
SLONG3,2026-02-13,0.00,7927.87,102.09,102.09,0.00,0.00,1058467.90,-7927.87,1059603.15,-7927.87,-2.21
SLONG4,2026-02-13,0.00,0.00,100.72,100.72,0.00,0.00,1058467.90,0.00,1059603.15,0.00,-1.18
SLONG5,2026-02-13,8219.21,619.41,105.86,105.04,8219.21,0.78,1058467.90,-619.41,1059603.15,-619.41,0.00
SLONG6,2026-02-13,0.00,0.00,102.28,102.28,0.00,0.00,1058467.90,0.00,1059603.15,0.00,-0.69
SLONG7,2026-02-13,0.00,7927.87,102.70,102.70,0.00,0.00,1058467.90,-7927.87,1059603.15,-7927.87,-2.16
SLONG8,2026-02-13,0.00,0.00,101.67,101.67,0.00,0.00,1058467.90,0.00,1059603.15,0.00,-1.19
SLONG9,2026-02-13,8219.21,619.41,107.59,106.76,8219.21,0.78,1058467.90,-619.41,1059603.15,-619.41,0.00
Large Cap Stock Holdings,2026-02-13,26045648.75,0.00,97.42,99.30,-501518.75,-1.89,26547167.50,26547167.50,26978218.75,-431051.25,-3.69
Liquidcase Stock Holdings,2026-02-13,6611073.60,0.00,100.36,100.33,1759.20,0.03,6609314.40,6609314.40,6608728.00,586.40,0.00
Small Cap Stock Holdings,2026-02-13,11895850.00,0.00,105.92,108.08,-242500.00,-2.00,12138350.00,12138350.00,12407850.00,-269500.00,-4.13
Debt Stock Holdings,2026-02-13,6611073.60,0.00,100.36,100.33,1759.20,0.03,6609314.40,6609314.40,6608728.00,586.40,0.00
Equity Stock Holdings,2026-02-13,37941498.75,0.00,99.92,101.88,-744018.75,-1.92,38685517.50,38685517.50,39386068.75,-700551.25,-3.67
Stock Holdings,2026-02-13,44552572.35,0.00,99.98,101.65,-742259.55,-1.64,45294831.90,45294831.90,45994796.75,-699964.85,-3.14
Miscellaneous P&L,2026-02-13,0.00,0.00,100.00,100.00,0.00,0.00,0.00,0.00,0.00,0.00,0.00
Total Tax,2026-02-13,-760.89,2143.50,100.00,100.00,-760.89,0.00,0.00,-2143.50,0.00,0.00,0.00
Equity Holdings Tax,2026-02-13,0.00,0.00,100.00,100.00,0.00,0.00,0.00,0.00,0.00,0.00,0.00
Equity Intraday Tax,2026-02-13,0.00,0.00,100.00,100.00,0.00,0.00,0.00,0.00,0.00,0.00,0.00
F&O Tax,2026-02-13,-760.89,2143.50,100.00,100.00,-760.89,0.00,0.00,-2143.50,0.00,0.00,0.00
MCX Tax,2026-02-13,0.00,0.00,100.00,100.00,0.00,0.00,0.00,0.00,0.00,0.00,0.00
Total Other Debits and Credits,2026-02-13,0.00,0.00,100.00,100.00,0.00,0.00,0.00,0.00,0.00,0.00,0.00
Equity Other Debits and Credits,2026-02-13,0.00,0.00,100.00,100.00,0.00,0.00,0.00,0.00,0.00,0.00,0.00
NPSAR,2026-02-13,3210159.11,17543.41,99.38,99.25,34755.41,0.14,25403229.62,3157860.26,25430475.65,-20949.20,-1.06
SPSAR,2026-02-13,3248344.01,-2511.99,100.28,99.99,72940.31,0.29,25403229.62,3177915.66,25430475.65,-893.80,-0.36
NLONG,2026-02-13,75141.84,16829.64,105.02,104.71,75141.84,0.30,25403229.60,-16829.64,25430475.60,-16829.64,-0.41
SLONG,2026-02-13,20550.21,25641.84,103.08,103.00,20550.21,0.08,25403229.60,-25641.84,25430475.60,-25641.84,-0.94
PSAR,2026-02-13,6458503.13,15031.42,99.83,99.62,107695.72,0.21,50806459.24,6335775.91,50860951.30,-21843.00,-0.71
LONG,2026-02-13,95692.05,42471.48,104.05,103.85,95692.05,0.19,50806459.20,-42471.48,50860951.20,-42471.48,-0.68
Total Portfolio Value,2026-02-13,6553434.28,59646.40,103.77,103.36,202626.88,0.40,50806459.00,6291160.93,50860951.00,-66457.98,-0.45
Zerodha Total Portfolio,2026-02-13,49748461.80,0.00,103.71,104.83,-539632.67,-1.07,50288094.47,50288094.47,51054517.30,-766422.83,-2.55
NPSAR1,2026-02-16,156692.89,15207.92,98.77,99.93,-16089.35,-1.16,1382257.90,157574.32,1411290.54,-18837.00,-3.29
NPSAR10,2026-02-16,395380.27,-15763.93,102.47,102.25,6620.24,0.21,3110080.25,404523.96,3175403.69,7598.50,0.00
NPSAR11,2026-02-16,396727.06,-15763.93,99.94,99.68,7967.03,0.26,3110080.25,404523.96,3175403.69,7598.50,-0.29
NPSAR12,2026-02-16,396125.22,-21106.93,98.89,98.66,7365.19,0.24,3110080.25,409866.96,3175403.69,12941.50,-1.82
NPSAR13,2026-02-16,397858.18,-21106.93,99.99,99.70,9098.15,0.29,3110080.25,409866.96,3175403.69,12941.50,-0.74
NPSAR2,2026-02-16,168573.49,3036.70,96.51,96.80,-4208.75,-0.30,1382257.90,169745.54,1411290.54,-6665.78,-4.25
NPSAR3,2026-02-16,172239.49,-10099.83,100.11,100.15,-542.75,-0.04,1382257.90,182882.07,1411290.54,6470.75,-0.83
NPSAR4,2026-02-16,172570.99,-8682.83,100.16,100.18,-211.25,-0.02,1382257.90,181465.07,1411290.54,5053.75,-0.90
NPSAR5,2026-02-16,168573.49,3036.70,96.28,96.57,-4208.75,-0.30,1382257.90,169745.54,1411290.54,-6665.78,-4.81
NPSAR6,2026-02-16,168573.49,3036.70,97.60,97.90,-4208.75,-0.30,1382257.90,169745.54,1411290.54,-6665.78,-3.79
NPSAR7,2026-02-16,171641.49,-11672.83,98.99,99.07,-1140.75,-0.08,1382257.90,184455.07,1411290.54,8043.75,-1.85
NPSAR8,2026-02-16,172239.49,-10099.83,97.75,97.79,-542.75,-0.04,1382257.90,182882.07,1411290.54,6470.75,-2.98
NPSAR9,2026-02-16,172202.09,-10099.83,99.83,99.87,-580.15,-0.04,1382257.90,182882.07,1411290.54,6470.75,-0.88
SPSAR1,2026-02-16,166294.24,7552.87,100.11,100.58,-6488.00,-0.47,1382257.90,165229.37,1411290.54,-11181.95,-1.56
SPSAR10,2026-02-16,393926.40,-22513.43,103.61,103.44,5166.37,0.17,3110080.25,411273.46,3175403.69,14348.00,0.00
SPSAR11,2026-02-16,396868.18,-21085.43,102.02,101.75,8108.15,0.26,3110080.25,409845.46,3175403.69,12920.00,0.00
SPSAR12,2026-02-16,395941.32,-21085.43,100.90,100.67,7181.29,0.23,3110080.25,409845.46,3175403.69,12920.00,0.00
SPSAR13,2026-02-16,396646.18,-19671.43,100.25,100.00,7886.15,0.25,3110080.25,408431.46,3175403.69,11506.00,-0.79
SPSAR2,2026-02-16,167867.24,1678.79,96.93,97.28,-4915.00,-0.36,1382257.90,171103.45,1411290.54,-5307.87,-4.03
SPSAR3,2026-02-16,170768.24,-10803.08,99.77,99.92,-2014.00,-0.15,1382257.90,183585.32,1411290.54,7174.00,-1.69
SPSAR4,2026-02-16,170768.24,-10803.08,100.16,100.31,-2014.00,-0.15,1382257.90,183585.32,1411290.54,7174.00,-1.14
SPSAR5,2026-02-16,167867.24,1678.79,95.89,96.23,-4915.00,-0.36,1382257.90,171103.45,1411290.54,-5307.87,-5.40
SPSAR6,2026-02-16,170768.24,-10803.08,98.48,98.62,-2014.00,-0.15,1382257.90,183585.32,1411290.54,7174.00,-3.10
SPSAR7,2026-02-16,170768.24,-10803.08,98.28,98.42,-2014.00,-0.15,1382257.90,183585.32,1411290.54,7174.00,-2.22
SPSAR8,2026-02-16,170768.24,-10803.08,99.81,99.96,-2014.00,-0.15,1382257.90,183585.32,1411290.54,7174.00,-0.69
SPSAR9,2026-02-16,170768.24,-10803.08,100.51,100.66,-2014.00,-0.15,1382257.90,183585.32,1411290.54,7174.00,-0.15
NLONG1,2026-02-16,10319.33,-13485.61,108.00,106.94,10319.33,1.00,1036693.42,13485.61,1058467.90,13485.61,0.00
NLONG10,2026-02-16,11363.36,0.00,106.83,105.67,11363.36,1.10,1036693.42,0.00,1058467.90,0.00,0.00
NLONG11,2026-02-16,11754.87,-13050.39,112.10,110.84,11754.87,1.13,1036693.42,13050.39,1058467.90,13050.39,0.00
NLONG12,2026-02-16,11363.36,0.00,109.55,108.36,11363.36,1.10,1036693.42,0.00,1058467.90,0.00,0.00
NLONG13,2026-02-16,6341.91,372.18,102.05,101.43,6341.91,0.61,1036693.42,-372.18,1058467.90,-372.18,-0.75
NLONG14,2026-02-16,6034.36,372.18,102.64,102.05,6034.36,0.58,1036693.42,-372.18,1058467.90,-372.18,-0.73
NLONG15,2026-02-16,7549.46,372.18,103.75,103.00,7549.46,0.73,1036693.42,-372.18,1058467.90,-372.18,-0.70
NLONG16,2026-02-16,6134.72,372.18,104.18,103.57,6134.72,0.59,1036693.42,-372.18,1058467.90,-372.18,-0.79
NLONG17,2026-02-16,6341.91,372.18,103.63,103.00,6341.91,0.61,1036693.42,-372.18,1058467.90,-372.18,-0.78
NLONG18,2026-02-16,6034.36,372.18,103.34,102.74,6034.36,0.58,1036693.42,-372.18,1058467.90,-372.18,-0.84
NLONG19,2026-02-16,7549.46,372.18,104.58,103.82,7549.46,0.73,1036693.42,-372.18,1058467.90,-372.18,-0.69
NLONG2,2026-02-16,11363.36,0.00,98.35,97.28,11363.36,1.10,1036693.42,0.00,1058467.90,0.00,-2.37
NLONG20,2026-02-16,6134.72,372.18,105.07,104.45,6134.72,0.59,1036693.42,-372.18,1058467.90,-372.18,-0.70
NLONG21,2026-02-16,6341.91,372.18,104.41,103.78,6341.91,0.61,1036693.42,-372.18,1058467.90,-372.18,0.00
NLONG22,2026-02-16,6034.36,372.18,104.57,103.96,6034.36,0.58,1036693.42,-372.18,1058467.90,-372.18,0.00
NLONG23,2026-02-16,6361.87,372.18,107.49,106.83,6361.87,0.61,1036693.42,-372.18,1058467.90,-372.18,0.00
NLONG24,2026-02-16,4947.13,372.18,108.50,107.98,4947.13,0.48,1036693.42,-372.18,1058467.90,-372.18,0.00
NLONG3,2026-02-16,10319.33,-13050.39,108.74,107.67,10319.33,1.00,1036693.42,13050.39,1058467.90,13050.39,0.00
NLONG4,2026-02-16,11363.36,0.00,105.98,104.83,11363.36,1.10,1036693.42,0.00,1058467.90,0.00,0.00
NLONG5,2026-02-16,11754.87,-13485.61,108.55,107.33,11754.87,1.13,1036693.42,13485.61,1058467.90,13485.61,0.00
NLONG6,2026-02-16,11363.36,0.00,103.61,102.49,11363.36,1.10,1036693.42,0.00,1058467.90,0.00,0.00
NLONG7,2026-02-16,11754.87,-13050.39,110.37,109.13,11754.87,1.13,1036693.42,13050.39,1058467.90,13050.39,0.00
NLONG8,2026-02-16,11363.36,0.00,106.13,104.98,11363.36,1.10,1036693.42,0.00,1058467.90,0.00,0.00
NLONG9,2026-02-16,11754.87,-13485.61,109.99,108.76,11754.87,1.13,1036693.42,13485.61,1058467.90,13485.61,0.00
SLONG1,2026-02-16,5569.27,-8219.21,106.44,105.87,5569.27,0.54,1036693.42,8219.21,1058467.90,8219.21,0.00
SLONG10,2026-02-16,5052.27,0.00,102.70,102.20,5052.27,0.49,1036693.42,0.00,1058467.90,0.00,-0.19
SLONG11,2026-02-16,5569.27,0.00,105.34,104.78,5569.27,0.54,1036693.42,0.00,1058467.90,0.00,-1.64
SLONG12,2026-02-16,5052.27,0.00,102.22,101.72,5052.27,0.49,1036693.42,0.00,1058467.90,0.00,-0.70
SLONG13,2026-02-16,3083.24,258.73,101.88,101.58,3083.24,0.30,1036693.42,-258.73,1058467.90,-258.73,-0.87
SLONG14,2026-02-16,2730.62,425.84,102.27,102.00,2730.62,0.26,1036693.42,-425.84,1058467.90,-425.84,-1.05
SLONG15,2026-02-16,4357.28,258.73,103.22,102.79,4357.28,0.42,1036693.42,-258.73,1058467.90,-258.73,-0.64
SLONG16,2026-02-16,2918.88,425.84,102.70,102.41,2918.88,0.28,1036693.42,-425.84,1058467.90,-425.84,-0.95
SLONG17,2026-02-16,3083.24,258.73,103.51,103.20,3083.24,0.30,1036693.42,-258.73,1058467.90,-258.73,-0.87
SLONG18,2026-02-16,2730.62,425.84,103.35,103.08,2730.62,0.26,1036693.42,-425.84,1058467.90,-425.84,-1.02
SLONG19,2026-02-16,4357.28,258.73,104.54,104.10,4357.28,0.42,1036693.42,-258.73,1058467.90,-258.73,-0.07
SLONG2,2026-02-16,5052.27,0.00,96.81,96.34,5052.27,0.49,1036693.42,0.00,1058467.90,0.00,-4.52
SLONG20,2026-02-16,2918.88,425.84,103.34,103.05,2918.88,0.28,1036693.42,-425.84,1058467.90,-425.84,-0.97
SLONG21,2026-02-16,3083.24,258.73,104.46,104.15,3083.24,0.30,1036693.42,-258.73,1058467.90,-258.73,-0.32
SLONG22,2026-02-16,2730.62,425.84,104.52,104.25,2730.62,0.26,1036693.42,-425.84,1058467.90,-425.84,-0.49
SLONG23,2026-02-16,3864.38,258.73,105.10,104.71,3864.38,0.37,1036693.42,-258.73,1058467.90,-258.73,-0.12
SLONG24,2026-02-16,2425.98,425.84,105.12,104.87,2425.98,0.23,1036693.42,-425.84,1058467.90,-425.84,-0.42
SLONG3,2026-02-16,5569.27,0.00,102.64,102.09,5569.27,0.54,1036693.42,0.00,1058467.90,0.00,-1.69
SLONG4,2026-02-16,5052.27,0.00,101.21,100.72,5052.27,0.49,1036693.42,0.00,1058467.90,0.00,-0.70
SLONG5,2026-02-16,5569.27,-8219.21,106.43,105.86,5569.27,0.54,1036693.42,8219.21,1058467.90,8219.21,0.00
SLONG6,2026-02-16,5052.27,0.00,102.78,102.28,5052.27,0.49,1036693.42,0.00,1058467.90,0.00,-0.20
SLONG7,2026-02-16,5569.27,0.00,103.25,102.70,5569.27,0.54,1036693.42,0.00,1058467.90,0.00,-1.64
SLONG8,2026-02-16,5052.27,0.00,102.17,101.67,5052.27,0.49,1036693.42,0.00,1058467.90,0.00,-0.70
SLONG9,2026-02-16,5569.27,-8219.21,108.17,107.59,5569.27,0.54,1036693.42,8219.21,1058467.90,8219.21,0.00
Large Cap Stock Holdings,2026-02-16,26111111.25,0.00,97.66,97.42,65462.50,0.25,26045648.75,26045648.75,26547167.50,-501518.75,-3.45
Liquidcase Stock Holdings,2026-02-16,6612246.40,0.00,100.38,100.36,1172.80,0.02,6611073.60,6611073.60,6609314.40,1759.20,0.00
Small Cap Stock Holdings,2026-02-16,11867450.00,0.00,105.67,105.92,-28400.00,-0.24,11895850.00,11895850.00,12138350.00,-242500.00,-4.35
Debt Stock Holdings,2026-02-16,6612246.40,0.00,100.38,100.36,1172.80,0.02,6611073.60,6611073.60,6609314.40,1759.20,0.00
Equity Stock Holdings,2026-02-16,37978561.25,0.00,100.02,99.92,37062.50,0.10,37941498.75,37941498.75,38685517.50,-744018.75,-3.58
Stock Holdings,2026-02-16,44590807.65,0.00,100.07,99.98,38235.30,0.09,44552572.35,44552572.35,45294831.90,-742259.55,-3.05
Miscellaneous P&L,2026-02-16,0.00,0.00,100.00,100.00,0.00,0.00,0.00,0.00,0.00,0.00,0.00
Total Tax,2026-02-16,-1567.10,760.89,100.00,100.00,-1567.10,0.00,0.00,-760.89,0.00,0.00,0.00
Equity Holdings Tax,2026-02-16,0.00,0.00,100.00,100.00,0.00,0.00,0.00,0.00,0.00,0.00,0.00
Equity Intraday Tax,2026-02-16,0.00,0.00,100.00,100.00,0.00,0.00,0.00,0.00,0.00,0.00,0.00
F&O Tax,2026-02-16,-1567.10,760.89,100.00,100.00,-1567.10,0.00,0.00,-760.89,0.00,0.00,0.00
MCX Tax,2026-02-16,0.00,0.00,100.00,100.00,0.00,0.00,0.00,0.00,0.00,0.00,0.00
Total Other Debits and Credits,2026-02-16,0.00,0.00,100.00,100.00,0.00,0.00,0.00,0.00,0.00,0.00,0.00
Equity Other Debits and Credits,2026-02-16,0.00,0.00,100.00,100.00,0.00,0.00,0.00,0.00,0.00,0.00,0.00
NPSAR,2026-02-16,3109397.62,-100078.87,99.38,99.38,-682.64,0.00,24880642.10,3210159.11,25403229.62,34755.41,-1.07
SPSAR,2026-02-16,3110020.22,-138263.77,100.28,100.28,-60.04,0.00,24880642.10,3248344.01,25403229.62,72940.31,-0.36
NLONG,2026-02-16,211644.47,-75141.84,105.91,105.02,211644.47,0.85,24880642.08,75141.84,25403229.60,75141.84,0.00
SLONG,2026-02-16,102013.50,-20550.21,103.50,103.08,102013.50,0.41,24880642.08,20550.21,25403229.60,20550.21,-0.54
PSAR,2026-02-16,6219417.85,-238342.64,99.83,99.83,-742.68,0.00,49761284.20,6458503.12,50806459.24,107695.72,-0.71
LONG,2026-02-16,313657.97,-95692.05,104.70,104.05,313657.97,0.63,49761284.16,95692.05,50806459.20,95692.05,-0.05
Total Portfolio Value,2026-02-16,6531508.72,-333273.80,104.42,103.77,311348.19,0.63,49761284.00,6553434.28,50806459.00,202626.88,0.00
Zerodha Total Portfolio,2026-02-16,50098045.29,0.00,104.43,103.71,349583.49,0.70,49748461.80,49748461.80,50288094.47,-539632.67,-1.87
NPSAR1,2026-02-17,173100.36,17243.88,98.71,98.77,-836.41,-0.06,1391494.15,156692.89,1382257.90,-16089.35,-3.35
NPSAR10,2026-02-17,396742.73,-4022.54,102.65,102.47,5385.00,0.17,3130861.81,395380.27,3110080.25,6620.24,0.00
NPSAR11,2026-02-17,395078.65,-5369.33,100.06,99.94,3720.92,0.12,3130861.81,396727.06,3110080.25,7967.03,-0.17
NPSAR12,2026-02-17,389903.19,-4767.49,98.84,98.89,-1454.54,-0.05,3130861.81,396125.22,3110080.25,7365.19,-1.87
NPSAR13,2026-02-17,381347.84,-6500.45,99.67,99.99,-10009.89,-0.32,3130861.81,397858.18,3110080.25,9098.15,-1.06
NPSAR2,2026-02-17,174485.92,5363.28,96.55,96.51,549.15,0.04,1391494.15,168573.49,1382257.90,-4208.75,-4.21
NPSAR3,2026-02-17,176099.07,1697.28,100.27,100.11,2162.30,0.16,1391494.15,172239.49,1382257.90,-542.75,-0.67
NPSAR4,2026-02-17,175510.82,1365.78,100.27,100.16,1574.05,0.11,1391494.15,172570.99,1382257.90,-211.25,-0.79
NPSAR5,2026-02-17,171774.80,5363.28,96.13,96.28,-2161.97,-0.16,1391494.15,168573.49,1382257.90,-4208.75,-4.96
NPSAR6,2026-02-17,173514.35,5363.28,97.57,97.60,-422.42,-0.03,1391494.15,168573.49,1382257.90,-4208.75,-3.82
NPSAR7,2026-02-17,177075.13,2295.28,99.21,98.99,3138.36,0.23,1391494.15,171641.49,1382257.90,-1140.75,-1.64
NPSAR8,2026-02-17,178718.48,1697.28,98.09,97.75,4781.71,0.34,1391494.15,172239.49,1382257.90,-542.75,-2.64
NPSAR9,2026-02-17,179231.63,1734.68,100.21,99.83,5294.86,0.38,1391494.15,172202.09,1382257.90,-580.15,-0.51
SPSAR1,2026-02-17,173638.77,7642.53,100.09,100.11,-298.00,-0.02,1391494.15,166294.24,1382257.90,-6488.00,-1.58
SPSAR10,2026-02-17,396357.73,-2568.67,103.78,103.61,5000.00,0.16,3130861.81,393926.40,3110080.25,5166.37,0.00
SPSAR11,2026-02-17,396091.73,-5510.45,102.17,102.02,4734.00,0.15,3130861.81,396868.18,3110080.25,8108.15,0.00
SPSAR12,2026-02-17,391577.14,-4583.59,100.91,100.90,219.41,0.01,3130861.81,395941.32,3110080.25,7181.29,0.00
SPSAR13,2026-02-17,395305.04,-5288.45,100.38,100.25,3947.31,0.13,3130861.81,396646.18,3110080.25,7886.15,-0.66
SPSAR2,2026-02-17,174011.77,6069.53,96.94,96.93,75.00,0.01,1391494.15,167867.24,1382257.90,-4915.00,-4.02
SPSAR3,2026-02-17,174789.77,3168.53,99.83,99.77,853.00,0.06,1391494.15,170768.24,1382257.90,-2014.00,-1.63
SPSAR4,2026-02-17,174789.77,3168.53,100.22,100.16,853.00,0.06,1391494.15,170768.24,1382257.90,-2014.00,-1.08
SPSAR5,2026-02-17,170898.71,6069.53,95.68,95.89,-3038.06,-0.22,1391494.15,167867.24,1382257.90,-4915.00,-5.60
SPSAR6,2026-02-17,172663.82,3168.53,98.39,98.48,-1272.95,-0.09,1391494.15,170768.24,1382257.90,-2014.00,-3.19
SPSAR7,2026-02-17,173805.04,3168.53,98.27,98.28,-131.73,-0.01,1391494.15,170768.24,1382257.90,-2014.00,-2.23
SPSAR8,2026-02-17,176489.38,3168.53,99.99,99.81,2552.61,0.18,1391494.15,170768.24,1382257.90,-2014.00,-0.51
SPSAR9,2026-02-17,177526.96,3168.53,100.77,100.51,3590.19,0.26,1391494.15,170768.24,1382257.90,-2014.00,0.00
NLONG1,2026-02-17,-12512.41,-10319.33,106.71,108.00,-12512.41,-1.20,1043620.60,10319.33,1036693.42,10319.33,-1.19
NLONG10,2026-02-17,-13307.44,-11363.36,105.47,106.83,-13307.44,-1.28,1043620.60,11363.36,1036693.42,11363.36,-1.27
NLONG11,2026-02-17,-11268.52,-11754.87,110.89,112.10,-11268.52,-1.08,1043620.60,11754.87,1036693.42,11754.87,-1.08
NLONG12,2026-02-17,-18369.97,-11363.36,107.62,109.55,-18369.97,-1.76,1043620.60,11363.36,1036693.42,11363.36,-1.76
NLONG13,2026-02-17,-11057.09,-6341.91,100.97,102.05,-11057.09,-1.06,1043620.60,6341.91,1036693.42,6341.91,-1.80
NLONG14,2026-02-17,-10942.27,-6034.36,101.56,102.64,-10942.27,-1.05,1043620.60,6034.36,1036693.42,6034.36,-1.77
NLONG15,2026-02-17,-10176.79,-7549.46,102.74,103.75,-10176.79,-0.98,1043620.60,7549.46,1036693.42,7549.46,-1.67
NLONG16,2026-02-17,-11025.19,-6134.72,103.08,104.18,-11025.19,-1.06,1043620.60,6134.72,1036693.42,6134.72,-1.84
NLONG17,2026-02-17,-11057.09,-6341.91,102.53,103.63,-11057.09,-1.06,1043620.60,6341.91,1036693.42,6341.91,-1.83
NLONG18,2026-02-17,-10942.27,-6034.36,102.26,103.34,-10942.27,-1.05,1043620.60,6034.36,1036693.42,6034.36,-1.88
NLONG19,2026-02-17,-10176.79,-7549.46,103.56,104.58,-10176.79,-0.98,1043620.60,7549.46,1036693.42,7549.46,-1.66
NLONG2,2026-02-17,-13307.44,-11363.36,97.10,98.35,-13307.44,-1.28,1043620.60,11363.36,1036693.42,11363.36,-3.61
NLONG20,2026-02-17,-11025.19,-6134.72,103.96,105.07,-11025.19,-1.06,1043620.60,6134.72,1036693.42,6134.72,-1.75
NLONG21,2026-02-17,-11057.09,-6341.91,103.30,104.41,-11057.09,-1.06,1043620.60,6341.91,1036693.42,6341.91,-1.06
NLONG22,2026-02-17,-10942.27,-6034.36,103.47,104.57,-10942.27,-1.05,1043620.60,6034.36,1036693.42,6034.36,-1.05
NLONG23,2026-02-17,-10176.79,-6361.87,106.44,107.49,-10176.79,-0.98,1043620.60,6361.87,1036693.42,6361.87,-0.98
NLONG24,2026-02-17,-11025.19,-4947.13,107.35,108.50,-11025.19,-1.06,1043620.60,4947.13,1036693.42,4947.13,-1.06
NLONG3,2026-02-17,-11268.52,-10319.33,107.57,108.74,-11268.52,-1.08,1043620.60,10319.33,1036693.42,10319.33,-1.08
NLONG4,2026-02-17,-17652.45,-11363.36,104.19,105.98,-17652.45,-1.69,1043620.60,11363.36,1036693.42,11363.36,-1.69
NLONG5,2026-02-17,-12512.41,-11754.87,107.25,108.55,-12512.41,-1.20,1043620.60,11754.87,1036693.42,11754.87,-1.20
NLONG6,2026-02-17,-13307.44,-11363.36,102.29,103.61,-13307.44,-1.28,1043620.60,11363.36,1036693.42,11363.36,-1.27
NLONG7,2026-02-17,-11268.52,-11754.87,109.18,110.37,-11268.52,-1.08,1043620.60,11754.87,1036693.42,11754.87,-1.08
NLONG8,2026-02-17,-17652.45,-11363.36,104.33,106.13,-17652.45,-1.69,1043620.60,11363.36,1036693.42,11363.36,-1.70
NLONG9,2026-02-17,-12512.41,-11754.87,108.67,109.99,-12512.41,-1.20,1043620.60,11754.87,1036693.42,11754.87,-1.20
SLONG1,2026-02-17,-4778.81,-5569.27,105.95,106.44,-4778.81,-0.46,1043620.60,5569.27,1036693.42,5569.27,-0.46
SLONG10,2026-02-17,-5904.45,-5052.27,102.12,102.70,-5904.45,-0.57,1043620.60,5052.27,1036693.42,5052.27,-0.76
SLONG11,2026-02-17,-4480.47,-5569.27,104.89,105.34,-4480.47,-0.43,1043620.60,5569.27,1036693.42,5569.27,-2.06
SLONG12,2026-02-17,-6168.44,-5052.27,101.62,102.22,-6168.44,-0.59,1043620.60,5052.27,1036693.42,5052.27,-1.28
SLONG13,2026-02-17,-4282.97,-3083.24,101.46,101.88,-4282.97,-0.41,1043620.60,3083.24,1036693.42,3083.24,-1.27
SLONG14,2026-02-17,-4006.22,-2730.62,101.88,102.27,-4006.22,-0.38,1043620.60,2730.62,1036693.42,2730.62,-1.43
SLONG15,2026-02-17,-3977.76,-4357.28,102.83,103.22,-3977.76,-0.38,1043620.60,4357.28,1036693.42,4357.28,-1.01
SLONG16,2026-02-17,-4151.47,-2918.88,102.29,102.70,-4151.47,-0.40,1043620.60,2918.88,1036693.42,2918.88,-1.35
SLONG17,2026-02-17,-4282.97,-3083.24,103.09,103.51,-4282.97,-0.41,1043620.60,3083.24,1036693.42,3083.24,-1.27
SLONG18,2026-02-17,-4006.22,-2730.62,102.95,103.35,-4006.22,-0.38,1043620.60,2730.62,1036693.42,2730.62,-1.41
SLONG19,2026-02-17,-3977.76,-4357.28,104.14,104.54,-3977.76,-0.38,1043620.60,4357.28,1036693.42,4357.28,-0.45
SLONG2,2026-02-17,-6261.99,-5052.27,96.23,96.81,-6261.99,-0.60,1043620.60,5052.27,1036693.42,5052.27,-5.09
SLONG20,2026-02-17,-4151.47,-2918.88,102.93,103.34,-4151.47,-0.40,1043620.60,2918.88,1036693.42,2918.88,-1.36
SLONG21,2026-02-17,-4282.97,-3083.24,104.03,104.46,-4282.97,-0.41,1043620.60,3083.24,1036693.42,3083.24,-0.73
SLONG22,2026-02-17,-4006.22,-2730.62,104.12,104.52,-4006.22,-0.38,1043620.60,2730.62,1036693.42,2730.62,-0.87
SLONG23,2026-02-17,-3977.76,-3864.38,104.70,105.10,-3977.76,-0.38,1043620.60,3864.38,1036693.42,3864.38,-0.50
SLONG24,2026-02-17,-4151.47,-2425.98,104.70,105.12,-4151.47,-0.40,1043620.60,2425.98,1036693.42,2425.98,-0.81
SLONG3,2026-02-17,-4480.47,-5569.27,102.20,102.64,-4480.47,-0.43,1043620.60,5569.27,1036693.42,5569.27,-2.11
SLONG4,2026-02-17,-6499.49,-5052.27,100.58,101.21,-6499.49,-0.62,1043620.60,5052.27,1036693.42,5052.27,-1.31
SLONG5,2026-02-17,-4778.81,-5569.27,105.94,106.43,-4778.81,-0.46,1043620.60,5569.27,1036693.42,5569.27,-0.46
SLONG6,2026-02-17,-6261.99,-5052.27,102.16,102.78,-6261.99,-0.60,1043620.60,5052.27,1036693.42,5052.27,-0.81
SLONG7,2026-02-17,-4480.47,-5569.27,102.81,103.25,-4480.47,-0.43,1043620.60,5569.27,1036693.42,5569.27,-2.06
SLONG8,2026-02-17,-6141.95,-5052.27,101.57,102.17,-6141.95,-0.59,1043620.60,5052.27,1036693.42,5052.27,-1.28
SLONG9,2026-02-17,-4778.81,-5569.27,107.67,108.17,-4778.81,-0.46,1043620.60,5569.27,1036693.42,5569.27,-0.46
Large Cap Stock Holdings,2026-02-17,26908355.00,0.00,100.64,97.66,797243.75,3.05,26111111.25,26111111.25,26045648.75,65462.50,-0.50
Liquidcase Stock Holdings,2026-02-17,6613419.20,0.00,100.40,100.38,1172.80,0.02,6612246.40,6612246.40,6611073.60,1172.80,0.00
Small Cap Stock Holdings,2026-02-17,12634300.00,0.00,112.50,105.67,766850.00,6.46,11867450.00,11867450.00,11895850.00,-28400.00,0.00
Debt Stock Holdings,2026-02-17,6613419.20,0.00,100.40,100.38,1172.80,0.02,6612246.40,6612246.40,6611073.60,1172.80,0.00
Equity Stock Holdings,2026-02-17,39542655.00,0.00,104.14,100.02,1564093.75,4.12,37978561.25,37978561.25,37941498.75,37062.50,0.00
Stock Holdings,2026-02-17,46156074.20,0.00,103.58,100.07,1565266.55,3.51,44590807.65,44590807.65,44552572.35,38235.30,0.00
Miscellaneous P&L,2026-02-17,0.00,0.00,100.00,100.00,0.00,0.00,0.00,0.00,0.00,0.00,0.00
Total Tax,2026-02-17,-3127.44,1567.10,100.00,100.00,-3127.44,0.00,0.00,-1567.10,0.00,0.00,0.00
Equity Holdings Tax,2026-02-17,0.00,0.00,100.00,100.00,0.00,0.00,0.00,0.00,0.00,0.00,0.00
Equity Intraday Tax,2026-02-17,0.00,0.00,100.00,100.00,0.00,0.00,0.00,0.00,0.00,0.00,0.00
F&O Tax,2026-02-17,-3127.44,1567.10,100.00,100.00,-3127.44,0.00,0.00,-1567.10,0.00,0.00,0.00
MCX Tax,2026-02-17,0.00,0.00,100.00,100.00,0.00,0.00,0.00,0.00,0.00,0.00,0.00
Total Other Debits and Credits,2026-02-17,-500.00,0.00,100.00,100.00,-500.00,0.00,0.00,0.00,0.00,0.00,0.00
Equity Other Debits and Credits,2026-02-17,-500.00,0.00,100.00,100.00,-500.00,0.00,0.00,0.00,0.00,0.00,0.00
NPSAR,2026-02-17,3142582.94,21464.18,99.43,99.38,11721.12,0.05,25046894.59,3109397.62,24880642.10,-682.64,-1.02
SPSAR,2026-02-17,3147945.60,20841.58,100.35,100.28,17083.78,0.07,25046894.59,3110020.22,24880642.10,-60.04,-0.29
NLONG,2026-02-17,-294544.00,-211644.47,104.67,105.91,-294544.00,-1.18,25046894.40,211644.47,24880642.08,211644.47,-1.18
SLONG,2026-02-17,-114271.41,-102013.50,103.03,103.50,-114271.41,-0.46,25046894.40,102013.50,24880642.08,102013.50,-0.99
PSAR,2026-02-17,6290528.55,42305.77,99.89,99.83,28804.90,0.06,50093789.18,6219417.84,49761284.20,-742.68,-0.66
LONG,2026-02-17,-408815.41,-313657.97,103.85,104.70,-408815.41,-0.82,50093788.80,313657.97,49761284.16,313657.97,-0.87
Total Portfolio Value,2026-02-17,5878585.70,-269785.10,103.63,104.42,-383137.95,-0.76,50093789.00,6531508.72,49761284.00,311348.19,-0.76
Zerodha Total Portfolio,2026-02-17,51279673.89,0.00,106.90,104.43,1181628.60,2.36,50098045.29,50098045.29,49748461.80,349583.49,0.00
NPSAR1,2026-02-18,171863.39,995.78,98.55,98.71,-2232.75,-0.16,1392769.09,173100.36,1391494.15,-836.41,-3.51
NPSAR10,2026-02-18,399431.81,-5026.42,102.90,102.65,7715.50,0.25,3133730.44,396742.73,3130861.81,5385.00,0.00
NPSAR11,2026-02-18,389771.69,-3362.35,100.00,100.06,-1944.62,-0.06,3133730.44,395078.65,3130861.81,3720.92,-0.23
NPSAR12,2026-02-18,392215.45,1813.11,98.86,98.84,499.14,0.02,3133730.44,389903.19,3130861.81,-1454.54,-1.85
NPSAR13,2026-02-18,391123.51,10368.47,99.65,99.67,-592.80,-0.02,3133730.44,381347.84,3130861.81,-10009.89,-1.08
NPSAR2,2026-02-18,171863.39,-389.78,96.40,96.55,-2232.75,-0.16,1392769.09,174485.92,1391494.15,549.15,-4.36
NPSAR3,2026-02-18,171863.39,-2002.93,100.11,100.27,-2232.75,-0.16,1392769.09,176099.07,1391494.15,2162.30,-0.83
NPSAR4,2026-02-18,171744.56,-1414.68,100.10,100.27,-2351.58,-0.17,1392769.09,175510.82,1391494.15,1574.05,-0.96
NPSAR5,2026-02-18,177589.89,2321.34,96.37,96.13,3493.75,0.25,1392769.09,171774.80,1391494.15,-2161.97,-4.73
NPSAR6,2026-02-18,177589.89,581.79,97.81,97.57,3493.75,0.25,1392769.09,173514.35,1391494.15,-422.42,-3.58
NPSAR7,2026-02-18,177589.89,-2978.99,99.46,99.21,3493.75,0.25,1392769.09,177075.13,1391494.15,3138.36,-1.39
NPSAR8,2026-02-18,177589.89,-4622.34,98.34,98.09,3493.75,0.25,1392769.09,178718.48,1391494.15,4781.71,-2.39
NPSAR9,2026-02-18,177589.89,-5135.49,100.46,100.21,3493.75,0.25,1392769.09,179231.63,1391494.15,5294.86,-0.26
SPSAR1,2026-02-18,169976.14,457.37,99.79,100.09,-4120.00,-0.30,1392769.09,173638.77,1391494.15,-298.00,-1.88
SPSAR10,2026-02-18,395140.31,-4641.42,103.89,103.78,3424.00,0.11,3133730.44,396357.73,3130861.81,5000.00,0.00
SPSAR11,2026-02-18,392699.49,-4375.42,102.20,102.17,983.18,0.03,3133730.44,396091.73,3130861.81,4734.00,0.00
SPSAR12,2026-02-18,392071.62,139.16,100.92,100.91,355.31,0.01,3133730.44,391577.14,3130861.81,219.41,0.00
SPSAR13,2026-02-18,398412.15,-3588.73,100.59,100.38,6695.84,0.21,3133730.44,395305.04,3130861.81,3947.31,-0.46
SPSAR2,2026-02-18,170978.14,84.37,96.72,96.94,-3118.00,-0.22,1392769.09,174011.77,1391494.15,75.00,-4.24
SPSAR3,2026-02-18,173537.14,-693.63,99.79,99.83,-559.00,-0.04,1392769.09,174789.77,1391494.15,853.00,-1.67
SPSAR4,2026-02-18,173537.14,-693.63,100.18,100.22,-559.00,-0.04,1392769.09,174789.77,1391494.15,853.00,-1.12
SPSAR5,2026-02-18,178731.14,3197.43,96.00,95.68,4635.00,0.33,1392769.09,170898.71,1391494.15,-3038.06,-5.29
SPSAR6,2026-02-18,178731.14,1432.32,98.72,98.39,4635.00,0.33,1392769.09,172663.82,1391494.15,-1272.95,-2.86
SPSAR7,2026-02-18,178359.14,291.10,98.57,98.27,4263.00,0.31,1392769.09,173805.04,1391494.15,-131.73,-1.93
SPSAR8,2026-02-18,177482.14,-2393.24,100.23,99.99,3386.00,0.24,1392769.09,176489.38,1391494.15,2552.61,-0.27
SPSAR9,2026-02-18,177482.14,-3430.82,101.01,100.77,3386.00,0.24,1392769.09,177526.96,1391494.15,3590.19,0.00
NLONG1,2026-02-18,0.00,12512.41,106.71,106.71,0.00,0.00,1044576.81,-12512.41,1043620.60,-12512.41,-1.19
NLONG10,2026-02-18,-916.47,13307.44,105.38,105.47,-916.47,-0.09,1044576.81,-13307.44,1043620.60,-13307.44,-1.36
NLONG11,2026-02-18,0.00,11268.52,110.89,110.89,0.00,0.00,1044576.81,-11268.52,1043620.60,-11268.52,-1.08
NLONG12,2026-02-18,0.00,18369.97,107.62,107.62,0.00,0.00,1044576.81,-18369.97,1043620.60,-18369.97,-1.76
NLONG13,2026-02-18,535.60,11057.09,101.02,100.97,535.60,0.05,1044576.81,-11057.09,1043620.60,-11057.09,-1.75
NLONG14,2026-02-18,187.97,10942.27,101.58,101.56,187.97,0.02,1044576.81,-10942.27,1043620.60,-10942.27,-1.75
NLONG15,2026-02-18,535.60,10176.79,102.79,102.74,535.60,0.05,1044576.81,-10176.79,1043620.60,-10176.79,-1.62
NLONG16,2026-02-18,187.97,11025.19,103.10,103.08,187.97,0.02,1044576.81,-11025.19,1043620.60,-11025.19,-1.82
NLONG17,2026-02-18,535.60,11057.09,102.58,102.53,535.60,0.05,1044576.81,-11057.09,1043620.60,-11057.09,-1.78
NLONG18,2026-02-18,187.97,10942.27,102.28,102.26,187.97,0.02,1044576.81,-10942.27,1043620.60,-10942.27,-1.86
NLONG19,2026-02-18,535.60,10176.79,103.61,103.56,535.60,0.05,1044576.81,-10176.79,1043620.60,-10176.79,-1.61
NLONG2,2026-02-18,-916.47,13307.44,97.01,97.10,-916.47,-0.09,1044576.81,-13307.44,1043620.60,-13307.44,-3.70
NLONG20,2026-02-18,187.97,11025.19,103.98,103.96,187.97,0.02,1044576.81,-11025.19,1043620.60,-11025.19,-1.73
NLONG21,2026-02-18,535.60,11057.09,103.35,103.30,535.60,0.05,1044576.81,-11057.09,1043620.60,-11057.09,-1.02
NLONG22,2026-02-18,187.97,10942.27,103.49,103.47,187.97,0.02,1044576.81,-10942.27,1043620.60,-10942.27,-1.03
NLONG23,2026-02-18,679.90,10176.79,106.51,106.44,679.90,0.07,1044576.81,-10176.79,1043620.60,-10176.79,-0.91
NLONG24,2026-02-18,679.90,11025.19,107.42,107.35,679.90,0.07,1044576.81,-11025.19,1043620.60,-11025.19,-1.00
NLONG3,2026-02-18,0.00,11268.52,107.57,107.57,0.00,0.00,1044576.81,-11268.52,1043620.60,-11268.52,-1.08
NLONG4,2026-02-18,0.00,17652.45,104.19,104.19,0.00,0.00,1044576.81,-17652.45,1043620.60,-17652.45,-1.69
NLONG5,2026-02-18,0.00,12512.41,107.25,107.25,0.00,0.00,1044576.81,-12512.41,1043620.60,-12512.41,-1.20
NLONG6,2026-02-18,-916.47,13307.44,102.20,102.29,-916.47,-0.09,1044576.81,-13307.44,1043620.60,-13307.44,-1.36
NLONG7,2026-02-18,0.00,11268.52,109.18,109.18,0.00,0.00,1044576.81,-11268.52,1043620.60,-11268.52,-1.08
NLONG8,2026-02-18,0.00,17652.45,104.33,104.33,0.00,0.00,1044576.81,-17652.45,1043620.60,-17652.45,-1.70
NLONG9,2026-02-18,0.00,12512.41,108.67,108.67,0.00,0.00,1044576.81,-12512.41,1043620.60,-12512.41,-1.20
SLONG1,2026-02-18,0.00,4778.81,105.95,105.95,0.00,0.00,1044576.81,-4778.81,1043620.60,-4778.81,-0.46
SLONG10,2026-02-18,-1177.00,5904.45,102.00,102.12,-1177.00,-0.11,1044576.81,-5904.45,1043620.60,-5904.45,-0.87
SLONG11,2026-02-18,0.00,4480.47,104.89,104.89,0.00,0.00,1044576.81,-4480.47,1043620.60,-4480.47,-2.06
SLONG12,2026-02-18,-1108.63,6168.44,101.51,101.62,-1108.63,-0.11,1044576.81,-6168.44,1043620.60,-6168.44,-1.39
SLONG13,2026-02-18,967.76,4282.97,101.55,101.46,967.76,0.09,1044576.81,-4282.97,1043620.60,-4282.97,-1.19
SLONG14,2026-02-18,1016.14,4006.22,101.98,101.88,1016.14,0.10,1044576.81,-4006.22,1043620.60,-4006.22,-1.34
SLONG15,2026-02-18,967.76,3977.76,102.93,102.83,967.76,0.09,1044576.81,-3977.76,1043620.60,-3977.76,-0.91
SLONG16,2026-02-18,1016.14,4151.47,102.39,102.29,1016.14,0.10,1044576.81,-4151.47,1043620.60,-4151.47,-1.25
SLONG17,2026-02-18,967.76,4282.97,103.19,103.09,967.76,0.09,1044576.81,-4282.97,1043620.60,-4282.97,-1.18
SLONG18,2026-02-18,1016.14,4006.22,103.05,102.95,1016.14,0.10,1044576.81,-4006.22,1043620.60,-4006.22,-1.31
SLONG19,2026-02-18,967.76,3977.76,104.24,104.14,967.76,0.09,1044576.81,-3977.76,1043620.60,-3977.76,-0.35
SLONG2,2026-02-18,-1177.00,6261.99,96.12,96.23,-1177.00,-0.11,1044576.81,-6261.99,1043620.60,-6261.99,-5.20
SLONG20,2026-02-18,1016.14,4151.47,103.03,102.93,1016.14,0.10,1044576.81,-4151.47,1043620.60,-4151.47,-1.26
SLONG21,2026-02-18,967.76,4282.97,104.13,104.03,967.76,0.09,1044576.81,-4282.97,1043620.60,-4282.97,-0.64
SLONG22,2026-02-18,1016.14,4006.22,104.22,104.12,1016.14,0.10,1044576.81,-4006.22,1043620.60,-4006.22,-0.77
SLONG23,2026-02-18,1841.63,3977.76,104.88,104.70,1841.63,0.18,1044576.81,-3977.76,1043620.60,-3977.76,-0.33
SLONG24,2026-02-18,1627.64,4151.47,104.86,104.70,1627.64,0.16,1044576.81,-4151.47,1043620.60,-4151.47,-0.66
SLONG3,2026-02-18,0.00,4480.47,102.20,102.20,0.00,0.00,1044576.81,-4480.47,1043620.60,-4480.47,-2.11
SLONG4,2026-02-18,-1108.63,6499.49,100.47,100.58,-1108.63,-0.11,1044576.81,-6499.49,1043620.60,-6499.49,-1.42
SLONG5,2026-02-18,0.00,4778.81,105.94,105.94,0.00,0.00,1044576.81,-4778.81,1043620.60,-4778.81,-0.46
SLONG6,2026-02-18,-1177.00,6261.99,102.04,102.16,-1177.00,-0.11,1044576.81,-6261.99,1043620.60,-6261.99,-0.92
SLONG7,2026-02-18,0.00,4480.47,102.81,102.81,0.00,0.00,1044576.81,-4480.47,1043620.60,-4480.47,-2.06
SLONG8,2026-02-18,-1108.63,6141.95,101.46,101.57,-1108.63,-0.11,1044576.81,-6141.95,1043620.60,-6141.95,-1.39
SLONG9,2026-02-18,0.00,4778.81,107.67,107.67,0.00,0.00,1044576.81,-4778.81,1043620.60,-4778.81,-0.46
Large Cap Stock Holdings,2026-02-18,27922015.00,825650.00,101.34,100.64,188010.00,0.70,26908355.00,26908355.00,26111111.25,797243.75,0.00
Liquidcase Stock Holdings,2026-02-18,6614005.60,0.00,100.41,100.40,586.40,0.01,6613419.20,6613419.20,6612246.40,1172.80,0.00
Small Cap Stock Holdings,2026-02-18,12584625.00,634400.00,106.41,112.50,-684075.00,-5.41,12634300.00,12634300.00,11867450.00,766850.00,-5.41
Debt Stock Holdings,2026-02-18,6614005.60,0.00,100.41,100.40,586.40,0.01,6613419.20,6613419.20,6612246.40,1172.80,0.00
Equity Stock Holdings,2026-02-18,40506640.00,1460050.00,102.84,104.14,-496065.00,-1.25,39542655.00,39542655.00,37978561.25,1564093.75,-1.25
Stock Holdings,2026-02-18,47120645.60,1460050.00,102.47,103.58,-495478.60,-1.07,46156074.20,46156074.20,44590807.65,1565266.55,-1.07
Miscellaneous P&L,2026-02-18,0.00,0.00,100.00,100.00,0.00,0.00,0.00,0.00,0.00,0.00,0.00
Total Tax,2026-02-18,-1334.89,3127.44,100.00,100.00,-1334.89,0.00,0.00,-3127.44,0.00,0.00,0.00
Equity Holdings Tax,2026-02-18,0.00,0.00,100.00,100.00,0.00,0.00,0.00,0.00,0.00,0.00,0.00
Equity Intraday Tax,2026-02-18,0.00,0.00,100.00,100.00,0.00,0.00,0.00,0.00,0.00,0.00,0.00
F&O Tax,2026-02-18,-1334.89,3127.44,100.00,100.00,-1334.89,0.00,0.00,-3127.44,0.00,0.00,0.00
MCX Tax,2026-02-18,0.00,0.00,100.00,100.00,0.00,0.00,0.00,0.00,0.00,0.00,0.00
Total Other Debits and Credits,2026-02-18,0.00,500.00,100.00,100.00,0.00,0.00,0.00,-500.00,0.00,0.00,0.00
Equity Other Debits and Credits,2026-02-18,0.00,500.00,100.00,100.00,0.00,0.00,0.00,-500.00,0.00,0.00,0.00
NPSAR,2026-02-18,3147826.59,-8852.52,99.48,99.43,14096.14,0.06,25069843.57,3142582.94,25046894.59,11721.12,-0.97
SPSAR,2026-02-18,3157137.78,-14215.18,100.44,100.35,23407.33,0.09,25069843.57,3147945.60,25046894.59,17083.78,-0.20
NLONG,2026-02-18,2228.24,294544.00,104.68,104.67,2228.24,0.01,25069843.44,-294544.00,25046894.40,-294544.00,-1.17
SLONG,2026-02-18,6531.88,114271.41,103.06,103.03,6531.88,0.03,25069843.44,-114271.41,25046894.40,-114271.41,-0.97
PSAR,2026-02-18,6304964.36,-23067.71,99.96,99.89,37503.47,0.07,50139687.14,6290528.55,50093789.18,28804.90,-0.58
LONG,2026-02-18,8760.12,408815.41,103.87,103.85,8760.12,0.02,50139686.88,-408815.41,50093788.80,-408815.41,-0.85
Total Portfolio Value,2026-02-18,6312389.59,388875.14,103.72,103.63,44928.70,0.09,50139687.00,5878585.70,50093789.00,-383137.95,-0.67
Zerodha Total Portfolio,2026-02-18,52289173.99,1460050.00,105.96,106.90,-450549.90,-0.88,51279673.89,51279673.89,50098045.29,1181628.60,-0.88
NPSAR1,2026-02-19,191633.29,9386.15,99.26,98.55,10383.75,0.72,1449996.34,171863.39,1392769.09,-2232.75,-2.81
NPSAR10,2026-02-19,413280.55,8379.67,103.07,102.90,5469.08,0.17,3262491.75,399431.80,3133730.44,7715.50,0.00
NPSAR11,2026-02-19,416322.52,18039.79,100.26,100.00,8511.05,0.26,3262491.75,389771.68,3133730.44,-1944.62,0.00
NPSAR12,2026-02-19,417026.63,15596.03,99.14,98.86,9215.16,0.28,3262491.75,392215.44,3133730.44,499.14,-1.57
NPSAR13,2026-02-19,418515.21,16687.97,99.98,99.65,10703.74,0.33,3262491.75,391123.50,3133730.44,-592.80,-0.75
NPSAR2,2026-02-19,191633.29,9386.15,97.09,96.40,10383.75,0.72,1449996.34,171863.39,1392769.09,-2232.75,-3.67
NPSAR3,2026-02-19,191633.29,9386.15,100.83,100.11,10383.75,0.72,1449996.34,171863.39,1392769.09,-2232.75,-0.12
NPSAR4,2026-02-19,165937.86,9504.98,99.04,100.10,-15311.68,-1.06,1449996.34,171744.56,1392769.09,-2351.58,-2.01
NPSAR5,2026-02-19,175060.77,3659.65,95.96,96.37,-6188.77,-0.43,1449996.34,177589.89,1392769.09,3493.75,-5.13
NPSAR6,2026-02-19,177147.99,3659.65,97.53,97.81,-4101.55,-0.28,1449996.34,177589.89,1392769.09,3493.75,-3.85
NPSAR7,2026-02-19,176728.39,3659.65,99.15,99.46,-4521.15,-0.31,1449996.34,177589.89,1392769.09,3493.75,-1.70
NPSAR8,2026-02-19,178125.52,3659.65,98.13,98.34,-3124.02,-0.22,1449996.34,177589.89,1392769.09,3493.75,-2.60
NPSAR9,2026-02-19,178125.52,3659.65,100.24,100.46,-3124.02,-0.22,1449996.34,177589.89,1392769.09,3493.75,-0.48
SPSAR1,2026-02-19,203011.98,11273.40,101.29,99.79,21762.44,1.50,1449996.34,169976.14,1392769.09,-4120.00,-0.40
SPSAR10,2026-02-19,415917.97,12671.17,104.15,103.89,8106.50,0.25,3262491.75,395140.30,3133730.44,3424.00,0.00
SPSAR11,2026-02-19,414764.66,15111.99,102.42,102.20,6953.19,0.21,3262491.75,392699.48,3133730.44,983.18,0.00
SPSAR12,2026-02-19,414170.27,15739.85,101.12,100.92,6358.80,0.19,3262491.75,392071.62,3133730.44,355.31,0.00
SPSAR13,2026-02-19,415037.70,9399.33,100.81,100.59,7226.23,0.22,3262491.75,398412.14,3133730.44,6695.84,-0.24
SPSAR2,2026-02-19,198308.26,10271.40,97.86,96.72,17058.72,1.18,1449996.34,170978.14,1392769.09,-3118.00,-3.11
SPSAR3,2026-02-19,188322.95,7712.40,100.28,99.79,7073.41,0.49,1449996.34,173537.14,1392769.09,-559.00,-1.18
SPSAR4,2026-02-19,161221.86,7712.40,98.80,100.18,-20027.68,-1.38,1449996.34,173537.14,1392769.09,-559.00,-2.48
SPSAR5,2026-02-19,172611.50,2518.40,95.43,96.00,-8638.04,-0.60,1449996.34,178731.14,1392769.09,4635.00,-5.85
SPSAR6,2026-02-19,174706.36,2518.40,98.27,98.72,-6543.18,-0.45,1449996.34,178731.14,1392769.09,4635.00,-3.31
SPSAR7,2026-02-19,179007.38,2890.40,98.42,98.57,-2242.16,-0.15,1449996.34,178359.14,1392769.09,4263.00,-2.08
SPSAR8,2026-02-19,180083.77,3767.40,100.15,100.23,-1165.77,-0.08,1449996.34,177482.14,1392769.09,3386.00,-0.35
SPSAR9,2026-02-19,181602.79,3767.40,101.03,101.01,353.25,0.02,1449996.34,177482.14,1392769.09,3386.00,0.00
NLONG1,2026-02-19,12993.93,0.00,107.99,106.71,12993.93,1.19,1087497.25,0.00,1044576.81,0.00,-0.01
NLONG10,2026-02-19,10254.46,916.47,106.37,105.38,10254.46,0.94,1087497.25,-916.47,1044576.81,-916.47,-0.43
NLONG11,2026-02-19,7718.69,0.00,111.68,110.89,7718.69,0.71,1087497.25,0.00,1044576.81,0.00,-0.37
NLONG12,2026-02-19,7718.69,0.00,108.38,107.62,7718.69,0.71,1087497.25,0.00,1044576.81,0.00,-1.07
NLONG13,2026-02-19,3852.11,-535.60,101.38,101.02,3852.11,0.35,1087497.25,535.60,1044576.81,535.60,-1.40
NLONG14,2026-02-19,3170.54,-187.97,101.88,101.58,3170.54,0.29,1087497.25,187.97,1044576.81,187.97,-1.46
NLONG15,2026-02-19,3836.01,-535.60,103.15,102.79,3836.01,0.35,1087497.25,535.60,1044576.81,535.60,-1.27
NLONG16,2026-02-19,3418.41,-187.97,103.42,103.10,3418.41,0.31,1087497.25,187.97,1044576.81,187.97,-1.51
NLONG17,2026-02-19,4377.06,-535.60,102.99,102.58,4377.06,0.40,1087497.25,535.60,1044576.81,535.60,-1.39
NLONG18,2026-02-19,4043.27,-187.97,102.66,102.28,4043.27,0.37,1087497.25,187.97,1044576.81,187.97,-1.50
NLONG19,2026-02-19,4360.96,-535.60,104.03,103.61,4360.96,0.40,1087497.25,535.60,1044576.81,535.60,-1.22
NLONG2,2026-02-19,11100.95,916.47,98.00,97.01,11100.95,1.02,1087497.25,-916.47,1044576.81,-916.47,-2.72
NLONG20,2026-02-19,4291.14,-187.97,104.39,103.98,4291.14,0.39,1087497.25,187.97,1044576.81,187.97,-1.34
NLONG21,2026-02-19,3247.74,-535.60,103.66,103.35,3247.74,0.30,1087497.25,535.60,1044576.81,535.60,-0.72
NLONG22,2026-02-19,3849.70,-187.97,103.86,103.49,3849.70,0.35,1087497.25,187.97,1044576.81,187.97,-0.68
NLONG23,2026-02-19,3421.93,-679.90,106.85,106.51,3421.93,0.31,1087497.25,679.90,1044576.81,679.90,-0.60
NLONG24,2026-02-19,4287.86,-679.90,107.84,107.42,4287.86,0.39,1087497.25,679.90,1044576.81,679.90,-0.61
NLONG3,2026-02-19,12993.93,0.00,108.86,107.57,12993.93,1.19,1087497.25,0.00,1044576.81,0.00,0.00
NLONG4,2026-02-19,11100.95,0.00,105.25,104.19,11100.95,1.02,1087497.25,0.00,1044576.81,0.00,-0.69
NLONG5,2026-02-19,12993.93,0.00,108.53,107.25,12993.93,1.19,1087497.25,0.00,1044576.81,0.00,-0.02
NLONG6,2026-02-19,11100.95,916.47,103.24,102.20,11100.95,1.02,1087497.25,-916.47,1044576.81,-916.47,-0.36
NLONG7,2026-02-19,13174.39,0.00,110.50,109.18,13174.39,1.21,1087497.25,0.00,1044576.81,0.00,0.00
NLONG8,2026-02-19,11576.69,0.00,105.44,104.33,11576.69,1.06,1087497.25,0.00,1044576.81,0.00,-0.65
NLONG9,2026-02-19,10254.46,0.00,109.69,108.67,10254.46,0.94,1087497.25,0.00,1044576.81,0.00,-0.27
SLONG1,2026-02-19,14938.09,0.00,107.41,105.95,14938.09,1.37,1087497.25,0.00,1044576.81,0.00,0.00
SLONG10,2026-02-19,11180.38,1177.00,103.05,102.00,11180.38,1.03,1087497.25,-1177.00,1044576.81,-1177.00,0.00
SLONG11,2026-02-19,36018.30,0.00,108.36,104.89,36018.30,3.31,1087497.25,0.00,1044576.81,0.00,0.00
SLONG12,2026-02-19,37356.35,1108.63,105.00,101.51,37356.35,3.44,1087497.25,-1108.63,1044576.81,-1108.63,0.00
SLONG13,2026-02-19,4567.22,-967.76,101.98,101.55,4567.22,0.42,1087497.25,967.76,1044576.81,967.76,-0.77
SLONG14,2026-02-19,5668.27,-1016.14,102.51,101.98,5668.27,0.52,1087497.25,1016.14,1044576.81,1016.14,-0.82
SLONG15,2026-02-19,14015.26,-967.76,104.26,102.93,14015.26,1.29,1087497.25,967.76,1044576.81,967.76,0.00
SLONG16,2026-02-19,-4567.35,-1016.14,101.96,102.39,-4567.35,-0.42,1087497.25,1016.14,1044576.81,1016.14,-1.67
SLONG17,2026-02-19,5070.97,-967.76,103.67,103.19,5070.97,0.47,1087497.25,967.76,1044576.81,967.76,-0.72
SLONG18,2026-02-19,6086.21,-1016.14,103.63,103.05,6086.21,0.56,1087497.25,1016.14,1044576.81,1016.14,-0.76
SLONG19,2026-02-19,24949.31,-967.76,106.63,104.24,24949.31,2.29,1087497.25,967.76,1044576.81,967.76,0.00
SLONG2,2026-02-19,12417.46,1177.00,97.22,96.12,12417.46,1.14,1087497.25,-1177.00,1044576.81,-1177.00,-4.11
SLONG20,2026-02-19,22658.97,-1016.14,105.18,103.03,22658.97,2.08,1087497.25,1016.14,1044576.81,1016.14,0.00
SLONG21,2026-02-19,4109.51,-967.76,104.52,104.13,4109.51,0.38,1087497.25,967.76,1044576.81,967.76,-0.27
SLONG22,2026-02-19,5210.56,-1016.14,104.72,104.22,5210.56,0.48,1087497.25,1016.14,1044576.81,1016.14,-0.30
SLONG23,2026-02-19,37402.75,-1841.63,108.49,104.88,37402.75,3.44,1087497.25,1841.63,1044576.81,1841.63,0.00
SLONG24,2026-02-19,42007.14,-1627.64,108.91,104.86,42007.14,3.86,1087497.25,1627.64,1044576.81,1627.64,0.00
SLONG3,2026-02-19,60619.51,0.00,107.90,102.20,60619.51,5.57,1087497.25,0.00,1044576.81,0.00,0.00
SLONG4,2026-02-19,52469.74,1108.63,105.32,100.47,52469.74,4.82,1087497.25,-1108.63,1044576.81,-1108.63,0.00
SLONG5,2026-02-19,14194.07,0.00,107.32,105.94,14194.07,1.31,1087497.25,0.00,1044576.81,0.00,0.00
SLONG6,2026-02-19,12417.46,1177.00,103.21,102.04,12417.46,1.14,1087497.25,-1177.00,1044576.81,-1177.00,0.00
SLONG7,2026-02-19,68139.76,0.00,109.25,102.81,68139.76,6.27,1087497.25,0.00,1044576.81,0.00,0.00
SLONG8,2026-02-19,68317.61,1108.63,107.83,101.46,68317.61,6.28,1087497.25,-1108.63,1044576.81,-1108.63,0.00
SLONG9,2026-02-19,11180.38,0.00,108.78,107.67,11180.38,1.03,1087497.25,0.00,1044576.81,0.00,0.00
Large Cap Stock Holdings,2026-02-19,27581940.00,0.00,100.10,101.34,-340075.00,-1.22,27922015.00,27922015.00,26908355.00,188010.00,-1.22
Liquidcase Stock Holdings,2026-02-19,6614005.60,0.00,100.41,100.41,0.00,0.00,6614005.60,6614005.60,6613419.20,586.40,0.00
Small Cap Stock Holdings,2026-02-19,12679150.00,251625.00,105.08,106.41,-157100.00,-1.25,12584625.00,12584625.00,12634300.00,-684075.00,-6.60
Debt Stock Holdings,2026-02-19,6614005.60,0.00,100.41,100.41,0.00,0.00,6614005.60,6614005.60,6613419.20,586.40,0.00
Equity Stock Holdings,2026-02-19,40261090.00,251625.00,101.58,102.84,-497175.00,-1.23,40506640.00,40506640.00,39542655.00,-496065.00,-2.46
Stock Holdings,2026-02-19,46875095.60,251625.00,101.38,102.47,-497175.00,-1.06,47120645.60,47120645.60,46156074.20,-495478.60,-2.12
Miscellaneous P&L,2026-02-19,0.00,0.00,100.00,100.00,0.00,0.00,0.00,0.00,0.00,0.00,0.00
Total Tax,2026-02-19,-4698.46,1334.89,100.00,100.00,-4698.46,0.00,0.00,-1334.89,0.00,0.00,0.00
Equity Holdings Tax,2026-02-19,0.00,0.00,100.00,100.00,0.00,0.00,0.00,0.00,0.00,0.00,0.00
Equity Intraday Tax,2026-02-19,0.00,0.00,100.00,100.00,0.00,0.00,0.00,0.00,0.00,0.00,0.00
F&O Tax,2026-02-19,-4698.46,1334.89,100.00,100.00,-4698.46,0.00,0.00,-1334.89,0.00,0.00,0.00
MCX Tax,2026-02-19,0.00,0.00,100.00,100.00,0.00,0.00,0.00,0.00,0.00,0.00,0.00
Total Other Debits and Credits,2026-02-19,0.00,0.00,100.00,100.00,0.00,0.00,0.00,0.00,0.00,0.00,0.00
Equity Other Debits and Credits,2026-02-19,0.00,0.00,100.00,100.00,0.00,0.00,0.00,0.00,0.00,0.00,0.00
NPSAR,2026-02-19,3291170.85,114665.16,99.59,99.48,28679.09,0.11,26099934.06,3147826.59,25069843.57,14096.14,-0.86
SPSAR,2026-02-19,3298767.47,105353.96,100.58,100.44,36275.71,0.14,26099934.06,3157137.78,25069843.57,23407.33,-0.06
NLONG,2026-02-19,179138.75,-2228.24,105.40,104.68,179138.75,0.69,26099934.00,2228.24,25069843.44,2228.24,-0.49
SLONG,2026-02-19,566427.93,-6531.88,105.30,103.06,566427.93,2.17,26099934.00,6531.88,25069843.44,6531.88,0.00
PSAR,2026-02-19,6589938.32,220019.12,100.09,99.96,64954.80,0.12,52199868.12,6304964.36,50139687.14,37503.47,-0.46
LONG,2026-02-19,745566.68,-8760.12,105.35,103.87,745566.68,1.43,52199868.00,8760.12,50139686.88,8760.12,0.00
Total Portfolio Value,2026-02-19,7330806.54,212593.88,105.32,103.72,805823.02,1.54,52199868.00,6312389.59,50139687.00,44928.70,0.00
Zerodha Total Portfolio,2026-02-19,52849447.01,251625.00,106.58,105.96,308648.02,0.59,52289173.99,52289173.99,51279673.89,-450549.90,-0.30
NPSAR1,2026-02-20,182324.55,-8609.99,99.21,99.26,-698.75,-0.05,1464186.43,191633.29,1449996.34,10383.75,-2.86
NPSAR10,2026-02-20,400572.98,-1478.12,102.72,103.07,-11229.45,-0.34,3294419.44,413280.55,3262491.75,5469.08,-0.34
NPSAR11,2026-02-20,408762.13,-4520.09,100.17,100.26,-3040.30,-0.09,3294419.44,416322.52,3262491.75,8511.05,-0.09
NPSAR12,2026-02-20,409940.26,-5224.20,99.08,99.14,-1862.17,-0.06,3294419.44,417026.63,3262491.75,9215.16,-1.63
NPSAR13,2026-02-20,413697.54,-6712.78,100.04,99.98,1895.11,0.06,3294419.44,418515.21,3262491.75,10703.74,-0.69
NPSAR2,2026-02-20,182324.55,-8609.99,97.04,97.09,-698.75,-0.05,1464186.43,191633.29,1449996.34,10383.75,-3.72
NPSAR3,2026-02-20,182324.55,-8609.99,100.78,100.83,-698.75,-0.05,1464186.43,191633.29,1449996.34,10383.75,-0.17
NPSAR4,2026-02-20,180166.55,17085.44,98.85,99.04,-2856.75,-0.20,1464186.43,165937.86,1449996.34,-15311.68,-2.20
NPSAR5,2026-02-20,180728.80,7962.53,95.81,95.96,-2294.50,-0.16,1464186.43,175060.77,1449996.34,-6188.77,-5.28
NPSAR6,2026-02-20,181268.30,5875.31,97.41,97.53,-1755.00,-0.12,1464186.43,177147.99,1449996.34,-4101.55,-3.97
NPSAR7,2026-02-20,181268.30,6294.91,99.03,99.15,-1755.00,-0.12,1464186.43,176728.39,1449996.34,-4521.15,-1.81
NPSAR8,2026-02-20,181268.30,4897.78,98.01,98.13,-1755.00,-0.12,1464186.43,178125.52,1449996.34,-3124.02,-2.72
NPSAR9,2026-02-20,181268.30,4897.78,100.12,100.24,-1755.00,-0.12,1464186.43,178125.52,1449996.34,-3124.02,-0.60
SPSAR1,2026-02-20,179599.30,-19988.68,101.05,101.29,-3424.00,-0.23,1464186.43,203011.98,1449996.34,21762.44,-0.64
SPSAR10,2026-02-20,390882.14,-4115.54,103.49,104.15,-20920.29,-0.64,3294419.44,415917.97,3262491.75,8106.50,-0.63
SPSAR11,2026-02-20,398100.22,-2962.23,101.99,102.42,-13702.21,-0.42,3294419.44,414764.66,3262491.75,6953.19,-0.42
SPSAR12,2026-02-20,397621.71,-2367.84,100.68,101.12,-14180.72,-0.43,3294419.44,414170.27,3262491.75,6358.80,-0.44
SPSAR13,2026-02-20,393786.87,-3235.27,100.26,100.81,-18015.56,-0.55,3294419.44,415037.70,3262491.75,7226.23,-0.78
SPSAR2,2026-02-20,179599.30,-15284.96,97.63,97.86,-3424.00,-0.23,1464186.43,198308.26,1449996.34,17058.72,-3.34
SPSAR3,2026-02-20,179599.30,-5299.65,100.05,100.28,-3424.00,-0.23,1464186.43,188322.95,1449996.34,7073.41,-1.41
SPSAR4,2026-02-20,179204.30,21801.44,98.54,98.80,-3819.00,-0.26,1464186.43,161221.86,1449996.34,-20027.68,-2.73
SPSAR5,2026-02-20,179599.30,10411.80,95.21,95.43,-3424.00,-0.23,1464186.43,172611.50,1449996.34,-8638.04,-6.07
SPSAR6,2026-02-20,179599.30,8316.94,98.04,98.27,-3424.00,-0.23,1464186.43,174706.36,1449996.34,-6543.18,-3.53
SPSAR7,2026-02-20,179599.30,4015.92,98.19,98.42,-3424.00,-0.23,1464186.43,179007.38,1449996.34,-2242.16,-2.31
SPSAR8,2026-02-20,179599.30,2939.53,99.92,100.15,-3424.00,-0.23,1464186.43,180083.77,1449996.34,-1165.77,-0.58
SPSAR9,2026-02-20,179599.30,1420.51,100.79,101.03,-3424.00,-0.23,1464186.43,181602.79,1449996.34,353.25,-0.24
NLONG1,2026-02-20,-1871.51,-12993.93,107.81,107.99,-1871.51,-0.17,1098139.81,12993.93,1087497.25,12993.93,-0.18
NLONG10,2026-02-20,-2989.99,-10254.46,106.08,106.37,-2989.99,-0.27,1098139.81,10254.46,1087497.25,10254.46,-0.70
NLONG11,2026-02-20,-3968.00,-7718.69,111.28,111.68,-3968.00,-0.36,1098139.81,7718.69,1087497.25,7718.69,-0.73
NLONG12,2026-02-20,-2716.21,-7718.69,108.11,108.38,-2716.21,-0.25,1098139.81,7718.69,1087497.25,7718.69,-1.31
NLONG13,2026-02-20,-1682.07,-3852.11,101.22,101.38,-1682.07,-0.15,1098139.81,3852.11,1087497.25,3852.11,-1.56
NLONG14,2026-02-20,-91.86,-3170.54,101.87,101.88,-91.86,-0.01,1098139.81,3170.54,1087497.25,3170.54,-1.47
NLONG15,2026-02-20,-1939.51,-3836.01,102.97,103.15,-1939.51,-0.18,1098139.81,3836.01,1087497.25,3836.01,-1.45
NLONG16,2026-02-20,-365.39,-3418.41,103.39,103.42,-365.39,-0.03,1098139.81,3418.41,1087497.25,3418.41,-1.54
NLONG17,2026-02-20,-1682.07,-4377.06,102.83,102.99,-1682.07,-0.15,1098139.81,4377.06,1087497.25,4377.06,-1.54
NLONG18,2026-02-20,-91.86,-4043.27,102.65,102.66,-91.86,-0.01,1098139.81,4043.27,1087497.25,4043.27,-1.51
NLONG19,2026-02-20,-1939.51,-4360.96,103.85,104.03,-1939.51,-0.18,1098139.81,4360.96,1087497.25,4360.96,-1.39
NLONG2,2026-02-20,-3259.11,-11100.95,97.71,98.00,-3259.11,-0.30,1098139.81,11100.95,1087497.25,11100.95,-3.01
NLONG20,2026-02-20,-365.39,-4291.14,104.36,104.39,-365.39,-0.03,1098139.81,4291.14,1087497.25,4291.14,-1.37
NLONG21,2026-02-20,-1311.48,-3247.74,103.54,103.66,-1311.48,-0.12,1098139.81,3247.74,1087497.25,3247.74,-0.83
NLONG22,2026-02-20,-91.86,-3849.70,103.85,103.86,-91.86,-0.01,1098139.81,3849.70,1087497.25,3849.70,-0.69
NLONG23,2026-02-20,-1601.10,-3421.93,106.69,106.85,-1601.10,-0.15,1098139.81,3421.93,1087497.25,3421.93,-0.74
NLONG24,2026-02-20,-365.39,-4287.86,107.80,107.84,-365.39,-0.03,1098139.81,4287.86,1087497.25,4287.86,-0.65
NLONG3,2026-02-20,-1697.73,-12993.93,108.69,108.86,-1697.73,-0.15,1098139.81,12993.93,1087497.25,12993.93,-0.16
NLONG4,2026-02-20,-3548.73,-11100.95,104.91,105.25,-3548.73,-0.32,1098139.81,11100.95,1087497.25,11100.95,-1.01
NLONG5,2026-02-20,-3246.67,-12993.93,108.21,108.53,-3246.67,-0.30,1098139.81,12993.93,1087497.25,12993.93,-0.31
NLONG6,2026-02-20,-3259.11,-11100.95,102.93,103.24,-3259.11,-0.30,1098139.81,11100.95,1087497.25,11100.95,-0.66
NLONG7,2026-02-20,-4190.51,-13174.39,110.08,110.50,-4190.51,-0.38,1098139.81,13174.39,1087497.25,13174.39,-0.38
NLONG8,2026-02-20,-3174.58,-11576.69,105.14,105.44,-3174.58,-0.29,1098139.81,11576.69,1087497.25,11576.69,-0.93
NLONG9,2026-02-20,-4322.24,-10254.46,109.26,109.69,-4322.24,-0.39,1098139.81,10254.46,1087497.25,10254.46,-0.66
SLONG1,2026-02-20,-1861.13,-14938.09,107.23,107.41,-1861.13,-0.17,1098139.81,14938.09,1087497.25,14938.09,-0.17
SLONG10,2026-02-20,-2185.01,-11180.38,102.84,103.05,-2185.01,-0.20,1098139.81,11180.38,1087497.25,11180.38,-0.20
SLONG11,2026-02-20,-1365.16,-36018.30,108.23,108.36,-1365.16,-0.12,1098139.81,36018.30,1087497.25,36018.30,-0.12
SLONG12,2026-02-20,-1215.22,-37356.35,104.88,105.00,-1215.22,-0.11,1098139.81,37356.35,1087497.25,37356.35,-0.11
SLONG13,2026-02-20,-2029.73,-4567.22,101.79,101.98,-2029.73,-0.18,1098139.81,4567.22,1087497.25,4567.22,-0.95
SLONG14,2026-02-20,-304.88,-5668.27,102.48,102.51,-304.88,-0.03,1098139.81,5668.27,1087497.25,5668.27,-0.85
SLONG15,2026-02-20,0.00,-14015.26,104.26,104.26,0.00,0.00,1098139.81,14015.26,1087497.25,14015.26,0.00
SLONG16,2026-02-20,0.00,4567.35,101.96,101.96,0.00,0.00,1098139.81,-4567.35,1087497.25,-4567.35,-1.67
SLONG17,2026-02-20,-2029.73,-5070.97,103.48,103.67,-2029.73,-0.18,1098139.81,5070.97,1087497.25,5070.97,-0.90
SLONG18,2026-02-20,-304.88,-6086.21,103.60,103.63,-304.88,-0.03,1098139.81,6086.21,1087497.25,6086.21,-0.79
SLONG19,2026-02-20,0.00,-24949.31,106.63,106.63,0.00,0.00,1098139.81,24949.31,1087497.25,24949.31,0.00
SLONG2,2026-02-20,-2169.28,-12417.46,97.03,97.22,-2169.28,-0.20,1098139.81,12417.46,1087497.25,12417.46,-4.30
SLONG20,2026-02-20,149.94,-22658.97,105.19,105.18,149.94,0.01,1098139.81,22658.97,1087497.25,22658.97,0.00
SLONG21,2026-02-20,-2014.69,-4109.51,104.33,104.52,-2014.69,-0.18,1098139.81,4109.51,1087497.25,4109.51,-0.45
SLONG22,2026-02-20,-417.58,-5210.56,104.68,104.72,-417.58,-0.04,1098139.81,5210.56,1087497.25,5210.56,-0.33
SLONG23,2026-02-20,0.00,-37402.75,108.49,108.49,0.00,0.00,1098139.81,37402.75,1087497.25,37402.75,0.00
SLONG24,2026-02-20,149.94,-42007.14,108.92,108.91,149.94,0.01,1098139.81,42007.14,1087497.25,42007.14,0.00
SLONG3,2026-02-20,33.12,-60619.51,107.90,107.90,33.12,0.00,1098139.81,60619.51,1087497.25,60619.51,0.00
SLONG4,2026-02-20,-1976.65,-52469.74,105.13,105.32,-1976.65,-0.18,1098139.81,52469.74,1087497.25,52469.74,-0.18
SLONG5,2026-02-20,-2994.18,-14194.07,107.03,107.32,-2994.18,-0.27,1098139.81,14194.07,1087497.25,14194.07,-0.27
SLONG6,2026-02-20,-2169.28,-12417.46,103.01,103.21,-2169.28,-0.20,1098139.81,12417.46,1087497.25,12417.46,-0.19
SLONG7,2026-02-20,-1410.61,-68139.76,109.11,109.25,-1410.61,-0.13,1098139.81,68139.76,1087497.25,68139.76,-0.13
SLONG8,2026-02-20,-1468.70,-68317.61,107.69,107.83,-1468.70,-0.13,1098139.81,68317.61,1087497.25,68317.61,-0.13
SLONG9,2026-02-20,-3836.27,-11180.38,108.40,108.78,-3836.27,-0.35,1098139.81,11180.38,1087497.25,11180.38,-0.35
Large Cap Stock Holdings,2026-02-20,27607700.00,0.00,100.19,100.10,25760.00,0.09,27581940.00,27581940.00,27922015.00,-340075.00,-1.13
Liquidcase Stock Holdings,2026-02-20,6616937.60,0.00,100.45,100.41,2932.00,0.04,6614005.60,6614005.60,6614005.60,0.00,0.00
Small Cap Stock Holdings,2026-02-20,12629375.00,0.00,104.67,105.08,-49775.00,-0.39,12679150.00,12679150.00,12584625.00,-157100.00,-6.96
Debt Stock Holdings,2026-02-20,6616937.60,0.00,100.45,100.41,2932.00,0.04,6614005.60,6614005.60,6614005.60,0.00,0.00
Equity Stock Holdings,2026-02-20,40237075.00,0.00,101.52,101.58,-24015.00,-0.06,40261090.00,40261090.00,40506640.00,-497175.00,-2.52
Stock Holdings,2026-02-20,46854012.60,0.00,101.34,101.38,-21083.00,-0.04,46875095.60,46875095.60,47120645.60,-497175.00,-2.16
Miscellaneous P&L,2026-02-20,0.00,0.00,100.00,100.00,0.00,0.00,0.00,0.00,0.00,0.00,0.00
Total Tax,2026-02-20,-2858.47,4698.46,100.00,100.00,-2858.47,0.00,0.00,-4698.46,0.00,0.00,0.00
Equity Holdings Tax,2026-02-20,0.00,0.00,100.00,100.00,0.00,0.00,0.00,0.00,0.00,0.00,0.00
Equity Intraday Tax,2026-02-20,0.00,0.00,100.00,100.00,0.00,0.00,0.00,0.00,0.00,0.00,0.00
F&O Tax,2026-02-20,-2858.47,4698.46,100.00,100.00,-2858.47,0.00,0.00,-4698.46,0.00,0.00,0.00
MCX Tax,2026-02-20,0.00,0.00,100.00,100.00,0.00,0.00,0.00,0.00,0.00,0.00,0.00
Total Other Debits and Credits,2026-02-20,0.00,0.00,100.00,100.00,0.00,0.00,0.00,0.00,0.00,0.00,0.00
Equity Other Debits and Credits,2026-02-20,0.00,0.00,100.00,100.00,0.00,0.00,0.00,0.00,0.00,0.00,0.00
NPSAR,2026-02-20,3265915.14,3248.62,99.48,99.59,-28504.31,-0.11,26355355.63,3291170.85,26099934.06,28679.09,-0.96
SPSAR,2026-02-20,3196389.67,-4348.00,100.21,100.58,-98029.78,-0.37,26355355.63,3298767.47,26099934.06,36275.71,-0.43
NLONG,2026-02-20,-49771.88,-179138.75,105.20,105.40,-49771.88,-0.19,26355355.44,179138.75,26099934.00,179138.75,-0.68
SLONG,2026-02-20,-29419.98,-566427.93,105.18,105.30,-29419.98,-0.11,26355355.44,566427.93,26099934.00,566427.93,-0.11
PSAR,2026-02-20,6462304.82,-1099.37,99.85,100.09,-126534.09,-0.24,52710711.26,6589938.32,52199868.12,64954.80,-0.70
LONG,2026-02-20,-79191.86,-745566.68,105.19,105.35,-79191.86,-0.15,52710710.88,745566.68,52199868.00,745566.68,-0.15
Total Portfolio Value,2026-02-20,6380254.49,-741967.59,104.90,105.32,-208584.42,-0.40,52710711.00,7330806.54,52199868.00,805823.02,-0.40
Zerodha Total Portfolio,2026-02-20,52619779.59,0.00,106.13,106.58,-229667.42,-0.43,52849447.01,52849447.01,52289173.99,308648.02,-0.72
NPSAR1,2026-02-23,180940.87,338.82,99.09,99.21,-1722.50,-0.12,1461306.96,182324.55,1464186.43,-698.75,-2.98
NPSAR10,2026-02-23,422523.58,10419.60,103.08,102.72,11531.00,0.35,3287940.62,400572.98,3294419.44,-11229.45,0.00
NPSAR11,2026-02-23,411244.28,2230.45,100.18,100.17,251.70,0.01,3287940.62,408762.13,3294419.44,-3040.30,-0.08
NPSAR12,2026-02-23,413645.97,1052.32,99.16,99.08,2653.39,0.08,3287940.62,409940.26,3294419.44,-1862.17,-1.55
NPSAR13,2026-02-23,408799.16,-2704.96,99.97,100.04,-2193.42,-0.07,3287940.62,413697.54,3294419.44,1895.11,-0.76
NPSAR2,2026-02-23,180940.87,338.82,96.93,97.04,-1722.50,-0.12,1461306.96,182324.55,1464186.43,-698.75,-3.83
NPSAR3,2026-02-23,176531.60,338.82,100.36,100.78,-6131.77,-0.42,1461306.96,182324.55,1464186.43,-698.75,-0.58
NPSAR4,2026-02-23,178716.33,2496.82,98.58,98.85,-3947.04,-0.27,1461306.96,180166.55,1464186.43,-2856.75,-2.46
NPSAR5,2026-02-23,173891.70,1934.57,95.23,95.81,-8771.67,-0.60,1461306.96,180728.80,1464186.43,-2294.50,-5.85
NPSAR6,2026-02-23,174656.59,1395.07,96.88,97.41,-8006.78,-0.55,1461306.96,181268.30,1464186.43,-1755.00,-4.50
NPSAR7,2026-02-23,176853.35,1395.07,98.64,99.03,-5810.02,-0.40,1461306.96,181268.30,1464186.43,-1755.00,-2.20
NPSAR8,2026-02-23,179931.25,1395.07,97.83,98.01,-2732.12,-0.19,1461306.96,181268.30,1464186.43,-1755.00,-2.90
NPSAR9,2026-02-23,184246.99,1395.07,100.23,100.12,1583.62,0.11,1461306.96,181268.30,1464186.43,-1755.00,-0.49
SPSAR1,2026-02-23,178585.37,3064.07,100.77,101.05,-4078.00,-0.28,1461306.96,179599.30,1464186.43,-3424.00,-0.91
SPSAR10,2026-02-23,421058.58,20110.44,103.81,103.49,10066.00,0.31,3287940.62,390882.14,3294419.44,-20920.29,-0.33
SPSAR11,2026-02-23,413515.19,12892.36,102.07,101.99,2522.61,0.08,3287940.62,398100.22,3294419.44,-13702.21,-0.34
SPSAR12,2026-02-23,399479.88,13370.87,100.33,100.68,-11512.70,-0.35,3287940.62,397621.71,3294419.44,-14180.72,-0.78
SPSAR13,2026-02-23,406416.02,17205.71,100.12,100.26,-4576.56,-0.14,3287940.62,393786.87,3294419.44,-18015.56,-0.92
SPSAR2,2026-02-23,178585.37,3064.07,97.36,97.63,-4078.00,-0.28,1461306.96,179599.30,1464186.43,-3424.00,-3.60
SPSAR3,2026-02-23,178585.37,3064.07,99.77,100.05,-4078.00,-0.28,1461306.96,179599.30,1464186.43,-3424.00,-1.69
SPSAR4,2026-02-23,178504.37,3459.07,98.26,98.54,-4159.00,-0.28,1461306.96,179204.30,1464186.43,-3819.00,-3.01
SPSAR5,2026-02-23,178030.00,3064.07,94.91,95.21,-4633.37,-0.32,1461306.96,179599.30,1464186.43,-3424.00,-6.36
SPSAR6,2026-02-23,173699.39,3064.07,97.44,98.04,-8963.98,-0.61,1461306.96,179599.30,1464186.43,-3424.00,-4.12
SPSAR7,2026-02-23,175672.63,3064.07,97.72,98.19,-6990.74,-0.48,1461306.96,179599.30,1464186.43,-3424.00,-2.78
SPSAR8,2026-02-23,175672.63,3064.07,99.44,99.92,-6990.74,-0.48,1461306.96,179599.30,1464186.43,-3424.00,-1.05
SPSAR9,2026-02-23,178887.83,3064.07,100.53,100.79,-3775.54,-0.26,1461306.96,179599.30,1464186.43,-3424.00,-0.49
NLONG1,2026-02-23,2456.74,1871.51,108.05,107.81,2456.74,0.22,1095980.21,-1871.51,1098139.81,-1871.51,0.00
NLONG10,2026-02-23,3575.38,2989.99,106.43,106.08,3575.38,0.33,1095980.21,-2989.99,1098139.81,-2989.99,-0.37
NLONG11,2026-02-23,1241.77,3968.00,111.41,111.28,1241.77,0.11,1095980.21,-3968.00,1098139.81,-3968.00,-0.62
NLONG12,2026-02-23,3911.52,2716.21,108.50,108.11,3911.52,0.36,1095980.21,-2716.21,1098139.81,-2716.21,-0.96
NLONG13,2026-02-23,0.00,1682.07,101.22,101.22,0.00,0.00,1095980.21,-1682.07,1098139.81,-1682.07,-1.56
NLONG14,2026-02-23,-524.19,91.86,101.82,101.87,-524.19,-0.05,1095980.21,-91.86,1098139.81,-91.86,-1.52
NLONG15,2026-02-23,0.00,1939.51,102.97,102.97,0.00,0.00,1095980.21,-1939.51,1098139.81,-1939.51,-1.45
NLONG16,2026-02-23,-524.19,365.39,103.34,103.39,-524.19,-0.05,1095980.21,-365.39,1098139.81,-365.39,-1.59
NLONG17,2026-02-23,0.00,1682.07,102.83,102.83,0.00,0.00,1095980.21,-1682.07,1098139.81,-1682.07,-1.54
NLONG18,2026-02-23,-524.19,91.86,102.60,102.65,-524.19,-0.05,1095980.21,-91.86,1098139.81,-91.86,-1.55
NLONG19,2026-02-23,0.00,1939.51,103.85,103.85,0.00,0.00,1095980.21,-1939.51,1098139.81,-1939.51,-1.39
NLONG2,2026-02-23,-427.08,3259.11,97.67,97.71,-427.08,-0.04,1095980.21,-3259.11,1098139.81,-3259.11,-3.05
NLONG20,2026-02-23,-524.19,365.39,104.31,104.36,-524.19,-0.05,1095980.21,-365.39,1098139.81,-365.39,-1.42
NLONG21,2026-02-23,0.00,1311.48,103.54,103.54,0.00,0.00,1095980.21,-1311.48,1098139.81,-1311.48,-0.83
NLONG22,2026-02-23,-524.19,91.86,103.80,103.85,-524.19,-0.05,1095980.21,-91.86,1098139.81,-91.86,-0.74
NLONG23,2026-02-23,0.00,1601.10,106.69,106.69,0.00,0.00,1095980.21,-1601.10,1098139.81,-1601.10,-0.74
NLONG24,2026-02-23,-524.19,365.39,107.75,107.80,-524.19,-0.05,1095980.21,-365.39,1098139.81,-365.39,-0.69
NLONG3,2026-02-23,1422.45,1697.73,108.83,108.69,1422.45,0.13,1095980.21,-1697.73,1098139.81,-1697.73,-0.03
NLONG4,2026-02-23,3911.52,3548.73,105.28,104.91,3911.52,0.36,1095980.21,-3548.73,1098139.81,-3548.73,-0.66
NLONG5,2026-02-23,2456.74,3246.67,108.45,108.21,2456.74,0.22,1095980.21,-3246.67,1098139.81,-3246.67,-0.09
NLONG6,2026-02-23,3575.38,3259.11,103.27,102.93,3575.38,0.33,1095980.21,-3259.11,1098139.81,-3259.11,-0.33
NLONG7,2026-02-23,1241.77,4190.51,110.20,110.08,1241.77,0.11,1095980.21,-4190.51,1098139.81,-4190.51,-0.27
NLONG8,2026-02-23,3911.52,3174.58,105.52,105.14,3911.52,0.36,1095980.21,-3174.58,1098139.81,-3174.58,-0.57
NLONG9,2026-02-23,2153.23,4322.24,109.47,109.26,2153.23,0.20,1095980.21,-4322.24,1098139.81,-4322.24,-0.47
SLONG1,2026-02-23,-285.59,1861.13,107.20,107.23,-285.59,-0.03,1095980.21,-1861.13,1098139.81,-1861.13,-0.20
SLONG10,2026-02-23,3175.83,2185.01,103.14,102.84,3175.83,0.29,1095980.21,-2185.01,1098139.81,-2185.01,0.00
SLONG11,2026-02-23,796.97,1365.16,108.31,108.23,796.97,0.07,1095980.21,-1365.16,1098139.81,-1365.16,-0.05
SLONG12,2026-02-23,3432.41,1215.22,105.21,104.88,3432.41,0.31,1095980.21,-1215.22,1098139.81,-1215.22,0.00
SLONG13,2026-02-23,0.00,2029.73,101.79,101.79,0.00,0.00,1095980.21,-2029.73,1098139.81,-2029.73,-0.95
SLONG14,2026-02-23,0.00,304.88,102.48,102.48,0.00,0.00,1095980.21,-304.88,1098139.81,-304.88,-0.85
SLONG15,2026-02-23,0.00,0.00,104.26,104.26,0.00,0.00,1095980.21,0.00,1098139.81,0.00,0.00
SLONG16,2026-02-23,0.00,0.00,101.96,101.96,0.00,0.00,1095980.21,0.00,1098139.81,0.00,-1.67
SLONG17,2026-02-23,0.00,2029.73,103.48,103.48,0.00,0.00,1095980.21,-2029.73,1098139.81,-2029.73,-0.90
SLONG18,2026-02-23,0.00,304.88,103.60,103.60,0.00,0.00,1095980.21,-304.88,1098139.81,-304.88,-0.79
SLONG19,2026-02-23,0.00,0.00,106.63,106.63,0.00,0.00,1095980.21,0.00,1098139.81,0.00,0.00
SLONG2,2026-02-23,3175.83,2169.28,97.31,97.03,3175.83,0.29,1095980.21,-2169.28,1098139.81,-2169.28,-4.02
SLONG20,2026-02-23,0.00,-149.94,105.19,105.19,0.00,0.00,1095980.21,149.94,1098139.81,149.94,0.00
SLONG21,2026-02-23,0.00,2014.69,104.33,104.33,0.00,0.00,1095980.21,-2014.69,1098139.81,-2014.69,-0.45
SLONG22,2026-02-23,0.00,417.58,104.68,104.68,0.00,0.00,1095980.21,-417.58,1098139.81,-417.58,-0.33
SLONG23,2026-02-23,0.00,0.00,108.49,108.49,0.00,0.00,1095980.21,0.00,1098139.81,0.00,0.00
SLONG24,2026-02-23,0.00,-149.94,108.92,108.92,0.00,0.00,1095980.21,149.94,1098139.81,149.94,0.00
SLONG3,2026-02-23,1355.72,-33.12,108.03,107.90,1355.72,0.12,1095980.21,33.12,1098139.81,33.12,0.00
SLONG4,2026-02-23,3432.41,1976.65,105.46,105.13,3432.41,0.31,1095980.21,-1976.65,1098139.81,-1976.65,0.00
SLONG5,2026-02-23,2390.00,2994.18,107.26,107.03,2390.00,0.22,1095980.21,-2994.18,1098139.81,-2994.18,-0.06
SLONG6,2026-02-23,3175.83,2169.28,103.31,103.01,3175.83,0.29,1095980.21,-2169.28,1098139.81,-2169.28,0.00
SLONG7,2026-02-23,796.97,1410.61,109.19,109.11,796.97,0.07,1095980.21,-1410.61,1098139.81,-1410.61,-0.05
SLONG8,2026-02-23,3432.41,1468.70,108.03,107.69,3432.41,0.31,1095980.21,-1468.70,1098139.81,-1468.70,0.00
SLONG9,2026-02-23,1916.78,3836.27,108.59,108.40,1916.78,0.17,1095980.21,-3836.27,1098139.81,-3836.27,-0.17
Large Cap Stock Holdings,2026-02-23,27141385.00,0.00,98.50,100.19,-466315.00,-1.69,27607700.00,27607700.00,27581940.00,25760.00,-2.80
Liquidcase Stock Holdings,2026-02-23,6618110.40,0.00,100.47,100.45,1172.80,0.02,6616937.60,6616937.60,6614005.60,2932.00,0.00
Small Cap Stock Holdings,2026-02-23,12743650.00,0.00,105.61,104.67,114275.00,0.90,12629375.00,12629375.00,12679150.00,-49775.00,-6.12
Debt Stock Holdings,2026-02-23,6618110.40,0.00,100.47,100.45,1172.80,0.02,6616937.60,6616937.60,6614005.60,2932.00,0.00
Equity Stock Holdings,2026-02-23,39885035.00,0.00,100.64,101.52,-352040.00,-0.87,40237075.00,40237075.00,40261090.00,-24015.00,-3.36
Stock Holdings,2026-02-23,46503145.40,0.00,100.58,101.34,-350867.20,-0.75,46854012.60,46854012.60,46875095.60,-21083.00,-2.90
Miscellaneous P&L,2026-02-23,0.00,0.00,100.00,100.00,0.00,0.00,0.00,0.00,0.00,0.00,0.00
Total Tax,2026-02-23,-2495.91,2858.47,100.00,100.00,-2495.91,0.00,0.00,-2858.47,0.00,0.00,0.00
Equity Holdings Tax,2026-02-23,0.00,0.00,100.00,100.00,0.00,0.00,0.00,0.00,0.00,0.00,0.00
Equity Intraday Tax,2026-02-23,0.00,0.00,100.00,100.00,0.00,0.00,0.00,0.00,0.00,0.00,0.00
F&O Tax,2026-02-23,-2495.91,2858.47,100.00,100.00,-2495.91,0.00,0.00,-2858.47,0.00,0.00,0.00
MCX Tax,2026-02-23,0.00,0.00,100.00,100.00,0.00,0.00,0.00,0.00,0.00,0.00,0.00
Total Other Debits and Credits,2026-02-23,0.00,0.00,100.00,100.00,0.00,0.00,0.00,0.00,0.00,0.00,0.00
Equity Other Debits and Credits,2026-02-23,0.00,0.00,100.00,100.00,0.00,0.00,0.00,0.00,0.00,0.00,0.00
NPSAR,2026-02-23,3262922.53,22025.53,99.39,99.48,-25018.11,-0.10,26303525.12,3265915.14,26355355.63,-28504.31,-1.06
SPSAR,2026-02-23,3236692.62,91551.00,100.01,100.21,-51248.02,-0.19,26303525.12,3196389.67,26355355.63,-98029.78,-0.62
NLONG,2026-02-23,26285.80,49771.88,105.30,105.20,26285.80,0.10,26303525.04,-49771.88,26355355.44,-49771.88,-0.58
SLONG,2026-02-23,26795.57,29419.98,105.29,105.18,26795.57,0.10,26303525.04,-29419.98,26355355.44,-29419.98,-0.01
PSAR,2026-02-23,6499615.15,113576.53,99.70,99.85,-76266.13,-0.14,52607050.24,6462304.82,52710711.26,-126534.09,-0.84
LONG,2026-02-23,53081.37,79191.86,105.30,105.19,53081.37,0.10,52607050.08,-79191.86,52710710.88,-79191.86,-0.05
Total Portfolio Value,2026-02-23,6550200.61,195626.86,104.85,104.90,-25680.67,-0.05,52607050.00,6380254.49,52710711.00,-208584.42,-0.45
Zerodha Total Portfolio,2026-02-23,52243231.72,0.00,105.36,106.13,-376547.87,-0.72,52619779.59,52619779.59,52849447.01,-229667.42,-1.44
NPSAR1,2026-02-24,183121.12,189.71,99.23,99.09,1990.54,0.14,1449044.62,180940.87,1461306.96,-1722.50,-2.84
NPSAR10,2026-02-24,410352.91,-14979.78,103.17,103.08,2809.11,0.09,3260350.38,422523.58,3287940.62,11531.00,0.00
NPSAR11,2026-02-24,409692.08,-3700.48,100.25,100.18,2148.28,0.07,3260350.38,411244.28,3287940.62,251.70,-0.01
NPSAR12,2026-02-24,409037.58,-6102.17,99.21,99.16,1493.78,0.05,3260350.38,413645.97,3287940.62,2653.39,-1.50
NPSAR13,2026-02-24,408788.47,-1255.36,100.01,99.97,1244.67,0.04,3260350.38,408799.16,3287940.62,-2193.42,-0.72
NPSAR2,2026-02-24,183058.84,189.71,97.06,96.93,1928.26,0.13,1449044.62,180940.87,1461306.96,-1722.50,-3.70
NPSAR3,2026-02-24,175473.27,4598.98,99.97,100.36,-5657.31,-0.39,1449044.62,176531.60,1461306.96,-6131.77,-0.97
NPSAR4,2026-02-24,171576.03,2414.25,97.93,98.58,-9554.55,-0.66,1449044.62,178716.33,1461306.96,-3947.04,-3.11
NPSAR5,2026-02-24,176506.48,7238.88,94.93,95.23,-4624.10,-0.32,1449044.62,173891.70,1461306.96,-8771.67,-6.15
NPSAR6,2026-02-24,177967.91,6473.99,96.67,96.88,-3162.67,-0.22,1449044.62,174656.59,1461306.96,-8006.78,-4.70
NPSAR7,2026-02-24,178146.87,4277.23,98.44,98.64,-2983.71,-0.21,1449044.62,176853.35,1461306.96,-5810.02,-2.40
NPSAR8,2026-02-24,178261.43,1199.33,97.64,97.83,-2869.15,-0.20,1449044.62,179931.25,1461306.96,-2732.12,-3.09
NPSAR9,2026-02-24,178886.20,-3116.41,100.07,100.23,-2244.38,-0.15,1449044.62,184246.99,1461306.96,1583.62,-0.65
SPSAR1,2026-02-24,185208.33,2545.21,101.05,100.77,4077.75,0.28,1449044.62,178585.37,1461306.96,-4078.00,-0.64
SPSAR10,2026-02-24,409208.84,-13514.78,103.86,103.81,1665.04,0.05,3260350.38,421058.58,3287940.62,10066.00,-0.28
SPSAR11,2026-02-24,409208.84,-5971.39,102.12,102.07,1665.04,0.05,3260350.38,413515.19,3287940.62,2522.61,-0.29
SPSAR12,2026-02-24,415699.30,8063.92,100.58,100.33,8155.50,0.25,3260350.38,399479.88,3287940.62,-11512.70,-0.53
SPSAR13,2026-02-24,415699.30,1127.78,100.37,100.12,8155.50,0.25,3260350.38,406416.02,3287940.62,-4576.56,-0.67
SPSAR2,2026-02-24,185208.33,2545.21,97.63,97.36,4077.75,0.28,1449044.62,178585.37,1461306.96,-4078.00,-3.34
SPSAR3,2026-02-24,185208.33,2545.21,100.05,99.77,4077.75,0.28,1449044.62,178585.37,1461306.96,-4078.00,-1.41
SPSAR4,2026-02-24,185208.33,2626.21,98.54,98.26,4077.75,0.28,1449044.62,178504.37,1461306.96,-4159.00,-2.73
SPSAR5,2026-02-24,173366.34,3100.58,94.40,94.91,-7764.24,-0.54,1449044.62,178030.00,1461306.96,-4633.37,-6.87
SPSAR6,2026-02-24,177152.48,7431.19,97.17,97.44,-3978.10,-0.27,1449044.62,173699.39,1461306.96,-8963.98,-4.39
SPSAR7,2026-02-24,177152.48,5457.95,97.45,97.72,-3978.10,-0.27,1449044.62,175672.63,1461306.96,-6990.74,-3.04
SPSAR8,2026-02-24,177922.33,5457.95,99.22,99.44,-3208.25,-0.22,1449044.62,175672.63,1461306.96,-6990.74,-1.27
SPSAR9,2026-02-24,177922.33,2242.75,100.31,100.53,-3208.25,-0.22,1449044.62,178887.83,1461306.96,-3775.54,-0.71
NLONG1,2026-02-24,284.47,-2456.74,108.08,108.05,284.47,0.03,1086783.46,2456.74,1095980.21,2456.74,0.00
NLONG10,2026-02-24,-981.36,-3575.38,106.33,106.43,-981.36,-0.09,1086783.46,3575.38,1095980.21,3575.38,-0.47
NLONG11,2026-02-24,-754.44,-1241.77,111.33,111.41,-754.44,-0.07,1086783.46,1241.77,1095980.21,1241.77,-0.69
NLONG12,2026-02-24,-3513.47,-3911.52,108.15,108.50,-3513.47,-0.32,1086783.46,3911.52,1095980.21,3911.52,-1.28
NLONG13,2026-02-24,-3096.95,0.00,100.93,101.22,-3096.95,-0.28,1086783.46,0.00,1095980.21,0.00,-1.84
NLONG14,2026-02-24,-3096.95,524.19,101.53,101.82,-3096.95,-0.28,1086783.46,-524.19,1095980.21,-524.19,-1.80
NLONG15,2026-02-24,-11382.70,0.00,101.89,102.97,-11382.70,-1.05,1086783.46,0.00,1095980.21,0.00,-2.48
NLONG16,2026-02-24,-8161.63,524.19,102.56,103.34,-8161.63,-0.75,1086783.46,-524.19,1095980.21,-524.19,-2.33
NLONG17,2026-02-24,-3609.38,0.00,102.49,102.83,-3609.38,-0.33,1086783.46,0.00,1095980.21,0.00,-1.87
NLONG18,2026-02-24,-3609.38,524.19,102.26,102.60,-3609.38,-0.33,1086783.46,-524.19,1095980.21,-524.19,-1.88
NLONG19,2026-02-24,-11708.29,0.00,102.73,103.85,-11708.29,-1.08,1086783.46,0.00,1095980.21,0.00,-2.45
NLONG2,2026-02-24,-1566.48,427.08,97.53,97.67,-1566.48,-0.14,1086783.46,-427.08,1095980.21,-427.08,-3.19
NLONG20,2026-02-24,-7538.65,524.19,103.59,104.31,-7538.65,-0.69,1086783.46,-524.19,1095980.21,-524.19,-2.10
NLONG21,2026-02-24,-3187.80,0.00,103.24,103.54,-3187.80,-0.29,1086783.46,0.00,1095980.21,0.00,-1.12
NLONG22,2026-02-24,-3187.80,524.19,103.50,103.80,-3187.80,-0.29,1086783.46,-524.19,1095980.21,-524.19,-1.02
NLONG23,2026-02-24,-10968.48,0.00,105.61,106.69,-10968.48,-1.01,1086783.46,0.00,1095980.21,0.00,-1.75
NLONG24,2026-02-24,-7582.98,524.19,107.00,107.75,-7582.98,-0.70,1086783.46,-524.19,1095980.21,-524.19,-1.38
NLONG3,2026-02-24,3611.45,-1422.45,109.19,108.83,3611.45,0.33,1086783.46,1422.45,1095980.21,1422.45,0.00
NLONG4,2026-02-24,-6810.95,-3911.52,104.62,105.28,-6810.95,-0.63,1086783.46,3911.52,1095980.21,3911.52,-1.28
NLONG5,2026-02-24,-68.06,-2456.74,108.44,108.45,-68.06,-0.01,1086783.46,2456.74,1095980.21,2456.74,-0.10
NLONG6,2026-02-24,-1566.48,-3575.38,103.12,103.27,-1566.48,-0.14,1086783.46,3575.38,1095980.21,3575.38,-0.47
NLONG7,2026-02-24,2423.04,-1241.77,110.45,110.20,2423.04,0.22,1086783.46,1241.77,1095980.21,1241.77,-0.05
NLONG8,2026-02-24,-3513.47,-3911.52,105.18,105.52,-3513.47,-0.32,1086783.46,3911.52,1095980.21,3911.52,-0.90
NLONG9,2026-02-24,415.30,-2153.23,109.51,109.47,415.30,0.04,1086783.46,2153.23,1095980.21,2153.23,-0.44
SLONG1,2026-02-24,2273.86,285.59,107.42,107.20,2273.86,0.21,1086783.46,-285.59,1095980.21,-285.59,0.00
SLONG10,2026-02-24,438.80,-3175.83,103.18,103.14,438.80,0.04,1086783.46,3175.83,1095980.21,3175.83,0.00
SLONG11,2026-02-24,498.07,-796.97,108.36,108.31,498.07,0.05,1086783.46,796.97,1095980.21,796.97,0.00
SLONG12,2026-02-24,498.07,-3432.41,105.26,105.21,498.07,0.05,1086783.46,3432.41,1095980.21,3432.41,0.00
SLONG13,2026-02-24,-2223.59,0.00,101.58,101.79,-2223.59,-0.20,1086783.46,0.00,1095980.21,0.00,-1.16
SLONG14,2026-02-24,-2337.81,0.00,102.26,102.48,-2337.81,-0.22,1086783.46,0.00,1095980.21,0.00,-1.06
SLONG15,2026-02-24,-2223.59,0.00,104.05,104.26,-2223.59,-0.20,1086783.46,0.00,1095980.21,0.00,-0.20
SLONG16,2026-02-24,-2337.81,0.00,101.74,101.96,-2337.81,-0.22,1086783.46,0.00,1095980.21,0.00,-1.88
SLONG17,2026-02-24,-1917.19,0.00,103.30,103.48,-1917.19,-0.18,1086783.46,0.00,1095980.21,0.00,-1.07
SLONG18,2026-02-24,-1917.19,0.00,103.42,103.60,-1917.19,-0.18,1086783.46,0.00,1095980.21,0.00,-0.96
SLONG19,2026-02-24,-3330.80,0.00,106.30,106.63,-3330.80,-0.31,1086783.46,0.00,1095980.21,0.00,-0.31
SLONG2,2026-02-24,-339.15,-3175.83,97.28,97.31,-339.15,-0.03,1086783.46,3175.83,1095980.21,3175.83,-4.05
SLONG20,2026-02-24,-3330.80,0.00,104.87,105.19,-3330.80,-0.31,1086783.46,0.00,1095980.21,0.00,-0.30
SLONG21,2026-02-24,-1729.33,0.00,104.16,104.33,-1729.33,-0.16,1086783.46,0.00,1095980.21,0.00,-0.61
SLONG22,2026-02-24,-1729.33,0.00,104.51,104.68,-1729.33,-0.16,1086783.46,0.00,1095980.21,0.00,-0.50
SLONG23,2026-02-24,-2035.73,0.00,108.29,108.49,-2035.73,-0.19,1086783.46,0.00,1095980.21,0.00,-0.18
SLONG24,2026-02-24,-2035.73,0.00,108.72,108.92,-2035.73,-0.19,1086783.46,0.00,1095980.21,0.00,-0.18
SLONG3,2026-02-24,1658.83,-1355.72,108.19,108.03,1658.83,0.15,1086783.46,1355.72,1095980.21,1355.72,0.00
SLONG4,2026-02-24,-339.15,-3432.41,105.43,105.46,-339.15,-0.03,1086783.46,3432.41,1095980.21,3432.41,-0.03
SLONG5,2026-02-24,973.66,-2390.00,107.36,107.26,973.66,0.09,1086783.46,2390.00,1095980.21,2390.00,0.00
SLONG6,2026-02-24,322.84,-3175.83,103.34,103.31,322.84,0.03,1086783.46,3175.83,1095980.21,3175.83,0.00
SLONG7,2026-02-24,520.77,-796.97,109.24,109.19,520.77,0.05,1086783.46,796.97,1095980.21,796.97,-0.01
SLONG8,2026-02-24,520.77,-3432.41,108.08,108.03,520.77,0.05,1086783.46,3432.41,1095980.21,3432.41,0.00
SLONG9,2026-02-24,2573.55,-1916.78,108.85,108.59,2573.55,0.24,1086783.46,1916.78,1095980.21,1916.78,0.00
Large Cap Stock Holdings,2026-02-24,26799367.50,0.00,97.26,98.50,-342017.50,-1.26,27141385.00,27141385.00,27607700.00,-466315.00,-4.03
Liquidcase Stock Holdings,2026-02-24,6618110.40,0.00,100.47,100.47,0.00,0.00,6618110.40,6618110.40,6616937.60,1172.80,0.00
Small Cap Stock Holdings,2026-02-24,12691800.00,0.00,105.18,105.61,-51850.00,-0.41,12743650.00,12743650.00,12629375.00,114275.00,-6.51
Debt Stock Holdings,2026-02-24,6618110.40,0.00,100.47,100.47,0.00,0.00,6618110.40,6618110.40,6616937.60,1172.80,0.00
Equity Stock Holdings,2026-02-24,39491167.50,0.00,99.64,100.64,-393867.50,-0.99,39885035.00,39885035.00,40237075.00,-352040.00,-4.32
Stock Holdings,2026-02-24,46109277.90,0.00,99.73,100.58,-393867.50,-0.85,46503145.40,46503145.40,46854012.60,-350867.20,-3.72
Miscellaneous P&L,2026-02-24,0.00,0.00,100.00,100.00,0.00,0.00,0.00,0.00,0.00,0.00,0.00
Total Tax,2026-02-24,-3400.96,2495.91,100.00,100.00,-3400.96,0.00,0.00,-2495.91,0.00,0.00,0.00
Equity Holdings Tax,2026-02-24,0.00,0.00,100.00,100.00,0.00,0.00,0.00,0.00,0.00,0.00,0.00
Equity Intraday Tax,2026-02-24,0.00,0.00,100.00,100.00,0.00,0.00,0.00,0.00,0.00,0.00,0.00
F&O Tax,2026-02-24,-3400.96,2495.91,100.00,100.00,-3400.96,0.00,0.00,-2495.91,0.00,0.00,0.00
MCX Tax,2026-02-24,0.00,0.00,100.00,100.00,0.00,0.00,0.00,0.00,0.00,0.00,0.00
Total Other Debits and Credits,2026-02-24,0.00,0.00,100.00,100.00,0.00,0.00,0.00,0.00,0.00,0.00,0.00
Equity Other Debits and Credits,2026-02-24,0.00,0.00,100.00,100.00,0.00,0.00,0.00,0.00,0.00,0.00,0.00
NPSAR,2026-02-24,3240869.16,-2572.15,99.32,99.39,-19481.23,-0.07,26082803.10,3262922.53,26303525.12,-25018.11,-1.13
SPSAR,2026-02-24,3274165.53,23657.76,100.06,100.01,13815.14,0.05,26082803.10,3236692.62,26303525.12,-51248.02,-0.57
NLONG,2026-02-24,-89171.44,-26285.80,104.94,105.30,-89171.44,-0.34,26082803.04,26285.80,26303525.04,26285.80,-0.92
SLONG,2026-02-24,-17547.98,-26795.57,105.21,105.29,-17547.98,-0.07,26082803.04,26795.57,26303525.04,26795.57,-0.08
PSAR,2026-02-24,6515034.69,21085.61,99.69,99.70,-5666.09,-0.01,52165606.20,6499615.15,52607050.24,-76266.13,-0.85
LONG,2026-02-24,-106719.42,-53081.37,105.08,105.30,-106719.42,-0.20,52165606.08,53081.37,52607050.08,53081.37,-0.25
Total Portfolio Value,2026-02-24,6404914.30,-29499.85,104.62,104.85,-115786.47,-0.22,52165606.00,6550200.61,52607050.00,-25680.67,-0.66
Zerodha Total Portfolio,2026-02-24,51733577.75,0.00,104.33,105.36,-509653.97,-0.98,52243231.72,52243231.72,52619779.59,-376547.87,-2.40
NPSAR1,2026-02-25,183796.35,-1990.54,99.41,99.23,2665.77,0.18,1449044.62,183121.12,1449044.62,1990.54,-2.66
NPSAR10,2026-02-25,395877.83,-2809.11,102.80,103.17,-11665.97,-0.36,3260350.38,410352.91,3260350.38,2809.11,-0.36
NPSAR11,2026-02-25,398237.76,-2148.28,99.96,100.25,-9306.04,-0.29,3260350.38,409692.08,3260350.38,2148.28,-0.30
NPSAR12,2026-02-25,404328.25,-1493.78,99.11,99.21,-3215.55,-0.10,3260350.38,409037.58,3260350.38,1493.78,-1.60
NPSAR13,2026-02-25,407561.20,-1244.67,100.01,100.01,17.40,0.00,3260350.38,408788.47,3260350.38,1244.67,-0.72
NPSAR2,2026-02-25,183796.35,-1928.26,97.24,97.06,2665.77,0.18,1449044.62,183058.84,1449044.62,1928.26,-3.52
NPSAR3,2026-02-25,183796.35,5657.31,100.15,99.97,2665.77,0.18,1449044.62,175473.27,1449044.62,-5657.31,-0.79
NPSAR4,2026-02-25,183796.35,9554.55,98.11,97.93,2665.77,0.18,1449044.62,171576.03,1449044.62,-9554.55,-2.93
NPSAR5,2026-02-25,183796.35,4624.10,95.10,94.93,2665.77,0.18,1449044.62,176506.48,1449044.62,-4624.10,-5.98
NPSAR6,2026-02-25,183796.35,3162.67,96.85,96.67,2665.77,0.18,1449044.62,177967.91,1449044.62,-3162.67,-4.52
NPSAR7,2026-02-25,183796.35,2983.71,98.62,98.44,2665.77,0.18,1449044.62,178146.87,1449044.62,-2983.71,-2.22
NPSAR8,2026-02-25,170899.54,2869.15,96.95,97.64,-10231.04,-0.71,1449044.62,178261.43,1449044.62,-2869.15,-3.77
NPSAR9,2026-02-25,170899.54,2244.38,99.36,100.07,-10231.04,-0.71,1449044.62,178886.20,1449044.62,-2244.38,-1.35
SPSAR1,2026-02-25,185179.59,-4077.75,101.33,101.05,4049.01,0.28,1449044.62,185208.33,1449044.62,4077.75,-0.36
SPSAR10,2026-02-25,390298.00,-1665.04,103.31,103.86,-17245.80,-0.53,3260350.38,409208.84,3260350.38,1665.04,-0.81
SPSAR11,2026-02-25,405126.11,-1665.04,102.04,102.12,-2417.69,-0.07,3260350.38,409208.84,3260350.38,1665.04,-0.37
SPSAR12,2026-02-25,406564.07,-8155.50,100.55,100.58,-979.73,-0.03,3260350.38,415699.30,3260350.38,8155.50,-0.56
SPSAR13,2026-02-25,406564.07,-8155.50,100.34,100.37,-979.73,-0.03,3260350.38,415699.30,3260350.38,8155.50,-0.70
SPSAR2,2026-02-25,185179.59,-4077.75,97.90,97.63,4049.01,0.28,1449044.62,185208.33,1449044.62,4077.75,-3.07
SPSAR3,2026-02-25,185179.59,-4077.75,100.33,100.05,4049.01,0.28,1449044.62,185208.33,1449044.62,4077.75,-1.13
SPSAR4,2026-02-25,185179.59,-4077.75,98.82,98.54,4049.01,0.28,1449044.62,185208.33,1449044.62,4077.75,-2.46
SPSAR5,2026-02-25,185179.59,7764.24,94.66,94.40,4049.01,0.28,1449044.62,173366.34,1449044.62,-7764.24,-6.61
SPSAR6,2026-02-25,185179.59,3978.10,97.44,97.17,4049.01,0.28,1449044.62,177152.48,1449044.62,-3978.10,-4.12
SPSAR7,2026-02-25,185179.59,3978.10,97.72,97.45,4049.01,0.28,1449044.62,177152.48,1449044.62,-3978.10,-2.78
SPSAR8,2026-02-25,185179.59,3208.25,99.50,99.22,4049.01,0.28,1449044.62,177922.33,1449044.62,-3208.25,-1.00
SPSAR9,2026-02-25,185179.59,3208.25,100.59,100.31,4049.01,0.28,1449044.62,177922.33,1449044.62,-3208.25,-0.44
NLONG1,2026-02-25,-5594.38,-284.47,107.52,108.08,-5594.38,-0.51,1086783.46,284.47,1086783.46,284.47,-0.52
NLONG10,2026-02-25,0.00,981.36,106.33,106.33,0.00,0.00,1086783.46,-981.36,1086783.46,-981.36,-0.47
NLONG11,2026-02-25,0.00,754.44,111.33,111.33,0.00,0.00,1086783.46,-754.44,1086783.46,-754.44,-0.69
NLONG12,2026-02-25,0.00,3513.47,108.15,108.15,0.00,0.00,1086783.46,-3513.47,1086783.46,-3513.47,-1.28
NLONG13,2026-02-25,493.16,3096.95,100.98,100.93,493.16,0.05,1086783.46,-3096.95,1086783.46,-3096.95,-1.79
NLONG14,2026-02-25,948.71,3096.95,101.62,101.53,948.71,0.09,1086783.46,-3096.95,1086783.46,-3096.95,-1.71
NLONG15,2026-02-25,493.16,11382.70,101.94,101.89,493.16,0.05,1086783.46,-11382.70,1086783.46,-11382.70,-2.43
NLONG16,2026-02-25,948.71,8161.63,102.65,102.56,948.71,0.09,1086783.46,-8161.63,1086783.46,-8161.63,-2.25
NLONG17,2026-02-25,-1230.84,3609.38,102.37,102.49,-1230.84,-0.11,1086783.46,-3609.38,1086783.46,-3609.38,-1.98
NLONG18,2026-02-25,-1230.84,3609.38,102.14,102.26,-1230.84,-0.11,1086783.46,-3609.38,1086783.46,-3609.38,-2.00
NLONG19,2026-02-25,-808.79,11708.29,102.65,102.73,-808.79,-0.07,1086783.46,-11708.29,1086783.46,-11708.29,-2.53
NLONG2,2026-02-25,0.00,1566.48,97.53,97.53,0.00,0.00,1086783.46,-1566.48,1086783.46,-1566.48,-3.19
NLONG20,2026-02-25,-808.79,7538.65,103.51,103.59,-808.79,-0.07,1086783.46,-7538.65,1086783.46,-7538.65,-2.17
NLONG21,2026-02-25,-993.02,3187.80,103.15,103.24,-993.02,-0.09,1086783.46,-3187.80,1086783.46,-3187.80,-1.21
NLONG22,2026-02-25,-993.02,3187.80,103.41,103.50,-993.02,-0.09,1086783.46,-3187.80,1086783.46,-3187.80,-1.11
NLONG23,2026-02-25,-751.85,10968.48,105.54,105.61,-751.85,-0.07,1086783.46,-10968.48,1086783.46,-10968.48,-1.81
NLONG24,2026-02-25,-751.85,7582.98,106.93,107.00,-751.85,-0.07,1086783.46,-7582.98,1086783.46,-7582.98,-1.45
NLONG3,2026-02-25,-5594.38,-3611.45,108.63,109.19,-5594.38,-0.51,1086783.46,3611.45,1086783.46,3611.45,-0.51
NLONG4,2026-02-25,0.00,6810.95,104.62,104.62,0.00,0.00,1086783.46,-6810.95,1086783.46,-6810.95,-1.28
NLONG5,2026-02-25,-4981.40,68.06,107.94,108.44,-4981.40,-0.46,1086783.46,-68.06,1086783.46,-68.06,-0.56
NLONG6,2026-02-25,0.00,1566.48,103.12,103.12,0.00,0.00,1086783.46,-1566.48,1086783.46,-1566.48,-0.47
NLONG7,2026-02-25,0.00,-2423.04,110.45,110.45,0.00,0.00,1086783.46,2423.04,1086783.46,2423.04,-0.05
NLONG8,2026-02-25,0.00,3513.47,105.18,105.18,0.00,0.00,1086783.46,-3513.47,1086783.46,-3513.47,-0.90
NLONG9,2026-02-25,0.00,-415.30,109.51,109.51,0.00,0.00,1086783.46,415.30,1086783.46,415.30,-0.44
SLONG1,2026-02-25,-10931.72,-2273.86,106.34,107.42,-10931.72,-1.01,1086783.46,2273.86,1086783.46,2273.86,-1.01
SLONG10,2026-02-25,-2868.83,-438.80,102.91,103.18,-2868.83,-0.26,1086783.46,438.80,1086783.46,438.80,-0.26
SLONG11,2026-02-25,0.00,-498.07,108.36,108.36,0.00,0.00,1086783.46,498.07,1086783.46,498.07,0.00
SLONG12,2026-02-25,-2868.83,-498.07,104.98,105.26,-2868.83,-0.26,1086783.46,498.07,1086783.46,498.07,-0.27
SLONG13,2026-02-25,1353.15,2223.59,101.71,101.58,1353.15,0.12,1086783.46,-2223.59,1086783.46,-2223.59,-1.03
SLONG14,2026-02-25,1353.15,2337.81,102.39,102.26,1353.15,0.12,1086783.46,-2337.81,1086783.46,-2337.81,-0.94
SLONG15,2026-02-25,1353.15,2223.59,104.18,104.05,1353.15,0.12,1086783.46,-2223.59,1086783.46,-2223.59,-0.08
SLONG16,2026-02-25,1353.15,2337.81,101.87,101.74,1353.15,0.12,1086783.46,-2337.81,1086783.46,-2337.81,-1.76
SLONG17,2026-02-25,-2328.70,1917.19,103.08,103.30,-2328.70,-0.21,1086783.46,-1917.19,1086783.46,-1917.19,-1.28
SLONG18,2026-02-25,-2328.70,1917.19,103.20,103.42,-2328.70,-0.21,1086783.46,-1917.19,1086783.46,-1917.19,-1.17
SLONG19,2026-02-25,-1621.67,3330.80,106.14,106.30,-1621.67,-0.15,1086783.46,-3330.80,1086783.46,-3330.80,-0.46
SLONG2,2026-02-25,-2868.83,339.15,97.02,97.28,-2868.83,-0.26,1086783.46,-339.15,1086783.46,-339.15,-4.31
SLONG20,2026-02-25,-1621.67,3330.80,104.71,104.87,-1621.67,-0.15,1086783.46,-3330.80,1086783.46,-3330.80,-0.46
SLONG21,2026-02-25,-2025.75,1729.33,103.97,104.16,-2025.75,-0.19,1086783.46,-1729.33,1086783.46,-1729.33,-0.79
SLONG22,2026-02-25,-2025.75,1729.33,104.32,104.51,-2025.75,-0.19,1086783.46,-1729.33,1086783.46,-1729.33,-0.68
SLONG23,2026-02-25,-1576.39,2035.73,108.13,108.29,-1576.39,-0.15,1086783.46,-2035.73,1086783.46,-2035.73,-0.33
SLONG24,2026-02-25,-1576.39,2035.73,108.56,108.72,-1576.39,-0.15,1086783.46,-2035.73,1086783.46,-2035.73,-0.33
SLONG3,2026-02-25,-10931.72,-1658.83,107.10,108.19,-10931.72,-1.01,1086783.46,1658.83,1086783.46,1658.83,-1.01
SLONG4,2026-02-25,-2868.83,339.15,105.15,105.43,-2868.83,-0.26,1086783.46,-339.15,1086783.46,-339.15,-0.29
SLONG5,2026-02-25,0.00,-973.66,107.36,107.36,0.00,0.00,1086783.46,973.66,1086783.46,973.66,0.00
SLONG6,2026-02-25,-2868.83,-322.84,103.07,103.34,-2868.83,-0.26,1086783.46,322.84,1086783.46,322.84,-0.26
SLONG7,2026-02-25,0.00,-520.77,109.24,109.24,0.00,0.00,1086783.46,520.77,1086783.46,520.77,-0.01
SLONG8,2026-02-25,-2868.83,-520.77,107.79,108.08,-2868.83,-0.26,1086783.46,520.77,1086783.46,520.77,-0.27
SLONG9,2026-02-25,0.00,-2573.55,108.85,108.85,0.00,0.00,1086783.46,2573.55,1086783.46,2573.55,0.00
Large Cap Stock Holdings,2026-02-25,26408042.50,0.00,95.84,97.26,-391325.00,-1.46,26799367.50,26799367.50,27141385.00,-342017.50,-5.43
Liquidcase Stock Holdings,2026-02-25,6619869.60,0.00,100.50,100.47,1759.20,0.03,6618110.40,6618110.40,6618110.40,0.00,0.00
Small Cap Stock Holdings,2026-02-25,12685775.00,0.00,105.13,105.18,-6025.00,-0.05,12691800.00,12691800.00,12743650.00,-51850.00,-6.55
Debt Stock Holdings,2026-02-25,6619869.60,0.00,100.50,100.47,1759.20,0.03,6618110.40,6618110.40,6618110.40,0.00,0.00
Equity Stock Holdings,2026-02-25,39093817.50,0.00,98.63,99.64,-397350.00,-1.01,39491167.50,39491167.50,39885035.00,-393867.50,-5.29
Stock Holdings,2026-02-25,45713687.10,0.00,98.87,99.73,-395590.80,-0.86,46109277.90,46109277.90,46503145.40,-393867.50,-4.55
Miscellaneous P&L,2026-02-25,0.00,0.00,100.00,100.00,0.00,0.00,0.00,0.00,0.00,0.00,0.00
Total Tax,2026-02-25,-4635.91,3400.96,100.00,100.00,-4635.91,0.00,0.00,-3400.96,0.00,0.00,0.00
Equity Holdings Tax,2026-02-25,0.00,0.00,100.00,100.00,0.00,0.00,0.00,0.00,0.00,0.00,0.00
Equity Intraday Tax,2026-02-25,0.00,0.00,100.00,100.00,0.00,0.00,0.00,0.00,0.00,0.00,0.00
F&O Tax,2026-02-25,-4635.91,3400.96,100.00,100.00,-4635.91,0.00,0.00,-3400.96,0.00,0.00,0.00
MCX Tax,2026-02-25,0.00,0.00,100.00,100.00,0.00,0.00,0.00,0.00,0.00,0.00,0.00
Total Other Debits and Credits,2026-02-25,0.00,0.00,100.00,100.00,0.00,0.00,0.00,0.00,0.00,0.00,0.00
Equity Other Debits and Credits,2026-02-25,0.00,0.00,100.00,100.00,0.00,0.00,0.00,0.00,0.00,0.00,0.00
NPSAR,2026-02-25,3234378.54,19481.20,99.22,99.32,-25971.85,-0.10,26082803.10,3240869.16,26082803.10,-19481.23,-1.23
SPSAR,2026-02-25,3275168.53,-13815.17,100.12,100.06,14818.14,0.06,26082803.10,3274165.53,26082803.10,13815.14,-0.52
NLONG,2026-02-25,-20855.42,89171.44,104.86,104.94,-20855.42,-0.08,26082803.04,-89171.44,26082803.04,-89171.44,-1.00
SLONG,2026-02-25,-48768.84,17547.98,105.02,105.21,-48768.84,-0.19,26082803.04,-17547.98,26082803.04,-17547.98,-0.26
PSAR,2026-02-25,6509547.07,5666.03,99.67,99.69,-11153.71,-0.02,52165606.20,6515034.68,52165606.20,-5666.09,-0.87
LONG,2026-02-25,-69624.26,106719.42,104.94,105.08,-69624.26,-0.13,52165606.08,-106719.42,52165606.08,-106719.42,-0.39
Total Portfolio Value,2026-02-25,6435286.90,115786.41,104.45,104.62,-85413.88,-0.16,52165606.00,6404914.30,52165606.00,-115786.47,-0.83
Zerodha Total Portfolio,2026-02-25,51252573.07,0.00,103.36,104.33,-481004.68,-0.93,51733577.75,51733577.75,52243231.72,-509653.97,-3.31
NPSAR1,2026-02-26,182562.25,-2943.60,99.53,99.41,1709.50,0.12,1446821.98,183796.35,1449044.62,2665.77,-2.55
NPSAR10,2026-02-26,395228.71,11040.85,102.43,102.80,-11689.97,-0.36,3255349.44,395877.83,3260350.38,-11665.97,-0.72
NPSAR11,2026-02-26,395251.70,8680.92,99.60,99.96,-11666.98,-0.36,3255349.44,398237.76,3260350.38,-9306.04,-0.66
NPSAR12,2026-02-26,390676.73,2590.43,98.62,99.11,-16241.95,-0.50,3255349.44,404328.25,3260350.38,-3215.55,-2.08
NPSAR13,2026-02-26,403157.94,-642.52,99.89,100.01,-3760.74,-0.12,3255349.44,407561.20,3260350.38,17.40,-0.84
NPSAR2,2026-02-26,182562.25,-2943.60,97.35,97.24,1709.50,0.12,1446821.98,183796.35,1449044.62,2665.77,-3.41
NPSAR3,2026-02-26,182562.25,-2943.60,100.27,100.15,1709.50,0.12,1446821.98,183796.35,1449044.62,2665.77,-0.67
NPSAR4,2026-02-26,182562.25,-2943.60,98.23,98.11,1709.50,0.12,1446821.98,183796.35,1449044.62,2665.77,-2.81
NPSAR5,2026-02-26,182562.25,-2943.60,95.21,95.10,1709.50,0.12,1446821.98,183796.35,1449044.62,2665.77,-5.87
NPSAR6,2026-02-26,182562.25,-2943.60,96.96,96.85,1709.50,0.12,1446821.98,183796.35,1449044.62,2665.77,-4.42
NPSAR7,2026-02-26,179287.20,-2943.60,98.51,98.62,-1565.55,-0.11,1446821.98,183796.35,1449044.62,2665.77,-2.33
NPSAR8,2026-02-26,179073.06,9953.21,96.83,96.95,-1779.69,-0.12,1446821.98,170899.54,1449044.62,-10231.04,-3.89
NPSAR9,2026-02-26,179059.72,9953.21,99.24,99.36,-1793.03,-0.12,1446821.98,170899.54,1449044.62,-10231.04,-1.47
SPSAR1,2026-02-26,183175.93,-4326.84,101.49,101.33,2323.18,0.16,1446821.98,185179.59,1449044.62,4049.01,-0.21
SPSAR10,2026-02-26,414390.89,16620.68,103.55,103.31,7472.21,0.23,3255349.44,390298.00,3260350.38,-17245.80,-0.58
SPSAR11,2026-02-26,393164.17,1792.57,101.61,102.04,-13754.51,-0.42,3255349.44,405126.11,3260350.38,-2417.69,-0.79
SPSAR12,2026-02-26,402529.25,354.61,100.41,100.55,-4389.43,-0.13,3255349.44,406564.07,3260350.38,-979.73,-0.70
SPSAR13,2026-02-26,408403.62,354.61,100.39,100.34,1484.94,0.05,3255349.44,406564.07,3260350.38,-979.73,-0.65
SPSAR2,2026-02-26,183003.97,-4326.84,98.05,97.90,2151.22,0.15,1446821.98,185179.59,1449044.62,4049.01,-2.92
SPSAR3,2026-02-26,183545.16,-4326.84,100.52,100.33,2692.41,0.19,1446821.98,185179.59,1449044.62,4049.01,-0.95
SPSAR4,2026-02-26,183196.82,-4326.84,98.98,98.82,2344.07,0.16,1446821.98,185179.59,1449044.62,4049.01,-2.30
SPSAR5,2026-02-26,183272.86,-4326.84,94.82,94.66,2420.11,0.17,1446821.98,185179.59,1449044.62,4049.01,-6.45
SPSAR6,2026-02-26,182862.33,-4326.84,97.58,97.44,2009.58,0.14,1446821.98,185179.59,1449044.62,4049.01,-3.99
SPSAR7,2026-02-26,183220.61,-4326.84,97.88,97.72,2367.86,0.16,1446821.98,185179.59,1449044.62,4049.01,-2.62
SPSAR8,2026-02-26,182890.14,-4326.84,99.64,99.50,2037.39,0.14,1446821.98,185179.59,1449044.62,4049.01,-0.86
SPSAR9,2026-02-26,182990.94,-4326.84,100.74,100.59,2138.19,0.15,1446821.98,185179.59,1449044.62,4049.01,-0.29
NLONG1,2026-02-26,-3004.82,5594.38,107.22,107.52,-3004.82,-0.28,1085116.48,-5594.38,1086783.46,-5594.38,-0.80
NLONG10,2026-02-26,-2673.63,0.00,106.07,106.33,-2673.63,-0.25,1085116.48,0.00,1086783.46,0.00,-0.71
NLONG11,2026-02-26,-3315.57,0.00,110.99,111.33,-3315.57,-0.31,1085116.48,0.00,1086783.46,0.00,-0.99
NLONG12,2026-02-26,-2673.63,0.00,107.88,108.15,-2673.63,-0.25,1085116.48,0.00,1086783.46,0.00,-1.52
NLONG13,2026-02-26,-2487.90,-493.16,100.75,100.98,-2487.90,-0.23,1085116.48,493.16,1086783.46,493.16,-2.01
NLONG14,2026-02-26,-2233.78,-948.71,101.41,101.62,-2233.78,-0.21,1085116.48,948.71,1086783.46,948.71,-1.92
NLONG15,2026-02-26,-3633.09,-493.16,101.60,101.94,-3633.09,-0.33,1085116.48,493.16,1086783.46,493.16,-2.76
NLONG16,2026-02-26,-2809.58,-948.71,102.38,102.65,-2809.58,-0.26,1085116.48,948.71,1086783.46,948.71,-2.50
NLONG17,2026-02-26,-2303.67,1230.84,102.15,102.37,-2303.67,-0.21,1085116.48,-1230.84,1086783.46,-1230.84,-2.19
NLONG18,2026-02-26,-2055.98,1230.84,101.95,102.14,-2055.98,-0.19,1085116.48,-1230.84,1086783.46,-1230.84,-2.18
NLONG19,2026-02-26,-3271.93,808.79,102.34,102.65,-3271.93,-0.30,1085116.48,-808.79,1086783.46,-808.79,-2.82
NLONG2,2026-02-26,-2673.63,0.00,97.29,97.53,-2673.63,-0.25,1085116.48,0.00,1086783.46,0.00,-3.42
NLONG20,2026-02-26,-2557.80,808.79,103.27,103.51,-2557.80,-0.24,1085116.48,-808.79,1086783.46,-808.79,-2.40
NLONG21,2026-02-26,-2303.67,993.02,102.93,103.15,-2303.67,-0.21,1085116.48,-993.02,1086783.46,-993.02,-1.42
NLONG22,2026-02-26,-2055.98,993.02,103.21,103.41,-2055.98,-0.19,1085116.48,-993.02,1086783.46,-993.02,-1.30
NLONG23,2026-02-26,-3271.93,751.85,105.22,105.54,-3271.93,-0.30,1085116.48,-751.85,1086783.46,-751.85,-2.11
NLONG24,2026-02-26,-2557.80,751.85,106.68,106.93,-2557.80,-0.24,1085116.48,-751.85,1086783.46,-751.85,-1.68
NLONG3,2026-02-26,-2264.95,5594.38,108.40,108.63,-2264.95,-0.21,1085116.48,-5594.38,1086783.46,-5594.38,-0.72
NLONG4,2026-02-26,-2673.63,0.00,104.36,104.62,-2673.63,-0.25,1085116.48,0.00,1086783.46,0.00,-1.53
NLONG5,2026-02-26,-3004.82,4981.40,107.64,107.94,-3004.82,-0.28,1085116.48,-4981.40,1086783.46,-4981.40,-0.84
NLONG6,2026-02-26,-2673.63,0.00,102.87,103.12,-2673.63,-0.25,1085116.48,0.00,1086783.46,0.00,-0.71
NLONG7,2026-02-26,-3315.57,0.00,110.11,110.45,-3315.57,-0.31,1085116.48,0.00,1086783.46,0.00,-0.35
NLONG8,2026-02-26,-2673.63,0.00,104.92,105.18,-2673.63,-0.25,1085116.48,0.00,1086783.46,0.00,-1.14
NLONG9,2026-02-26,-3315.57,0.00,109.18,109.51,-3315.57,-0.31,1085116.48,0.00,1086783.46,0.00,-0.74
SLONG1,2026-02-26,-3613.56,10931.72,105.99,106.34,-3613.56,-0.33,1085116.48,-10931.72,1086783.46,-10931.72,-1.33
SLONG10,2026-02-26,-5771.16,2868.83,102.36,102.91,-5771.16,-0.53,1085116.48,-2868.83,1086783.46,-2868.83,-0.79
SLONG11,2026-02-26,-11077.20,0.00,107.25,108.36,-11077.20,-1.02,1085116.48,0.00,1086783.46,0.00,-1.02
SLONG12,2026-02-26,-11356.59,2868.83,103.88,104.98,-11356.59,-1.05,1085116.48,-2868.83,1086783.46,-2868.83,-1.31
SLONG13,2026-02-26,-5886.61,-1353.15,101.16,101.71,-5886.61,-0.54,1085116.48,1353.15,1086783.46,1353.15,-1.57
SLONG14,2026-02-26,-4968.09,-1353.15,101.92,102.39,-4968.09,-0.46,1085116.48,1353.15,1086783.46,1353.15,-1.39
SLONG15,2026-02-26,-8081.96,-1353.15,103.40,104.18,-8081.96,-0.74,1085116.48,1353.15,1086783.46,1353.15,-0.82
SLONG16,2026-02-26,-6648.75,-1353.15,101.25,101.87,-6648.75,-0.61,1085116.48,1353.15,1086783.46,1353.15,-2.35
SLONG17,2026-02-26,-5452.39,2328.70,102.56,103.08,-5452.39,-0.50,1085116.48,-2328.70,1086783.46,-2328.70,-1.78
SLONG18,2026-02-26,-4527.93,2328.70,102.77,103.20,-4527.93,-0.42,1085116.48,-2328.70,1086783.46,-2328.70,-1.58
SLONG19,2026-02-26,-7059.81,1621.67,105.45,106.14,-7059.81,-0.65,1085116.48,-1621.67,1086783.46,-1621.67,-1.11
SLONG2,2026-02-26,-5771.16,2868.83,96.50,97.02,-5771.16,-0.53,1085116.48,-2868.83,1086783.46,-2868.83,-4.82
SLONG20,2026-02-26,-6010.63,1621.67,104.13,104.71,-6010.63,-0.55,1085116.48,-1621.67,1086783.46,-1621.67,-1.01
SLONG21,2026-02-26,-4846.63,2025.75,103.51,103.97,-4846.63,-0.45,1085116.48,-2025.75,1086783.46,-2025.75,-1.23
SLONG22,2026-02-26,-4102.31,2025.75,103.93,104.32,-4102.31,-0.38,1085116.48,-2025.75,1086783.46,-2025.75,-1.05
SLONG23,2026-02-26,-6137.31,1576.39,107.52,108.13,-6137.31,-0.57,1085116.48,-1576.39,1086783.46,-1576.39,-0.89
SLONG24,2026-02-26,-5297.97,1576.39,108.03,108.56,-5297.97,-0.49,1085116.48,-1576.39,1086783.46,-1576.39,-0.82
SLONG3,2026-02-26,-10990.74,10931.72,106.02,107.10,-10990.74,-1.01,1085116.48,-10931.72,1086783.46,-10931.72,-2.01
SLONG4,2026-02-26,-11736.43,2868.83,104.01,105.15,-11736.43,-1.08,1085116.48,-2868.83,1086783.46,-2868.83,-1.37
SLONG5,2026-02-26,-3066.56,0.00,107.06,107.36,-3066.56,-0.28,1085116.48,0.00,1086783.46,0.00,-0.28
SLONG6,2026-02-26,-5771.16,2868.83,102.52,103.07,-5771.16,-0.53,1085116.48,-2868.83,1086783.46,-2868.83,-0.79
SLONG7,2026-02-26,-11077.20,0.00,108.12,109.24,-11077.20,-1.02,1085116.48,0.00,1086783.46,0.00,-1.03
SLONG8,2026-02-26,-11736.43,2868.83,106.62,107.79,-11736.43,-1.08,1085116.48,-2868.83,1086783.46,-2868.83,-1.35
SLONG9,2026-02-26,-3066.56,0.00,108.54,108.85,-3066.56,-0.28,1085116.48,0.00,1086783.46,0.00,-0.28
Large Cap Stock Holdings,2026-02-26,26493245.00,0.00,96.15,95.84,85202.50,0.32,26408042.50,26408042.50,26799367.50,-391325.00,-5.12
Liquidcase Stock Holdings,2026-02-26,6620456.00,0.00,100.51,100.50,586.40,0.01,6619869.60,6619869.60,6618110.40,1759.20,0.00
Small Cap Stock Holdings,2026-02-26,12881525.00,0.00,106.75,105.13,195750.00,1.54,12685775.00,12685775.00,12691800.00,-6025.00,-5.11
Debt Stock Holdings,2026-02-26,6620456.00,0.00,100.51,100.50,586.40,0.01,6619869.60,6619869.60,6618110.40,1759.20,0.00
Equity Stock Holdings,2026-02-26,39374770.00,0.00,99.34,98.63,280952.50,0.72,39093817.50,39093817.50,39491167.50,-397350.00,-4.61
Stock Holdings,2026-02-26,45995226.00,0.00,99.48,98.87,281538.90,0.62,45713687.10,45713687.10,46109277.90,-395590.80,-3.96
Miscellaneous P&L,2026-02-26,0.00,0.00,100.00,100.00,0.00,0.00,0.00,0.00,0.00,0.00,0.00
Total Tax,2026-02-26,-3531.66,4635.91,100.00,100.00,-3531.66,0.00,0.00,-4635.91,0.00,0.00,0.00
Equity Holdings Tax,2026-02-26,0.00,0.00,100.00,100.00,0.00,0.00,0.00,0.00,0.00,0.00,0.00
Equity Intraday Tax,2026-02-26,0.00,0.00,100.00,100.00,0.00,0.00,0.00,0.00,0.00,0.00,0.00
F&O Tax,2026-02-26,-3531.66,4635.91,100.00,100.00,-3531.66,0.00,0.00,-4635.91,0.00,0.00,0.00
MCX Tax,2026-02-26,0.00,0.00,100.00,100.00,0.00,0.00,0.00,0.00,0.00,0.00,0.00
Total Other Debits and Credits,2026-02-26,0.00,0.00,100.00,100.00,0.00,0.00,0.00,0.00,0.00,0.00,0.00
Equity Other Debits and Credits,2026-02-26,0.00,0.00,100.00,100.00,0.00,0.00,0.00,0.00,0.00,0.00,0.00
NPSAR,2026-02-26,3217108.54,20970.88,99.07,99.22,-38240.91,-0.15,26042795.58,3234378.54,26082803.10,-25971.85,-1.38
SPSAR,2026-02-26,3266646.67,-19819.11,100.16,100.12,11297.22,0.04,26042795.58,3275168.53,26082803.10,14818.14,-0.47
NLONG,2026-02-26,-65806.19,20855.42,104.59,104.86,-65806.19,-0.25,26042795.52,-20855.42,26082803.04,-20855.42,-1.25
SLONG,2026-02-26,-164055.14,48768.84,104.36,105.02,-164055.14,-0.63,26042795.52,-48768.84,26082803.04,-48768.84,-0.89
PSAR,2026-02-26,6483755.21,1151.76,99.62,99.67,-26943.69,-0.05,52085591.16,6509547.07,52165606.20,-11153.71,-0.92
LONG,2026-02-26,-229861.33,69624.26,104.48,104.94,-229861.33,-0.44,52085591.04,-69624.26,52165606.08,-69624.26,-0.83
Total Portfolio Value,2026-02-26,6250362.22,75411.93,103.93,104.45,-260336.68,-0.50,52085591.00,6435286.90,52165606.00,-85413.88,-1.32
Zerodha Total Portfolio,2026-02-26,51273775.29,0.00,103.40,103.36,21202.22,0.04,51252573.07,51252573.07,51733577.75,-481004.68,-3.27
NPSAR1,2026-02-27,185230.23,-2610.02,99.89,99.53,5278.00,0.37,1439617.84,182562.25,1446821.98,1709.50,-2.19
NPSAR10,2026-02-27,406372.91,9663.80,102.48,102.43,1480.39,0.05,3239140.12,395228.71,3255349.44,-11689.97,-0.67
NPSAR11,2026-02-27,406372.91,9640.82,99.65,99.60,1480.39,0.05,3239140.12,395251.70,3255349.44,-11666.98,-0.61
NPSAR12,2026-02-27,406372.91,14215.79,98.67,98.62,1480.39,0.05,3239140.12,390676.73,3255349.44,-16241.95,-2.04
NPSAR13,2026-02-27,389927.50,1734.58,99.43,99.89,-14965.02,-0.46,3239140.12,403157.94,3255349.44,-3760.74,-1.30
NPSAR2,2026-02-27,185230.23,-2610.02,97.71,97.35,5278.00,0.37,1439617.84,182562.25,1446821.98,1709.50,-3.06
NPSAR3,2026-02-27,185230.23,-2610.02,100.64,100.27,5278.00,0.37,1439617.84,182562.25,1446821.98,1709.50,-0.31
NPSAR4,2026-02-27,185230.23,-2610.02,98.59,98.23,5278.00,0.37,1439617.84,182562.25,1446821.98,1709.50,-2.45
NPSAR5,2026-02-27,185230.23,-2610.02,95.56,95.21,5278.00,0.37,1439617.84,182562.25,1446821.98,1709.50,-5.53
NPSAR6,2026-02-27,185230.23,-2610.02,97.32,96.96,5278.00,0.37,1439617.84,182562.25,1446821.98,1709.50,-4.06
NPSAR7,2026-02-27,178295.45,665.03,98.40,98.51,-1656.78,-0.12,1439617.84,179287.20,1446821.98,-1565.55,-2.44
NPSAR8,2026-02-27,187966.73,879.17,97.37,96.83,8014.50,0.56,1439617.84,179073.06,1446821.98,-1779.69,-3.35
NPSAR9,2026-02-27,187966.73,892.51,99.79,99.24,8014.50,0.56,1439617.84,179059.72,1446821.98,-1793.03,-0.92
SPSAR1,2026-02-27,187054.23,-3223.70,101.99,101.49,7102.00,0.49,1439617.84,183175.93,1446821.98,2323.18,0.00
SPSAR10,2026-02-27,406452.93,-9498.38,103.60,103.55,1560.41,0.05,3239140.12,414390.89,3255349.44,7472.21,-0.53
SPSAR11,2026-02-27,407170.90,11728.35,101.68,101.61,2278.38,0.07,3239140.12,393164.17,3255349.44,-13754.51,-0.72
SPSAR12,2026-02-27,407781.18,2363.27,100.50,100.41,2888.66,0.09,3239140.12,402529.25,3255349.44,-4389.43,-0.61
SPSAR13,2026-02-27,403581.03,-3511.10,100.35,100.39,-1311.49,-0.04,3239140.12,408403.62,3255349.44,1484.94,-0.69
SPSAR2,2026-02-27,187054.23,-3051.74,98.53,98.05,7102.00,0.49,1439617.84,183003.97,1446821.98,2151.22,-2.45
SPSAR3,2026-02-27,187054.23,-3592.93,101.02,100.52,7102.00,0.49,1439617.84,183545.16,1446821.98,2692.41,-0.45
SPSAR4,2026-02-27,187054.23,-3244.59,99.47,98.98,7102.00,0.49,1439617.84,183196.82,1446821.98,2344.07,-1.82
SPSAR5,2026-02-27,186441.23,-3320.63,95.25,94.82,6489.00,0.45,1439617.84,183272.86,1446821.98,2420.11,-6.03
SPSAR6,2026-02-27,187054.23,-2910.10,98.06,97.58,7102.00,0.49,1439617.84,182862.33,1446821.98,2009.58,-3.51
SPSAR7,2026-02-27,187054.23,-3268.38,98.36,97.88,7102.00,0.49,1439617.84,183220.61,1446821.98,2367.86,-2.14
SPSAR8,2026-02-27,187054.23,-2937.91,100.13,99.64,7102.00,0.49,1439617.84,182890.14,1446821.98,2037.39,-0.37
SPSAR9,2026-02-27,187054.23,-3038.71,101.24,100.74,7102.00,0.49,1439617.84,182990.94,1446821.98,2138.19,0.00
NLONG1,2026-02-27,5858.61,3004.82,107.80,107.22,5858.61,0.54,1079713.38,-3004.82,1085116.48,-3004.82,-0.26
NLONG10,2026-02-27,5919.08,2673.63,106.65,106.07,5919.08,0.55,1079713.38,-2673.63,1085116.48,-2673.63,-0.17
NLONG11,2026-02-27,8414.69,3315.57,111.85,110.99,8414.69,0.78,1079713.38,-3315.57,1085116.48,-3315.57,-0.22
NLONG12,2026-02-27,5268.53,2673.63,108.41,107.88,5268.53,0.49,1079713.38,-2673.63,1085116.48,-2673.63,-1.04
NLONG13,2026-02-27,2400.79,2487.90,100.97,100.75,2400.79,0.22,1079713.38,-2487.90,1085116.48,-2487.90,-1.80
NLONG14,2026-02-27,2091.03,2233.78,101.61,101.41,2091.03,0.19,1079713.38,-2233.78,1085116.48,-2233.78,-1.72
NLONG15,2026-02-27,2400.79,3633.09,101.83,101.60,2400.79,0.22,1079713.38,-3633.09,1085116.48,-3633.09,-2.54
NLONG16,2026-02-27,2091.03,2809.58,102.58,102.38,2091.03,0.19,1079713.38,-2809.58,1085116.48,-2809.58,-2.31
NLONG17,2026-02-27,2400.79,2303.67,102.38,102.15,2400.79,0.22,1079713.38,-2303.67,1085116.48,-2303.67,-1.97
NLONG18,2026-02-27,2091.03,2055.98,102.15,101.95,2091.03,0.19,1079713.38,-2055.98,1085116.48,-2055.98,-1.99
NLONG19,2026-02-27,2400.79,3271.93,102.57,102.34,2400.79,0.22,1079713.38,-3271.93,1085116.48,-3271.93,-2.60
NLONG2,2026-02-27,5919.08,2673.63,97.82,97.29,5919.08,0.55,1079713.38,-2673.63,1085116.48,-2673.63,-2.90
NLONG20,2026-02-27,2091.03,2557.80,103.47,103.27,2091.03,0.19,1079713.38,-2557.80,1085116.48,-2557.80,-2.21
NLONG21,2026-02-27,2400.79,2303.67,103.16,102.93,2400.79,0.22,1079713.38,-2303.67,1085116.48,-2303.67,-1.20
NLONG22,2026-02-27,2091.03,2055.98,103.41,103.21,2091.03,0.19,1079713.38,-2055.98,1085116.48,-2055.98,-1.11
NLONG23,2026-02-27,2400.79,3271.93,105.45,105.22,2400.79,0.22,1079713.38,-3271.93,1085116.48,-3271.93,-1.90
NLONG24,2026-02-27,2091.03,2557.80,106.89,106.68,2091.03,0.19,1079713.38,-2557.80,1085116.48,-2557.80,-1.48
NLONG3,2026-02-27,6252.81,2264.95,109.03,108.40,6252.81,0.58,1079713.38,-2264.95,1085116.48,-2264.95,-0.15
NLONG4,2026-02-27,5268.53,2673.63,104.87,104.36,5268.53,0.49,1079713.38,-2673.63,1085116.48,-2673.63,-1.05
NLONG5,2026-02-27,7819.48,3004.82,108.42,107.64,7819.48,0.72,1079713.38,-3004.82,1085116.48,-3004.82,-0.12
NLONG6,2026-02-27,5919.08,2673.63,103.43,102.87,5919.08,0.55,1079713.38,-2673.63,1085116.48,-2673.63,-0.17
NLONG7,2026-02-27,7524.95,3315.57,110.88,110.11,7524.95,0.70,1079713.38,-3315.57,1085116.48,-3315.57,0.00
NLONG8,2026-02-27,5268.53,2673.63,105.43,104.92,5268.53,0.49,1079713.38,-2673.63,1085116.48,-2673.63,-0.66
NLONG9,2026-02-27,7127.45,3315.57,109.90,109.18,7127.45,0.66,1079713.38,-3315.57,1085116.48,-3315.57,-0.08
SLONG1,2026-02-27,4543.61,3613.56,106.44,105.99,4543.61,0.42,1079713.38,-3613.56,1085116.48,-3613.56,-0.91
SLONG10,2026-02-27,3746.06,5771.16,102.72,102.36,3746.06,0.35,1079713.38,-5771.16,1085116.48,-5771.16,-0.45
SLONG11,2026-02-27,2369.79,11077.20,107.49,107.25,2369.79,0.22,1079713.38,-11077.20,1085116.48,-11077.20,-0.80
SLONG12,2026-02-27,444.17,11356.59,103.92,103.88,444.17,0.04,1079713.38,-11356.59,1085116.48,-11356.59,-1.27
SLONG13,2026-02-27,444.17,5886.61,101.20,101.16,444.17,0.04,1079713.38,-5886.61,1085116.48,-5886.61,-1.53
SLONG14,2026-02-27,444.17,4968.09,101.96,101.92,444.17,0.04,1079713.38,-4968.09,1085116.48,-4968.09,-1.35
SLONG15,2026-02-27,444.17,8081.96,103.44,103.40,444.17,0.04,1079713.38,-8081.96,1085116.48,-8081.96,-0.79
SLONG16,2026-02-27,444.17,6648.75,101.29,101.25,444.17,0.04,1079713.38,-6648.75,1085116.48,-6648.75,-2.31
SLONG17,2026-02-27,444.17,5452.39,102.60,102.56,444.17,0.04,1079713.38,-5452.39,1085116.48,-5452.39,-1.74
SLONG18,2026-02-27,444.17,4527.93,102.81,102.77,444.17,0.04,1079713.38,-4527.93,1085116.48,-4527.93,-1.54
SLONG19,2026-02-27,444.17,7059.81,105.49,105.45,444.17,0.04,1079713.38,-7059.81,1085116.48,-7059.81,-1.07
SLONG2,2026-02-27,3746.06,5771.16,96.83,96.50,3746.06,0.35,1079713.38,-5771.16,1085116.48,-5771.16,-4.50
SLONG20,2026-02-27,444.17,6010.63,104.17,104.13,444.17,0.04,1079713.38,-6010.63,1085116.48,-6010.63,-0.97
SLONG21,2026-02-27,444.17,4846.63,103.55,103.51,444.17,0.04,1079713.38,-4846.63,1085116.48,-4846.63,-1.19
SLONG22,2026-02-27,444.17,4102.31,103.97,103.93,444.17,0.04,1079713.38,-4102.31,1085116.48,-4102.31,-1.01
SLONG23,2026-02-27,444.17,6137.31,107.56,107.52,444.17,0.04,1079713.38,-6137.31,1085116.48,-6137.31,-0.86
SLONG24,2026-02-27,444.17,5297.97,108.07,108.03,444.17,0.04,1079713.38,-5297.97,1085116.48,-5297.97,-0.78
SLONG3,2026-02-27,2354.58,10990.74,106.25,106.02,2354.58,0.22,1079713.38,-10990.74,1085116.48,-10990.74,-1.79
SLONG4,2026-02-27,444.17,11736.43,104.05,104.01,444.17,0.04,1079713.38,-11736.43,1085116.48,-11736.43,-1.34
SLONG5,2026-02-27,4640.95,3066.56,107.52,107.06,4640.95,0.43,1079713.38,-3066.56,1085116.48,-3066.56,0.00
SLONG6,2026-02-27,3746.06,5771.16,102.88,102.52,3746.06,0.35,1079713.38,-5771.16,1085116.48,-5771.16,-0.45
SLONG7,2026-02-27,2451.92,11077.20,108.37,108.12,2451.92,0.23,1079713.38,-11077.20,1085116.48,-11077.20,-0.81
SLONG8,2026-02-27,444.17,11736.43,106.66,106.62,444.17,0.04,1079713.38,-11736.43,1085116.48,-11736.43,-1.31
SLONG9,2026-02-27,4640.95,3066.56,109.01,108.54,4640.95,0.43,1079713.38,-3066.56,1085116.48,-3066.56,0.00
Large Cap Stock Holdings,2026-02-27,26337970.00,0.00,95.58,96.15,-155275.00,-0.59,26493245.00,26493245.00,26408042.50,85202.50,-5.68
Liquidcase Stock Holdings,2026-02-27,6622801.60,0.00,100.55,100.51,2345.60,0.04,6620456.00,6620456.00,6619869.60,586.40,0.00
Small Cap Stock Holdings,2026-02-27,13103650.00,0.00,108.59,106.75,222125.00,1.72,12881525.00,12881525.00,12685775.00,195750.00,-3.48
Debt Stock Holdings,2026-02-27,6622801.60,0.00,100.55,100.51,2345.60,0.04,6620456.00,6620456.00,6619869.60,586.40,0.00
Equity Stock Holdings,2026-02-27,39441620.00,0.00,99.51,99.34,66850.00,0.17,39374770.00,39374770.00,39093817.50,280952.50,-4.45
Stock Holdings,2026-02-27,46064421.60,0.00,99.63,99.48,69195.60,0.15,45995226.00,45995226.00,45713687.10,281538.90,-3.81
Miscellaneous P&L,2026-02-27,0.00,0.00,100.00,100.00,0.00,0.00,0.00,0.00,0.00,0.00,0.00
Total Tax,2026-02-27,-1746.87,3531.66,100.00,100.00,-1746.87,0.00,0.00,-3531.66,0.00,0.00,0.00
Equity Holdings Tax,2026-02-27,0.00,0.00,100.00,100.00,0.00,0.00,0.00,0.00,0.00,0.00,0.00
Equity Intraday Tax,2026-02-27,0.00,0.00,100.00,100.00,0.00,0.00,0.00,0.00,0.00,0.00,0.00
F&O Tax,2026-02-27,-1746.87,3531.66,100.00,100.00,-1746.87,0.00,0.00,-3531.66,0.00,0.00,0.00
MCX Tax,2026-02-27,0.00,0.00,100.00,100.00,0.00,0.00,0.00,0.00,0.00,0.00,0.00
Total Other Debits and Credits,2026-02-27,0.00,0.00,100.00,100.00,0.00,0.00,0.00,0.00,0.00,0.00,0.00
Equity Other Debits and Credits,2026-02-27,0.00,0.00,100.00,100.00,0.00,0.00,0.00,0.00,0.00,0.00,0.00
NPSAR,2026-02-27,3274656.50,22031.57,99.21,99.07,35516.37,0.14,25913121.04,3217108.54,26042795.58,-38240.91,-1.24
SPSAR,2026-02-27,3307861.09,-27506.56,100.43,100.16,68720.96,0.27,25913121.04,3266646.67,26042795.58,11297.22,-0.21
NLONG,2026-02-27,103511.74,65806.19,105.01,104.59,103511.74,0.40,25913121.12,-65806.19,26042795.52,-65806.19,-0.85
SLONG,2026-02-27,38902.53,164055.14,104.51,104.36,38902.53,0.15,25913121.12,-164055.14,26042795.52,-164055.14,-0.74
PSAR,2026-02-27,6582517.59,-5474.99,99.82,99.62,104237.33,0.20,51826242.08,6483755.21,52085591.16,-26943.69,-0.73
LONG,2026-02-27,142414.27,229861.33,104.77,104.48,142414.27,0.27,51826242.24,-229861.33,52085591.04,-229861.33,-0.55
Total Portfolio Value,2026-02-27,6723184.99,227918.00,104.42,103.93,244904.73,0.47,51826242.00,6250362.22,52085591.00,-260336.68,-0.85
Zerodha Total Portfolio,2026-02-27,51587875.62,0.00,104.03,103.40,314100.33,0.61,51273775.29,51273775.29,51252573.07,21202.22,-2.68
NPSAR1,2026-03-02,180994.38,-5842.43,100.00,99.89,1606.58,0.11,1435102.43,185230.23,1439617.84,5278.00,-2.09
NPSAR10,2026-03-02,406552.06,-2750.35,102.57,102.48,2929.50,0.09,3228980.44,406372.90,3239140.12,1480.39,-0.58
NPSAR11,2026-03-02,407813.59,-2750.35,99.78,99.65,4191.03,0.13,3228980.44,406372.90,3239140.12,1480.39,-0.48
NPSAR12,2026-03-02,411465.34,-2750.35,98.91,98.67,7842.78,0.24,3228980.44,406372.90,3239140.12,1480.39,-1.80
NPSAR13,2026-03-02,426523.20,13695.06,100.14,99.43,22900.64,0.71,3228980.44,389927.50,3239140.12,-14965.02,-0.60
NPSAR2,2026-03-02,181326.33,-5842.43,97.84,97.71,1938.53,0.14,1435102.43,185230.23,1439617.84,5278.00,-2.93
NPSAR3,2026-03-02,181314.90,-5842.43,100.78,100.64,1927.10,0.13,1435102.43,185230.23,1439617.84,5278.00,-0.17
NPSAR4,2026-03-02,181175.60,-5842.43,98.71,98.59,1787.80,0.12,1435102.43,185230.23,1439617.84,5278.00,-2.34
NPSAR5,2026-03-02,181186.69,-5842.43,95.68,95.56,1798.89,0.13,1435102.43,185230.23,1439617.84,5278.00,-5.41
NPSAR6,2026-03-02,180830.99,-5842.43,97.42,97.32,1443.19,0.10,1435102.43,185230.23,1439617.84,5278.00,-3.96
NPSAR7,2026-03-02,182226.64,1092.35,98.59,98.40,2838.84,0.20,1435102.43,178295.45,1439617.84,-1656.78,-2.25
NPSAR8,2026-03-02,180617.14,-8578.93,97.45,97.37,1229.34,0.09,1435102.43,187966.73,1439617.84,8014.50,-3.28
NPSAR9,2026-03-02,180019.18,-8578.93,99.83,99.79,631.38,0.04,1435102.43,187966.73,1439617.84,8014.50,-0.88
SPSAR1,2026-03-02,182685.80,-7666.43,102.22,101.99,3298.00,0.23,1435102.43,187054.23,1439617.84,7102.00,0.00
SPSAR10,2026-03-02,413215.30,-2830.36,103.91,103.60,9592.74,0.30,3228980.44,406452.92,3239140.12,1560.41,-0.23
SPSAR11,2026-03-02,421541.59,-3548.35,102.24,101.68,17919.03,0.55,3228980.44,407170.90,3239140.12,2278.38,-0.18
SPSAR12,2026-03-02,420258.77,-4158.63,101.02,100.50,16636.21,0.52,3228980.44,407781.18,3239140.12,2888.66,-0.10
SPSAR13,2026-03-02,379588.41,41.53,99.60,100.35,-24034.15,-0.74,3228980.44,403581.02,3239140.12,-1311.49,-1.43
SPSAR2,2026-03-02,182685.80,-7666.43,98.76,98.53,3298.00,0.23,1435102.43,187054.23,1439617.84,7102.00,-2.22
SPSAR3,2026-03-02,182685.80,-7666.43,101.25,101.02,3298.00,0.23,1435102.43,187054.23,1439617.84,7102.00,-0.23
SPSAR4,2026-03-02,182685.80,-7666.43,99.70,99.47,3298.00,0.23,1435102.43,187054.23,1439617.84,7102.00,-1.59
SPSAR5,2026-03-02,182343.80,-7053.43,95.45,95.25,2956.00,0.21,1435102.43,186441.23,1439617.84,6489.00,-5.83
SPSAR6,2026-03-02,182685.80,-7666.43,98.29,98.06,3298.00,0.23,1435102.43,187054.23,1439617.84,7102.00,-3.29
SPSAR7,2026-03-02,182685.80,-7666.43,98.59,98.36,3298.00,0.23,1435102.43,187054.23,1439617.84,7102.00,-1.91
SPSAR8,2026-03-02,182685.80,-7666.43,100.36,100.13,3298.00,0.23,1435102.43,187054.23,1439617.84,7102.00,-0.14
SPSAR9,2026-03-02,182685.80,-7666.43,101.47,101.24,3298.00,0.23,1435102.43,187054.23,1439617.84,7102.00,0.00
NLONG1,2026-03-02,16446.84,-5858.61,109.45,107.80,16446.84,1.53,1076326.81,5858.61,1079713.38,5858.61,0.00
NLONG10,2026-03-02,32780.91,-5919.08,109.90,106.65,32780.91,3.05,1076326.81,5919.08,1079713.38,5919.08,0.00
NLONG11,2026-03-02,41395.99,-8414.69,116.15,111.85,41395.99,3.85,1076326.81,8414.69,1079713.38,8414.69,0.00
NLONG12,2026-03-02,27080.55,-5268.53,111.14,108.41,27080.55,2.52,1076326.81,5268.53,1079713.38,5268.53,0.00
NLONG13,2026-03-02,32801.21,-2400.79,104.05,100.97,32801.21,3.05,1076326.81,2400.79,1079713.38,2400.79,0.00
NLONG14,2026-03-02,31878.10,-2091.03,104.62,101.61,31878.10,2.96,1076326.81,2091.03,1079713.38,2091.03,0.00
NLONG15,2026-03-02,21854.63,-2400.79,103.90,101.83,21854.63,2.03,1076326.81,2400.79,1079713.38,2400.79,-0.56
NLONG16,2026-03-02,25265.01,-2091.03,104.99,102.58,25265.01,2.35,1076326.81,2091.03,1079713.38,2091.03,-0.02
NLONG17,2026-03-02,32339.94,-2400.79,105.46,102.38,32339.94,3.00,1076326.81,2400.79,1079713.38,2400.79,0.00
NLONG18,2026-03-02,31416.83,-2091.03,105.13,102.15,31416.83,2.92,1076326.81,2091.03,1079713.38,2091.03,0.00
NLONG19,2026-03-02,24875.22,-2400.79,104.94,102.57,24875.22,2.31,1076326.81,2400.79,1079713.38,2400.79,-0.35
NLONG2,2026-03-02,32780.91,-5919.08,100.80,97.82,32780.91,3.05,1076326.81,5919.08,1079713.38,5919.08,0.00
NLONG20,2026-03-02,26445.80,-2091.03,106.01,103.47,26445.80,2.46,1076326.81,2091.03,1079713.38,2091.03,0.00
NLONG21,2026-03-02,29651.11,-2400.79,106.00,103.16,29651.11,2.75,1076326.81,2400.79,1079713.38,2400.79,0.00
NLONG22,2026-03-02,28728.00,-2091.03,106.17,103.41,28728.00,2.67,1076326.81,2091.03,1079713.38,2091.03,0.00
NLONG23,2026-03-02,23950.26,-2400.79,107.80,105.45,23950.26,2.23,1076326.81,2400.79,1079713.38,2400.79,0.00
NLONG24,2026-03-02,24427.85,-2091.03,109.32,106.89,24427.85,2.27,1076326.81,2091.03,1079713.38,2091.03,0.00
NLONG3,2026-03-02,9791.49,-6252.81,110.02,109.03,9791.49,0.91,1076326.81,6252.81,1079713.38,6252.81,0.00
NLONG4,2026-03-02,27080.55,-5268.53,107.51,104.87,27080.55,2.52,1076326.81,5268.53,1079713.38,5268.53,0.00
NLONG5,2026-03-02,38147.76,-7819.48,112.26,108.42,38147.76,3.54,1076326.81,7819.48,1079713.38,7819.48,0.00
NLONG6,2026-03-02,32780.91,-5919.08,106.58,103.43,32780.91,3.05,1076326.81,5919.08,1079713.38,5919.08,0.00
NLONG7,2026-03-02,27225.65,-7524.95,113.68,110.88,27225.65,2.53,1076326.81,7524.95,1079713.38,7524.95,0.00
NLONG8,2026-03-02,27080.55,-5268.53,108.08,105.43,27080.55,2.52,1076326.81,5268.53,1079713.38,5268.53,0.00
NLONG9,2026-03-02,40683.55,-7127.45,114.05,109.90,40683.55,3.78,1076326.81,7127.45,1079713.38,7127.45,0.00
SLONG1,2026-03-02,14905.42,-4543.61,107.91,106.44,14905.42,1.38,1076326.81,4543.61,1079713.38,4543.61,0.00
SLONG10,2026-03-02,15098.59,-3746.06,104.16,102.72,15098.59,1.40,1076326.81,3746.06,1079713.38,3746.06,0.00
SLONG11,2026-03-02,22594.15,-2369.79,109.75,107.49,22594.15,2.10,1076326.81,2369.79,1079713.38,2369.79,0.00
SLONG12,2026-03-02,13230.67,-444.17,105.20,103.92,13230.67,1.23,1076326.81,444.17,1079713.38,444.17,-0.06
SLONG13,2026-03-02,14028.04,-444.17,102.52,101.20,14028.04,1.30,1076326.81,444.17,1079713.38,444.17,-0.24
SLONG14,2026-03-02,13726.26,-444.17,103.26,101.96,13726.26,1.28,1076326.81,444.17,1079713.38,444.17,-0.10
SLONG15,2026-03-02,15054.71,-444.17,104.89,103.44,15054.71,1.40,1076326.81,444.17,1079713.38,444.17,0.00
SLONG16,2026-03-02,11858.34,-444.17,102.41,101.29,11858.34,1.10,1076326.81,444.17,1079713.38,444.17,-1.23
SLONG17,2026-03-02,14348.39,-444.17,103.97,102.60,14348.39,1.33,1076326.81,444.17,1079713.38,444.17,-0.43
SLONG18,2026-03-02,14046.61,-444.17,104.15,102.81,14046.61,1.31,1076326.81,444.17,1079713.38,444.17,-0.26
SLONG19,2026-03-02,14812.50,-444.17,106.94,105.49,14812.50,1.38,1076326.81,444.17,1079713.38,444.17,0.00
SLONG2,2026-03-02,10105.96,-3746.06,97.74,96.83,10105.96,0.94,1076326.81,3746.06,1079713.38,3746.06,-3.60
SLONG20,2026-03-02,11616.13,-444.17,105.29,104.17,11616.13,1.08,1076326.81,444.17,1079713.38,444.17,0.00
SLONG21,2026-03-02,11686.66,-444.17,104.67,103.55,11686.66,1.09,1076326.81,444.17,1079713.38,444.17,-0.12
SLONG22,2026-03-02,10574.85,-444.17,104.99,103.97,10574.85,0.98,1076326.81,444.17,1079713.38,444.17,-0.04
SLONG23,2026-03-02,17350.74,-444.17,109.29,107.56,17350.74,1.61,1076326.81,444.17,1079713.38,444.17,0.00
SLONG24,2026-03-02,14349.41,-444.17,109.51,108.07,14349.41,1.33,1076326.81,444.17,1079713.38,444.17,0.00
SLONG3,2026-03-02,15433.85,-2354.58,107.77,106.25,15433.85,1.43,1076326.81,2354.58,1079713.38,2354.58,-0.39
SLONG4,2026-03-02,13230.67,-444.17,105.33,104.05,13230.67,1.23,1076326.81,444.17,1079713.38,444.17,-0.12
SLONG5,2026-03-02,18020.82,-4640.95,109.32,107.52,18020.82,1.67,1076326.81,4640.95,1079713.38,4640.95,0.00
SLONG6,2026-03-02,15098.59,-3746.06,104.32,102.88,15098.59,1.40,1076326.81,3746.06,1079713.38,3746.06,0.00
SLONG7,2026-03-02,19309.97,-2451.92,110.31,108.37,19309.97,1.79,1076326.81,2451.92,1079713.38,2451.92,0.00
SLONG8,2026-03-02,13230.67,-444.17,107.97,106.66,13230.67,1.23,1076326.81,444.17,1079713.38,444.17,-0.10
SLONG9,2026-03-02,20830.56,-4640.95,111.12,109.01,20830.56,1.94,1076326.81,4640.95,1079713.38,4640.95,0.00
Large Cap Stock Holdings,2026-03-02,25692910.00,0.00,93.24,95.58,-645060.00,-2.45,26337970.00,26337970.00,26493245.00,-155275.00,-7.99
Liquidcase Stock Holdings,2026-03-02,6624560.80,0.00,100.58,100.55,1759.20,0.03,6622801.60,6622801.60,6620456.00,2345.60,0.00
Small Cap Stock Holdings,2026-03-02,12581475.00,0.00,104.27,108.59,-522175.00,-3.98,13103650.00,13103650.00,12881525.00,222125.00,-7.32
Debt Stock Holdings,2026-03-02,6624560.80,0.00,100.58,100.55,1759.20,0.03,6622801.60,6622801.60,6620456.00,2345.60,0.00
Equity Stock Holdings,2026-03-02,38274385.00,0.00,96.56,99.51,-1167235.00,-2.96,39441620.00,39441620.00,39374770.00,66850.00,-7.28
Stock Holdings,2026-03-02,44898945.80,0.00,97.11,99.63,-1165475.80,-2.53,46064421.60,46064421.60,45995226.00,69195.60,-6.25
Miscellaneous P&L,2026-03-02,0.00,0.00,100.00,100.00,0.00,0.00,0.00,0.00,0.00,0.00,0.00
Total Tax,2026-03-02,-5949.73,1746.87,100.00,100.00,-5949.73,0.00,0.00,-1746.87,0.00,0.00,0.00
Equity Holdings Tax,2026-03-02,0.00,0.00,100.00,100.00,0.00,0.00,0.00,0.00,0.00,0.00,0.00
Equity Intraday Tax,2026-03-02,0.00,0.00,100.00,100.00,0.00,0.00,0.00,0.00,0.00,0.00,0.00
F&O Tax,2026-03-02,-5949.73,1746.87,100.00,100.00,-5949.73,0.00,0.00,-1746.87,0.00,0.00,0.00
MCX Tax,2026-03-02,0.00,0.00,100.00,100.00,0.00,0.00,0.00,0.00,0.00,0.00,0.00
Total Other Debits and Credits,2026-03-02,0.00,0.00,100.00,100.00,0.00,0.00,0.00,0.00,0.00,0.00,0.00
Equity Other Debits and Credits,2026-03-02,0.00,0.00,100.00,100.00,0.00,0.00,0.00,0.00,0.00,0.00,0.00
NPSAR,2026-03-02,3282046.05,-45676.04,99.41,99.21,53065.60,0.21,25831843.63,3274656.50,25913121.04,35516.37,-1.04
SPSAR,2026-03-02,3278434.28,-78880.64,100.62,100.43,49453.83,0.19,25831843.63,3307861.09,25913121.04,68720.96,-0.02
NLONG,2026-03-02,686909.62,-103511.74,107.80,105.01,686909.62,2.66,25831843.44,103511.74,25913121.12,103511.74,0.00
SLONG,2026-03-02,354542.56,-38902.53,105.95,104.51,354542.56,1.37,25831843.44,38902.53,25913121.12,38902.53,0.00
PSAR,2026-03-02,6560480.34,-124556.67,100.01,99.82,102519.43,0.20,51663687.26,6582517.59,51826242.08,104237.33,-0.53
LONG,2026-03-02,1041452.18,-142414.27,106.88,104.77,1041452.18,2.02,51663686.88,142414.27,51826242.24,142414.27,0.00
Total Portfolio Value,2026-03-02,7595982.79,-265224.07,106.72,104.42,1138021.88,2.20,51663687.00,6723184.99,51826242.00,244904.73,0.00
Zerodha Total Portfolio,2026-03-02,51560421.70,0.00,103.98,104.03,-27453.92,-0.05,51587875.62,51587875.62,51273775.29,314100.33,-2.73
NPSAR1,2026-03-04,187972.53,-1861.85,100.62,100.00,8840.00,0.62,1433060.23,180994.38,1435102.43,1606.58,-1.48
NPSAR10,2026-03-04,420728.19,-3503.87,103.13,102.57,17680.00,0.55,3224385.50,406552.06,3228980.44,2929.50,-0.04
NPSAR11,2026-03-04,343117.89,-4765.39,97.93,99.78,-59930.30,-1.86,3224385.50,407813.58,3228980.44,4191.03,-2.32
NPSAR12,2026-03-04,351552.45,-8417.15,97.33,98.91,-51495.74,-1.60,3224385.50,411465.34,3228980.44,7842.78,-3.37
NPSAR13,2026-03-04,354106.63,-23475.01,98.62,100.14,-48941.56,-1.52,3224385.50,426523.20,3228980.44,22900.64,-2.10
NPSAR2,2026-03-04,187511.03,-2193.80,98.41,97.84,8378.50,0.58,1433060.23,181326.33,1435102.43,1938.53,-2.36
NPSAR3,2026-03-04,187972.53,-2182.37,101.40,100.78,8840.00,0.62,1433060.23,181314.90,1435102.43,1927.10,0.00
NPSAR4,2026-03-04,187511.03,-2043.07,99.29,98.71,8378.50,0.58,1433060.23,181175.60,1435102.43,1787.80,-1.76
NPSAR5,2026-03-04,187972.53,-2054.16,96.27,95.68,8840.00,0.62,1433060.23,181186.69,1435102.43,1798.89,-4.82
NPSAR6,2026-03-04,187972.53,-1698.46,98.02,97.42,8840.00,0.62,1433060.23,180830.99,1435102.43,1443.19,-3.37
NPSAR7,2026-03-04,187972.53,-3094.11,99.20,98.59,8840.00,0.62,1433060.23,182226.64,1435102.43,2838.84,-1.65
NPSAR8,2026-03-04,187972.53,-1484.61,98.05,97.45,8840.00,0.62,1433060.23,180617.14,1435102.43,1229.34,-2.68
NPSAR9,2026-03-04,188804.53,-886.65,100.50,99.83,9672.00,0.67,1433060.23,180019.18,1435102.43,631.38,-0.22
SPSAR1,2026-03-04,179823.53,-3553.27,102.27,102.22,691.00,0.05,1433060.23,182685.80,1435102.43,3298.00,0.00
SPSAR10,2026-03-04,336024.05,-10167.11,101.75,103.91,-67024.14,-2.08,3224385.50,413215.30,3228980.44,9592.74,-2.30
SPSAR11,2026-03-04,350042.33,-18493.39,100.56,102.24,-53005.86,-1.64,3224385.50,421541.58,3228980.44,17919.03,-1.82
SPSAR12,2026-03-04,358006.47,-17210.57,99.61,101.02,-45041.72,-1.40,3224385.50,420258.76,3228980.44,16636.21,-1.49
SPSAR13,2026-03-04,355422.00,23459.79,98.13,99.60,-47626.19,-1.48,3224385.50,379588.40,3228980.44,-24034.15,-2.89
SPSAR2,2026-03-04,179823.53,-3553.27,98.81,98.76,691.00,0.05,1433060.23,182685.80,1435102.43,3298.00,-2.17
SPSAR3,2026-03-04,179823.53,-3553.27,101.30,101.25,691.00,0.05,1433060.23,182685.80,1435102.43,3298.00,-0.18
SPSAR4,2026-03-04,179823.53,-3553.27,99.75,99.70,691.00,0.05,1433060.23,182685.80,1435102.43,3298.00,-1.54
SPSAR5,2026-03-04,179747.53,-3211.27,95.49,95.45,615.00,0.04,1433060.23,182343.80,1435102.43,2956.00,-5.79
SPSAR6,2026-03-04,179823.53,-3553.27,98.34,98.29,691.00,0.05,1433060.23,182685.80,1435102.43,3298.00,-3.24
SPSAR7,2026-03-04,179823.53,-3553.27,98.64,98.59,691.00,0.05,1433060.23,182685.80,1435102.43,3298.00,-1.86
SPSAR8,2026-03-04,179823.53,-3553.27,100.41,100.36,691.00,0.05,1433060.23,182685.80,1435102.43,3298.00,-0.09
SPSAR9,2026-03-04,179823.53,-3553.27,101.52,101.47,691.00,0.05,1433060.23,182685.80,1435102.43,3298.00,0.00
NLONG1,2026-03-04,-12013.35,-16446.84,108.23,109.45,-12013.35,-1.12,1074795.17,16446.84,1076326.81,16446.84,-1.11
NLONG10,2026-03-04,15150.98,-32780.91,111.45,109.90,15150.98,1.41,1074795.17,32780.91,1076326.81,32780.91,0.00
NLONG11,2026-03-04,-2519.19,-41395.99,115.88,116.15,-2519.19,-0.23,1074795.17,41395.99,1076326.81,41395.99,-0.23
NLONG12,2026-03-04,-1990.39,-27080.55,110.93,111.14,-1990.39,-0.19,1074795.17,27080.55,1076326.81,27080.55,-0.19
NLONG13,2026-03-04,18414.44,-32801.21,105.83,104.05,18414.44,1.71,1074795.17,32801.21,1076326.81,32801.21,0.00
NLONG14,2026-03-04,17173.37,-31878.10,106.29,104.62,17173.37,1.60,1074795.17,31878.10,1076326.81,31878.10,0.00
NLONG15,2026-03-04,1313.59,-21854.63,104.03,103.90,1313.59,0.12,1074795.17,21854.63,1076326.81,21854.63,-0.43
NLONG16,2026-03-04,983.09,-25265.01,105.09,104.99,983.09,0.09,1074795.17,25265.01,1076326.81,25265.01,0.00
NLONG17,2026-03-04,18414.44,-32339.94,107.27,105.46,18414.44,1.71,1074795.17,32339.94,1076326.81,32339.94,0.00
NLONG18,2026-03-04,17173.37,-31416.83,106.81,105.13,17173.37,1.60,1074795.17,31416.83,1076326.81,31416.83,0.00
NLONG19,2026-03-04,669.11,-24875.22,105.01,104.94,669.11,0.06,1074795.17,24875.22,1076326.81,24875.22,-0.28
NLONG2,2026-03-04,15150.98,-32780.91,102.22,100.80,15150.98,1.41,1074795.17,32780.91,1076326.81,32780.91,0.00
NLONG20,2026-03-04,236.16,-26445.80,106.03,106.01,236.16,0.02,1074795.17,26445.80,1076326.81,26445.80,0.00
NLONG21,2026-03-04,16333.70,-29651.11,107.61,106.00,16333.70,1.52,1074795.17,29651.11,1076326.81,29651.11,0.00
NLONG22,2026-03-04,14446.60,-28728.00,107.60,106.17,14446.60,1.34,1074795.17,28728.00,1076326.81,28728.00,0.00
NLONG23,2026-03-04,-914.96,-23950.26,107.71,107.80,-914.96,-0.09,1074795.17,23950.26,1076326.81,23950.26,-0.08
NLONG24,2026-03-04,-914.96,-24427.85,109.23,109.32,-914.96,-0.09,1074795.17,24427.85,1076326.81,24427.85,-0.08
NLONG3,2026-03-04,-2519.19,-9791.49,109.76,110.02,-2519.19,-0.23,1074795.17,9791.49,1076326.81,9791.49,-0.24
NLONG4,2026-03-04,-1990.39,-27080.55,107.31,107.51,-1990.39,-0.19,1074795.17,27080.55,1076326.81,27080.55,-0.19
NLONG5,2026-03-04,-13971.47,-38147.76,110.80,112.26,-13971.47,-1.30,1074795.17,38147.76,1076326.81,38147.76,-1.30
NLONG6,2026-03-04,15150.98,-32780.91,108.08,106.58,15150.98,1.41,1074795.17,32780.91,1076326.81,32780.91,0.00
NLONG7,2026-03-04,-2519.19,-27225.65,113.41,113.68,-2519.19,-0.23,1074795.17,27225.65,1076326.81,27225.65,-0.24
NLONG8,2026-03-04,-1990.39,-27080.55,107.88,108.08,-1990.39,-0.19,1074795.17,27080.55,1076326.81,27080.55,-0.19
NLONG9,2026-03-04,-15037.28,-40683.55,112.45,114.05,-15037.28,-1.40,1074795.17,40683.55,1076326.81,40683.55,-1.40
SLONG1,2026-03-04,-7873.29,-14905.42,107.12,107.91,-7873.29,-0.73,1074795.17,14905.42,1076326.81,14905.42,-0.73
SLONG10,2026-03-04,15516.35,-15098.59,105.66,104.16,15516.35,1.44,1074795.17,15098.59,1076326.81,15098.59,0.00
SLONG11,2026-03-04,-10919.89,-22594.15,108.63,109.75,-10919.89,-1.02,1074795.17,22594.15,1076326.81,22594.15,-1.02
SLONG12,2026-03-04,17758.74,-13230.67,106.94,105.20,17758.74,1.65,1074795.17,13230.67,1076326.81,13230.67,0.00
SLONG13,2026-03-04,17896.60,-14028.04,104.23,102.52,17896.60,1.67,1074795.17,14028.04,1076326.81,14028.04,0.00
SLONG14,2026-03-04,16247.34,-13726.26,104.82,103.26,16247.34,1.51,1074795.17,13726.26,1076326.81,13726.26,0.00
SLONG15,2026-03-04,16350.23,-15054.71,106.49,104.89,16350.23,1.52,1074795.17,15054.71,1076326.81,15054.71,0.00
SLONG16,2026-03-04,18179.08,-11858.34,104.14,102.41,18179.08,1.69,1074795.17,11858.34,1076326.81,11858.34,0.00
SLONG17,2026-03-04,17896.60,-14348.39,105.70,103.97,17896.60,1.67,1074795.17,14348.39,1076326.81,14348.39,0.00
SLONG18,2026-03-04,16247.34,-14046.61,105.72,104.15,16247.34,1.51,1074795.17,14046.61,1076326.81,14046.61,0.00
SLONG19,2026-03-04,14571.97,-14812.50,108.39,106.94,14571.97,1.36,1074795.17,14812.50,1076326.81,14812.50,0.00
SLONG2,2026-03-04,47.87,-10105.96,97.74,97.74,47.87,0.00,1074795.17,10105.96,1076326.81,10105.96,-3.60
SLONG20,2026-03-04,16471.59,-11616.13,106.90,105.29,16471.59,1.53,1074795.17,11616.13,1076326.81,11616.13,0.00
SLONG21,2026-03-04,15107.94,-11686.66,106.14,104.67,15107.94,1.41,1074795.17,11686.66,1076326.81,11686.66,0.00
SLONG22,2026-03-04,1524.06,-10574.85,105.14,104.99,1524.06,0.14,1074795.17,10574.85,1076326.81,10574.85,0.00
SLONG23,2026-03-04,-10391.60,-17350.74,108.23,109.29,-10391.60,-0.97,1074795.17,17350.74,1076326.81,17350.74,-0.97
SLONG24,2026-03-04,-11218.87,-14349.41,108.37,109.51,-11218.87,-1.04,1074795.17,14349.41,1076326.81,14349.41,-1.04
SLONG3,2026-03-04,-7013.56,-15433.85,107.07,107.77,-7013.56,-0.65,1074795.17,15433.85,1076326.81,15433.85,-1.04
SLONG4,2026-03-04,17758.74,-13230.67,107.07,105.33,17758.74,1.65,1074795.17,13230.67,1076326.81,13230.67,0.00
SLONG5,2026-03-04,-9547.12,-18020.82,108.35,109.32,-9547.12,-0.89,1074795.17,18020.82,1076326.81,18020.82,-0.89
SLONG6,2026-03-04,15516.35,-15098.59,105.83,104.32,15516.35,1.44,1074795.17,15098.59,1076326.81,15098.59,0.00
SLONG7,2026-03-04,-9685.74,-19309.97,109.32,110.31,-9685.74,-0.90,1074795.17,19309.97,1076326.81,19309.97,-0.90
SLONG8,2026-03-04,17758.74,-13230.67,109.75,107.97,17758.74,1.65,1074795.17,13230.67,1076326.81,13230.67,0.00
SLONG9,2026-03-04,-10804.87,-20830.56,110.00,111.12,-10804.87,-1.01,1074795.17,20830.56,1076326.81,20830.56,-1.01
Large Cap Stock Holdings,2026-03-04,25353760.00,0.00,92.01,93.24,-339150.00,-1.32,25692910.00,25692910.00,26337970.00,-645060.00,-9.21
Liquidcase Stock Holdings,2026-03-04,9675607.20,3051000.00,100.58,100.58,46.40,0.00,6624560.80,6624560.80,6622801.60,1759.20,0.00
Small Cap Stock Holdings,2026-03-04,12176950.00,0.00,100.91,104.27,-404525.00,-3.22,12581475.00,12581475.00,13103650.00,-522175.00,-10.30
Debt Stock Holdings,2026-03-04,9675607.20,3051000.00,100.58,100.58,46.40,0.00,6624560.80,6624560.80,6622801.60,1759.20,0.00
Equity Stock Holdings,2026-03-04,37530710.00,0.00,94.69,96.56,-743675.00,-1.94,38274385.00,38274385.00,39441620.00,-1167235.00,-9.07
Stock Holdings,2026-03-04,47206317.20,3051000.00,95.50,97.11,-743628.60,-1.66,44898945.80,44898945.80,46064421.60,-1165475.80,-7.80
Miscellaneous P&L,2026-03-04,0.00,0.00,100.00,100.00,0.00,0.00,0.00,0.00,0.00,0.00,0.00
Total Tax,2026-03-04,-4148.86,5949.73,100.00,100.00,-4148.86,0.00,0.00,-5949.73,0.00,0.00,0.00
Equity Holdings Tax,2026-03-04,-571.77,0.00,100.00,100.00,-571.77,0.00,0.00,0.00,0.00,0.00,0.00
Equity Intraday Tax,2026-03-04,0.00,0.00,100.00,100.00,0.00,0.00,0.00,0.00,0.00,0.00,0.00
F&O Tax,2026-03-04,-3577.09,5949.73,100.00,100.00,-3577.09,0.00,0.00,-5949.73,0.00,0.00,0.00
MCX Tax,2026-03-04,0.00,0.00,100.00,100.00,0.00,0.00,0.00,0.00,0.00,0.00,0.00
Total Other Debits and Credits,2026-03-04,0.00,0.00,100.00,100.00,0.00,0.00,0.00,0.00,0.00,0.00,0.00
Equity Other Debits and Credits,2026-03-04,0.00,0.00,100.00,100.00,0.00,0.00,0.00,0.00,0.00,0.00,0.00
NPSAR,2026-03-04,3161166.91,-57660.52,99.17,99.41,-63218.60,-0.25,25795084.07,3282046.05,25831843.63,53065.60,-1.28
SPSAR,2026-03-04,3017830.60,-54048.73,99.82,100.62,-206554.91,-0.80,25795084.07,3278434.28,25831843.63,49453.83,-0.82
NLONG,2026-03-04,94230.05,-686909.62,108.20,107.80,94230.05,0.37,25795084.08,686909.62,25831843.44,686909.62,0.00
SLONG,2026-03-04,157394.60,-354542.56,106.59,105.95,157394.60,0.61,25795084.08,354542.56,25831843.44,354542.56,0.00
PSAR,2026-03-04,6178997.51,-111709.25,99.49,100.01,-269773.51,-0.52,51590168.14,6560480.34,51663687.26,102519.43,-1.05
LONG,2026-03-04,251624.65,-1041452.18,107.40,106.88,251624.65,0.49,51590168.16,1041452.18,51663686.88,1041452.18,0.00
Total Portfolio Value,2026-03-04,6427045.07,-1147211.70,106.68,106.72,-21725.95,-0.04,51590168.00,7595982.79,51663687.00,1138021.88,-0.04
Zerodha Total Portfolio,2026-03-04,50794495.38,0.00,102.43,103.98,-765926.32,-1.49,51560421.70,51560421.70,51587875.62,-27453.92,-4.18
NPSAR1,2026-03-05,174823.75,-11624.53,100.51,100.62,-1524.25,-0.11,1410783.98,187972.53,1433060.23,8840.00,-1.59
NPSAR10,2026-03-05,414457.74,-23945.20,103.70,103.13,17674.75,0.56,3174263.94,420728.19,3224385.50,17680.00,0.00
NPSAR11,2026-03-05,400332.72,53665.10,98.04,97.93,3549.73,0.11,3174263.94,343117.89,3224385.50,-59930.30,-2.21
NPSAR12,2026-03-05,403912.82,45230.54,97.55,97.33,7129.83,0.22,3174263.94,351552.45,3224385.50,-51495.74,-3.15
NPSAR13,2026-03-05,407018.18,42676.36,98.94,98.62,10235.19,0.32,3174263.94,354106.63,3224385.50,-48941.56,-1.79
NPSAR2,2026-03-05,175317.75,-11163.03,98.34,98.41,-1030.25,-0.07,1410783.98,187511.03,1433060.23,8378.50,-2.43
NPSAR3,2026-03-05,174823.75,-11624.53,101.29,101.40,-1524.25,-0.11,1410783.98,187972.53,1433060.23,8840.00,-0.11
NPSAR4,2026-03-05,175317.75,-11163.03,99.22,99.29,-1030.25,-0.07,1410783.98,187511.03,1433060.23,8378.50,-1.83
NPSAR5,2026-03-05,174823.75,-11624.53,96.17,96.27,-1524.25,-0.11,1410783.98,187972.53,1433060.23,8840.00,-4.92
NPSAR6,2026-03-05,174823.75,-11624.53,97.91,98.02,-1524.25,-0.11,1410783.98,187972.53,1433060.23,8840.00,-3.48
NPSAR7,2026-03-05,168879.53,-11624.53,98.67,99.20,-7468.47,-0.53,1410783.98,187972.53,1433060.23,8840.00,-2.17
NPSAR8,2026-03-05,168879.53,-11624.53,97.53,98.05,-7468.47,-0.53,1410783.98,187972.53,1433060.23,8840.00,-3.20
NPSAR9,2026-03-05,174471.09,-12456.53,100.37,100.50,-1876.91,-0.13,1410783.98,188804.53,1433060.23,9672.00,-0.35
SPSAR1,2026-03-05,177873.50,-3475.53,102.38,102.27,1525.50,0.11,1410783.98,179823.53,1433060.23,691.00,0.00
SPSAR10,2026-03-05,423305.73,60758.94,102.60,101.75,26522.74,0.84,3174263.94,336024.05,3224385.50,-67024.14,-1.49
SPSAR11,2026-03-05,407941.18,46740.66,100.91,100.56,11158.19,0.35,3174263.94,350042.33,3224385.50,-53005.86,-1.47
SPSAR12,2026-03-05,413333.38,38776.52,100.13,99.61,16550.39,0.52,3174263.94,358006.47,3224385.50,-45041.72,-0.98
SPSAR13,2026-03-05,404279.32,41360.99,98.36,98.13,7496.33,0.24,3174263.94,355422.00,3224385.50,-47626.19,-2.66
SPSAR2,2026-03-05,178064.45,-3475.53,98.93,98.81,1716.45,0.12,1410783.98,179823.53,1433060.23,691.00,-2.05
SPSAR3,2026-03-05,178937.08,-3475.53,101.49,101.30,2589.08,0.18,1410783.98,179823.53,1433060.23,691.00,0.00
SPSAR4,2026-03-05,179705.66,-3475.53,99.99,99.75,3357.66,0.24,1410783.98,179823.53,1433060.23,691.00,-1.30
SPSAR5,2026-03-05,178941.85,-3399.53,95.67,95.49,2593.85,0.18,1410783.98,179747.53,1433060.23,615.00,-5.61
SPSAR6,2026-03-05,174952.84,-3475.53,98.24,98.34,-1395.16,-0.10,1410783.98,179823.53,1433060.23,691.00,-3.34
SPSAR7,2026-03-05,173998.62,-3475.53,98.48,98.64,-2349.38,-0.17,1410783.98,179823.53,1433060.23,691.00,-2.02
SPSAR8,2026-03-05,176993.01,-3475.53,100.46,100.41,645.01,0.05,1410783.98,179823.53,1433060.23,691.00,-0.04
SPSAR9,2026-03-05,176861.79,-3475.53,101.56,101.52,513.79,0.04,1410783.98,179823.53,1433060.23,691.00,0.00
NLONG1,2026-03-05,-576.29,12013.35,108.17,108.23,-576.29,-0.05,1058087.98,-12013.35,1074795.17,-12013.35,-1.17
NLONG10,2026-03-05,-521.17,-15150.98,111.40,111.45,-521.17,-0.05,1058087.98,15150.98,1074795.17,15150.98,-0.04
NLONG11,2026-03-05,-1636.26,2519.19,115.70,115.88,-1636.26,-0.15,1058087.98,-2519.19,1074795.17,-2519.19,-0.39
NLONG12,2026-03-05,573.81,1990.39,110.99,110.93,573.81,0.05,1058087.98,-1990.39,1074795.17,-1990.39,-0.13
NLONG13,2026-03-05,4174.93,-18414.44,106.25,105.83,4174.93,0.39,1058087.98,18414.44,1074795.17,18414.44,0.00
NLONG14,2026-03-05,3071.38,-17173.37,106.60,106.29,3071.38,0.29,1058087.98,17173.37,1074795.17,17173.37,0.00
NLONG15,2026-03-05,2780.74,-1313.59,104.30,104.03,2780.74,0.26,1058087.98,1313.59,1074795.17,1313.59,-0.17
NLONG16,2026-03-05,4191.83,-983.09,105.51,105.09,4191.83,0.40,1058087.98,983.09,1074795.17,983.09,0.00
NLONG17,2026-03-05,3833.29,-18414.44,107.66,107.27,3833.29,0.36,1058087.98,18414.44,1074795.17,18414.44,0.00
NLONG18,2026-03-05,2942.02,-17173.37,107.11,106.81,2942.02,0.28,1058087.98,17173.37,1074795.17,17173.37,0.00
NLONG19,2026-03-05,2711.09,-669.11,105.28,105.01,2711.09,0.26,1058087.98,669.11,1074795.17,669.11,-0.03
NLONG2,2026-03-05,-521.17,-15150.98,102.17,102.22,-521.17,-0.05,1058087.98,15150.98,1074795.17,15150.98,-0.05
NLONG20,2026-03-05,4334.46,-236.16,106.46,106.03,4334.46,0.41,1058087.98,236.16,1074795.17,236.16,0.00
NLONG21,2026-03-05,4334.15,-16333.70,108.05,107.61,4334.15,0.41,1058087.98,16333.70,1074795.17,16333.70,0.00
NLONG22,2026-03-05,3442.88,-14446.60,107.95,107.60,3442.88,0.33,1058087.98,14446.60,1074795.17,14446.60,0.00
NLONG23,2026-03-05,2678.93,914.96,107.98,107.71,2678.93,0.25,1058087.98,-914.96,1074795.17,-914.96,0.00
NLONG24,2026-03-05,4213.17,914.96,109.66,109.23,4213.17,0.40,1058087.98,-914.96,1074795.17,-914.96,0.00
NLONG3,2026-03-05,-1636.26,2519.19,109.59,109.76,-1636.26,-0.15,1058087.98,-2519.19,1074795.17,-2519.19,-0.39
NLONG4,2026-03-05,573.81,1990.39,107.37,107.31,573.81,0.05,1058087.98,-1990.39,1074795.17,-1990.39,-0.13
NLONG5,2026-03-05,-576.29,13971.47,110.74,110.80,-576.29,-0.05,1058087.98,-13971.47,1074795.17,-13971.47,-1.35
NLONG6,2026-03-05,-521.17,-15150.98,108.03,108.08,-521.17,-0.05,1058087.98,15150.98,1074795.17,15150.98,-0.05
NLONG7,2026-03-05,-1636.26,2519.19,113.23,113.41,-1636.26,-0.15,1058087.98,-2519.19,1074795.17,-2519.19,-0.40
NLONG8,2026-03-05,573.81,1990.39,107.94,107.88,573.81,0.05,1058087.98,-1990.39,1074795.17,-1990.39,-0.13
NLONG9,2026-03-05,-576.29,15037.28,112.39,112.45,-576.29,-0.05,1058087.98,-15037.28,1074795.17,-15037.28,-1.46
SLONG1,2026-03-05,-1766.75,7873.29,106.94,107.12,-1766.75,-0.17,1058087.98,-7873.29,1074795.17,-7873.29,-0.90
SLONG10,2026-03-05,-6659.49,-15516.35,104.99,105.66,-6659.49,-0.63,1058087.98,15516.35,1074795.17,15516.35,-0.63
SLONG11,2026-03-05,1927.54,10919.89,108.83,108.63,1927.54,0.18,1058087.98,-10919.89,1074795.17,-10919.89,-0.84
SLONG12,2026-03-05,1330.07,-17758.74,107.07,106.94,1330.07,0.13,1058087.98,17758.74,1074795.17,17758.74,0.00
SLONG13,2026-03-05,3575.95,-17896.60,104.58,104.23,3575.95,0.34,1058087.98,17896.60,1074795.17,17896.60,0.00
SLONG14,2026-03-05,-2212.93,-16247.34,104.60,104.82,-2212.93,-0.21,1058087.98,16247.34,1074795.17,16247.34,-0.21
SLONG15,2026-03-05,18042.75,-16350.23,108.31,106.49,18042.75,1.71,1058087.98,16350.23,1074795.17,16350.23,0.00
SLONG16,2026-03-05,8959.13,-18179.08,105.02,104.14,8959.13,0.85,1058087.98,18179.08,1074795.17,18179.08,0.00
SLONG17,2026-03-05,3418.78,-17896.60,106.04,105.70,3418.78,0.32,1058087.98,17896.60,1074795.17,17896.60,0.00
SLONG18,2026-03-05,-2212.93,-16247.34,105.50,105.72,-2212.93,-0.21,1058087.98,16247.34,1074795.17,16247.34,-0.21
SLONG19,2026-03-05,27415.51,-14571.97,111.20,108.39,27415.51,2.59,1058087.98,14571.97,1074795.17,14571.97,0.00
SLONG2,2026-03-05,-6659.49,-47.87,97.12,97.74,-6659.49,-0.63,1058087.98,47.87,1074795.17,47.87,-4.21
SLONG20,2026-03-05,8959.13,-16471.59,107.81,106.90,8959.13,0.85,1058087.98,16471.59,1074795.17,16471.59,0.00
SLONG21,2026-03-05,3610.60,-15107.94,106.50,106.14,3610.60,0.34,1058087.98,15107.94,1074795.17,15107.94,0.00
SLONG22,2026-03-05,-2212.93,-1524.06,104.92,105.14,-2212.93,-0.21,1058087.98,1524.06,1074795.17,1524.06,-0.21
SLONG23,2026-03-05,43424.53,10391.60,112.67,108.23,43424.53,4.10,1058087.98,-10391.60,1074795.17,-10391.60,0.00
SLONG24,2026-03-05,8040.33,11218.87,109.19,108.37,8040.33,0.76,1058087.98,-11218.87,1074795.17,-11218.87,-0.29
SLONG3,2026-03-05,1927.54,7013.56,107.27,107.07,1927.54,0.18,1058087.98,-7013.56,1074795.17,-7013.56,-0.85
SLONG4,2026-03-05,1330.07,-17758.74,107.20,107.07,1330.07,0.13,1058087.98,17758.74,1074795.17,17758.74,0.00
SLONG5,2026-03-05,-1766.75,9547.12,108.17,108.35,-1766.75,-0.17,1058087.98,-9547.12,1074795.17,-9547.12,-1.05
SLONG6,2026-03-05,-6659.49,-15516.35,105.16,105.83,-6659.49,-0.63,1058087.98,15516.35,1074795.17,15516.35,-0.63
SLONG7,2026-03-05,1927.54,9685.74,109.52,109.32,1927.54,0.18,1058087.98,-9685.74,1074795.17,-9685.74,-0.72
SLONG8,2026-03-05,1330.07,-17758.74,109.89,109.75,1330.07,0.13,1058087.98,17758.74,1074795.17,17758.74,0.00
SLONG9,2026-03-05,-1766.75,10804.87,109.82,110.00,-1766.75,-0.17,1058087.98,-10804.87,1074795.17,-10804.87,-1.17
Large Cap Stock Holdings,2026-03-05,25910745.00,0.00,94.03,92.01,556985.00,2.20,25353760.00,25353760.00,25692910.00,-339150.00,-7.21
Liquidcase Stock Holdings,2026-03-05,9677320.00,0.00,100.60,100.58,1712.80,0.02,9675607.20,9675607.20,6624560.80,46.40,0.00
Small Cap Stock Holdings,2026-03-05,12315625.00,0.00,102.06,100.91,138675.00,1.14,12176950.00,12176950.00,12581475.00,-404525.00,-9.28
Debt Stock Holdings,2026-03-05,9677320.00,0.00,100.60,100.58,1712.80,0.02,9675607.20,9675607.20,6624560.80,46.40,0.00
Equity Stock Holdings,2026-03-05,38226370.00,0.00,96.44,94.69,695660.00,1.85,37530710.00,37530710.00,38274385.00,-743675.00,-7.39
Stock Holdings,2026-03-05,47903690.00,0.00,96.91,95.50,697372.80,1.48,47206317.20,47206317.20,44898945.80,-743628.60,-6.44
Miscellaneous P&L,2026-03-05,0.00,0.00,100.00,100.00,0.00,0.00,0.00,0.00,0.00,0.00,0.00
Total Tax,2026-03-05,-5131.13,4148.86,100.00,100.00,-5131.13,0.00,0.00,-4148.86,0.00,0.00,0.00
Equity Holdings Tax,2026-03-05,0.00,571.77,100.00,100.00,0.00,0.00,0.00,-571.77,0.00,0.00,0.00
Equity Intraday Tax,2026-03-05,0.00,0.00,100.00,100.00,0.00,0.00,0.00,0.00,0.00,0.00,0.00
F&O Tax,2026-03-05,-5131.13,3577.09,100.00,100.00,-5131.13,0.00,0.00,-3577.09,0.00,0.00,0.00
MCX Tax,2026-03-05,0.00,0.00,100.00,100.00,0.00,0.00,0.00,0.00,0.00,0.00,0.00
Total Other Debits and Credits,2026-03-05,0.00,0.00,100.00,100.00,0.00,0.00,0.00,0.00,0.00,0.00,0.00
Equity Other Debits and Credits,2026-03-05,0.00,0.00,100.00,100.00,0.00,0.00,0.00,0.00,0.00,0.00,0.00
NPSAR,2026-03-05,3187882.10,13097.02,99.22,99.17,13618.15,0.05,25394111.58,3161166.91,25795084.07,-63218.60,-1.23
SPSAR,2026-03-05,3245188.40,156433.33,100.10,99.82,70924.45,0.28,25394111.58,3017830.60,25795084.07,-206554.91,-0.54
NLONG,2026-03-05,36229.14,-94230.05,108.35,108.20,36229.14,0.14,25394111.52,94230.05,25795084.08,94230.05,0.00
SLONG,2026-03-05,103302.03,-157394.60,107.03,106.59,103302.03,0.41,25394111.52,157394.60,25795084.08,157394.60,0.00
PSAR,2026-03-05,6433070.50,169530.35,99.66,99.49,84542.60,0.17,50788223.16,6178997.51,51590168.14,-269773.51,-0.88
LONG,2026-03-05,139531.17,-251624.65,107.70,107.40,139531.17,0.27,50788223.04,251624.65,51590168.16,251624.65,0.00
Total Portfolio Value,2026-03-05,6567470.53,-78517.22,107.14,106.68,218942.64,0.43,50788223.00,6427045.07,51590168.00,-21725.95,0.00
Zerodha Total Portfolio,2026-03-05,51710810.82,0.00,104.27,102.43,916315.44,1.80,50794495.38,50794495.38,51560421.70,-765926.32,-2.46
NPSAR1,2026-03-06,186136.65,4721.90,100.97,100.51,6591.00,0.46,1436365.21,174823.75,1410783.98,-1524.25,-1.14
NPSAR10,2026-03-06,402449.74,-10480.03,103.65,103.70,-1527.97,-0.05,3231821.69,414457.74,3174263.94,17674.75,-0.05
NPSAR11,2026-03-06,405856.46,3644.99,98.10,98.04,1878.75,0.06,3231821.69,400332.72,3174263.94,3549.73,-2.15
NPSAR12,2026-03-06,401706.78,64.89,97.48,97.55,-2270.93,-0.07,3231821.69,403912.82,3174263.94,7129.83,-3.22
NPSAR13,2026-03-06,401706.78,-3040.47,98.87,98.94,-2270.93,-0.07,3231821.69,407018.18,3174263.94,10235.19,-1.86
NPSAR2,2026-03-06,185112.90,4227.90,98.72,98.34,5567.25,0.39,1436365.21,175317.75,1410783.98,-1030.25,-2.05
NPSAR3,2026-03-06,186136.65,4721.90,101.75,101.29,6591.00,0.46,1436365.21,174823.75,1410783.98,-1524.25,0.00
NPSAR4,2026-03-06,185112.90,4227.90,99.60,99.22,5567.25,0.39,1436365.21,175317.75,1410783.98,-1030.25,-1.45
NPSAR5,2026-03-06,186136.65,4721.90,96.61,96.17,6591.00,0.46,1436365.21,174823.75,1410783.98,-1524.25,-4.49
NPSAR6,2026-03-06,186136.65,4721.90,98.36,97.91,6591.00,0.46,1436365.21,174823.75,1410783.98,-1524.25,-3.04
NPSAR7,2026-03-06,166620.37,10666.12,97.78,98.67,-12925.28,-0.90,1436365.21,168879.53,1410783.98,-7468.47,-3.05
NPSAR8,2026-03-06,166620.37,10666.12,96.65,97.53,-12925.28,-0.90,1436365.21,168879.53,1410783.98,-7468.47,-4.07
NPSAR9,2026-03-06,169011.38,5074.56,99.63,100.37,-10534.27,-0.73,1436365.21,174471.09,1410783.98,-1876.91,-1.08
SPSAR1,2026-03-06,186826.65,1672.15,102.90,102.38,7281.00,0.51,1436365.21,177873.50,1410783.98,1525.50,0.00
SPSAR10,2026-03-06,395317.68,-19328.02,102.33,102.60,-8660.03,-0.27,3231821.69,423305.73,3174263.94,26522.74,-1.75
SPSAR11,2026-03-06,400897.04,-3963.47,100.81,100.91,-3080.67,-0.10,3231821.69,407941.18,3174263.94,11158.19,-1.57
SPSAR12,2026-03-06,403475.14,-9355.67,100.11,100.13,-502.57,-0.02,3231821.69,413333.38,3174263.94,16550.39,-1.00
SPSAR13,2026-03-06,396102.92,-301.61,98.12,98.36,-7874.79,-0.24,3231821.69,404279.32,3174263.94,7496.33,-2.90
SPSAR2,2026-03-06,186826.65,1481.20,99.43,98.93,7281.00,0.51,1436365.21,178064.45,1410783.98,1716.45,-1.55
SPSAR3,2026-03-06,186104.65,608.57,101.95,101.49,6559.00,0.46,1436365.21,178937.08,1410783.98,2589.08,0.00
SPSAR4,2026-03-06,185718.65,-160.01,100.42,99.99,6173.00,0.43,1436365.21,179705.66,1410783.98,3357.66,-0.88
SPSAR5,2026-03-06,186104.65,603.80,96.11,95.67,6559.00,0.46,1436365.21,178941.85,1410783.98,2593.85,-5.18
SPSAR6,2026-03-06,163617.65,4592.81,97.15,98.24,-15928.00,-1.11,1436365.21,174952.84,1410783.98,-1395.16,-4.41
SPSAR7,2026-03-06,163586.46,5547.03,97.39,98.48,-15959.19,-1.11,1436365.21,173998.62,1410783.98,-2349.38,-3.10
SPSAR8,2026-03-06,165188.08,2552.64,99.46,100.46,-14357.57,-1.00,1436365.21,176993.01,1410783.98,645.01,-1.03
SPSAR9,2026-03-06,164716.94,2683.86,100.51,101.56,-14828.71,-1.03,1436365.21,176861.79,1410783.98,513.79,-1.03
NLONG1,2026-03-06,-4078.33,576.29,107.76,108.17,-4078.33,-0.38,1077273.90,-576.29,1058087.98,-576.29,-1.54
NLONG10,2026-03-06,-5482.03,521.17,110.83,111.40,-5482.03,-0.51,1077273.90,-521.17,1058087.98,-521.17,-0.56
NLONG11,2026-03-06,-5312.07,1636.26,115.13,115.70,-5312.07,-0.49,1077273.90,-1636.26,1058087.98,-1636.26,-0.88
NLONG12,2026-03-06,-4948.69,-573.81,110.48,110.99,-4948.69,-0.46,1077273.90,573.81,1058087.98,573.81,-0.59
NLONG13,2026-03-06,-1421.48,-4174.93,106.11,106.25,-1421.48,-0.13,1077273.90,4174.93,1058087.98,4174.93,-0.13
NLONG14,2026-03-06,-2372.49,-3071.38,106.37,106.60,-2372.49,-0.22,1077273.90,3071.38,1058087.98,3071.38,-0.22
NLONG15,2026-03-06,-2790.16,-2780.74,104.03,104.30,-2790.16,-0.26,1077273.90,2780.74,1058087.98,2780.74,-0.43
NLONG16,2026-03-06,-1790.96,-4191.83,105.33,105.51,-1790.96,-0.17,1077273.90,4191.83,1058087.98,4191.83,-0.17
NLONG17,2026-03-06,-1421.48,-3833.29,107.52,107.66,-1421.48,-0.13,1077273.90,3833.29,1058087.98,3833.29,-0.13
NLONG18,2026-03-06,-2372.49,-2942.02,106.87,107.11,-2372.49,-0.22,1077273.90,2942.02,1058087.98,2942.02,-0.22
NLONG19,2026-03-06,-2790.16,-2711.09,105.01,105.28,-2790.16,-0.26,1077273.90,2711.09,1058087.98,2711.09,-0.28
NLONG2,2026-03-06,-5482.03,521.17,101.65,102.17,-5482.03,-0.51,1077273.90,-521.17,1058087.98,-521.17,-0.56
NLONG20,2026-03-06,-1790.96,-4334.46,106.28,106.46,-1790.96,-0.17,1077273.90,4334.46,1058087.98,4334.46,-0.17
NLONG21,2026-03-06,-1421.48,-4334.15,107.91,108.05,-1421.48,-0.13,1077273.90,4334.15,1058087.98,4334.15,-0.13
NLONG22,2026-03-06,-2372.49,-3442.88,107.71,107.95,-2372.49,-0.22,1077273.90,3442.88,1058087.98,3442.88,-0.22
NLONG23,2026-03-06,-2928.22,-2678.93,107.69,107.98,-2928.22,-0.27,1077273.90,2678.93,1058087.98,2678.93,-0.27
NLONG24,2026-03-06,-1929.02,-4213.17,109.46,109.66,-1929.02,-0.18,1077273.90,4213.17,1058087.98,4213.17,-0.18
NLONG3,2026-03-06,-5312.07,1636.26,109.05,109.59,-5312.07,-0.49,1077273.90,-1636.26,1058087.98,-1636.26,-0.88
NLONG4,2026-03-06,-4948.69,-573.81,106.88,107.37,-4948.69,-0.46,1077273.90,573.81,1058087.98,573.81,-0.59
NLONG5,2026-03-06,-4078.33,576.29,110.32,110.74,-4078.33,-0.38,1077273.90,-576.29,1058087.98,-576.29,-1.73
NLONG6,2026-03-06,-5482.03,521.17,107.48,108.03,-5482.03,-0.51,1077273.90,-521.17,1058087.98,-521.17,-0.56
NLONG7,2026-03-06,-5312.07,1636.26,112.67,113.23,-5312.07,-0.49,1077273.90,-1636.26,1058087.98,-1636.26,-0.89
NLONG8,2026-03-06,-4948.69,-573.81,107.44,107.94,-4948.69,-0.46,1077273.90,573.81,1058087.98,573.81,-0.59
NLONG9,2026-03-06,-4078.33,576.29,111.96,112.39,-4078.33,-0.38,1077273.90,-576.29,1058087.98,-576.29,-1.83
SLONG1,2026-03-06,190.04,1766.75,106.96,106.94,190.04,0.02,1077273.90,-1766.75,1058087.98,-1766.75,-0.88
SLONG10,2026-03-06,-4598.69,6659.49,104.54,104.99,-4598.69,-0.43,1077273.90,-6659.49,1058087.98,-6659.49,-1.06
SLONG11,2026-03-06,3893.59,-1927.54,109.22,108.83,3893.59,0.36,1077273.90,1927.54,1058087.98,1927.54,-0.48
SLONG12,2026-03-06,-4636.08,-1330.07,106.61,107.07,-4636.08,-0.43,1077273.90,1330.07,1058087.98,1330.07,-0.43
SLONG13,2026-03-06,785.94,-3575.95,104.66,104.58,785.94,0.07,1077273.90,3575.95,1058087.98,3575.95,0.00
SLONG14,2026-03-06,465.62,2212.93,104.65,104.60,465.62,0.04,1077273.90,-2212.93,1058087.98,-2212.93,-0.16
SLONG15,2026-03-06,5005.98,-18042.75,108.81,108.31,5005.98,0.46,1077273.90,18042.75,1058087.98,18042.75,0.00
SLONG16,2026-03-06,682.32,-8959.13,105.09,105.02,682.32,0.06,1077273.90,8959.13,1058087.98,8959.13,0.00
SLONG17,2026-03-06,785.94,-3418.78,106.12,106.04,785.94,0.07,1077273.90,3418.78,1058087.98,3418.78,0.00
SLONG18,2026-03-06,465.62,2212.93,105.55,105.50,465.62,0.04,1077273.90,-2212.93,1058087.98,-2212.93,-0.16
SLONG19,2026-03-06,5005.98,-27415.51,111.72,111.20,5005.98,0.46,1077273.90,27415.51,1058087.98,27415.51,0.00
SLONG2,2026-03-06,-4598.69,6659.49,96.71,97.12,-4598.69,-0.43,1077273.90,-6659.49,1058087.98,-6659.49,-4.62
SLONG20,2026-03-06,682.32,-8959.13,107.88,107.81,682.32,0.06,1077273.90,8959.13,1058087.98,8959.13,0.00
SLONG21,2026-03-06,-71.25,-3610.60,106.49,106.50,-71.25,-0.01,1077273.90,3610.60,1058087.98,3610.60,-0.01
SLONG22,2026-03-06,-571.92,2212.93,104.86,104.92,-571.92,-0.05,1077273.90,-2212.93,1058087.98,-2212.93,-0.27
SLONG23,2026-03-06,4295.96,-43424.53,113.12,112.67,4295.96,0.40,1077273.90,43424.53,1058087.98,43424.53,0.00
SLONG24,2026-03-06,-27.70,-8040.33,109.19,109.19,-27.70,0.00,1077273.90,8040.33,1058087.98,8040.33,-0.29
SLONG3,2026-03-06,3893.59,-1927.54,107.66,107.27,3893.59,0.36,1077273.90,1927.54,1058087.98,1927.54,-0.49
SLONG4,2026-03-06,-4636.08,-1330.07,106.74,107.20,-4636.08,-0.43,1077273.90,1330.07,1058087.98,1330.07,-0.43
SLONG5,2026-03-06,190.04,1766.75,108.19,108.17,190.04,0.02,1077273.90,-1766.75,1058087.98,-1766.75,-1.03
SLONG6,2026-03-06,-4598.69,6659.49,104.71,105.16,-4598.69,-0.43,1077273.90,-6659.49,1058087.98,-6659.49,-1.06
SLONG7,2026-03-06,3893.59,-1927.54,109.92,109.52,3893.59,0.36,1077273.90,1927.54,1058087.98,1927.54,-0.35
SLONG8,2026-03-06,-4636.08,-1330.07,109.42,109.89,-4636.08,-0.43,1077273.90,1330.07,1058087.98,1330.07,-0.43
SLONG9,2026-03-06,190.04,1766.75,109.84,109.82,190.04,0.02,1077273.90,-1766.75,1058087.98,-1766.75,-1.15
Large Cap Stock Holdings,2026-03-06,26043237.50,0.00,94.51,94.03,132492.50,0.51,25910745.00,25910745.00,25353760.00,556985.00,-6.74
Liquidcase Stock Holdings,2026-03-06,9680745.60,0.00,100.64,100.60,3425.60,0.04,9677320.00,9677320.00,9675607.20,1712.80,0.00
Small Cap Stock Holdings,2026-03-06,12205175.00,0.00,101.14,102.06,-110450.00,-0.90,12315625.00,12315625.00,12176950.00,138675.00,-10.10
Debt Stock Holdings,2026-03-06,9680745.60,0.00,100.64,100.60,3425.60,0.04,9677320.00,9677320.00,9675607.20,1712.80,0.00
Equity Stock Holdings,2026-03-06,38248412.50,0.00,96.50,96.44,22042.50,0.06,38226370.00,38226370.00,37530710.00,695660.00,-7.34
Stock Holdings,2026-03-06,47929158.10,0.00,96.96,96.91,25468.10,0.05,47903690.00,47903690.00,47206317.20,697372.80,-6.39
Miscellaneous P&L,2026-03-06,0.00,0.00,100.00,100.00,0.00,0.00,0.00,0.00,0.00,0.00,0.00
Total Tax,2026-03-06,-2814.16,5131.13,100.00,100.00,-2814.16,0.00,0.00,-5131.13,0.00,0.00,0.00
Equity Holdings Tax,2026-03-06,0.00,0.00,100.00,100.00,0.00,0.00,0.00,0.00,0.00,0.00,0.00
Equity Intraday Tax,2026-03-06,0.00,0.00,100.00,100.00,0.00,0.00,0.00,0.00,0.00,0.00,0.00
F&O Tax,2026-03-06,-2814.16,5131.13,100.00,100.00,-2814.16,0.00,0.00,-5131.13,0.00,0.00,0.00
MCX Tax,2026-03-06,0.00,0.00,100.00,100.00,0.00,0.00,0.00,0.00,0.00,0.00,0.00
Total Other Debits and Credits,2026-03-06,-35.40,0.00,100.00,100.00,-35.40,0.00,0.00,0.00,0.00,0.00,0.00
Equity Other Debits and Credits,2026-03-06,-35.40,0.00,100.00,100.00,-35.40,0.00,0.00,0.00,0.00,0.00,0.00
NPSAR,2026-03-06,3228744.30,43939.60,99.21,99.22,-3077.41,-0.01,25854573.65,3187882.10,25394111.58,13618.15,-1.24
SPSAR,2026-03-06,3184483.18,-13366.70,99.91,100.10,-47338.53,-0.18,25854573.65,3245188.40,25394111.58,70924.45,-0.72
NLONG,2026-03-06,-84864.75,-36229.14,108.00,108.35,-84864.75,-0.33,25854573.60,36229.14,25394111.52,36229.14,-0.33
SLONG,2026-03-06,2051.39,-103302.03,107.04,107.03,2051.39,0.01,25854573.60,103302.03,25394111.52,103302.03,0.00
PSAR,2026-03-06,6413227.47,30572.89,99.56,99.66,-50415.94,-0.10,51709147.30,6433070.49,50788223.16,84542.60,-0.98
LONG,2026-03-06,-82813.36,-139531.17,107.52,107.70,-82813.36,-0.16,51709147.20,139531.17,50788223.04,139531.17,-0.16
Total Portfolio Value,2026-03-06,6327599.95,-103827.15,106.86,107.14,-136043.46,-0.26,51709147.00,6567470.53,50788223.00,218942.64,-0.26
Zerodha Total Portfolio,2026-03-06,51600200.06,0.00,104.05,104.27,-110610.76,-0.21,51710810.82,51710810.82,50794495.38,916315.44,-2.66
NPSAR1,2026-03-09,183087.75,-7004.15,101.25,100.97,3955.25,0.28,1433060.01,186136.65,1436365.21,6591.00,-0.86
NPSAR10,2026-03-09,420299.13,598.39,104.20,103.65,17251.00,0.54,3224385.00,402449.74,3231821.69,-1527.97,0.00
NPSAR11,2026-03-09,417253.39,-2808.34,98.53,98.10,14205.26,0.44,3224385.00,405856.46,3231821.69,1878.75,-1.73
NPSAR12,2026-03-09,426858.09,1341.34,98.20,97.48,23809.96,0.74,3224385.00,401706.78,3231821.69,-2270.93,-2.50
NPSAR13,2026-03-09,428773.82,1341.34,99.66,98.87,25725.69,0.80,3224385.00,401706.78,3231821.69,-2270.93,-1.07
NPSAR2,2026-03-09,182428.00,-5980.40,98.95,98.72,3295.50,0.23,1433060.01,185112.90,1436365.21,5567.25,-1.83
NPSAR3,2026-03-09,183087.75,-7004.15,102.03,101.75,3955.25,0.28,1433060.01,186136.65,1436365.21,6591.00,0.00
NPSAR4,2026-03-09,182428.00,-5980.40,99.83,99.60,3295.50,0.23,1433060.01,185112.90,1436365.21,5567.25,-1.23
NPSAR5,2026-03-09,183087.75,-7004.15,96.88,96.61,3955.25,0.28,1433060.01,186136.65,1436365.21,6591.00,-4.22
NPSAR6,2026-03-09,183087.75,-7004.15,98.63,98.36,3955.25,0.28,1433060.01,186136.65,1436365.21,6591.00,-2.77
NPSAR7,2026-03-09,190169.50,12512.13,98.53,97.78,11037.00,0.77,1433060.01,166620.37,1436365.21,-12925.28,-2.31
NPSAR8,2026-03-09,190169.50,12512.13,97.39,96.65,11037.00,0.77,1433060.01,166620.37,1436365.21,-12925.28,-3.33
NPSAR9,2026-03-09,190169.50,10121.12,100.40,99.63,11037.00,0.77,1433060.01,169011.38,1436365.21,-10534.27,-0.32
SPSAR1,2026-03-09,184505.50,-7694.15,103.29,102.90,5373.00,0.37,1433060.01,186826.65,1436365.21,7281.00,0.00
SPSAR10,2026-03-09,418766.13,7730.45,102.83,102.33,15718.00,0.49,3224385.00,395317.68,3231821.69,-8660.03,-1.27
SPSAR11,2026-03-09,415873.31,2151.09,101.21,100.81,12825.18,0.40,3224385.00,400897.04,3231821.69,-3080.67,-1.18
SPSAR12,2026-03-09,427296.38,-427.02,100.86,100.11,24248.25,0.75,3224385.00,403475.14,3231821.69,-502.57,-0.26
SPSAR13,2026-03-09,430058.81,6945.21,98.94,98.12,27010.68,0.84,3224385.00,396102.92,3231821.69,-7874.79,-2.09
SPSAR2,2026-03-09,184505.50,-7694.15,99.80,99.43,5373.00,0.37,1433060.01,186826.65,1436365.21,7281.00,-1.19
SPSAR3,2026-03-09,184050.50,-6972.15,102.30,101.95,4918.00,0.34,1433060.01,186104.65,1436365.21,6559.00,0.00
SPSAR4,2026-03-09,183723.50,-6586.15,100.74,100.42,4591.00,0.32,1433060.01,185718.65,1436365.21,6173.00,-0.56
SPSAR5,2026-03-09,184050.50,-6972.15,96.44,96.11,4918.00,0.34,1433060.01,186104.65,1436365.21,6559.00,-4.85
SPSAR6,2026-03-09,170138.31,15514.85,96.54,97.15,-8994.19,-0.63,1433060.01,163617.65,1436365.21,-15928.00,-5.01
SPSAR7,2026-03-09,189813.50,15546.04,98.12,97.39,10681.00,0.75,1433060.01,163586.46,1436365.21,-15959.19,-2.38
SPSAR8,2026-03-09,189130.50,13944.42,100.15,99.46,9998.00,0.70,1433060.01,165188.08,1436365.21,-14357.57,-0.35
SPSAR9,2026-03-09,189130.50,14415.56,101.21,100.51,9998.00,0.70,1433060.01,164716.94,1436365.21,-14828.71,-0.34
NLONG1,2026-03-09,27901.56,4078.33,110.56,107.76,27901.56,2.60,1074795.00,-4078.33,1077273.90,-4078.33,0.00
NLONG10,2026-03-09,29628.44,5482.03,113.89,110.83,29628.44,2.76,1074795.00,-5482.03,1077273.90,-5482.03,0.00
NLONG11,2026-03-09,24209.45,5312.07,117.72,115.13,24209.45,2.25,1074795.00,-5312.07,1077273.90,-5312.07,0.00
NLONG12,2026-03-09,27820.44,4948.69,113.34,110.48,27820.44,2.59,1074795.00,-4948.69,1077273.90,-4948.69,0.00
NLONG13,2026-03-09,29221.86,1421.48,108.99,106.11,29221.86,2.72,1074795.00,-1421.48,1077273.90,-1421.48,0.00
NLONG14,2026-03-09,35230.41,2372.49,109.86,106.37,35230.41,3.28,1074795.00,-2372.49,1077273.90,-2372.49,0.00
NLONG15,2026-03-09,25685.17,2790.16,106.52,104.03,25685.17,2.39,1074795.00,-2790.16,1077273.90,-2790.16,0.00
NLONG16,2026-03-09,33498.54,1790.96,108.61,105.33,33498.54,3.12,1074795.00,-1790.96,1077273.90,-1790.96,0.00
NLONG17,2026-03-09,29221.86,1421.48,110.44,107.52,29221.86,2.72,1074795.00,-1421.48,1077273.90,-1421.48,0.00
NLONG18,2026-03-09,35230.41,2372.49,110.37,106.87,35230.41,3.28,1074795.00,-2372.49,1077273.90,-2372.49,0.00
NLONG19,2026-03-09,25685.17,2790.16,107.52,105.01,25685.17,2.39,1074795.00,-2790.16,1077273.90,-2790.16,0.00
NLONG2,2026-03-09,22572.75,5482.03,103.78,101.65,22572.75,2.10,1074795.00,-5482.03,1077273.90,-5482.03,0.00
NLONG20,2026-03-09,33498.54,1790.96,109.59,106.28,33498.54,3.12,1074795.00,-1790.96,1077273.90,-1790.96,0.00
NLONG21,2026-03-09,29221.86,1421.48,110.84,107.91,29221.86,2.72,1074795.00,-1421.48,1077273.90,-1421.48,0.00
NLONG22,2026-03-09,35230.41,2372.49,111.24,107.71,35230.41,3.28,1074795.00,-2372.49,1077273.90,-2372.49,0.00
NLONG23,2026-03-09,25685.17,2928.22,110.26,107.69,25685.17,2.39,1074795.00,-2928.22,1077273.90,-2928.22,0.00
NLONG24,2026-03-09,33498.54,1929.02,112.87,109.46,33498.54,3.12,1074795.00,-1929.02,1077273.90,-1929.02,0.00
NLONG3,2026-03-09,24209.45,5312.07,111.51,109.05,24209.45,2.25,1074795.00,-5312.07,1077273.90,-5312.07,0.00
NLONG4,2026-03-09,21209.92,4948.69,108.99,106.88,21209.92,1.97,1074795.00,-4948.69,1077273.90,-4948.69,0.00
NLONG5,2026-03-09,27901.56,4078.33,113.18,110.32,27901.56,2.60,1074795.00,-4078.33,1077273.90,-4078.33,0.00
NLONG6,2026-03-09,22715.93,5482.03,109.75,107.48,22715.93,2.11,1074795.00,-5482.03,1077273.90,-5482.03,0.00
NLONG7,2026-03-09,24209.45,5312.07,115.21,112.67,24209.45,2.25,1074795.00,-5312.07,1077273.90,-5312.07,0.00
NLONG8,2026-03-09,21443.32,4948.69,109.58,107.44,21443.32,2.00,1074795.00,-4948.69,1077273.90,-4948.69,0.00
NLONG9,2026-03-09,27901.56,4078.33,114.87,111.96,27901.56,2.60,1074795.00,-4078.33,1077273.90,-4078.33,0.00
SLONG1,2026-03-09,32674.95,-190.04,110.21,106.96,32674.95,3.04,1074795.00,190.04,1077273.90,190.04,0.00
SLONG10,2026-03-09,31065.24,4598.69,107.56,104.54,31065.24,2.89,1074795.00,-4598.69,1077273.90,-4598.69,0.00
SLONG11,2026-03-09,28279.55,-3893.59,112.09,109.22,28279.55,2.63,1074795.00,3893.59,1077273.90,3893.59,0.00
SLONG12,2026-03-09,28767.79,4636.08,109.46,106.61,28767.79,2.68,1074795.00,-4636.08,1077273.90,-4636.08,0.00
SLONG13,2026-03-09,31013.19,-785.94,107.68,104.66,31013.19,2.89,1074795.00,785.94,1077273.90,785.94,0.00
SLONG14,2026-03-09,34773.62,-465.62,108.04,104.65,34773.62,3.24,1074795.00,465.62,1077273.90,465.62,0.00
SLONG15,2026-03-09,27683.17,-5005.98,111.61,108.81,27683.17,2.58,1074795.00,5005.98,1077273.90,5005.98,0.00
SLONG16,2026-03-09,32946.60,-682.32,108.31,105.09,32946.60,3.07,1074795.00,682.32,1077273.90,682.32,0.00
SLONG17,2026-03-09,31013.19,-785.94,109.18,106.12,31013.19,2.89,1074795.00,785.94,1077273.90,785.94,0.00
SLONG18,2026-03-09,34773.62,-465.62,108.96,105.55,34773.62,3.24,1074795.00,465.62,1077273.90,465.62,0.00
SLONG19,2026-03-09,27683.17,-5005.98,114.60,111.72,27683.17,2.58,1074795.00,5005.98,1077273.90,5005.98,0.00
SLONG2,2026-03-09,22577.41,4598.69,98.74,96.71,22577.41,2.10,1074795.00,-4598.69,1077273.90,-4598.69,-2.61
SLONG20,2026-03-09,32946.60,-682.32,111.19,107.88,32946.60,3.07,1074795.00,682.32,1077273.90,682.32,0.00
SLONG21,2026-03-09,29764.12,71.25,109.44,106.49,29764.12,2.77,1074795.00,-71.25,1077273.90,-71.25,0.00
SLONG22,2026-03-09,34010.59,571.92,108.18,104.86,34010.59,3.16,1074795.00,-571.92,1077273.90,-571.92,0.00
SLONG23,2026-03-09,27683.17,-4295.96,116.03,113.12,27683.17,2.58,1074795.00,4295.96,1077273.90,4295.96,0.00
SLONG24,2026-03-09,32946.60,27.70,112.54,109.19,32946.60,3.07,1074795.00,-27.70,1077273.90,-27.70,0.00
SLONG3,2026-03-09,28936.97,-3893.59,110.56,107.66,28936.97,2.69,1074795.00,3893.59,1077273.90,3893.59,0.00
SLONG4,2026-03-09,20145.81,4636.08,108.74,106.74,20145.81,1.87,1074795.00,-4636.08,1077273.90,-4636.08,0.00
SLONG5,2026-03-09,32674.95,-190.04,111.48,108.19,32674.95,3.04,1074795.00,190.04,1077273.90,190.04,0.00
SLONG6,2026-03-09,22477.05,4598.69,106.90,104.71,22477.05,2.09,1074795.00,-4598.69,1077273.90,-4598.69,0.00
SLONG7,2026-03-09,28936.97,-3893.59,112.88,109.92,28936.97,2.69,1074795.00,3893.59,1077273.90,3893.59,0.00
SLONG8,2026-03-09,28767.79,4636.08,112.35,109.42,28767.79,2.68,1074795.00,-4636.08,1077273.90,-4636.08,0.00
SLONG9,2026-03-09,32674.95,-190.04,113.18,109.84,32674.95,3.04,1074795.00,190.04,1077273.90,190.04,0.00
Large Cap Stock Holdings,2026-03-09,26090215.00,0.00,94.68,94.51,46977.50,0.18,26043237.50,26043237.50,25910745.00,132492.50,-6.57
Liquidcase Stock Holdings,2026-03-09,9681602.00,0.00,100.65,100.64,856.40,0.01,9680745.60,9680745.60,9677320.00,3425.60,0.00
Small Cap Stock Holdings,2026-03-09,12105000.00,0.00,100.31,101.14,-100175.00,-0.82,12205175.00,12205175.00,12315625.00,-110450.00,-10.84
Debt Stock Holdings,2026-03-09,9681602.00,0.00,100.65,100.64,856.40,0.01,9680745.60,9680745.60,9677320.00,3425.60,0.00
Equity Stock Holdings,2026-03-09,38195215.00,0.00,96.36,96.50,-53197.50,-0.14,38248412.50,38248412.50,38226370.00,22042.50,-7.47
Stock Holdings,2026-03-09,47876817.00,0.00,96.85,96.96,-52341.10,-0.11,47929158.10,47929158.10,47903690.00,25468.10,-6.50
Miscellaneous P&L,2026-03-09,0.00,0.00,100.00,100.00,0.00,0.00,0.00,0.00,0.00,0.00,0.00
Total Tax,2026-03-09,-5172.24,2814.16,100.00,100.00,-5172.24,0.00,0.00,-2814.16,0.00,0.00,0.00
Equity Holdings Tax,2026-03-09,0.00,0.00,100.00,100.00,0.00,0.00,0.00,0.00,0.00,0.00,0.00
Equity Intraday Tax,2026-03-09,0.00,0.00,100.00,100.00,0.00,0.00,0.00,0.00,0.00,0.00,0.00
F&O Tax,2026-03-09,-5172.24,2814.16,100.00,100.00,-5172.24,0.00,0.00,-2814.16,0.00,0.00,0.00
MCX Tax,2026-03-09,0.00,0.00,100.00,100.00,0.00,0.00,0.00,0.00,0.00,0.00,0.00
Total Other Debits and Credits,2026-03-09,0.00,35.40,100.00,100.00,0.00,0.00,0.00,-35.40,0.00,0.00,0.00
Equity Other Debits and Credits,2026-03-09,0.00,35.40,100.00,100.00,0.00,0.00,0.00,-35.40,0.00,0.00,0.00
NPSAR,2026-03-09,3360899.92,-4359.27,99.73,99.21,136514.91,0.53,25795080.09,3228744.30,25854573.65,-3077.41,-0.72
SPSAR,2026-03-09,3351042.93,39901.85,100.40,99.91,126657.92,0.49,25795080.09,3184483.18,25854573.65,-47338.53,-0.24
NLONG,2026-03-09,672631.77,84864.75,110.81,108.00,672631.77,2.61,25795080.00,-84864.75,25854573.60,-84864.75,0.00
SLONG,2026-03-09,715217.07,-2051.39,110.00,107.04,715217.07,2.77,25795080.00,2051.39,25854573.60,2051.39,0.00
PSAR,2026-03-09,6711942.85,35542.58,100.07,99.56,263172.83,0.51,51590160.18,6413227.47,51709147.30,-50415.94,-0.48
LONG,2026-03-09,1387848.84,82813.36,110.42,107.52,1387848.84,2.69,51590160.00,-82813.36,51709147.20,-82813.36,0.00
Total Portfolio Value,2026-03-09,8094619.45,121170.10,110.27,106.86,1645849.43,3.19,51590160.00,6327599.95,51709147.00,-136043.46,0.00
Zerodha Total Portfolio,2026-03-09,53193708.39,0.00,107.27,104.05,1593508.33,3.09,51600200.06,51600200.06,51710810.82,-110610.76,0.00
NPSAR1,2026-03-10,184999.70,1531.21,101.28,101.25,380.74,0.03,1476951.71,183087.75,1433060.01,3955.25,-0.83
NPSAR10,2026-03-10,433808.67,-4906.46,104.78,104.20,18416.01,0.55,3323141.31,420299.12,3224385.00,17251.00,0.00
NPSAR11,2026-03-10,442457.07,-1860.72,99.33,98.53,27064.41,0.81,3323141.31,417253.38,3224385.00,14205.26,-0.93
NPSAR12,2026-03-10,437257.86,-11465.42,98.85,98.20,21865.20,0.66,3323141.31,426858.08,3224385.00,23809.96,-1.86
NPSAR13,2026-03-10,424354.76,-13381.16,99.93,99.66,8962.10,0.27,3323141.31,428773.82,3224385.00,25725.69,-0.80
NPSAR2,2026-03-10,185615.48,2190.96,99.02,98.95,996.52,0.07,1476951.71,182428.00,1433060.01,3295.50,-1.76
NPSAR3,2026-03-10,185502.26,1531.21,102.09,102.03,883.30,0.06,1476951.71,183087.75,1433060.01,3955.25,0.00
NPSAR4,2026-03-10,185320.44,2190.96,99.88,99.83,701.48,0.05,1476951.71,182428.00,1433060.01,3295.50,-1.18
NPSAR5,2026-03-10,185408.22,1531.21,96.93,96.88,789.26,0.05,1476951.71,183087.75,1433060.01,3955.25,-4.17
NPSAR6,2026-03-10,185145.61,1531.21,98.67,98.63,526.65,0.04,1476951.71,183087.75,1433060.01,3955.25,-2.73
NPSAR7,2026-03-10,186868.11,-5550.54,98.68,98.53,2249.15,0.15,1476951.71,190169.50,1433060.01,11037.00,-2.16
NPSAR8,2026-03-10,186858.35,-5550.54,97.54,97.39,2239.39,0.15,1476951.71,190169.50,1433060.01,11037.00,-3.19
NPSAR9,2026-03-10,188479.36,-5550.54,100.66,100.40,3860.40,0.26,1476951.71,190169.50,1433060.01,11037.00,-0.06
SPSAR1,2026-03-10,187267.96,113.46,103.48,103.29,2649.00,0.18,1476951.71,184505.50,1433060.01,5373.00,0.00
SPSAR10,2026-03-10,427083.75,-3373.46,103.19,102.83,11691.09,0.35,3323141.31,418766.12,3224385.00,15718.00,-0.92
SPSAR11,2026-03-10,441168.66,-480.64,102.00,101.21,25776.00,0.78,3323141.31,415873.30,3224385.00,12825.18,-0.41
SPSAR12,2026-03-10,438896.66,-11903.72,101.57,100.86,23504.00,0.71,3323141.31,427296.38,3224385.00,24248.25,0.00
SPSAR13,2026-03-10,425292.77,-14666.14,99.23,98.94,9900.11,0.30,3323141.31,430058.80,3224385.00,27010.68,-1.80
SPSAR2,2026-03-10,187267.96,113.46,99.98,99.80,2649.00,0.18,1476951.71,184505.50,1433060.01,5373.00,-1.01
SPSAR3,2026-03-10,187210.96,568.46,102.48,102.30,2592.00,0.18,1476951.71,184050.50,1433060.01,4918.00,0.00
SPSAR4,2026-03-10,186993.96,895.46,100.90,100.74,2375.00,0.16,1476951.71,183723.50,1433060.01,4591.00,-0.40
SPSAR5,2026-03-10,187210.96,568.46,96.61,96.44,2592.00,0.18,1476951.71,184050.50,1433060.01,4918.00,-4.69
SPSAR6,2026-03-10,183506.96,14480.65,96.47,96.54,-1112.00,-0.08,1476951.71,170138.31,1433060.01,-8994.19,-5.08
SPSAR7,2026-03-10,187940.96,-5194.54,98.34,98.12,3322.00,0.22,1476951.71,189813.50,1433060.01,10681.00,-2.16
SPSAR8,2026-03-10,188004.96,-4511.54,100.38,100.15,3386.00,0.23,1476951.71,189130.50,1433060.01,9998.00,-0.12
SPSAR9,2026-03-10,188091.27,-4511.54,101.45,101.21,3472.31,0.24,1476951.71,189130.50,1433060.01,9998.00,-0.11
NLONG1,2026-03-10,-6061.65,-27901.56,109.95,110.56,-6061.65,-0.55,1107713.77,27901.56,1074795.00,27901.56,-0.55
NLONG10,2026-03-10,-1806.17,-29628.44,113.70,113.89,-1806.17,-0.16,1107713.77,29628.44,1074795.00,29628.44,-0.17
NLONG11,2026-03-10,-11783.80,-24209.45,116.47,117.72,-11783.80,-1.06,1107713.77,24209.45,1074795.00,24209.45,-1.06
NLONG12,2026-03-10,-619.50,-27820.44,113.28,113.34,-619.50,-0.06,1107713.77,27820.44,1074795.00,27820.44,-0.05
NLONG13,2026-03-10,736.34,-29221.86,109.06,108.99,736.34,0.07,1107713.77,29221.86,1074795.00,29221.86,0.00
NLONG14,2026-03-10,-1481.38,-35230.41,109.71,109.86,-1481.38,-0.13,1107713.77,35230.41,1074795.00,35230.41,-0.14
NLONG15,2026-03-10,-8519.97,-25685.17,105.70,106.52,-8519.97,-0.77,1107713.77,25685.17,1074795.00,25685.17,-0.77
NLONG16,2026-03-10,-4266.12,-33498.54,108.19,108.61,-4266.12,-0.39,1107713.77,33498.54,1074795.00,33498.54,-0.39
NLONG17,2026-03-10,736.34,-29221.86,110.51,110.44,736.34,0.07,1107713.77,29221.86,1074795.00,29221.86,0.00
NLONG18,2026-03-10,-1481.38,-35230.41,110.22,110.37,-1481.38,-0.13,1107713.77,35230.41,1074795.00,35230.41,-0.14
NLONG19,2026-03-10,-8519.97,-25685.17,106.69,107.52,-8519.97,-0.77,1107713.77,25685.17,1074795.00,25685.17,-0.77
NLONG2,2026-03-10,0.00,-22572.75,103.78,103.78,0.00,0.00,1107713.77,22572.75,1074795.00,22572.75,0.00
NLONG20,2026-03-10,-4266.12,-33498.54,109.17,109.59,-4266.12,-0.39,1107713.77,33498.54,1074795.00,33498.54,-0.38
NLONG21,2026-03-10,736.34,-29221.86,110.91,110.84,736.34,0.07,1107713.77,29221.86,1074795.00,29221.86,0.00
NLONG22,2026-03-10,-1481.38,-35230.41,111.09,111.24,-1481.38,-0.13,1107713.77,35230.41,1074795.00,35230.41,-0.13
NLONG23,2026-03-10,882.54,-25685.17,110.35,110.26,882.54,0.08,1107713.77,25685.17,1074795.00,25685.17,0.00
NLONG24,2026-03-10,837.14,-33498.54,112.96,112.87,837.14,0.08,1107713.77,33498.54,1074795.00,33498.54,0.00
NLONG3,2026-03-10,-10011.47,-24209.45,110.50,111.51,-10011.47,-0.90,1107713.77,24209.45,1074795.00,24209.45,-0.91
NLONG4,2026-03-10,0.00,-21209.92,108.99,108.99,0.00,0.00,1107713.77,21209.92,1074795.00,21209.92,0.00
NLONG5,2026-03-10,-4628.25,-27901.56,112.71,113.18,-4628.25,-0.42,1107713.77,27901.56,1074795.00,27901.56,-0.42
NLONG6,2026-03-10,0.00,-22715.93,109.75,109.75,0.00,0.00,1107713.77,22715.93,1074795.00,22715.93,0.00
NLONG7,2026-03-10,-11783.80,-24209.45,113.98,115.21,-11783.80,-1.06,1107713.77,24209.45,1074795.00,24209.45,-1.07
NLONG8,2026-03-10,0.00,-21443.32,109.58,109.58,0.00,0.00,1107713.77,21443.32,1074795.00,21443.32,0.00
NLONG9,2026-03-10,-4628.25,-27901.56,114.39,114.87,-4628.25,-0.42,1107713.77,27901.56,1074795.00,27901.56,-0.42
SLONG1,2026-03-10,-5185.86,-32674.95,109.69,110.21,-5185.86,-0.47,1107713.77,32674.95,1074795.00,32674.95,-0.47
SLONG10,2026-03-10,-2678.86,-31065.24,107.30,107.56,-2678.86,-0.24,1107713.77,31065.24,1074795.00,31065.24,-0.24
SLONG11,2026-03-10,-2137.19,-28279.55,111.87,112.09,-2137.19,-0.19,1107713.77,28279.55,1074795.00,28279.55,-0.20
SLONG12,2026-03-10,-1111.60,-28767.79,109.35,109.46,-1111.60,-0.10,1107713.77,28767.79,1074795.00,28767.79,-0.10
SLONG13,2026-03-10,381.98,-31013.19,107.72,107.68,381.98,0.03,1107713.77,31013.19,1074795.00,31013.19,0.00
SLONG14,2026-03-10,-2220.81,-34773.62,107.82,108.04,-2220.81,-0.20,1107713.77,34773.62,1074795.00,34773.62,-0.20
SLONG15,2026-03-10,1854.47,-27683.17,111.80,111.61,1854.47,0.17,1107713.77,27683.17,1074795.00,27683.17,0.00
SLONG16,2026-03-10,-753.31,-32946.60,108.24,108.31,-753.31,-0.07,1107713.77,32946.60,1074795.00,32946.60,-0.06
SLONG17,2026-03-10,381.98,-31013.19,109.22,109.18,381.98,0.03,1107713.77,31013.19,1074795.00,31013.19,0.00
SLONG18,2026-03-10,-2220.81,-34773.62,108.74,108.96,-2220.81,-0.20,1107713.77,34773.62,1074795.00,34773.62,-0.20
SLONG19,2026-03-10,1854.47,-27683.17,114.79,114.60,1854.47,0.17,1107713.77,27683.17,1074795.00,27683.17,0.00
SLONG2,2026-03-10,-6860.67,-22577.41,98.13,98.74,-6860.67,-0.62,1107713.77,22577.41,1074795.00,22577.41,-3.22
SLONG20,2026-03-10,-753.31,-32946.60,111.11,111.19,-753.31,-0.07,1107713.77,32946.60,1074795.00,32946.60,-0.07
SLONG21,2026-03-10,381.98,-29764.12,109.48,109.44,381.98,0.03,1107713.77,29764.12,1074795.00,29764.12,0.00
SLONG22,2026-03-10,-2220.81,-34010.59,107.96,108.18,-2220.81,-0.20,1107713.77,34010.59,1074795.00,34010.59,-0.20
SLONG23,2026-03-10,1854.47,-27683.17,116.22,116.03,1854.47,0.17,1107713.77,27683.17,1074795.00,27683.17,0.00
SLONG24,2026-03-10,-753.31,-32946.60,112.46,112.54,-753.31,-0.07,1107713.77,32946.60,1074795.00,32946.60,-0.07
SLONG3,2026-03-10,-4521.42,-28936.97,110.11,110.56,-4521.42,-0.41,1107713.77,28936.97,1074795.00,28936.97,-0.41
SLONG4,2026-03-10,-7281.67,-20145.81,108.03,108.74,-7281.67,-0.66,1107713.77,20145.81,1074795.00,20145.81,-0.65
SLONG5,2026-03-10,-3700.08,-32674.95,111.11,111.48,-3700.08,-0.33,1107713.77,32674.95,1074795.00,32674.95,-0.33
SLONG6,2026-03-10,-6860.67,-22477.05,106.24,106.90,-6860.67,-0.62,1107713.77,22477.05,1074795.00,22477.05,-0.62
SLONG7,2026-03-10,-2137.19,-28936.97,112.66,112.88,-2137.19,-0.19,1107713.77,28936.97,1074795.00,28936.97,-0.19
SLONG8,2026-03-10,-1111.60,-28767.79,112.24,112.35,-1111.60,-0.10,1107713.77,28767.79,1074795.00,28767.79,-0.10
SLONG9,2026-03-10,-3570.77,-32674.95,112.82,113.18,-3570.77,-0.32,1107713.77,32674.95,1074795.00,32674.95,-0.32
Large Cap Stock Holdings,2026-03-10,26056845.00,0.00,94.56,94.68,-33370.00,-0.13,26090215.00,26090215.00,26043237.50,46977.50,-6.69
Liquidcase Stock Holdings,2026-03-10,9682458.40,0.00,100.66,100.65,856.40,0.01,9681602.00,9681602.00,9680745.60,856.40,0.00
Small Cap Stock Holdings,2026-03-10,12352775.00,0.00,102.37,100.31,247775.00,2.05,12105000.00,12105000.00,12205175.00,-100175.00,-9.00
Debt Stock Holdings,2026-03-10,9682458.40,0.00,100.66,100.65,856.40,0.01,9681602.00,9681602.00,9680745.60,856.40,0.00
Equity Stock Holdings,2026-03-10,38409620.00,0.00,96.90,96.36,214405.00,0.56,38195215.00,38195215.00,38248412.50,-53197.50,-6.95
Stock Holdings,2026-03-10,48092078.40,0.00,97.29,96.85,215261.40,0.45,47876817.00,47876817.00,47929158.10,-52341.10,-6.07
Miscellaneous P&L,2026-03-10,0.00,0.00,100.00,100.00,0.00,0.00,0.00,0.00,0.00,0.00,0.00
Total Tax,2026-03-10,-3637.27,5172.24,100.00,100.00,-3637.27,0.00,0.00,-5172.24,0.00,0.00,0.00
Equity Holdings Tax,2026-03-10,0.00,0.00,100.00,100.00,0.00,0.00,0.00,0.00,0.00,0.00,0.00
Equity Intraday Tax,2026-03-10,0.00,0.00,100.00,100.00,0.00,0.00,0.00,0.00,0.00,0.00,0.00
F&O Tax,2026-03-10,-3637.27,5172.24,100.00,100.00,-3637.27,0.00,0.00,-5172.24,0.00,0.00,0.00
MCX Tax,2026-03-10,0.00,0.00,100.00,100.00,0.00,0.00,0.00,0.00,0.00,0.00,0.00
Total Other Debits and Credits,2026-03-10,0.00,0.00,100.00,100.00,0.00,0.00,0.00,0.00,0.00,0.00,0.00
Equity Other Debits and Credits,2026-03-10,0.00,0.00,100.00,100.00,0.00,0.00,0.00,0.00,0.00,0.00,0.00
NPSAR,2026-03-10,3412075.94,-37758.57,100.07,99.73,88934.61,0.33,26585130.63,3360899.92,25795080.09,136514.91,-0.38
SPSAR,2026-03-10,3415937.84,-27901.58,100.75,100.40,92796.51,0.35,26585130.63,3351042.93,25795080.09,126657.92,0.00
NLONG,2026-03-10,-77410.51,-672631.77,110.49,110.81,-77410.51,-0.29,26585130.48,672631.77,25795080.00,672631.77,-0.29
SLONG,2026-03-10,-49370.59,-715217.07,109.80,110.00,-49370.59,-0.19,26585130.48,715217.07,25795080.00,715217.07,-0.19
PSAR,2026-03-10,6828013.78,-65660.15,100.41,100.07,181731.12,0.34,53170261.26,6711942.85,51590160.18,263172.83,-0.14
LONG,2026-03-10,-126781.10,-1387848.84,110.15,110.42,-126781.10,-0.24,53170260.96,1387848.84,51590160.00,1387848.84,-0.24
Total Portfolio Value,2026-03-10,6697595.41,-1448336.75,110.38,110.27,51312.75,0.10,53170261.00,8094619.45,51590160.00,1645849.43,0.00
Zerodha Total Portfolio,2026-03-10,53460282.54,0.00,107.81,107.27,266574.15,0.50,53193708.39,53193708.39,51600200.06,1593508.33,0.00
NPSAR1,2026-03-11,197552.77,859.57,102.08,101.28,11693.50,0.79,1486874.15,184999.70,1476951.71,380.74,-0.05
NPSAR10,2026-03-11,415334.52,-15625.32,104.69,104.78,-2848.83,-0.09,3345466.81,433808.67,3323141.31,18416.01,-0.09
NPSAR11,2026-03-11,424722.01,-24273.72,99.52,99.33,6538.66,0.20,3345466.81,442457.07,3323141.31,27064.41,-0.74
NPSAR12,2026-03-11,428487.40,-19074.51,99.15,98.85,10304.05,0.31,3345466.81,437257.86,3323141.31,21865.20,-1.56
NPSAR13,2026-03-11,430741.40,-6171.41,100.31,99.93,12558.05,0.38,3345466.81,424354.76,3323141.31,8962.10,-0.43
NPSAR2,2026-03-11,197552.77,243.79,99.80,99.02,11693.50,0.79,1486874.15,185615.48,1476951.71,996.52,-0.98
NPSAR3,2026-03-11,197552.77,357.01,102.89,102.09,11693.50,0.79,1486874.15,185502.26,1476951.71,883.30,0.00
NPSAR4,2026-03-11,197552.77,538.83,100.67,99.88,11693.50,0.79,1486874.15,185320.44,1476951.71,701.48,-0.40
NPSAR5,2026-03-11,197552.77,451.05,97.69,96.93,11693.50,0.79,1486874.15,185408.22,1476951.71,789.26,-3.42
NPSAR6,2026-03-11,197552.77,713.66,99.45,98.67,11693.50,0.79,1486874.15,185145.61,1476951.71,526.65,-1.96
NPSAR7,2026-03-11,197552.77,-1008.84,99.46,98.68,11693.50,0.79,1486874.15,186868.11,1476951.71,2249.15,-1.39
NPSAR8,2026-03-11,174467.02,-999.08,96.79,97.54,-11392.25,-0.77,1486874.15,186858.35,1476951.71,2239.39,-3.93
NPSAR9,2026-03-11,177066.24,-2620.09,100.06,100.66,-8793.03,-0.59,1486874.15,188479.36,1476951.71,3860.40,-0.66
SPSAR1,2026-03-11,186811.27,-1408.69,103.55,103.48,952.00,0.06,1486874.15,187267.96,1476951.71,2649.00,0.00
SPSAR10,2026-03-11,424572.68,-8900.40,103.39,103.19,6389.33,0.19,3345466.81,427083.75,3323141.31,11691.09,-0.73
SPSAR11,2026-03-11,432391.86,-22985.31,102.43,102.00,14208.51,0.42,3345466.81,441168.66,3323141.31,25776.00,0.00
SPSAR12,2026-03-11,435425.99,-20713.31,102.09,101.57,17242.64,0.52,3345466.81,438896.66,3323141.31,23504.00,0.00
SPSAR13,2026-03-11,431914.83,-7109.42,99.64,99.23,13731.48,0.41,3345466.81,425292.77,3323141.31,9900.11,-1.40
SPSAR2,2026-03-11,186811.27,-1408.69,100.04,99.98,952.00,0.06,1486874.15,187267.96,1476951.71,2649.00,-0.95
SPSAR3,2026-03-11,186670.27,-1351.69,102.54,102.48,811.00,0.05,1486874.15,187210.96,1476951.71,2592.00,0.00
SPSAR4,2026-03-11,186576.27,-1134.69,100.95,100.90,717.00,0.05,1486874.15,186993.96,1476951.71,2375.00,-0.36
SPSAR5,2026-03-11,186670.27,-1351.69,96.66,96.61,811.00,0.05,1486874.15,187210.96,1476951.71,2592.00,-4.64
SPSAR6,2026-03-11,207553.27,2352.31,97.88,96.47,21694.00,1.46,1486874.15,183506.96,1476951.71,-1112.00,-3.69
SPSAR7,2026-03-11,191254.27,-2081.69,98.70,98.34,5395.00,0.36,1486874.15,187940.96,1476951.71,3322.00,-1.80
SPSAR8,2026-03-11,190048.27,-2145.69,100.66,100.38,4189.00,0.28,1486874.15,188004.96,1476951.71,3386.00,0.00
SPSAR9,2026-03-11,170337.85,-2232.00,100.39,101.45,-15521.42,-1.04,1486874.15,188091.27,1476951.71,3472.31,-1.15
NLONG1,2026-03-11,10767.64,6061.65,111.01,109.95,10767.64,0.97,1115155.60,-6061.65,1107713.77,-6061.65,0.00
NLONG10,2026-03-11,5006.29,1806.17,114.21,113.70,5006.29,0.45,1115155.60,-1806.17,1107713.77,-1806.17,0.00
NLONG11,2026-03-11,2921.82,11783.80,116.78,116.47,2921.82,0.26,1115155.60,-11783.80,1107713.77,-11783.80,-0.80
NLONG12,2026-03-11,2921.82,619.50,113.58,113.28,2921.82,0.26,1115155.60,-619.50,1107713.77,-619.50,0.00
NLONG13,2026-03-11,-3616.16,-736.34,108.71,109.06,-3616.16,-0.32,1115155.60,736.34,1107713.77,736.34,-0.32
NLONG14,2026-03-11,-2695.94,1481.38,109.44,109.71,-2695.94,-0.24,1115155.60,-1481.38,1107713.77,-1481.38,-0.38
NLONG15,2026-03-11,69.15,8519.97,105.71,105.70,69.15,0.01,1115155.60,-8519.97,1107713.77,-8519.97,-0.76
NLONG16,2026-03-11,69.15,4266.12,108.20,108.19,69.15,0.01,1115155.60,-4266.12,1107713.77,-4266.12,-0.38
NLONG17,2026-03-11,-3616.16,-736.34,110.15,110.51,-3616.16,-0.32,1115155.60,736.34,1107713.77,736.34,-0.33
NLONG18,2026-03-11,-2695.94,1481.38,109.95,110.22,-2695.94,-0.24,1115155.60,-1481.38,1107713.77,-1481.38,-0.38
NLONG19,2026-03-11,69.15,8519.97,106.70,106.69,69.15,0.01,1115155.60,-8519.97,1107713.77,-8519.97,-0.76
NLONG2,2026-03-11,8364.73,0.00,104.56,103.78,8364.73,0.75,1115155.60,0.00,1107713.77,0.00,0.00
NLONG20,2026-03-11,69.15,4266.12,109.18,109.17,69.15,0.01,1115155.60,-4266.12,1107713.77,-4266.12,-0.37
NLONG21,2026-03-11,-3616.16,-736.34,110.55,110.91,-3616.16,-0.32,1115155.60,736.34,1107713.77,736.34,-0.32
NLONG22,2026-03-11,-2695.94,1481.38,110.82,111.09,-2695.94,-0.24,1115155.60,-1481.38,1107713.77,-1481.38,-0.38
NLONG23,2026-03-11,483.15,-882.54,110.40,110.35,483.15,0.04,1115155.60,882.54,1107713.77,882.54,0.00
NLONG24,2026-03-11,483.15,-837.14,113.01,112.96,483.15,0.04,1115155.60,837.14,1107713.77,837.14,0.00
NLONG3,2026-03-11,11182.16,10011.47,111.61,110.50,11182.16,1.00,1115155.60,-10011.47,1107713.77,-10011.47,0.00
NLONG4,2026-03-11,8364.73,0.00,109.81,108.99,8364.73,0.75,1115155.60,0.00,1107713.77,0.00,0.00
NLONG5,2026-03-11,9910.32,4628.25,113.71,112.71,9910.32,0.89,1115155.60,-4628.25,1107713.77,-4628.25,0.00
NLONG6,2026-03-11,8364.73,0.00,110.57,109.75,8364.73,0.75,1115155.60,0.00,1107713.77,0.00,0.00
NLONG7,2026-03-11,8384.29,11783.80,114.84,113.98,8384.29,0.75,1115155.60,-11783.80,1107713.77,-11783.80,-0.32
NLONG8,2026-03-11,8384.29,0.00,110.40,109.58,8384.29,0.75,1115155.60,0.00,1107713.77,0.00,0.00
NLONG9,2026-03-11,4591.77,4628.25,114.86,114.39,4591.77,0.41,1115155.60,-4628.25,1107713.77,-4628.25,-0.01
SLONG1,2026-03-11,10772.18,5185.86,110.75,109.69,10772.18,0.97,1115155.60,-5185.86,1107713.77,-5185.86,0.00
SLONG10,2026-03-11,4758.48,2678.86,107.76,107.30,4758.48,0.43,1115155.60,-2678.86,1107713.77,-2678.86,0.00
SLONG11,2026-03-11,1836.26,2137.19,112.05,111.87,1836.26,0.16,1115155.60,-2137.19,1107713.77,-2137.19,-0.04
SLONG12,2026-03-11,1927.83,1111.60,109.54,109.35,1927.83,0.17,1115155.60,-1111.60,1107713.77,-1111.60,0.00
SLONG13,2026-03-11,168.96,-381.98,107.74,107.72,168.96,0.02,1115155.60,381.98,1107713.77,381.98,0.00
SLONG14,2026-03-11,168.96,2220.81,107.84,107.82,168.96,0.02,1115155.60,-2220.81,1107713.77,-2220.81,-0.19
SLONG15,2026-03-11,168.96,-1854.47,111.82,111.80,168.96,0.02,1115155.60,1854.47,1107713.77,1854.47,0.00
SLONG16,2026-03-11,168.96,753.31,108.26,108.24,168.96,0.02,1115155.60,-753.31,1107713.77,-753.31,-0.05
SLONG17,2026-03-11,168.96,-381.98,109.24,109.22,168.96,0.02,1115155.60,381.98,1107713.77,381.98,0.00
SLONG18,2026-03-11,168.96,2220.81,108.76,108.74,168.96,0.02,1115155.60,-2220.81,1107713.77,-2220.81,-0.18
SLONG19,2026-03-11,168.96,-1854.47,114.81,114.79,168.96,0.02,1115155.60,1854.47,1107713.77,1854.47,0.00
SLONG2,2026-03-11,10280.19,6860.67,99.03,98.13,10280.19,0.92,1115155.60,-6860.67,1107713.77,-6860.67,-2.33
SLONG20,2026-03-11,168.96,753.31,111.13,111.11,168.96,0.02,1115155.60,-753.31,1107713.77,-753.31,-0.05
SLONG21,2026-03-11,168.96,-381.98,109.50,109.48,168.96,0.02,1115155.60,381.98,1107713.77,381.98,0.00
SLONG22,2026-03-11,168.96,2220.81,107.98,107.96,168.96,0.02,1115155.60,-2220.81,1107713.77,-2220.81,-0.18
SLONG23,2026-03-11,-242.44,-1854.47,116.19,116.22,-242.44,-0.02,1115155.60,1854.47,1107713.77,1854.47,-0.03
SLONG24,2026-03-11,-242.44,753.31,112.44,112.46,-242.44,-0.02,1115155.60,-753.31,1107713.77,-753.31,-0.09
SLONG3,2026-03-11,11733.43,4521.42,111.27,110.11,11733.43,1.05,1115155.60,-4521.42,1107713.77,-4521.42,0.00
SLONG4,2026-03-11,10280.19,7281.67,109.03,108.03,10280.19,0.92,1115155.60,-7281.67,1107713.77,-7281.67,0.00
SLONG5,2026-03-11,9348.34,3700.08,112.04,111.11,9348.34,0.84,1115155.60,-3700.08,1107713.77,-3700.08,0.00
SLONG6,2026-03-11,10136.76,6860.67,107.21,106.24,10136.76,0.91,1115155.60,-6860.67,1107713.77,-6860.67,0.00
SLONG7,2026-03-11,8509.31,2137.19,113.52,112.66,8509.31,0.76,1115155.60,-2137.19,1107713.77,-2137.19,0.00
SLONG8,2026-03-11,8600.88,1111.60,113.11,112.24,8600.88,0.77,1115155.60,-1111.60,1107713.77,-1111.60,0.00
SLONG9,2026-03-11,3463.54,3570.77,113.17,112.82,3463.54,0.31,1115155.60,-3570.77,1107713.77,-3570.77,-0.01
Large Cap Stock Holdings,2026-03-11,25941542.50,0.00,94.14,94.56,-115302.50,-0.44,26056845.00,26056845.00,26090215.00,-33370.00,-7.10
Liquidcase Stock Holdings,2026-03-11,9684171.20,0.00,100.68,100.66,1712.80,0.02,9682458.40,9682458.40,9681602.00,856.40,0.00
Small Cap Stock Holdings,2026-03-11,12513750.00,0.00,103.70,102.37,160975.00,1.30,12352775.00,12352775.00,12105000.00,247775.00,-7.82
Debt Stock Holdings,2026-03-11,9684171.20,0.00,100.68,100.66,1712.80,0.02,9682458.40,9682458.40,9681602.00,856.40,0.00
Equity Stock Holdings,2026-03-11,38455292.50,0.00,97.02,96.90,45672.50,0.12,38409620.00,38409620.00,38195215.00,214405.00,-6.84
Stock Holdings,2026-03-11,48139463.70,0.00,97.39,97.29,47385.30,0.10,48092078.40,48092078.40,47876817.00,215261.40,-5.98
Miscellaneous P&L,2026-03-11,0.00,0.00,100.00,100.00,0.00,0.00,0.00,0.00,0.00,0.00,0.00
Total Tax,2026-03-11,-2205.68,3637.27,100.00,100.00,-2205.68,0.00,0.00,-3637.27,0.00,0.00,0.00
Equity Holdings Tax,2026-03-11,0.00,0.00,100.00,100.00,0.00,0.00,0.00,0.00,0.00,0.00,0.00
Equity Intraday Tax,2026-03-11,0.00,0.00,100.00,100.00,0.00,0.00,0.00,0.00,0.00,0.00,0.00
F&O Tax,2026-03-11,-2205.68,3637.27,100.00,100.00,-2205.68,0.00,0.00,-3637.27,0.00,0.00,0.00
MCX Tax,2026-03-11,0.00,0.00,100.00,100.00,0.00,0.00,0.00,0.00,0.00,0.00,0.00
Total Other Debits and Credits,2026-03-11,0.00,0.00,100.00,100.00,0.00,0.00,0.00,0.00,0.00,0.00,0.00
Equity Other Debits and Credits,2026-03-11,0.00,0.00,100.00,100.00,0.00,0.00,0.00,0.00,0.00,0.00,0.00
NPSAR,2026-03-11,3433687.97,-66609.07,100.40,100.07,88221.15,0.33,26763734.59,3412075.94,26585130.63,88934.61,-0.06
SPSAR,2026-03-11,3417038.36,-70470.97,101.02,100.75,71571.54,0.27,26763734.59,3415937.84,26585130.63,92796.51,0.00
NLONG,2026-03-11,71471.19,77410.51,110.78,110.49,71471.19,0.27,26763734.40,-77410.51,26585130.48,-77410.51,-0.02
SLONG,2026-03-11,92852.11,49370.59,110.18,109.80,92852.11,0.35,26763734.40,-49370.59,26585130.48,-49370.59,0.00
PSAR,2026-03-11,6850726.34,-137080.03,100.71,100.41,159792.69,0.30,53527469.18,6828013.78,53170261.26,181731.12,0.00
LONG,2026-03-11,164323.30,126781.10,110.49,110.15,164323.30,0.31,53527468.80,-126781.10,53170260.96,-126781.10,0.00
Total Portfolio Value,2026-03-11,7012843.96,-6661.66,111.04,110.38,321910.31,0.60,53527469.00,6697595.41,53170261.00,51312.75,0.00
Zerodha Total Portfolio,2026-03-11,53829578.15,0.00,108.55,107.81,369295.61,0.69,53460282.54,53460282.54,53193708.39,266574.15,0.00
NPSAR1,2026-03-12,192380.81,-10592.96,102.45,102.08,5421.00,0.36,1495678.46,197552.77,1486874.15,11693.50,0.00
NPSAR10,2026-03-12,435167.56,5325.04,105.14,104.69,14508.00,0.43,3365276.50,415334.52,3345466.81,-2848.83,0.00
NPSAR11,2026-03-12,412454.19,-4062.45,99.28,99.52,-8205.37,-0.24,3365276.50,424722.01,3345466.81,6538.66,-0.98
NPSAR12,2026-03-12,419113.39,-7827.84,99.10,99.15,-1546.17,-0.05,3365276.50,428487.40,3345466.81,10304.05,-1.61
NPSAR13,2026-03-12,425000.36,-10081.84,100.44,100.31,4340.80,0.13,3365276.50,430741.40,3345466.81,12558.05,-0.30
NPSAR2,2026-03-12,192380.81,-10592.96,100.16,99.80,5421.00,0.36,1495678.46,197552.77,1486874.15,11693.50,-0.63
NPSAR3,2026-03-12,192380.81,-10592.96,103.26,102.89,5421.00,0.36,1495678.46,197552.77,1486874.15,11693.50,0.00
NPSAR4,2026-03-12,192380.81,-10592.96,101.03,100.67,5421.00,0.36,1495678.46,197552.77,1486874.15,11693.50,-0.04
NPSAR5,2026-03-12,192380.81,-10592.96,98.04,97.69,5421.00,0.36,1495678.46,197552.77,1486874.15,11693.50,-3.07
NPSAR6,2026-03-12,192380.81,-10592.96,99.81,99.45,5421.00,0.36,1495678.46,197552.77,1486874.15,11693.50,-1.61
NPSAR7,2026-03-12,192380.81,-10592.96,99.82,99.46,5421.00,0.36,1495678.46,197552.77,1486874.15,11693.50,-1.03
NPSAR8,2026-03-12,196576.56,12492.79,97.41,96.79,9616.75,0.64,1495678.46,174467.02,1486874.15,-11392.25,-3.32
NPSAR9,2026-03-12,196063.06,9893.57,100.67,100.06,9103.25,0.61,1495678.46,177066.24,1486874.15,-8793.03,-0.05
SPSAR1,2026-03-12,186684.52,148.54,103.53,103.55,-275.29,-0.02,1495678.46,186811.27,1486874.15,952.00,-0.02
SPSAR10,2026-03-12,424960.07,-3913.12,103.52,103.39,4300.51,0.13,3365276.50,424572.68,3345466.81,6389.33,-0.60
SPSAR11,2026-03-12,409474.64,-11732.30,102.09,102.43,-11184.92,-0.33,3365276.50,432391.86,3345466.81,14208.51,-0.33
SPSAR12,2026-03-12,410651.69,-14766.43,101.79,102.09,-10007.87,-0.30,3365276.50,435425.99,3345466.81,17242.64,-0.29
SPSAR13,2026-03-12,421610.95,-11255.27,99.67,99.64,951.39,0.03,3365276.50,431914.83,3345466.81,13731.48,-1.37
SPSAR2,2026-03-12,186938.00,148.54,100.04,100.04,-21.81,0.00,1495678.46,186811.27,1486874.15,952.00,-0.95
SPSAR3,2026-03-12,187036.02,289.54,102.55,102.54,76.21,0.01,1495678.46,186670.27,1486874.15,811.00,0.00
SPSAR4,2026-03-12,187013.27,383.54,100.95,100.95,53.46,0.00,1495678.46,186576.27,1486874.15,717.00,-0.36
SPSAR5,2026-03-12,187062.55,289.54,96.67,96.66,102.74,0.01,1495678.46,186670.27,1486874.15,811.00,-4.63
SPSAR6,2026-03-12,194008.63,-20593.46,98.34,97.88,7048.82,0.47,1495678.46,207553.27,1486874.15,21694.00,-3.24
SPSAR7,2026-03-12,187389.80,-4294.46,98.73,98.70,429.99,0.03,1495678.46,191254.27,1486874.15,5395.00,-1.77
SPSAR8,2026-03-12,187199.37,-3088.46,100.68,100.66,239.56,0.02,1495678.46,190048.27,1486874.15,4189.00,0.00
SPSAR9,2026-03-12,194643.67,16621.96,100.91,100.39,7683.86,0.51,1495678.46,170337.85,1486874.15,-15521.42,-0.64
NLONG1,2026-03-12,6733.54,-10767.64,111.68,111.01,6733.54,0.60,1121758.83,10767.64,1115155.60,10767.64,0.00
NLONG10,2026-03-12,8165.59,-5006.29,115.04,114.21,8165.59,0.73,1121758.83,5006.29,1115155.60,5006.29,0.00
NLONG11,2026-03-12,4550.10,-2921.82,117.25,116.78,4550.10,0.41,1121758.83,2921.82,1115155.60,2921.82,-0.40
NLONG12,2026-03-12,7416.56,-2921.82,114.33,113.58,7416.56,0.66,1121758.83,2921.82,1115155.60,2921.82,0.00
NLONG13,2026-03-12,9885.85,3616.16,109.67,108.71,9885.85,0.88,1121758.83,-3616.16,1115155.60,-3616.16,0.00
NLONG14,2026-03-12,10093.43,2695.94,110.42,109.44,10093.43,0.90,1121758.83,-2695.94,1115155.60,-2695.94,0.00
NLONG15,2026-03-12,9540.94,-69.15,106.61,105.71,9540.94,0.85,1121758.83,69.15,1115155.60,69.15,0.00
NLONG16,2026-03-12,10588.44,-69.15,109.22,108.20,10588.44,0.94,1121758.83,69.15,1115155.60,69.15,0.00
NLONG17,2026-03-12,9885.85,3616.16,111.12,110.15,9885.85,0.88,1121758.83,-3616.16,1115155.60,-3616.16,0.00
NLONG18,2026-03-12,10093.43,2695.94,110.94,109.95,10093.43,0.90,1121758.83,-2695.94,1115155.60,-2695.94,0.00
NLONG19,2026-03-12,3196.03,-69.15,107.00,106.70,3196.03,0.28,1121758.83,69.15,1115155.60,69.15,-0.48
NLONG2,2026-03-12,7598.83,-8364.73,105.27,104.56,7598.83,0.68,1121758.83,8364.73,1115155.60,8364.73,0.00
NLONG20,2026-03-12,4243.53,-69.15,109.59,109.18,4243.53,0.38,1121758.83,69.15,1115155.60,69.15,0.00
NLONG21,2026-03-12,9819.72,3616.16,111.52,110.55,9819.72,0.88,1121758.83,-3616.16,1115155.60,-3616.16,0.00
NLONG22,2026-03-12,10027.30,2695.94,111.81,110.82,10027.30,0.89,1121758.83,-2695.94,1115155.60,-2695.94,0.00
NLONG23,2026-03-12,9474.81,-483.15,111.33,110.40,9474.81,0.84,1121758.83,483.15,1115155.60,483.15,0.00
NLONG24,2026-03-12,10522.31,-483.15,114.07,113.01,10522.31,0.94,1121758.83,483.15,1115155.60,483.15,0.00
NLONG3,2026-03-12,6190.63,-11182.16,112.23,111.61,6190.63,0.55,1121758.83,11182.16,1115155.60,11182.16,0.00
NLONG4,2026-03-12,8205.62,-8364.73,110.61,109.81,8205.62,0.73,1121758.83,8364.73,1115155.60,8364.73,0.00
NLONG5,2026-03-12,6733.54,-9910.32,114.39,113.71,6733.54,0.60,1121758.83,9910.32,1115155.60,9910.32,0.00
NLONG6,2026-03-12,7598.83,-8364.73,111.32,110.57,7598.83,0.68,1121758.83,8364.73,1115155.60,8364.73,0.00
NLONG7,2026-03-12,5526.34,-8384.29,115.41,114.84,5526.34,0.49,1121758.83,8384.29,1115155.60,8384.29,0.00
NLONG8,2026-03-12,8062.11,-8384.29,111.19,110.40,8062.11,0.72,1121758.83,8384.29,1115155.60,8384.29,0.00
NLONG9,2026-03-12,5472.65,-4591.77,115.42,114.86,5472.65,0.49,1121758.83,4591.77,1115155.60,4591.77,0.00
SLONG1,2026-03-12,15809.34,-10772.18,112.31,110.75,15809.34,1.41,1121758.83,10772.18,1115155.60,10772.18,0.00
SLONG10,2026-03-12,8959.99,-4758.48,108.62,107.76,8959.99,0.80,1121758.83,4758.48,1115155.60,4758.48,0.00
SLONG11,2026-03-12,13523.57,-1836.26,113.40,112.05,13523.57,1.21,1121758.83,1836.26,1115155.60,1836.26,0.00
SLONG12,2026-03-12,7108.27,-1927.83,110.23,109.54,7108.27,0.63,1121758.83,1927.83,1115155.60,1927.83,0.00
SLONG13,2026-03-12,12211.24,-168.96,108.91,107.74,12211.24,1.09,1121758.83,168.96,1115155.60,168.96,0.00
SLONG14,2026-03-12,11740.55,-168.96,108.97,107.84,11740.55,1.05,1121758.83,168.96,1115155.60,168.96,0.00
SLONG15,2026-03-12,12478.42,-168.96,113.06,111.82,12478.42,1.11,1121758.83,168.96,1115155.60,168.96,0.00
SLONG16,2026-03-12,5612.65,-168.96,108.80,108.26,5612.65,0.50,1121758.83,168.96,1115155.60,168.96,0.00
SLONG17,2026-03-12,12211.24,-168.96,110.43,109.24,12211.24,1.09,1121758.83,168.96,1115155.60,168.96,0.00
SLONG18,2026-03-12,11740.55,-168.96,109.90,108.76,11740.55,1.05,1121758.83,168.96,1115155.60,168.96,0.00
SLONG19,2026-03-12,23639.75,-168.96,117.23,114.81,23639.75,2.11,1121758.83,168.96,1115155.60,168.96,0.00
SLONG2,2026-03-12,9594.31,-10280.19,99.88,99.03,9594.31,0.86,1121758.83,10280.19,1115155.60,10280.19,-1.49
SLONG20,2026-03-12,13624.37,-168.96,112.48,111.13,13624.37,1.21,1121758.83,168.96,1115155.60,168.96,0.00
SLONG21,2026-03-12,12464.56,-168.96,110.72,109.50,12464.56,1.11,1121758.83,168.96,1115155.60,168.96,0.00
SLONG22,2026-03-12,11993.87,-168.96,109.13,107.98,11993.87,1.07,1121758.83,168.96,1115155.60,168.96,0.00
SLONG23,2026-03-12,22711.79,242.44,118.54,116.19,22711.79,2.02,1121758.83,-242.44,1115155.60,-242.44,0.00
SLONG24,2026-03-12,12649.24,242.44,113.71,112.44,12649.24,1.13,1121758.83,-242.44,1115155.60,-242.44,0.00
SLONG3,2026-03-12,15899.75,-11733.43,112.85,111.27,15899.75,1.42,1121758.83,11733.43,1115155.60,11733.43,0.00
SLONG4,2026-03-12,8022.62,-10280.19,109.81,109.03,8022.62,0.72,1121758.83,10280.19,1115155.60,10280.19,0.00
SLONG5,2026-03-12,15443.90,-9348.34,113.58,112.04,15443.90,1.38,1121758.83,9348.34,1115155.60,9348.34,0.00
SLONG6,2026-03-12,10077.55,-10136.76,108.17,107.21,10077.55,0.90,1121758.83,10136.76,1115155.60,10136.76,0.00
SLONG7,2026-03-12,15483.97,-8509.31,115.09,113.52,15483.97,1.38,1121758.83,8509.31,1115155.60,8509.31,0.00
SLONG8,2026-03-12,10034.11,-8600.88,114.12,113.11,10034.11,0.89,1121758.83,8600.88,1115155.60,8600.88,0.00
SLONG9,2026-03-12,14037.33,-3463.54,114.59,113.17,14037.33,1.25,1121758.83,3463.54,1115155.60,3463.54,0.00
Large Cap Stock Holdings,2026-03-12,25904000.00,0.00,94.01,94.14,-37542.50,-0.14,25941542.50,25941542.50,26056845.00,-115302.50,-7.23
Liquidcase Stock Holdings,2026-03-12,9685027.60,0.00,100.69,100.68,856.40,0.01,9684171.20,9684171.20,9682458.40,1712.80,0.00
Small Cap Stock Holdings,2026-03-12,12532475.00,0.00,103.86,103.70,18725.00,0.15,12513750.00,12513750.00,12352775.00,160975.00,-7.68
Debt Stock Holdings,2026-03-12,9685027.60,0.00,100.69,100.68,856.40,0.01,9684171.20,9684171.20,9682458.40,1712.80,0.00
Equity Stock Holdings,2026-03-12,38436475.00,0.00,96.97,97.02,-18817.50,-0.05,38455292.50,38455292.50,38409620.00,45672.50,-6.88
Stock Holdings,2026-03-12,48121502.60,0.00,97.35,97.39,-17961.10,-0.04,48139463.70,48139463.70,48092078.40,47385.30,-6.01
Miscellaneous P&L,2026-03-12,0.00,0.00,100.00,100.00,0.00,0.00,0.00,0.00,0.00,0.00,0.00
Total Tax,2026-03-12,-5805.14,2205.68,100.00,100.00,-5805.14,0.00,0.00,-2205.68,0.00,0.00,0.00
Equity Holdings Tax,2026-03-12,0.00,0.00,100.00,100.00,0.00,0.00,0.00,0.00,0.00,0.00,0.00
Equity Intraday Tax,2026-03-12,0.00,0.00,100.00,100.00,0.00,0.00,0.00,0.00,0.00,0.00,0.00
F&O Tax,2026-03-12,-5805.14,2205.68,100.00,100.00,-5805.14,0.00,0.00,-2205.68,0.00,0.00,0.00
MCX Tax,2026-03-12,0.00,0.00,100.00,100.00,0.00,0.00,0.00,0.00,0.00,0.00,0.00
Total Other Debits and Credits,2026-03-12,0.00,0.00,100.00,100.00,0.00,0.00,0.00,0.00,0.00,0.00,0.00
Equity Other Debits and Credits,2026-03-12,0.00,0.00,100.00,100.00,0.00,0.00,0.00,0.00,0.00,0.00,0.00
NPSAR,2026-03-12,3431040.78,-68411.46,100.64,100.40,65764.26,0.24,26922212.14,3433687.97,26763734.59,88221.15,0.00
SPSAR,2026-03-12,3364673.17,-51761.85,101.02,101.02,-603.35,0.00,26922212.14,3417038.36,26763734.59,71571.54,0.00
NLONG,2026-03-12,189625.98,-71471.19,111.56,110.78,189625.98,0.70,26922211.92,71471.19,26763734.40,71471.19,0.00
SLONG,2026-03-12,307072.94,-92852.11,111.44,110.18,307072.94,1.14,26922211.92,92852.11,26763734.40,92852.11,0.00
PSAR,2026-03-12,6795713.95,-120173.32,100.83,100.71,65160.91,0.12,53844424.28,6850726.34,53527469.18,159792.69,0.00
LONG,2026-03-12,496698.92,-164323.30,111.51,110.49,496698.92,0.92,53844423.84,164323.30,53527468.80,164323.30,0.00
Total Portfolio Value,2026-03-12,7286607.72,-282290.93,112.18,111.04,556054.69,1.03,53844424.00,7012843.96,53527469.00,321910.31,0.00
Zerodha Total Portfolio,2026-03-12,54367671.74,0.00,109.63,108.55,538093.59,1.00,53829578.15,53829578.15,53460282.54,369295.61,0.00
NPSAR1,2026-03-13,191210.21,-3634.10,102.62,102.45,2463.50,0.16,1509973.71,192380.81,1495678.46,5421.00,0.00
NPSAR10,2026-03-13,432694.60,-10487.46,105.39,105.14,8014.50,0.24,3397440.81,435167.56,3365276.50,14508.00,0.00
NPSAR11,2026-03-13,450043.10,12225.91,100.02,99.28,25363.00,0.75,3397440.81,412454.19,3365276.50,-8205.37,-0.24
NPSAR12,2026-03-13,450043.10,5566.71,99.84,99.10,25363.00,0.75,3397440.81,419113.39,3365276.50,-1546.17,-0.87
NPSAR13,2026-03-13,450043.10,-320.26,101.19,100.44,25363.00,0.75,3397440.81,425000.36,3365276.50,4340.80,0.00
NPSAR2,2026-03-13,191210.21,-3634.10,100.32,100.16,2463.50,0.16,1509973.71,192380.81,1495678.46,5421.00,-0.47
NPSAR3,2026-03-13,191210.21,-3634.10,103.43,103.26,2463.50,0.16,1509973.71,192380.81,1495678.46,5421.00,0.00
NPSAR4,2026-03-13,191210.21,-3634.10,101.19,101.03,2463.50,0.16,1509973.71,192380.81,1495678.46,5421.00,0.00
NPSAR5,2026-03-13,191210.21,-3634.10,98.20,98.04,2463.50,0.16,1509973.71,192380.81,1495678.46,5421.00,-2.92
NPSAR6,2026-03-13,191210.21,-3634.10,99.97,99.81,2463.50,0.16,1509973.71,192380.81,1495678.46,5421.00,-1.45
NPSAR7,2026-03-13,191210.21,-3634.10,99.98,99.82,2463.50,0.16,1509973.71,192380.81,1495678.46,5421.00,-0.87
NPSAR8,2026-03-13,195899.96,-7829.85,97.87,97.41,7153.25,0.47,1509973.71,196576.56,1495678.46,9616.75,-2.86
NPSAR9,2026-03-13,194928.21,-7316.35,101.08,100.67,6181.50,0.41,1509973.71,196063.06,1495678.46,9103.25,0.00
SPSAR1,2026-03-13,200690.71,2062.19,104.35,103.53,11944.00,0.79,1509973.71,186684.52,1495678.46,-275.29,0.00
SPSAR10,2026-03-13,448568.10,-279.97,104.25,103.52,23888.00,0.70,3397440.81,424960.07,3365276.50,4300.51,0.00
SPSAR11,2026-03-13,449042.10,15205.46,102.82,102.09,24362.00,0.72,3397440.81,409474.64,3365276.50,-11184.92,0.00
SPSAR12,2026-03-13,448568.10,14028.41,102.51,101.79,23888.00,0.70,3397440.81,410651.69,3365276.50,-10007.87,0.00
SPSAR13,2026-03-13,448568.10,3069.15,100.37,99.67,23888.00,0.70,3397440.81,421610.95,3365276.50,951.39,-0.67
SPSAR2,2026-03-13,200690.71,1808.71,100.83,100.04,11944.00,0.79,1509973.71,186938.00,1495678.46,-21.81,-0.17
SPSAR3,2026-03-13,200690.71,1710.69,103.36,102.55,11944.00,0.79,1509973.71,187036.02,1495678.46,76.21,0.00
SPSAR4,2026-03-13,200690.71,1733.44,101.75,100.95,11944.00,0.79,1509973.71,187013.27,1495678.46,53.46,0.00
SPSAR5,2026-03-13,200690.71,1684.16,97.43,96.67,11944.00,0.79,1509973.71,187062.55,1495678.46,102.74,-3.88
SPSAR6,2026-03-13,200332.71,-5261.92,99.09,98.34,11586.00,0.77,1509973.71,194008.63,1495678.46,7048.82,-2.50
SPSAR7,2026-03-13,200690.71,1356.91,99.51,98.73,11944.00,0.79,1509973.71,187389.80,1495678.46,429.99,-0.99
SPSAR8,2026-03-13,200690.71,1547.34,101.48,100.68,11944.00,0.79,1509973.71,187199.37,1495678.46,239.56,0.00
SPSAR9,2026-03-13,200332.71,-5896.96,101.68,100.91,11586.00,0.77,1509973.71,194643.67,1495678.46,7683.86,0.00
NLONG1,2026-03-13,1502.89,-6733.54,111.83,111.68,1502.89,0.13,1132480.27,6733.54,1121758.83,6733.54,0.00
NLONG10,2026-03-13,852.87,-8165.59,115.13,115.04,852.87,0.08,1132480.27,8165.59,1121758.83,8165.59,0.00
NLONG11,2026-03-13,2172.87,-4550.10,117.47,117.25,2172.87,0.19,1132480.27,4550.10,1121758.83,4550.10,-0.21
NLONG12,2026-03-13,1547.69,-7416.56,114.49,114.33,1547.69,0.14,1132480.27,7416.56,1121758.83,7416.56,0.00
NLONG13,2026-03-13,11590.25,-9885.85,110.79,109.67,11590.25,1.02,1132480.27,9885.85,1121758.83,9885.85,0.00
NLONG14,2026-03-13,10316.63,-10093.43,111.43,110.42,10316.63,0.91,1132480.27,10093.43,1121758.83,10093.43,0.00
NLONG15,2026-03-13,10370.02,-9540.94,107.59,106.61,10370.02,0.92,1132480.27,9540.94,1121758.83,9540.94,0.00
NLONG16,2026-03-13,10000.53,-10588.44,110.18,109.22,10000.53,0.88,1132480.27,10588.44,1121758.83,10588.44,0.00
NLONG17,2026-03-13,8584.04,-9885.85,111.96,111.12,8584.04,0.76,1132480.27,9885.85,1121758.83,9885.85,0.00
NLONG18,2026-03-13,8191.86,-10093.43,111.74,110.94,8191.86,0.72,1132480.27,10093.43,1121758.83,10093.43,0.00
NLONG19,2026-03-13,-4509.48,-3196.03,106.57,107.00,-4509.48,-0.40,1132480.27,3196.03,1121758.83,3196.03,-0.88
NLONG2,2026-03-13,654.08,-7598.83,105.33,105.27,654.08,0.06,1132480.27,7598.83,1121758.83,7598.83,0.00
NLONG20,2026-03-13,-4768.78,-4243.53,109.13,109.59,-4768.78,-0.42,1132480.27,4243.53,1121758.83,4243.53,-0.42
NLONG21,2026-03-13,4884.08,-9819.72,112.00,111.52,4884.08,0.43,1132480.27,9819.72,1121758.83,9819.72,0.00
NLONG22,2026-03-13,4491.90,-10027.30,112.25,111.81,4491.90,0.40,1132480.27,10027.30,1121758.83,10027.30,0.00
NLONG23,2026-03-13,8324.69,-9474.81,112.15,111.33,8324.69,0.74,1132480.27,9474.81,1121758.83,9474.81,0.00
NLONG24,2026-03-13,7955.20,-10522.31,114.87,114.07,7955.20,0.70,1132480.27,10522.31,1121758.83,10522.31,0.00
NLONG3,2026-03-13,1749.22,-6190.63,112.40,112.23,1749.22,0.15,1132480.27,6190.63,1121758.83,6190.63,0.00
NLONG4,2026-03-13,340.38,-8205.62,110.64,110.61,340.38,0.03,1132480.27,8205.62,1121758.83,8205.62,0.00
NLONG5,2026-03-13,1467.04,-6733.54,114.54,114.39,1467.04,0.13,1132480.27,6733.54,1121758.83,6733.54,0.00
NLONG6,2026-03-13,575.87,-7598.83,111.38,111.32,575.87,0.05,1132480.27,7598.83,1121758.83,7598.83,0.00
NLONG7,2026-03-13,1814.40,-5526.34,115.59,115.41,1814.40,0.16,1132480.27,5526.34,1121758.83,5526.34,0.00
NLONG8,2026-03-13,944.81,-8062.11,111.28,111.19,944.81,0.08,1132480.27,8062.11,1121758.83,8062.11,0.00
NLONG9,2026-03-13,1926.54,-5472.65,115.62,115.42,1926.54,0.17,1132480.27,5472.65,1121758.83,5472.65,0.00
SLONG1,2026-03-13,6656.60,-15809.34,112.97,112.31,6656.60,0.59,1132480.27,15809.34,1121758.83,15809.34,0.00
SLONG10,2026-03-13,484.37,-8959.99,108.67,108.62,484.37,0.04,1132480.27,8959.99,1121758.83,8959.99,0.00
SLONG11,2026-03-13,7080.75,-13523.57,114.11,113.40,7080.75,0.63,1132480.27,13523.57,1121758.83,13523.57,0.00
SLONG12,2026-03-13,6938.36,-7108.27,110.91,110.23,6938.36,0.61,1132480.27,7108.27,1121758.83,7108.27,0.00
SLONG13,2026-03-13,12445.85,-12211.24,110.11,108.91,12445.85,1.10,1132480.27,12211.24,1121758.83,12211.24,0.00
SLONG14,2026-03-13,12015.03,-11740.55,110.13,108.97,12015.03,1.06,1132480.27,11740.55,1121758.83,11740.55,0.00
SLONG15,2026-03-13,4621.72,-12478.42,113.52,113.06,4621.72,0.41,1132480.27,12478.42,1121758.83,12478.42,0.00
SLONG16,2026-03-13,4621.72,-5612.65,109.24,108.80,4621.72,0.41,1132480.27,5612.65,1121758.83,5612.65,0.00
SLONG17,2026-03-13,10077.10,-12211.24,111.41,110.43,10077.10,0.89,1132480.27,12211.24,1121758.83,12211.24,0.00
SLONG18,2026-03-13,9646.28,-11740.55,110.84,109.90,9646.28,0.85,1132480.27,11740.55,1121758.83,11740.55,0.00
SLONG19,2026-03-13,1204.66,-23639.75,117.35,117.23,1204.66,0.11,1132480.27,23639.75,1121758.83,23639.75,0.00
SLONG2,2026-03-13,-196.48,-9594.31,99.86,99.88,-196.48,-0.02,1132480.27,9594.31,1121758.83,9594.31,-1.51
SLONG20,2026-03-13,8101.24,-13624.37,113.28,112.48,8101.24,0.72,1132480.27,13624.37,1121758.83,13624.37,0.00
SLONG21,2026-03-13,6709.10,-12464.56,111.38,110.72,6709.10,0.59,1132480.27,12464.56,1121758.83,12464.56,0.00
SLONG22,2026-03-13,6278.28,-11993.87,109.73,109.13,6278.28,0.55,1132480.27,11993.87,1121758.83,11993.87,0.00
SLONG23,2026-03-13,2385.32,-22711.79,118.79,118.54,2385.32,0.21,1132480.27,22711.79,1121758.83,22711.79,0.00
SLONG24,2026-03-13,9281.90,-12649.24,114.64,113.71,9281.90,0.82,1132480.27,12649.24,1121758.83,12649.24,0.00
SLONG3,2026-03-13,6656.60,-15899.75,113.51,112.85,6656.60,0.59,1132480.27,15899.75,1121758.83,15899.75,0.00
SLONG4,2026-03-13,6257.51,-8022.62,110.42,109.81,6257.51,0.55,1132480.27,8022.62,1121758.83,8022.62,0.00
SLONG5,2026-03-13,6686.68,-15443.90,114.25,113.58,6686.68,0.59,1132480.27,15443.90,1121758.83,15443.90,0.00
SLONG6,2026-03-13,24.12,-10077.55,108.17,108.17,24.12,0.00,1132480.27,10077.55,1121758.83,10077.55,0.00
SLONG7,2026-03-13,7105.82,-15483.97,115.81,115.09,7105.82,0.63,1132480.27,15483.97,1121758.83,15483.97,0.00
SLONG8,2026-03-13,6756.87,-10034.11,114.80,114.12,6756.87,0.60,1132480.27,10034.11,1121758.83,10034.11,0.00
SLONG9,2026-03-13,7080.75,-14037.33,115.31,114.59,7080.75,0.63,1132480.27,14037.33,1121758.83,14037.33,0.00
Large Cap Stock Holdings,2026-03-13,25496552.50,0.00,92.53,94.01,-407447.50,-1.57,25904000.00,25904000.00,25941542.50,-37542.50,-8.69
Liquidcase Stock Holdings,2026-03-13,9689309.60,0.00,100.73,100.69,4282.00,0.04,9685027.60,9685027.60,9684171.20,856.40,0.00
Small Cap Stock Holdings,2026-03-13,12209550.00,0.00,101.18,103.86,-322925.00,-2.58,12532475.00,12532475.00,12513750.00,18725.00,-10.06
Debt Stock Holdings,2026-03-13,9689309.60,0.00,100.73,100.69,4282.00,0.04,9685027.60,9685027.60,9684171.20,856.40,0.00
Equity Stock Holdings,2026-03-13,37706102.50,0.00,95.13,96.97,-730372.50,-1.90,38436475.00,38436475.00,38455292.50,-18817.50,-8.65
Stock Holdings,2026-03-13,47395412.10,0.00,95.88,97.35,-726090.50,-1.51,48121502.60,48121502.60,48139463.70,-17961.10,-7.43
Miscellaneous P&L,2026-03-13,0.00,0.00,100.00,100.00,0.00,0.00,0.00,0.00,0.00,0.00,0.00
Total Tax,2026-03-13,-2154.59,5805.14,100.00,100.00,-2154.59,0.00,0.00,-5805.14,0.00,0.00,0.00
Equity Holdings Tax,2026-03-13,0.00,0.00,100.00,100.00,0.00,0.00,0.00,0.00,0.00,0.00,0.00
Equity Intraday Tax,2026-03-13,0.00,0.00,100.00,100.00,0.00,0.00,0.00,0.00,0.00,0.00,0.00
F&O Tax,2026-03-13,-2154.59,5805.14,100.00,100.00,-2154.59,0.00,0.00,-5805.14,0.00,0.00,0.00
MCX Tax,2026-03-13,0.00,0.00,100.00,100.00,0.00,0.00,0.00,0.00,0.00,0.00,0.00
Total Other Debits and Credits,2026-03-13,0.00,0.00,100.00,100.00,0.00,0.00,0.00,0.00,0.00,0.00,0.00
Equity Other Debits and Credits,2026-03-13,0.00,0.00,100.00,100.00,0.00,0.00,0.00,0.00,0.00,0.00,0.00
NPSAR,2026-03-13,3512123.58,-33599.96,101.07,100.64,114682.75,0.42,27179526.63,3431040.78,26922212.14,65764.26,0.00
SPSAR,2026-03-13,3600246.83,32767.65,101.77,101.02,202806.00,0.75,27179526.63,3364673.17,26922212.14,-603.35,0.00
NLONG,2026-03-13,90979.60,-189625.98,111.94,111.56,90979.60,0.33,27179526.48,189625.98,26922211.92,189625.98,0.00
SLONG,2026-03-13,148920.15,-307072.94,112.05,111.44,148920.15,0.55,27179526.48,307072.94,26922211.92,307072.94,0.00
PSAR,2026-03-13,7112370.41,-832.31,101.42,100.83,317488.75,0.58,54359053.26,6795713.94,53844424.28,65160.91,0.00
LONG,2026-03-13,239899.75,-496698.92,112.00,111.51,239899.75,0.44,54359052.96,496698.92,53844423.84,496698.92,0.00
Total Portfolio Value,2026-03-13,7350115.57,-491726.09,113.32,112.18,555233.91,1.02,54359053.00,7286607.72,53844424.00,556054.69,0.00
Zerodha Total Portfolio,2026-03-13,54196815.15,0.00,109.30,109.63,-170856.59,-0.31,54367671.74,54367671.74,53829578.15,538093.59,-0.31
NPSAR1,2026-03-16,191177.42,-676.29,102.66,102.62,643.50,0.04,1524271.35,191210.21,1509973.71,2463.50,0.00
NPSAR10,2026-03-16,434873.15,-3993.29,105.58,105.39,6171.84,0.18,3429610.50,432694.60,3397440.81,8014.50,0.00
NPSAR11,2026-03-16,445083.32,-21341.79,100.50,100.02,16382.01,0.48,3429610.50,450043.10,3397440.81,25363.00,0.00
NPSAR12,2026-03-16,444054.89,-21341.79,100.29,99.84,15353.58,0.45,3429610.50,450043.10,3397440.81,25363.00,-0.43
NPSAR13,2026-03-16,423033.13,-21341.79,101.02,101.19,-5668.18,-0.17,3429610.50,450043.10,3397440.81,25363.00,-0.17
NPSAR2,2026-03-16,191177.42,-676.29,100.36,100.32,643.50,0.04,1524271.35,191210.21,1509973.71,2463.50,-0.43
NPSAR3,2026-03-16,191177.42,-676.29,103.47,103.43,643.50,0.04,1524271.35,191210.21,1509973.71,2463.50,0.00
NPSAR4,2026-03-16,191177.42,-676.29,101.23,101.19,643.50,0.04,1524271.35,191210.21,1509973.71,2463.50,0.00
NPSAR5,2026-03-16,191177.42,-676.29,98.24,98.20,643.50,0.04,1524271.35,191210.21,1509973.71,2463.50,-2.88
NPSAR6,2026-03-16,191177.42,-676.29,100.01,99.97,643.50,0.04,1524271.35,191210.21,1509973.71,2463.50,-1.41
NPSAR7,2026-03-16,191177.42,-676.29,100.02,99.98,643.50,0.04,1524271.35,191210.21,1509973.71,2463.50,-0.83
NPSAR8,2026-03-16,191703.92,-5366.04,97.95,97.87,1170.00,0.08,1524271.35,195899.96,1509973.71,7153.25,-2.78
NPSAR9,2026-03-16,191658.42,-4394.29,101.15,101.08,1124.50,0.07,1524271.35,194928.21,1509973.71,6181.50,0.00
SPSAR1,2026-03-16,188281.92,-10156.79,104.20,104.35,-2252.00,-0.15,1524271.35,200690.71,1509973.71,11944.00,-0.14
SPSAR10,2026-03-16,430247.15,-19866.79,104.30,104.25,1545.84,0.05,3429610.50,448568.10,3397440.81,23888.00,0.00
SPSAR11,2026-03-16,445297.56,-20340.79,103.32,102.82,16596.25,0.48,3429610.50,449042.10,3397440.81,24362.00,0.00
SPSAR12,2026-03-16,443494.32,-19866.79,102.95,102.51,14793.01,0.43,3429610.50,448568.10,3397440.81,23888.00,0.00
SPSAR13,2026-03-16,420961.73,-19866.79,100.14,100.37,-7739.58,-0.23,3429610.50,448568.10,3397440.81,23888.00,-0.90
SPSAR2,2026-03-16,188281.92,-10156.79,100.68,100.83,-2252.00,-0.15,1524271.35,200690.71,1509973.71,11944.00,-0.32
SPSAR3,2026-03-16,188281.92,-10156.79,103.21,103.36,-2252.00,-0.15,1524271.35,200690.71,1509973.71,11944.00,-0.15
SPSAR4,2026-03-16,188281.92,-10156.79,101.60,101.75,-2252.00,-0.15,1524271.35,200690.71,1509973.71,11944.00,-0.15
SPSAR5,2026-03-16,188281.92,-10156.79,97.29,97.43,-2252.00,-0.15,1524271.35,200690.71,1509973.71,11944.00,-4.02
SPSAR6,2026-03-16,188509.92,-9798.79,98.96,99.09,-2024.00,-0.13,1524271.35,200332.71,1509973.71,11586.00,-2.63
SPSAR7,2026-03-16,188281.92,-10156.79,99.36,99.51,-2252.00,-0.15,1524271.35,200690.71,1509973.71,11944.00,-1.14
SPSAR8,2026-03-16,188281.92,-10156.79,101.33,101.48,-2252.00,-0.15,1524271.35,200690.71,1509973.71,11944.00,-0.15
SPSAR9,2026-03-16,188509.92,-9798.79,101.54,101.68,-2024.00,-0.13,1524271.35,200332.71,1509973.71,11586.00,-0.14
NLONG1,2026-03-16,-972.78,-1502.89,111.73,111.83,-972.78,-0.09,1143203.50,1502.89,1132480.27,1502.89,-0.09
NLONG10,2026-03-16,-2775.79,-852.87,114.85,115.13,-2775.79,-0.24,1143203.50,852.87,1132480.27,852.87,-0.24
NLONG11,2026-03-16,110.47,-2172.87,117.48,117.47,110.47,0.01,1143203.50,2172.87,1132480.27,2172.87,-0.20
NLONG12,2026-03-16,-1220.38,-1547.69,114.37,114.49,-1220.38,-0.11,1143203.50,1547.69,1132480.27,1547.69,-0.10
NLONG13,2026-03-16,965.68,-11590.25,110.88,110.79,965.68,0.08,1143203.50,11590.25,1132480.27,11590.25,0.00
NLONG14,2026-03-16,-657.85,-10316.63,111.37,111.43,-657.85,-0.06,1143203.50,10316.63,1132480.27,10316.63,-0.05
NLONG15,2026-03-16,680.82,-10370.02,107.65,107.59,680.82,0.06,1143203.50,10370.02,1132480.27,10370.02,0.00
NLONG16,2026-03-16,656.53,-10000.53,110.24,110.18,656.53,0.06,1143203.50,10000.53,1132480.27,10000.53,0.00
NLONG17,2026-03-16,1040.75,-8584.04,112.06,111.96,1040.75,0.09,1143203.50,8584.04,1132480.27,8584.04,0.00
NLONG18,2026-03-16,-657.85,-8191.86,111.68,111.74,-657.85,-0.06,1143203.50,8191.86,1132480.27,8191.86,-0.05
NLONG19,2026-03-16,705.67,4509.48,106.64,106.57,705.67,0.06,1143203.50,-4509.48,1132480.27,-4509.48,-0.82
NLONG2,2026-03-16,-12942.15,-654.08,104.14,105.33,-12942.15,-1.13,1143203.50,654.08,1132480.27,654.08,-1.13
NLONG20,2026-03-16,578.55,4768.78,109.19,109.13,578.55,0.05,1143203.50,-4768.78,1132480.27,-4768.78,-0.36
NLONG21,2026-03-16,928.29,-4884.08,112.09,112.00,928.29,0.08,1143203.50,4884.08,1132480.27,4884.08,0.00
NLONG22,2026-03-16,-471.44,-4491.90,112.20,112.25,-471.44,-0.04,1143203.50,4491.90,1132480.27,4491.90,-0.04
NLONG23,2026-03-16,-3752.26,-8324.69,111.78,112.15,-3752.26,-0.33,1143203.50,8324.69,1132480.27,8324.69,-0.33
NLONG24,2026-03-16,-3508.02,-7955.20,114.52,114.87,-3508.02,-0.31,1143203.50,7955.20,1132480.27,7955.20,-0.30
NLONG3,2026-03-16,-14132.39,-1749.22,111.01,112.40,-14132.39,-1.24,1143203.50,1749.22,1132480.27,1749.22,-1.24
NLONG4,2026-03-16,-11053.47,-340.38,109.57,110.64,-11053.47,-0.97,1143203.50,340.38,1132480.27,340.38,-0.97
NLONG5,2026-03-16,-13460.73,-1467.04,113.19,114.54,-13460.73,-1.18,1143203.50,1467.04,1132480.27,1467.04,-1.18
NLONG6,2026-03-16,-12090.97,-575.87,110.20,111.38,-12090.97,-1.06,1143203.50,575.87,1132480.27,575.87,-1.06
NLONG7,2026-03-16,110.47,-1814.40,115.60,115.59,110.47,0.01,1143203.50,1814.40,1132480.27,1814.40,0.00
NLONG8,2026-03-16,-10277.37,-944.81,110.28,111.28,-10277.37,-0.90,1143203.50,944.81,1132480.27,944.81,-0.90
NLONG9,2026-03-16,782.13,-1926.54,115.70,115.62,782.13,0.07,1143203.50,1926.54,1132480.27,1926.54,0.00
SLONG1,2026-03-16,1915.84,-6656.60,113.16,112.97,1915.84,0.17,1143203.50,6656.60,1132480.27,6656.60,0.00
SLONG10,2026-03-16,296.63,-484.37,108.70,108.67,296.63,0.03,1143203.50,484.37,1132480.27,484.37,0.00
SLONG11,2026-03-16,2043.84,-7080.75,114.31,114.11,2043.84,0.18,1143203.50,7080.75,1132480.27,7080.75,0.00
SLONG12,2026-03-16,1485.19,-6938.36,111.05,110.91,1485.19,0.13,1143203.50,6938.36,1132480.27,6938.36,0.00
SLONG13,2026-03-16,3716.99,-12445.85,110.47,110.11,3716.99,0.33,1143203.50,12445.85,1132480.27,12445.85,0.00
SLONG14,2026-03-16,2534.92,-12015.03,110.37,110.13,2534.92,0.22,1143203.50,12015.03,1132480.27,12015.03,0.00
SLONG15,2026-03-16,3484.62,-4621.72,113.87,113.52,3484.62,0.30,1143203.50,4621.72,1132480.27,4621.72,0.00
SLONG16,2026-03-16,3644.37,-4621.72,109.59,109.24,3644.37,0.32,1143203.50,4621.72,1132480.27,4621.72,0.00
SLONG17,2026-03-16,3686.97,-10077.10,111.77,111.41,3686.97,0.32,1143203.50,10077.10,1132480.27,10077.10,0.00
SLONG18,2026-03-16,2572.14,-9646.28,111.09,110.84,2572.14,0.22,1143203.50,9646.28,1132480.27,9646.28,0.00
SLONG19,2026-03-16,3332.57,-1204.66,117.69,117.35,3332.57,0.29,1143203.50,1204.66,1132480.27,1204.66,0.00
SLONG2,2026-03-16,-290.87,196.48,99.83,99.86,-290.87,-0.03,1143203.50,-196.48,1132480.27,-196.48,-1.54
SLONG20,2026-03-16,3594.16,-8101.24,113.64,113.28,3594.16,0.31,1143203.50,8101.24,1132480.27,8101.24,0.00
SLONG21,2026-03-16,3441.52,-6709.10,111.72,111.38,3441.52,0.30,1143203.50,6709.10,1132480.27,6709.10,0.00
SLONG22,2026-03-16,2554.11,-6278.28,109.98,109.73,2554.11,0.22,1143203.50,6278.28,1132480.27,6278.28,0.00
SLONG23,2026-03-16,-2057.03,-2385.32,118.58,118.79,-2057.03,-0.18,1143203.50,2385.32,1132480.27,2385.32,-0.18
SLONG24,2026-03-16,-1578.45,-9281.90,114.48,114.64,-1578.45,-0.14,1143203.50,9281.90,1132480.27,9281.90,-0.14
SLONG3,2026-03-16,-14785.71,-6656.60,112.04,113.51,-14785.71,-1.29,1143203.50,6656.60,1132480.27,6656.60,-1.30
SLONG4,2026-03-16,-12998.38,-6257.51,109.16,110.42,-12998.38,-1.14,1143203.50,6257.51,1132480.27,6257.51,-1.14
SLONG5,2026-03-16,-13955.10,-6686.68,112.86,114.25,-13955.10,-1.22,1143203.50,6686.68,1132480.27,6686.68,-1.22
SLONG6,2026-03-16,-13818.46,-24.12,106.86,108.17,-13818.46,-1.21,1143203.50,24.12,1132480.27,24.12,-1.21
SLONG7,2026-03-16,2043.84,-7105.82,116.02,115.81,2043.84,0.18,1143203.50,7105.82,1132480.27,7105.82,0.00
SLONG8,2026-03-16,-12528.06,-6756.87,113.54,114.80,-12528.06,-1.10,1143203.50,6756.87,1132480.27,6756.87,-1.10
SLONG9,2026-03-16,2874.45,-7080.75,115.60,115.31,2874.45,0.25,1143203.50,7080.75,1132480.27,7080.75,0.00
Large Cap Stock Holdings,2026-03-16,25716245.00,0.00,93.33,92.53,219692.50,0.86,25496552.50,25496552.50,25904000.00,-407447.50,-7.90
Liquidcase Stock Holdings,2026-03-16,9690166.00,0.00,100.74,100.73,856.40,0.01,9689309.60,9689309.60,9685027.60,4282.00,0.00
Small Cap Stock Holdings,2026-03-16,12187825.00,0.00,101.00,101.18,-21725.00,-0.18,12209550.00,12209550.00,12532475.00,-322925.00,-10.22
Debt Stock Holdings,2026-03-16,9690166.00,0.00,100.74,100.73,856.40,0.01,9689309.60,9689309.60,9685027.60,4282.00,0.00
Equity Stock Holdings,2026-03-16,37904070.00,0.00,95.63,95.13,197967.50,0.53,37706102.50,37706102.50,38436475.00,-730372.50,-8.17
Stock Holdings,2026-03-16,47594236.00,0.00,96.28,95.88,198823.90,0.42,47395412.10,47395412.10,48121502.60,-726090.50,-7.05
Miscellaneous P&L,2026-03-16,0.00,0.00,100.00,100.00,0.00,0.00,0.00,0.00,0.00,0.00,0.00
Total Tax,2026-03-16,-3928.80,2154.59,100.00,100.00,-3928.80,0.00,0.00,-2154.59,0.00,0.00,0.00
Equity Holdings Tax,2026-03-16,0.00,0.00,100.00,100.00,0.00,0.00,0.00,0.00,0.00,0.00,0.00
Equity Intraday Tax,2026-03-16,0.00,0.00,100.00,100.00,0.00,0.00,0.00,0.00,0.00,0.00,0.00
F&O Tax,2026-03-16,-3928.80,2154.59,100.00,100.00,-3928.80,0.00,0.00,-2154.59,0.00,0.00,0.00
MCX Tax,2026-03-16,0.00,0.00,100.00,100.00,0.00,0.00,0.00,0.00,0.00,0.00,0.00
Total Other Debits and Credits,2026-03-16,0.00,0.00,100.00,100.00,0.00,0.00,0.00,0.00,0.00,0.00,0.00
Equity Other Debits and Credits,2026-03-16,0.00,0.00,100.00,100.00,0.00,0.00,0.00,0.00,0.00,0.00,0.00
NPSAR,2026-03-16,3468648.77,-82513.02,101.21,101.07,39038.25,0.14,27436884.15,3512123.58,27179526.63,114682.75,0.00
SPSAR,2026-03-16,3434994.04,-170636.27,101.79,101.77,5383.52,0.02,27436884.15,3600246.83,27179526.63,202806.00,0.00
NLONG,2026-03-16,-81414.09,-90979.60,111.61,111.94,-81414.09,-0.30,27436884.00,90979.60,27179526.48,90979.60,-0.30
SLONG,2026-03-16,-28789.90,-148920.15,111.93,112.05,-28789.90,-0.10,27436884.00,148920.15,27179526.48,148920.15,-0.10
PSAR,2026-03-16,6903642.81,-253149.29,101.50,101.42,44421.77,0.08,54873768.30,7112370.41,54359053.26,317488.75,0.00
LONG,2026-03-16,-110203.99,-239899.75,111.78,112.00,-110203.99,-0.20,54873768.00,239899.75,54359052.96,239899.75,-0.20
Total Portfolio Value,2026-03-16,6789510.02,-490894.45,113.17,113.32,-69711.02,-0.13,54873768.00,7350115.57,54359053.00,555233.91,-0.13
Zerodha Total Portfolio,2026-03-16,54325928.03,0.00,109.56,109.30,129112.88,0.24,54196815.15,54196815.15,54367671.74,-170856.59,-0.07
NPSAR1,2026-03-17,188669.69,-3448.82,102.72,102.66,941.09,0.06,1501828.79,191177.42,1524271.35,643.50,0.00
NPSAR10,2026-03-17,438398.92,-12483.81,106.08,105.58,16009.58,0.47,3379114.75,434873.15,3429610.50,6171.84,0.00
NPSAR11,2026-03-17,430313.34,-22693.98,100.74,100.50,7924.00,0.23,3379114.75,445083.32,3429610.50,16382.01,0.00
NPSAR12,2026-03-17,423399.59,-21665.55,100.32,100.29,1010.25,0.03,3379114.75,444054.89,3429610.50,15353.58,-0.40
NPSAR13,2026-03-17,430230.16,-643.79,101.25,101.02,7840.82,0.23,3379114.75,423033.13,3429610.50,-5668.18,0.00
NPSAR2,2026-03-17,188585.95,-3448.82,100.42,100.36,857.35,0.06,1501828.79,191177.42,1524271.35,643.50,-0.37
NPSAR3,2026-03-17,188344.67,-3448.82,103.51,103.47,616.07,0.04,1501828.79,191177.42,1524271.35,643.50,0.00
NPSAR4,2026-03-17,188785.53,-3448.82,101.30,101.23,1056.93,0.07,1501828.79,191177.42,1524271.35,643.50,0.00
NPSAR5,2026-03-17,189877.41,-3448.82,98.38,98.24,2148.81,0.14,1501828.79,191177.42,1524271.35,643.50,-2.74
NPSAR6,2026-03-17,191003.02,-3448.82,100.23,100.01,3274.42,0.22,1501828.79,191177.42,1524271.35,643.50,-1.19
NPSAR7,2026-03-17,192151.64,-3448.82,100.31,100.02,4423.04,0.29,1501828.79,191177.42,1524271.35,643.50,-0.55
NPSAR8,2026-03-17,192337.57,-3975.32,98.25,97.95,4608.97,0.31,1501828.79,191703.92,1524271.35,1170.00,-2.48
NPSAR9,2026-03-17,191757.95,-3929.82,101.42,101.15,4029.35,0.27,1501828.79,191658.42,1524271.35,1124.50,0.00
SPSAR1,2026-03-17,188283.60,-553.32,104.24,104.20,555.00,0.04,1501828.79,188281.92,1524271.35,-2252.00,-0.11
SPSAR10,2026-03-17,441657.34,-7857.81,104.89,104.30,19268.00,0.57,3379114.75,430247.15,3429610.50,1545.84,0.00
SPSAR11,2026-03-17,438119.34,-22908.22,103.80,103.32,15730.00,0.47,3379114.75,445297.56,3429610.50,16596.25,0.00
SPSAR12,2026-03-17,438515.34,-21104.98,103.44,102.95,16126.00,0.48,3379114.75,443494.32,3429610.50,14793.01,0.00
SPSAR13,2026-03-17,429712.37,1427.61,100.36,100.14,7323.03,0.22,3379114.75,420961.73,3429610.50,-7739.58,-0.68
SPSAR2,2026-03-17,188283.60,-553.32,100.72,100.68,555.00,0.04,1501828.79,188281.92,1524271.35,-2252.00,-0.28
SPSAR3,2026-03-17,188283.60,-553.32,103.25,103.21,555.00,0.04,1501828.79,188281.92,1524271.35,-2252.00,-0.11
SPSAR4,2026-03-17,188283.60,-553.32,101.64,101.60,555.00,0.04,1501828.79,188281.92,1524271.35,-2252.00,-0.11
SPSAR5,2026-03-17,187529.59,-553.32,97.28,97.29,-199.01,-0.01,1501828.79,188281.92,1524271.35,-2252.00,-4.03
SPSAR6,2026-03-17,190458.58,-781.32,99.14,98.96,2729.98,0.18,1501828.79,188509.92,1524271.35,-2024.00,-2.45
SPSAR7,2026-03-17,190356.79,-553.32,99.53,99.36,2628.19,0.17,1501828.79,188281.92,1524271.35,-2252.00,-0.98
SPSAR8,2026-03-17,196957.60,-553.32,101.95,101.33,9229.00,0.61,1501828.79,188281.92,1524271.35,-2252.00,0.00
SPSAR9,2026-03-17,197002.73,-781.32,102.17,101.54,9274.13,0.62,1501828.79,188509.92,1524271.35,-2024.00,0.00
NLONG1,2026-03-17,-4800.87,972.78,111.25,111.73,-4800.87,-0.43,1126371.58,-972.78,1143203.50,-972.78,-0.52
NLONG10,2026-03-17,-3582.95,2775.79,114.48,114.85,-3582.95,-0.32,1126371.58,-2775.79,1143203.50,-2775.79,-0.56
NLONG11,2026-03-17,-12528.60,-110.47,116.17,117.48,-12528.60,-1.11,1126371.58,110.47,1143203.50,110.47,-1.32
NLONG12,2026-03-17,2541.28,1220.38,114.63,114.37,2541.28,0.23,1126371.58,-1220.38,1143203.50,-1220.38,0.00
NLONG13,2026-03-17,-1307.39,-965.68,110.75,110.88,-1307.39,-0.12,1126371.58,965.68,1143203.50,965.68,-0.12
NLONG14,2026-03-17,-1761.12,657.85,111.20,111.37,-1761.12,-0.16,1126371.58,-657.85,1143203.50,-657.85,-0.21
NLONG15,2026-03-17,9632.52,-680.82,108.57,107.65,9632.52,0.86,1126371.58,680.82,1143203.50,680.82,0.00
NLONG16,2026-03-17,3199.58,-656.53,110.55,110.24,3199.58,0.28,1126371.58,656.53,1143203.50,656.53,0.00
NLONG17,2026-03-17,-1333.65,-1040.75,111.93,112.06,-1333.65,-0.12,1126371.58,1040.75,1143203.50,1040.75,-0.12
NLONG18,2026-03-17,-1787.38,657.85,111.50,111.68,-1787.38,-0.16,1126371.58,-657.85,1143203.50,-657.85,-0.21
NLONG19,2026-03-17,-5672.33,-705.67,106.10,106.64,-5672.33,-0.50,1126371.58,705.67,1143203.50,705.67,-1.32
NLONG2,2026-03-17,439.29,12942.15,104.18,104.14,439.29,0.04,1126371.58,-12942.15,1143203.50,-12942.15,-1.09
NLONG20,2026-03-17,-12272.34,-578.55,108.00,109.19,-12272.34,-1.09,1126371.58,578.55,1143203.50,578.55,-1.45
NLONG21,2026-03-17,-3792.30,-928.29,111.71,112.09,-3792.30,-0.34,1126371.58,928.29,1143203.50,928.29,-0.34
NLONG22,2026-03-17,-4246.03,471.44,111.78,112.20,-4246.03,-0.38,1126371.58,-471.44,1143203.50,-471.44,-0.42
NLONG23,2026-03-17,246.26,3752.26,111.80,111.78,246.26,0.02,1126371.58,-3752.26,1143203.50,-3752.26,-0.31
NLONG24,2026-03-17,-5790.87,3508.02,113.93,114.52,-5790.87,-0.51,1126371.58,-3508.02,1143203.50,-3508.02,-0.82
NLONG3,2026-03-17,-11251.50,14132.39,109.90,111.01,-11251.50,-1.00,1126371.58,-14132.39,1143203.50,-14132.39,-2.22
NLONG4,2026-03-17,-6092.36,11053.47,108.98,109.57,-6092.36,-0.54,1126371.58,-11053.47,1143203.50,-11053.47,-1.50
NLONG5,2026-03-17,-3446.54,13460.73,112.84,113.19,-3446.54,-0.31,1126371.58,-13460.73,1143203.50,-13460.73,-1.48
NLONG6,2026-03-17,665.76,12090.97,110.27,110.20,665.76,0.06,1126371.58,-12090.97,1143203.50,-12090.97,-1.00
NLONG7,2026-03-17,-12528.60,-110.47,114.31,115.60,-12528.60,-1.11,1126371.58,110.47,1143203.50,110.47,-1.12
NLONG8,2026-03-17,-4736.10,10277.37,109.82,110.28,-4736.10,-0.42,1126371.58,-10277.37,1143203.50,-10277.37,-1.31
NLONG9,2026-03-17,-4800.87,-782.13,115.21,115.70,-4800.87,-0.43,1126371.58,782.13,1143203.50,782.13,-0.42
SLONG1,2026-03-17,-11778.55,-1915.84,111.98,113.16,-11778.55,-1.05,1126371.58,1915.84,1143203.50,1915.84,-1.04
SLONG10,2026-03-17,-2550.48,-296.63,108.45,108.70,-2550.48,-0.23,1126371.58,296.63,1143203.50,296.63,-0.23
SLONG11,2026-03-17,-9551.00,-2043.84,113.34,114.31,-9551.00,-0.85,1126371.58,2043.84,1143203.50,2043.84,-0.85
SLONG12,2026-03-17,-3192.09,-1485.19,110.74,111.05,-3192.09,-0.28,1126371.58,1485.19,1143203.50,1485.19,-0.28
SLONG13,2026-03-17,-1340.46,-3716.99,110.34,110.47,-1340.46,-0.12,1126371.58,3716.99,1143203.50,3716.99,-0.12
SLONG14,2026-03-17,-840.01,-2534.92,110.29,110.37,-840.01,-0.07,1126371.58,2534.92,1143203.50,2534.92,-0.07
SLONG15,2026-03-17,-413.69,-3484.62,113.83,113.87,-413.69,-0.04,1126371.58,3484.62,1143203.50,3484.62,-0.04
SLONG16,2026-03-17,-1506.37,-3644.37,109.44,109.59,-1506.37,-0.13,1126371.58,3644.37,1143203.50,3644.37,-0.14
SLONG17,2026-03-17,-1134.45,-3686.97,111.66,111.77,-1134.45,-0.10,1126371.58,3686.97,1143203.50,3686.97,-0.10
SLONG18,2026-03-17,-1540.41,-2572.14,110.94,111.09,-1540.41,-0.14,1126371.58,2572.14,1143203.50,2572.14,-0.14
SLONG19,2026-03-17,-3512.30,-3332.57,117.32,117.69,-3512.30,-0.31,1126371.58,3332.57,1143203.50,3332.57,-0.31
SLONG2,2026-03-17,-3485.61,290.87,99.52,99.83,-3485.61,-0.31,1126371.58,-290.87,1143203.50,-290.87,-1.84
SLONG20,2026-03-17,-5511.39,-3594.16,113.08,113.64,-5511.39,-0.49,1126371.58,3594.16,1143203.50,3594.16,-0.49
SLONG21,2026-03-17,-3090.90,-3441.52,111.41,111.72,-3090.90,-0.27,1126371.58,3441.52,1143203.50,3441.52,-0.28
SLONG22,2026-03-17,-3496.86,-2554.11,109.64,109.98,-3496.86,-0.31,1126371.58,2554.11,1143203.50,2554.11,-0.31
SLONG23,2026-03-17,-2117.32,2057.03,118.36,118.58,-2117.32,-0.19,1126371.58,-2057.03,1143203.50,-2057.03,-0.36
SLONG24,2026-03-17,-3959.97,1578.45,114.08,114.48,-3959.97,-0.35,1126371.58,-1578.45,1143203.50,-1578.45,-0.49
SLONG3,2026-03-17,-9660.89,14785.71,111.08,112.04,-9660.89,-0.86,1126371.58,-14785.71,1143203.50,-14785.71,-2.14
SLONG4,2026-03-17,-98.06,12998.38,109.15,109.16,-98.06,-0.01,1126371.58,-12998.38,1143203.50,-12998.38,-1.15
SLONG5,2026-03-17,-9765.85,13955.10,111.88,112.86,-9765.85,-0.87,1126371.58,-13955.10,1143203.50,-13955.10,-2.07
SLONG6,2026-03-17,837.07,13818.46,106.94,106.86,837.07,0.07,1126371.58,-13818.46,1143203.50,-13818.46,-1.14
SLONG7,2026-03-17,-10181.15,-2043.84,114.97,116.02,-10181.15,-0.90,1126371.58,2043.84,1143203.50,2043.84,-0.91
SLONG8,2026-03-17,837.07,12528.06,113.62,113.54,837.07,0.07,1126371.58,-12528.06,1143203.50,-12528.06,-1.03
SLONG9,2026-03-17,-10979.75,-2874.45,114.47,115.60,-10979.75,-0.97,1126371.58,2874.45,1143203.50,2874.45,-0.98
Large Cap Stock Holdings,2026-03-17,25756495.00,0.00,93.48,93.33,40250.00,0.16,25716245.00,25716245.00,25496552.50,219692.50,-7.76
Liquidcase Stock Holdings,2026-03-17,12620718.40,2929098.40,100.76,100.74,1454.00,0.02,9690166.00,9690166.00,9689309.60,856.40,0.00
Small Cap Stock Holdings,2026-03-17,12308475.00,0.00,102.00,101.00,120650.00,0.99,12187825.00,12187825.00,12209550.00,-21725.00,-9.33
Debt Stock Holdings,2026-03-17,12620718.40,2929098.40,100.76,100.74,1454.00,0.02,9690166.00,9690166.00,9689309.60,856.40,0.00
Equity Stock Holdings,2026-03-17,38064970.00,0.00,96.03,95.63,160900.00,0.42,37904070.00,37904070.00,37706102.50,197967.50,-7.79
Stock Holdings,2026-03-17,50685688.40,2929098.40,96.61,96.28,162354.00,0.34,47594236.00,47594236.00,47395412.10,198823.90,-6.73
Miscellaneous P&L,2026-03-17,0.00,0.00,100.00,100.00,0.00,0.00,0.00,0.00,0.00,0.00,0.00
Total Tax,2026-03-17,-5214.08,3928.80,100.00,100.00,-5214.08,0.00,0.00,-3928.80,0.00,0.00,0.00
Equity Holdings Tax,2026-03-17,-548.92,0.00,100.00,100.00,-548.92,0.00,0.00,0.00,0.00,0.00,0.00
Equity Intraday Tax,2026-03-17,0.00,0.00,100.00,100.00,0.00,0.00,0.00,0.00,0.00,0.00,0.00
F&O Tax,2026-03-17,-4665.16,3928.80,100.00,100.00,-4665.16,0.00,0.00,-3928.80,0.00,0.00,0.00
MCX Tax,2026-03-17,0.00,0.00,100.00,100.00,0.00,0.00,0.00,0.00,0.00,0.00,0.00
Total Other Debits and Credits,2026-03-17,0.00,0.00,100.00,100.00,0.00,0.00,0.00,0.00,0.00,0.00,0.00
Equity Other Debits and Credits,2026-03-17,0.00,0.00,100.00,100.00,0.00,0.00,0.00,0.00,0.00,0.00,0.00
NPSAR,2026-03-17,3433855.44,-89534.01,101.42,101.21,54740.68,0.20,27032918.11,3468648.77,27436884.15,39038.25,0.00
SPSAR,2026-03-17,3463444.08,-55879.28,102.11,101.79,84329.32,0.31,27032918.11,3434994.04,27436884.15,5383.52,0.00
NLONG,2026-03-17,-85007.11,81414.09,111.25,111.61,-85007.11,-0.31,27032917.92,-81414.09,27436884.00,-81414.09,-0.61
SLONG,2026-03-17,-98033.42,28789.90,111.52,111.93,-98033.42,-0.36,27032917.92,-28789.90,27436884.00,-28789.90,-0.47
PSAR,2026-03-17,6897299.53,-145413.28,101.76,101.50,139070.00,0.26,54065836.22,6903642.81,54873768.30,44421.77,0.00
LONG,2026-03-17,-183040.53,110203.99,111.40,111.78,-183040.53,-0.34,54065835.84,-110203.99,54873768.00,-110203.99,-0.54
Total Portfolio Value,2026-03-17,6709593.84,-31280.49,113.07,113.17,-48635.69,-0.09,54065836.00,6789510.02,54873768.00,-69711.02,-0.22
Zerodha Total Portfolio,2026-03-17,54439097.42,0.00,109.79,109.56,113169.39,0.21,54325928.03,54325928.03,54196815.15,129112.88,0.00
NPSAR1,2026-03-18,184280.76,-228.93,102.44,102.72,-4160.00,-0.28,1507526.04,188669.69,1501828.79,941.09,-0.27
NPSAR10,2026-03-18,437479.20,-14407.23,106.50,106.08,13487.50,0.40,3391933.56,438398.92,3379114.75,16009.58,0.00
NPSAR11,2026-03-18,437654.70,-6321.65,101.15,100.74,13663.00,0.40,3391933.56,430313.34,3379114.75,7924.00,0.00
NPSAR12,2026-03-18,437479.20,592.10,100.72,100.32,13487.50,0.40,3391933.56,423399.59,3379114.75,1010.25,0.00
NPSAR13,2026-03-18,441089.89,-6238.46,101.76,101.25,17098.19,0.50,3391933.56,430230.16,3379114.75,7840.82,0.00
NPSAR2,2026-03-18,184280.76,-145.20,100.14,100.42,-4160.00,-0.28,1507526.04,188585.95,1501828.79,857.35,-0.64
NPSAR3,2026-03-18,179794.73,96.08,102.92,103.51,-8646.03,-0.57,1507526.04,188344.67,1501828.79,616.07,-0.57
NPSAR4,2026-03-18,187069.07,-344.77,101.21,101.30,-1371.69,-0.09,1507526.04,188785.53,1501828.79,1056.93,-0.09
NPSAR5,2026-03-18,195272.26,-1436.66,98.83,98.38,6831.50,0.45,1507526.04,189877.41,1501828.79,2148.81,-2.29
NPSAR6,2026-03-18,195272.26,-2562.26,100.68,100.23,6831.50,0.45,1507526.04,191003.02,1501828.79,3274.42,-0.75
NPSAR7,2026-03-18,195272.26,-3710.89,100.76,100.31,6831.50,0.45,1507526.04,192151.64,1501828.79,4423.04,-0.10
NPSAR8,2026-03-18,195272.26,-3896.82,98.70,98.25,6831.50,0.45,1507526.04,192337.57,1501828.79,4608.97,-2.03
NPSAR9,2026-03-18,195272.26,-3317.20,101.88,101.42,6831.50,0.45,1507526.04,191757.95,1501828.79,4029.35,0.00
SPSAR1,2026-03-18,183742.76,157.15,103.92,104.24,-4698.00,-0.31,1507526.04,188283.60,1501828.79,555.00,-0.41
SPSAR10,2026-03-18,431419.70,-17665.65,105.12,104.89,7428.00,0.22,3391933.56,441657.34,3379114.75,19268.00,0.00
SPSAR11,2026-03-18,427965.70,-14127.65,103.92,103.80,3974.00,0.12,3391933.56,438119.34,3379114.75,15730.00,0.00
SPSAR12,2026-03-18,428437.70,-14523.65,103.58,103.44,4446.00,0.13,3391933.56,438515.34,3379114.75,16126.00,0.00
SPSAR13,2026-03-18,438463.16,-5720.67,100.79,100.36,14471.46,0.43,3391933.56,429712.37,3379114.75,7323.03,-0.26
SPSAR2,2026-03-18,183742.76,157.15,100.41,100.72,-4698.00,-0.31,1507526.04,188283.60,1501828.79,555.00,-0.58
SPSAR3,2026-03-18,179441.37,157.15,102.63,103.25,-8999.39,-0.60,1507526.04,188283.60,1501828.79,555.00,-0.71
SPSAR4,2026-03-18,187441.27,157.15,101.57,101.64,-999.49,-0.07,1507526.04,188283.60,1501828.79,555.00,-0.18
SPSAR5,2026-03-18,196101.76,911.17,97.77,97.28,7661.00,0.51,1507526.04,187529.59,1501828.79,-199.01,-3.54
SPSAR6,2026-03-18,195659.76,-2017.82,99.61,99.14,7219.00,0.48,1507526.04,190458.58,1501828.79,2729.98,-1.99
SPSAR7,2026-03-18,195210.76,-1916.04,99.98,99.53,6770.00,0.45,1507526.04,190356.79,1501828.79,2628.19,-0.53
SPSAR8,2026-03-18,193348.76,-8516.85,102.28,101.95,4908.00,0.33,1507526.04,196957.60,1501828.79,9229.00,0.00
SPSAR9,2026-03-18,193348.76,-8561.98,102.50,102.17,4908.00,0.33,1507526.04,197002.73,1501828.79,9274.13,0.00
NLONG1,2026-03-18,1348.54,4800.87,111.38,111.25,1348.54,0.12,1130644.52,-4800.87,1126371.58,-4800.87,-0.40
NLONG10,2026-03-18,1153.71,3582.95,114.60,114.48,1153.71,0.10,1130644.52,-3582.95,1126371.58,-3582.95,-0.46
NLONG11,2026-03-18,-1817.61,12528.60,115.98,116.17,-1817.61,-0.16,1130644.52,-12528.60,1126371.58,-12528.60,-1.48
NLONG12,2026-03-18,348.38,-2541.28,114.67,114.63,348.38,0.03,1130644.52,2541.28,1126371.58,2541.28,0.00
NLONG13,2026-03-18,2011.80,1307.39,110.95,110.75,2011.80,0.18,1130644.52,-1307.39,1126371.58,-1307.39,0.00
NLONG14,2026-03-18,2680.19,1761.12,111.46,111.20,2680.19,0.24,1130644.52,-1761.12,1126371.58,-1761.12,0.00
NLONG15,2026-03-18,0.00,-9632.52,108.57,108.57,0.00,0.00,1130644.52,9632.52,1126371.58,9632.52,0.00
NLONG16,2026-03-18,2165.99,-3199.58,110.76,110.55,2165.99,0.19,1130644.52,3199.58,1126371.58,3199.58,0.00
NLONG17,2026-03-18,2011.80,1333.65,112.13,111.93,2011.80,0.18,1130644.52,-1333.65,1126371.58,-1333.65,0.00
NLONG18,2026-03-18,2680.19,1787.38,111.76,111.50,2680.19,0.24,1130644.52,-1787.38,1126371.58,-1787.38,0.00
NLONG19,2026-03-18,0.00,5672.33,106.10,106.10,0.00,0.00,1130644.52,-5672.33,1126371.58,-5672.33,-1.32
NLONG2,2026-03-18,1006.51,-439.29,104.27,104.18,1006.51,0.09,1130644.52,439.29,1126371.58,439.29,-1.01
NLONG20,2026-03-18,0.00,12272.34,108.00,108.00,0.00,0.00,1130644.52,-12272.34,1126371.58,-12272.34,-1.45
NLONG21,2026-03-18,1711.31,3792.30,111.88,111.71,1711.31,0.15,1130644.52,-3792.30,1126371.58,-3792.30,-0.19
NLONG22,2026-03-18,2350.63,4246.03,112.01,111.78,2350.63,0.21,1130644.52,-4246.03,1126371.58,-4246.03,-0.21
NLONG23,2026-03-18,0.00,-246.26,111.80,111.80,0.00,0.00,1130644.52,246.26,1126371.58,246.26,-0.31
NLONG24,2026-03-18,2165.99,5790.87,114.15,113.93,2165.99,0.19,1130644.52,-5790.87,1126371.58,-5790.87,-0.63
NLONG3,2026-03-18,-801.00,11251.50,109.82,109.90,-801.00,-0.07,1130644.52,-11251.50,1126371.58,-11251.50,-2.30
NLONG4,2026-03-18,-1673.68,6092.36,108.82,108.98,-1673.68,-0.15,1130644.52,-6092.36,1126371.58,-6092.36,-1.64
NLONG5,2026-03-18,622.35,3446.54,112.90,112.84,622.35,0.06,1130644.52,-3446.54,1126371.58,-3446.54,-1.43
NLONG6,2026-03-18,1006.51,-665.76,110.37,110.27,1006.51,0.09,1130644.52,665.76,1126371.58,665.76,-0.91
NLONG7,2026-03-18,-1058.72,12528.60,114.20,114.31,-1058.72,-0.09,1130644.52,-12528.60,1126371.58,-12528.60,-1.21
NLONG8,2026-03-18,-1673.68,4736.10,109.66,109.82,-1673.68,-0.15,1130644.52,-4736.10,1126371.58,-4736.10,-1.46
NLONG9,2026-03-18,-103.13,4800.87,115.20,115.21,-103.13,-0.01,1130644.52,-4800.87,1126371.58,-4800.87,-0.43
SLONG1,2026-03-18,-5092.74,11778.55,111.48,111.98,-5092.74,-0.45,1130644.52,-11778.55,1126371.58,-11778.55,-1.48
SLONG10,2026-03-18,1174.93,2550.48,108.56,108.45,1174.93,0.10,1130644.52,-2550.48,1126371.58,-2550.48,-0.13
SLONG11,2026-03-18,-5765.39,9551.00,112.76,113.34,-5765.39,-0.51,1130644.52,-9551.00,1126371.58,-9551.00,-1.36
SLONG12,2026-03-18,906.74,3192.09,110.83,110.74,906.74,0.08,1130644.52,-3192.09,1126371.58,-3192.09,-0.20
SLONG13,2026-03-18,3197.48,1340.46,110.65,110.34,3197.48,0.28,1130644.52,-1340.46,1126371.58,-1340.46,0.00
SLONG14,2026-03-18,4058.20,840.01,110.69,110.29,4058.20,0.36,1130644.52,-840.01,1126371.58,-840.01,0.00
SLONG15,2026-03-18,1694.30,413.69,114.00,113.83,1694.30,0.15,1130644.52,-413.69,1126371.58,-413.69,0.00
SLONG16,2026-03-18,4261.86,1506.37,109.85,109.44,4261.86,0.38,1130644.52,-1506.37,1126371.58,-1506.37,0.00
SLONG17,2026-03-18,3197.48,1134.45,111.98,111.66,3197.48,0.28,1130644.52,-1134.45,1126371.58,-1134.45,0.00
SLONG18,2026-03-18,3634.62,1540.41,111.30,110.94,3634.62,0.32,1130644.52,-1540.41,1126371.58,-1540.41,0.00
SLONG19,2026-03-18,1313.63,3512.30,117.46,117.32,1313.63,0.12,1130644.52,-3512.30,1126371.58,-3512.30,-0.20
SLONG2,2026-03-18,1111.24,3485.61,99.62,99.52,1111.24,0.10,1130644.52,-3485.61,1126371.58,-3485.61,-1.75
SLONG20,2026-03-18,3284.74,5511.39,113.41,113.08,3284.74,0.29,1130644.52,-5511.39,1126371.58,-5511.39,-0.20
SLONG21,2026-03-18,2630.02,3090.90,111.67,111.41,2630.02,0.23,1130644.52,-3090.90,1126371.58,-3090.90,-0.04
SLONG22,2026-03-18,3048.29,3496.86,109.94,109.64,3048.29,0.27,1130644.52,-3496.86,1126371.58,-3496.86,-0.04
SLONG23,2026-03-18,1313.63,2117.32,118.50,118.36,1313.63,0.12,1130644.52,-2117.32,1126371.58,-2117.32,-0.24
SLONG24,2026-03-18,3284.74,3959.97,114.41,114.08,3284.74,0.29,1130644.52,-3959.97,1126371.58,-3959.97,-0.20
SLONG3,2026-03-18,-4893.05,9660.89,110.60,111.08,-4893.05,-0.43,1130644.52,-9660.89,1126371.58,-9660.89,-2.56
SLONG4,2026-03-18,1301.00,98.06,109.28,109.15,1301.00,0.12,1130644.52,-98.06,1126371.58,-98.06,-1.03
SLONG5,2026-03-18,-5092.74,9765.85,111.38,111.88,-5092.74,-0.45,1130644.52,-9765.85,1126371.58,-9765.85,-2.51
SLONG6,2026-03-18,1111.24,-837.07,107.05,106.94,1111.24,0.10,1130644.52,837.07,1126371.58,837.07,-1.04
SLONG7,2026-03-18,-4835.68,10181.15,114.48,114.97,-4835.68,-0.43,1130644.52,-10181.15,1126371.58,-10181.15,-1.33
SLONG8,2026-03-18,1301.00,-837.07,113.75,113.62,1301.00,0.12,1130644.52,837.07,1126371.58,837.07,-0.91
SLONG9,2026-03-18,-5507.13,10979.75,113.91,114.47,-5507.13,-0.49,1130644.52,-10979.75,1126371.58,-10979.75,-1.46
Large Cap Stock Holdings,2026-03-18,26087485.00,0.00,94.69,93.48,330990.00,1.29,25756495.00,25756495.00,25716245.00,40250.00,-6.56
Liquidcase Stock Holdings,2026-03-18,12622948.80,0.00,100.78,100.76,2230.40,0.02,12620718.40,12620718.40,9690166.00,1454.00,0.00
Small Cap Stock Holdings,2026-03-18,12761825.00,0.00,105.75,102.00,453350.00,3.68,12308475.00,12308475.00,12187825.00,120650.00,-6.00
Debt Stock Holdings,2026-03-18,12622948.80,0.00,100.78,100.76,2230.40,0.02,12620718.40,12620718.40,9690166.00,1454.00,0.00
Equity Stock Holdings,2026-03-18,38849310.00,0.00,98.01,96.03,784340.00,2.06,38064970.00,38064970.00,37904070.00,160900.00,-5.89
Stock Holdings,2026-03-18,51472258.80,0.00,98.11,96.61,786570.40,1.55,50685688.40,50685688.40,47594236.00,162354.00,-5.28
Miscellaneous P&L,2026-03-18,0.00,0.00,100.00,100.00,0.00,0.00,0.00,0.00,0.00,0.00,0.00
Total Tax,2026-03-18,-2115.34,5214.08,100.00,100.00,-2115.34,0.00,0.00,-5214.08,0.00,0.00,0.00
Equity Holdings Tax,2026-03-18,0.00,548.92,100.00,100.00,0.00,0.00,0.00,-548.92,0.00,0.00,0.00
Equity Intraday Tax,2026-03-18,0.00,0.00,100.00,100.00,0.00,0.00,0.00,0.00,0.00,0.00,0.00
F&O Tax,2026-03-18,-2115.34,4665.16,100.00,100.00,-2115.34,0.00,0.00,-4665.16,0.00,0.00,0.00
MCX Tax,2026-03-18,0.00,0.00,100.00,100.00,0.00,0.00,0.00,0.00,0.00,0.00,0.00
Total Other Debits and Credits,2026-03-18,0.00,0.00,100.00,100.00,0.00,0.00,0.00,0.00,0.00,0.00,0.00
Equity Other Debits and Credits,2026-03-18,0.00,0.00,100.00,100.00,0.00,0.00,0.00,0.00,0.00,0.00,0.00
NPSAR,2026-03-18,3465489.55,-41921.87,101.69,101.42,73555.97,0.27,27135468.60,3433855.44,27032918.11,54740.68,0.00
SPSAR,2026-03-18,3434324.16,-71510.51,102.27,102.11,42390.58,0.16,27135468.60,3463444.08,27032918.11,84329.32,0.00
NLONG,2026-03-18,16136.08,85007.11,111.32,111.25,16136.08,0.06,27135468.48,-85007.11,27032917.92,-85007.11,-0.55
SLONG,2026-03-18,10638.41,98033.42,111.57,111.52,10638.41,0.04,27135468.48,-98033.42,27032917.92,-98033.42,-0.43
PSAR,2026-03-18,6899813.70,-113432.37,101.98,101.76,115946.55,0.21,54270937.20,6897299.53,54065836.22,139070.00,0.00
LONG,2026-03-18,26774.49,183040.53,111.45,111.40,26774.49,0.05,54270936.96,-183040.53,54065835.84,-183040.53,-0.49
Total Portfolio Value,2026-03-18,6924472.85,74273.32,113.36,113.07,140605.70,0.26,54270937.00,6709593.84,54065836.00,-48635.69,0.00
Zerodha Total Portfolio,2026-03-18,55366273.52,0.00,111.65,109.79,927176.10,1.70,54439097.42,54439097.42,54325928.03,113169.39,0.00
NPSAR1,2026-03-19,206183.11,5197.35,103.57,102.44,16705.00,1.10,1515824.87,184280.76,1507526.04,-4160.00,0.00
NPSAR10,2026-03-19,409263.01,-11153.46,105.97,106.50,-17062.73,-0.50,3410605.94,437479.20,3391933.56,13487.50,-0.50
NPSAR11,2026-03-19,406838.57,-11328.96,100.57,101.15,-19487.17,-0.57,3410605.94,437654.70,3391933.56,13663.00,-0.57
NPSAR12,2026-03-19,409263.01,-11153.46,100.22,100.72,-17062.73,-0.50,3410605.94,437479.20,3391933.56,13487.50,-0.50
NPSAR13,2026-03-19,447587.24,-14764.14,102.39,101.76,21261.50,0.62,3410605.94,441089.88,3391933.56,17098.19,0.00
NPSAR2,2026-03-19,206183.11,5197.35,101.24,100.14,16705.00,1.10,1515824.87,184280.76,1507526.04,-4160.00,0.00
NPSAR3,2026-03-19,153480.58,9683.39,100.48,102.92,-35997.53,-2.37,1515824.87,179794.72,1507526.04,-8646.03,-2.93
NPSAR4,2026-03-19,165931.42,2409.05,99.64,101.21,-23546.69,-1.55,1515824.87,187069.06,1507526.04,-1371.69,-1.64
NPSAR5,2026-03-19,170851.73,-5794.15,97.62,98.83,-18626.38,-1.23,1515824.87,195272.26,1507526.04,6831.50,-3.49
NPSAR6,2026-03-19,179734.52,-5794.15,100.03,100.68,-9743.59,-0.64,1515824.87,195272.26,1507526.04,6831.50,-1.39
NPSAR7,2026-03-19,179734.52,-5794.15,100.11,100.76,-9743.59,-0.64,1515824.87,195272.26,1507526.04,6831.50,-0.74
NPSAR8,2026-03-19,179734.52,-5794.15,98.07,98.70,-9743.59,-0.64,1515824.87,195272.26,1507526.04,6831.50,-2.66
NPSAR9,2026-03-19,179734.52,-5794.15,101.23,101.88,-9743.59,-0.64,1515824.87,195272.26,1507526.04,6831.50,-0.64
SPSAR1,2026-03-19,202819.16,5735.35,104.83,103.92,13341.05,0.88,1515824.87,183742.76,1507526.04,-4698.00,0.00
SPSAR10,2026-03-19,416308.19,-5093.96,104.81,105.12,-10017.55,-0.29,3410605.94,431419.70,3391933.56,7428.00,-0.29
SPSAR11,2026-03-19,423834.22,-1639.96,103.84,103.92,-2491.52,-0.07,3410605.94,427965.70,3391933.56,3974.00,-0.08
SPSAR12,2026-03-19,424840.78,-2111.96,103.53,103.58,-1484.96,-0.04,3410605.94,428437.70,3391933.56,4446.00,-0.05
SPSAR13,2026-03-19,427484.65,-12137.42,100.82,100.79,1158.91,0.03,3410605.94,438463.16,3391933.56,14471.46,-0.23
SPSAR2,2026-03-19,202615.89,5735.35,101.28,100.41,13137.78,0.87,1515824.87,183742.76,1507526.04,-4698.00,0.00
SPSAR3,2026-03-19,151723.17,10036.75,100.07,102.63,-37754.94,-2.49,1515824.87,179441.36,1507526.04,-8999.39,-3.18
SPSAR4,2026-03-19,159432.84,2036.85,99.56,101.57,-30045.27,-1.98,1515824.87,187441.26,1507526.04,-999.49,-2.15
SPSAR5,2026-03-19,164879.70,-6623.65,96.18,97.77,-24598.41,-1.62,1515824.87,196101.76,1507526.04,7661.00,-5.11
SPSAR6,2026-03-19,177140.03,-6181.65,98.80,99.61,-12338.08,-0.81,1515824.87,195659.76,1507526.04,7219.00,-2.78
SPSAR7,2026-03-19,177756.41,-5732.65,99.21,99.98,-11721.70,-0.77,1515824.87,195210.76,1507526.04,6770.00,-1.29
SPSAR8,2026-03-19,182315.69,-3870.65,101.80,102.28,-7162.42,-0.47,1515824.87,193348.76,1507526.04,4908.00,-0.47
SPSAR9,2026-03-19,181471.69,-3870.65,101.96,102.50,-8006.42,-0.53,1515824.87,193348.76,1507526.04,4908.00,-0.53
NLONG1,2026-03-19,-7694.93,-1348.54,110.63,111.38,-7694.93,-0.68,1136868.65,1348.54,1130644.52,1348.54,-1.07
NLONG10,2026-03-19,-2468.86,-1153.71,114.35,114.60,-2468.86,-0.22,1136868.65,1153.71,1130644.52,1153.71,-0.68
NLONG11,2026-03-19,-6491.59,1817.61,115.32,115.98,-6491.59,-0.57,1136868.65,-1817.61,1130644.52,-1817.61,-2.04
NLONG12,2026-03-19,-2181.44,-348.38,114.45,114.67,-2181.44,-0.19,1136868.65,348.38,1130644.52,348.38,-0.19
NLONG13,2026-03-19,4828.74,-2011.80,111.42,110.95,4828.74,0.42,1136868.65,2011.80,1130644.52,2011.80,0.00
NLONG14,2026-03-19,4828.74,-2680.19,111.93,111.46,4828.74,0.42,1136868.65,2680.19,1130644.52,2680.19,0.00
NLONG15,2026-03-19,4828.74,0.00,109.03,108.57,4828.74,0.42,1136868.65,0.00,1130644.52,0.00,0.00
NLONG16,2026-03-19,4828.74,-2165.99,111.23,110.76,4828.74,0.42,1136868.65,2165.99,1130644.52,2165.99,0.00
NLONG17,2026-03-19,4828.74,-2011.80,112.61,112.13,4828.74,0.42,1136868.65,2011.80,1130644.52,2011.80,0.00
NLONG18,2026-03-19,4828.74,-2680.19,112.23,111.76,4828.74,0.42,1136868.65,2680.19,1130644.52,2680.19,0.00
NLONG19,2026-03-19,4828.74,0.00,106.55,106.10,4828.74,0.42,1136868.65,0.00,1130644.52,0.00,-0.90
NLONG2,2026-03-19,-3335.16,-1006.51,103.96,104.27,-3335.16,-0.29,1136868.65,1006.51,1130644.52,1006.51,-1.30
NLONG20,2026-03-19,4828.74,0.00,108.46,108.00,4828.74,0.42,1136868.65,0.00,1130644.52,0.00,-1.03
NLONG21,2026-03-19,5609.07,-1711.31,112.43,111.88,5609.07,0.49,1136868.65,1711.31,1130644.52,1711.31,0.00
NLONG22,2026-03-19,4954.39,-2350.63,112.50,112.01,4954.39,0.44,1136868.65,2350.63,1130644.52,2350.63,0.00
NLONG23,2026-03-19,2378.73,0.00,112.03,111.80,2378.73,0.21,1136868.65,0.00,1130644.52,0.00,-0.11
NLONG24,2026-03-19,2378.73,-2165.99,114.39,114.15,2378.73,0.21,1136868.65,2165.99,1130644.52,2165.99,-0.42
NLONG3,2026-03-19,-7461.80,801.00,109.10,109.82,-7461.80,-0.66,1136868.65,-801.00,1130644.52,-801.00,-2.94
NLONG4,2026-03-19,-3047.74,1673.68,108.53,108.82,-3047.74,-0.27,1136868.65,-1673.68,1130644.52,-1673.68,-1.91
NLONG5,2026-03-19,-7694.93,-622.35,112.14,112.90,-7694.93,-0.68,1136868.65,622.35,1130644.52,622.35,-2.10
NLONG6,2026-03-19,-3216.13,-1006.51,110.06,110.37,-3216.13,-0.28,1136868.65,1006.51,1130644.52,1006.51,-1.19
NLONG7,2026-03-19,-6491.59,1058.72,113.55,114.20,-6491.59,-0.57,1136868.65,-1058.72,1130644.52,-1058.72,-1.77
NLONG8,2026-03-19,-2928.71,1673.68,109.38,109.66,-2928.71,-0.26,1136868.65,-1673.68,1130644.52,-1673.68,-1.71
NLONG9,2026-03-19,-6593.78,103.13,114.53,115.20,-6593.78,-0.58,1136868.65,-103.13,1130644.52,-103.13,-1.01
SLONG1,2026-03-19,-11843.32,5092.74,110.32,111.48,-11843.32,-1.04,1136868.65,-5092.74,1130644.52,-5092.74,-2.51
SLONG10,2026-03-19,-176.35,-1174.93,108.54,108.56,-176.35,-0.02,1136868.65,1174.93,1130644.52,1174.93,-0.15
SLONG11,2026-03-19,25040.80,5765.39,115.24,112.76,25040.80,2.20,1136868.65,-5765.39,1130644.52,-5765.39,0.00
SLONG12,2026-03-19,37269.59,-906.74,114.46,110.83,37269.59,3.28,1136868.65,906.74,1130644.52,906.74,0.00
SLONG13,2026-03-19,2990.66,-3197.48,110.94,110.65,2990.66,0.26,1136868.65,3197.48,1130644.52,3197.48,0.00
SLONG14,2026-03-19,3156.49,-4058.20,111.00,110.69,3156.49,0.28,1136868.65,4058.20,1130644.52,4058.20,0.00
SLONG15,2026-03-19,37624.76,-1694.30,117.77,114.00,37624.76,3.31,1136868.65,1694.30,1130644.52,1694.30,0.00
SLONG16,2026-03-19,41513.66,-4261.86,113.86,109.85,41513.66,3.65,1136868.65,4261.86,1130644.52,4261.86,0.00
SLONG17,2026-03-19,2990.66,-3197.48,112.27,111.98,2990.66,0.26,1136868.65,3197.48,1130644.52,3197.48,0.00
SLONG18,2026-03-19,3156.49,-3634.62,111.61,111.30,3156.49,0.28,1136868.65,3634.62,1130644.52,3634.62,0.00
SLONG19,2026-03-19,37624.76,-1313.63,121.35,117.46,37624.76,3.31,1136868.65,1313.63,1130644.52,1313.63,0.00
SLONG2,2026-03-19,-1452.04,-1111.24,99.49,99.62,-1452.04,-0.13,1136868.65,1111.24,1130644.52,1111.24,-1.87
SLONG20,2026-03-19,41513.66,-3284.74,117.55,113.41,41513.66,3.65,1136868.65,3284.74,1130644.52,3284.74,0.00
SLONG21,2026-03-19,3397.61,-2630.02,112.00,111.67,3397.61,0.30,1136868.65,2630.02,1130644.52,2630.02,0.00
SLONG22,2026-03-19,3397.61,-3048.29,110.27,109.94,3397.61,0.30,1136868.65,3048.29,1130644.52,3048.29,0.00
SLONG23,2026-03-19,33153.92,-1313.63,121.96,118.50,33153.92,2.92,1136868.65,1313.63,1130644.52,1313.63,0.00
SLONG24,2026-03-19,37585.95,-3284.74,118.19,114.41,37585.95,3.31,1136868.65,3284.74,1130644.52,3284.74,0.00
SLONG3,2026-03-19,-18864.62,4893.05,108.76,110.60,-18864.62,-1.66,1136868.65,-4893.05,1130644.52,-4893.05,-4.18
SLONG4,2026-03-19,-11863.10,-1301.00,108.14,109.28,-11863.10,-1.04,1136868.65,1301.00,1130644.52,1301.00,-2.06
SLONG5,2026-03-19,-11386.51,5092.74,110.26,111.38,-11386.51,-1.00,1136868.65,-5092.74,1130644.52,-5092.74,-3.49
SLONG6,2026-03-19,-1067.47,-1111.24,106.95,107.05,-1067.47,-0.09,1136868.65,1111.24,1130644.52,1111.24,-1.13
SLONG7,2026-03-19,24253.25,4835.68,116.92,114.48,24253.25,2.13,1136868.65,-4835.68,1130644.52,-4835.68,0.00
SLONG8,2026-03-19,-13198.85,-1301.00,112.43,113.75,-13198.85,-1.16,1136868.65,1301.00,1130644.52,1301.00,-2.06
SLONG9,2026-03-19,-6645.51,5507.13,113.24,113.91,-6645.51,-0.58,1136868.65,-5507.13,1130644.52,-5507.13,-2.04
Large Cap Stock Holdings,2026-03-19,25486227.50,0.00,92.51,94.69,-601257.50,-2.30,26087485.00,26087485.00,25756495.00,330990.00,-8.71
Liquidcase Stock Holdings,2026-03-19,12622948.80,0.00,100.78,100.78,0.00,0.00,12622948.80,12622948.80,12620718.40,2230.40,0.00
Small Cap Stock Holdings,2026-03-19,12501625.00,0.00,103.59,105.75,-260200.00,-2.04,12761825.00,12761825.00,12308475.00,453350.00,-7.92
Debt Stock Holdings,2026-03-19,12622948.80,0.00,100.78,100.78,0.00,0.00,12622948.80,12622948.80,12620718.40,2230.40,0.00
Equity Stock Holdings,2026-03-19,37987852.50,0.00,95.83,98.01,-861457.50,-2.22,38849310.00,38849310.00,38064970.00,784340.00,-7.98
Stock Holdings,2026-03-19,50610801.30,0.00,96.47,98.11,-861457.50,-1.67,51472258.80,51472258.80,50685688.40,786570.40,-6.86
Miscellaneous P&L,2026-03-19,0.00,0.00,100.00,100.00,0.00,0.00,0.00,0.00,0.00,0.00,0.00
Total Tax,2026-03-19,-4518.28,2115.34,100.00,100.00,-4518.28,0.00,0.00,-2115.34,0.00,0.00,0.00
Equity Holdings Tax,2026-03-19,0.00,0.00,100.00,100.00,0.00,0.00,0.00,0.00,0.00,0.00,0.00
Equity Intraday Tax,2026-03-19,0.00,0.00,100.00,100.00,0.00,0.00,0.00,0.00,0.00,0.00,0.00
F&O Tax,2026-03-19,-4518.28,2115.34,100.00,100.00,-4518.28,0.00,0.00,-2115.34,0.00,0.00,0.00
MCX Tax,2026-03-19,0.00,0.00,100.00,100.00,0.00,0.00,0.00,0.00,0.00,0.00,0.00
Total Other Debits and Credits,2026-03-19,-35.40,0.00,100.00,100.00,-35.40,0.00,0.00,0.00,0.00,0.00,0.00
Equity Other Debits and Credits,2026-03-19,-35.40,0.00,100.00,100.00,-35.40,0.00,0.00,0.00,0.00,0.00,0.00
NPSAR,2026-03-19,3294519.86,-54883.63,101.26,101.69,-116086.09,-0.43,27284847.59,3465489.54,27135468.60,73555.97,-0.43
SPSAR,2026-03-19,3292622.42,-23718.25,101.83,102.27,-117983.53,-0.43,27284847.59,3434324.15,27135468.60,42390.58,-0.43
NLONG,2026-03-19,-5655.82,-16136.08,111.30,111.32,-5655.82,-0.02,27284847.60,16136.08,27135468.48,16136.08,-0.57
SLONG,2026-03-19,258172.10,-10638.41,112.62,111.57,258172.10,0.95,27284847.60,10638.41,27135468.48,10638.41,0.00
PSAR,2026-03-19,6587142.28,-78601.88,101.54,101.98,-234069.62,-0.43,54569695.18,6899813.70,54270937.20,115946.55,-0.43
LONG,2026-03-19,252516.28,-26774.49,111.97,111.45,252516.28,0.46,54569695.20,26774.49,54270936.96,26774.49,-0.03
Total Portfolio Value,2026-03-19,6835140.28,-103261.03,113.39,113.36,13928.38,0.03,54569695.00,6924472.85,54270937.00,140605.70,0.00
Zerodha Total Portfolio,2026-03-19,54518709.00,0.00,109.95,111.65,-847564.52,-1.53,55366273.52,55366273.52,54439097.42,927176.10,-1.53
NPSAR1,2026-03-20,191602.81,-14141.55,103.54,103.57,-438.75,-0.03,1536332.48,206183.11,1515824.87,16705.00,-0.03
NPSAR10,2026-03-20,413945.88,22830.50,105.41,105.97,-18147.63,-0.52,3456748.06,409263.01,3410605.94,-17062.73,-1.02
NPSAR11,2026-03-20,416010.27,25254.94,100.10,100.57,-16083.24,-0.47,3456748.06,406838.57,3410605.94,-19487.17,-1.04
NPSAR12,2026-03-20,413438.35,22830.50,99.68,100.22,-18655.16,-0.54,3456748.06,409263.01,3410605.94,-17062.73,-1.03
NPSAR13,2026-03-20,421185.42,-15493.73,102.07,102.39,-10908.09,-0.32,3456748.06,447587.24,3410605.94,21261.50,-0.31
NPSAR2,2026-03-20,191602.81,-14141.55,101.21,101.24,-438.75,-0.03,1536332.48,206183.11,1515824.87,16705.00,-0.03
NPSAR3,2026-03-20,190241.06,38560.98,100.36,100.48,-1800.50,-0.12,1536332.48,153480.58,1515824.87,-35997.53,-3.04
NPSAR4,2026-03-20,190413.31,26110.14,99.53,99.64,-1628.25,-0.11,1536332.48,165931.42,1515824.87,-23546.69,-1.75
NPSAR5,2026-03-20,190751.31,21189.83,97.54,97.62,-1290.25,-0.08,1536332.48,170851.73,1515824.87,-18626.38,-3.57
NPSAR6,2026-03-20,191102.31,12307.04,99.97,100.03,-939.25,-0.06,1536332.48,179734.52,1515824.87,-9743.59,-1.45
NPSAR7,2026-03-20,191102.31,12307.04,100.05,100.11,-939.25,-0.06,1536332.48,179734.52,1515824.87,-9743.59,-0.80
NPSAR8,2026-03-20,191102.31,12307.04,98.01,98.07,-939.25,-0.06,1536332.48,179734.52,1515824.87,-9743.59,-2.72
NPSAR9,2026-03-20,191102.31,12307.04,101.17,101.23,-939.25,-0.06,1536332.48,179734.52,1515824.87,-9743.59,-0.70
SPSAR1,2026-03-20,191742.56,-10777.60,104.81,104.83,-299.00,-0.02,1536332.48,202819.16,1515824.87,13341.05,-0.02
SPSAR10,2026-03-20,408468.46,15785.32,104.09,104.81,-23625.05,-0.68,3456748.06,416308.19,3410605.94,-10017.55,-0.98
SPSAR11,2026-03-20,412244.35,8259.29,103.24,103.84,-19849.16,-0.57,3456748.06,423834.22,3410605.94,-2491.52,-0.65
SPSAR12,2026-03-20,409239.51,7252.73,102.85,103.53,-22854.00,-0.66,3456748.06,424840.78,3410605.94,-1484.96,-0.70
SPSAR13,2026-03-20,407013.14,4608.86,100.09,100.82,-25080.37,-0.73,3456748.06,427484.65,3410605.94,1158.91,-0.95
SPSAR2,2026-03-20,191742.56,-10574.33,101.26,101.28,-299.00,-0.02,1536332.48,202615.89,1515824.87,13137.78,-0.02
SPSAR3,2026-03-20,191379.56,40318.39,100.03,100.07,-662.00,-0.04,1536332.48,151723.17,1515824.87,-37754.94,-3.22
SPSAR4,2026-03-20,191379.56,32608.72,99.52,99.56,-662.00,-0.04,1536332.48,159432.84,1515824.87,-30045.27,-2.19
SPSAR5,2026-03-20,191905.56,27161.86,96.17,96.18,-136.00,-0.01,1536332.48,164879.70,1515824.87,-24598.41,-5.12
SPSAR6,2026-03-20,191190.56,14901.53,98.75,98.80,-851.00,-0.06,1536332.48,177140.03,1515824.87,-12338.08,-2.83
SPSAR7,2026-03-20,191190.56,14285.15,99.16,99.21,-851.00,-0.06,1536332.48,177756.41,1515824.87,-11721.70,-1.34
SPSAR8,2026-03-20,191190.56,9725.87,101.74,101.80,-851.00,-0.06,1536332.48,182315.69,1515824.87,-7162.42,-0.53
SPSAR9,2026-03-20,191587.56,10569.87,101.93,101.96,-454.00,-0.03,1536332.48,181471.69,1515824.87,-8006.42,-0.56
NLONG1,2026-03-20,-13344.67,7694.93,109.35,110.63,-13344.67,-1.16,1152249.35,-7694.93,1136868.65,-7694.93,-2.22
NLONG10,2026-03-20,-15748.81,2468.86,112.79,114.35,-15748.81,-1.37,1152249.35,-2468.86,1136868.65,-2468.86,-2.03
NLONG11,2026-03-20,-11527.71,6491.59,114.17,115.32,-11527.71,-1.00,1152249.35,-6491.59,1136868.65,-6491.59,-3.02
NLONG12,2026-03-20,-12803.38,2181.44,113.18,114.45,-12803.38,-1.11,1152249.35,-2181.44,1136868.65,-2181.44,-1.30
NLONG13,2026-03-20,-8370.35,-4828.74,110.61,111.42,-8370.35,-0.73,1152249.35,4828.74,1136868.65,4828.74,-0.73
NLONG14,2026-03-20,-8931.36,-4828.74,111.06,111.93,-8931.36,-0.78,1152249.35,4828.74,1136868.65,4828.74,-0.78
NLONG15,2026-03-20,-9203.86,-4828.74,108.16,109.03,-9203.86,-0.80,1152249.35,4828.74,1136868.65,4828.74,-0.80
NLONG16,2026-03-20,-10127.19,-4828.74,110.25,111.23,-10127.19,-0.88,1152249.35,4828.74,1136868.65,4828.74,-0.88
NLONG17,2026-03-20,-8398.53,-4828.74,111.79,112.61,-8398.53,-0.73,1152249.35,4828.74,1136868.65,4828.74,-0.73
NLONG18,2026-03-20,-8313.04,-4828.74,111.42,112.23,-8313.04,-0.72,1152249.35,4828.74,1136868.65,4828.74,-0.72
NLONG19,2026-03-20,-7623.70,-4828.74,105.85,106.55,-7623.70,-0.66,1152249.35,4828.74,1136868.65,4828.74,-1.55
NLONG2,2026-03-20,-16416.21,3335.16,102.48,103.96,-16416.21,-1.42,1152249.35,-3335.16,1136868.65,-3335.16,-2.71
NLONG20,2026-03-20,-8429.26,-4828.74,107.67,108.46,-8429.26,-0.73,1152249.35,4828.74,1136868.65,4828.74,-1.75
NLONG21,2026-03-20,-8398.53,-5609.07,111.61,112.43,-8398.53,-0.73,1152249.35,5609.07,1136868.65,5609.07,-0.73
NLONG22,2026-03-20,-8313.04,-4954.39,111.69,112.50,-8313.04,-0.72,1152249.35,4954.39,1136868.65,4954.39,-0.72
NLONG23,2026-03-20,-6371.51,-2378.73,111.41,112.03,-6371.51,-0.55,1152249.35,2378.73,1136868.65,2378.73,-0.66
NLONG24,2026-03-20,-7621.98,-2378.73,113.63,114.39,-7621.98,-0.66,1152249.35,2378.73,1136868.65,2378.73,-1.08
NLONG3,2026-03-20,-12496.10,7461.80,107.92,109.10,-12496.10,-1.08,1152249.35,-7461.80,1136868.65,-7461.80,-3.99
NLONG4,2026-03-20,-16597.00,3047.74,106.97,108.53,-16597.00,-1.44,1152249.35,-3047.74,1136868.65,-3047.74,-3.32
NLONG5,2026-03-20,-13491.15,7694.93,110.83,112.14,-13491.15,-1.17,1152249.35,-7694.93,1136868.65,-7694.93,-3.24
NLONG6,2026-03-20,-16416.21,3216.13,108.49,110.06,-16416.21,-1.42,1152249.35,-3216.13,1136868.65,-3216.13,-2.59
NLONG7,2026-03-20,-13448.86,6491.59,112.22,113.55,-13448.86,-1.17,1152249.35,-6491.59,1136868.65,-6491.59,-2.92
NLONG8,2026-03-20,-16597.00,2928.71,107.80,109.38,-16597.00,-1.44,1152249.35,-2928.71,1136868.65,-2928.71,-3.13
NLONG9,2026-03-20,-14347.13,6593.78,113.10,114.53,-14347.13,-1.25,1152249.35,-6593.78,1136868.65,-6593.78,-2.25
SLONG1,2026-03-20,-2282.67,11843.32,110.10,110.32,-2282.67,-0.20,1152249.35,-11843.32,1136868.65,-11843.32,-2.70
SLONG10,2026-03-20,-8838.07,176.35,107.71,108.54,-8838.07,-0.77,1152249.35,-176.35,1136868.65,-176.35,-0.91
SLONG11,2026-03-20,0.00,-25040.80,115.24,115.24,0.00,0.00,1152249.35,25040.80,1136868.65,25040.80,0.00
SLONG12,2026-03-20,-7921.79,-37269.59,113.67,114.46,-7921.79,-0.69,1152249.35,37269.59,1136868.65,37269.59,-0.69
SLONG13,2026-03-20,-6741.13,-2990.66,110.29,110.94,-6741.13,-0.59,1152249.35,2990.66,1136868.65,2990.66,-0.59
SLONG14,2026-03-20,-6885.17,-3156.49,110.34,111.00,-6885.17,-0.60,1152249.35,3156.49,1136868.65,3156.49,-0.59
SLONG15,2026-03-20,-843.83,-37624.76,117.68,117.77,-843.83,-0.07,1152249.35,37624.76,1136868.65,37624.76,-0.08
SLONG16,2026-03-20,-6744.80,-41513.66,113.19,113.86,-6744.80,-0.59,1152249.35,41513.66,1136868.65,41513.66,-0.59
SLONG17,2026-03-20,-5710.34,-2990.66,111.71,112.27,-5710.34,-0.50,1152249.35,2990.66,1136868.65,2990.66,-0.50
SLONG18,2026-03-20,-6054.70,-3156.49,111.02,111.61,-6054.70,-0.53,1152249.35,3156.49,1136868.65,3156.49,-0.53
SLONG19,2026-03-20,1292.79,-37624.76,121.49,121.35,1292.79,0.11,1152249.35,37624.76,1136868.65,37624.76,0.00
SLONG2,2026-03-20,-13845.67,1452.04,98.29,99.49,-13845.67,-1.20,1152249.35,-1452.04,1136868.65,-1452.04,-3.06
SLONG20,2026-03-20,-4808.50,-41513.66,117.06,117.55,-4808.50,-0.42,1152249.35,41513.66,1136868.65,41513.66,-0.42
SLONG21,2026-03-20,-5710.34,-3397.61,111.44,112.00,-5710.34,-0.50,1152249.35,3397.61,1136868.65,3397.61,-0.50
SLONG22,2026-03-20,-6054.70,-3397.61,109.69,110.27,-6054.70,-0.53,1152249.35,3397.61,1136868.65,3397.61,-0.53
SLONG23,2026-03-20,1178.03,-33153.92,122.08,121.96,1178.03,0.10,1152249.35,33153.92,1136868.65,33153.92,0.00
SLONG24,2026-03-20,-5046.07,-37585.95,117.67,118.19,-5046.07,-0.44,1152249.35,37585.95,1136868.65,37585.95,-0.44
SLONG3,2026-03-20,-5414.19,18864.62,108.25,108.76,-5414.19,-0.47,1152249.35,-18864.62,1136868.65,-18864.62,-4.63
SLONG4,2026-03-20,-6249.82,11863.10,107.55,108.14,-6249.82,-0.54,1152249.35,-11863.10,1136868.65,-11863.10,-2.60
SLONG5,2026-03-20,-1797.48,11386.51,110.09,110.26,-1797.48,-0.16,1152249.35,-11386.51,1136868.65,-11386.51,-3.64
SLONG6,2026-03-20,-13845.67,1067.47,105.66,106.95,-13845.67,-1.20,1152249.35,-1067.47,1136868.65,-1067.47,-2.32
SLONG7,2026-03-20,-5373.92,-24253.25,116.37,116.92,-5373.92,-0.47,1152249.35,24253.25,1136868.65,24253.25,-0.47
SLONG8,2026-03-20,-6249.82,13198.85,111.82,112.43,-6249.82,-0.54,1152249.35,-13198.85,1136868.65,-13198.85,-2.60
SLONG9,2026-03-20,-12240.07,6645.51,112.04,113.24,-12240.07,-1.06,1152249.35,-6645.51,1136868.65,-6645.51,-3.08
Large Cap Stock Holdings,2026-03-20,25816502.50,0.00,93.71,92.51,330275.00,1.30,25486227.50,25486227.50,26087485.00,-601257.50,-7.53
Liquidcase Stock Holdings,2026-03-20,12629640.00,0.00,100.83,100.78,6691.20,0.05,12622948.80,12622948.80,12622948.80,0.00,0.00
Small Cap Stock Holdings,2026-03-20,12863700.00,0.00,106.59,103.59,362075.00,2.90,12501625.00,12501625.00,12761825.00,-260200.00,-5.25
Debt Stock Holdings,2026-03-20,12629640.00,0.00,100.83,100.78,6691.20,0.05,12622948.80,12622948.80,12622948.80,0.00,0.00
Equity Stock Holdings,2026-03-20,38680202.50,0.00,97.57,95.83,692350.00,1.82,37987852.50,37987852.50,38849310.00,-861457.50,-6.31
Stock Holdings,2026-03-20,51309842.50,0.00,97.80,96.47,699041.20,1.38,50610801.30,50610801.30,51472258.80,-861457.50,-5.58
Miscellaneous P&L,2026-03-20,0.00,0.00,100.00,100.00,0.00,0.00,0.00,0.00,0.00,0.00,0.00
Total Tax,2026-03-20,-3620.72,4518.28,100.00,100.00,-3620.72,0.00,0.00,-4518.28,0.00,0.00,0.00
Equity Holdings Tax,2026-03-20,0.00,0.00,100.00,100.00,0.00,0.00,0.00,0.00,0.00,0.00,0.00
Equity Intraday Tax,2026-03-20,0.00,0.00,100.00,100.00,0.00,0.00,0.00,0.00,0.00,0.00,0.00
F&O Tax,2026-03-20,-3620.72,4518.28,100.00,100.00,-3620.72,0.00,0.00,-4518.28,0.00,0.00,0.00
MCX Tax,2026-03-20,0.00,0.00,100.00,100.00,0.00,0.00,0.00,0.00,0.00,0.00,0.00
Total Other Debits and Credits,2026-03-20,-588.50,35.40,100.00,100.00,-588.50,0.00,0.00,-35.40,0.00,0.00,0.00
Equity Other Debits and Credits,2026-03-20,-588.50,35.40,100.00,100.00,-588.50,0.00,0.00,-35.40,0.00,0.00,0.00
NPSAR,2026-03-20,3383600.45,162228.21,100.99,101.26,-73147.62,-0.26,27653984.56,3294519.86,27284847.59,-116086.09,-0.69
SPSAR,2026-03-20,3360274.49,164125.65,101.47,101.83,-96473.58,-0.35,27653984.56,3292622.42,27284847.59,-117983.53,-0.78
NLONG,2026-03-20,-273336.58,5655.82,110.20,111.30,-273336.58,-0.99,27653984.40,-5655.82,27284847.60,-5655.82,-1.55
SLONG,2026-03-20,-136187.93,-258172.10,112.07,112.62,-136187.93,-0.49,27653984.40,258172.10,27284847.60,258172.10,-0.49
PSAR,2026-03-20,6743874.94,326353.86,101.23,101.54,-169621.20,-0.31,55307969.12,6587142.28,54569695.18,-234069.62,-0.73
LONG,2026-03-20,-409524.51,-252516.28,111.14,111.97,-409524.51,-0.74,55307968.80,252516.28,54569695.20,252516.28,-0.77
Total Portfolio Value,2026-03-20,6330729.71,78355.86,112.20,113.39,-582766.43,-1.05,55307969.00,6835140.28,54569695.00,13928.38,-1.05
Zerodha Total Portfolio,2026-03-20,54634395.27,0.00,110.18,109.95,115686.27,0.21,54518709.00,54518709.00,55366273.52,-847564.52,-1.32
NPSAR1,2026-03-23,191134.02,-4333.04,103.81,103.54,3864.25,0.26,1498158.12,191602.81,1536332.48,-438.75,0.00
NPSAR10,2026-03-23,389446.99,7411.09,104.41,105.41,-31909.98,-0.95,3370855.75,413945.88,3456748.06,-18147.63,-1.96
NPSAR11,2026-03-23,447421.97,5346.70,100.87,100.10,26065.00,0.77,3370855.75,416010.27,3456748.06,-16083.24,-0.28
NPSAR12,2026-03-23,447421.97,7918.62,100.45,99.68,26065.00,0.77,3370855.75,413438.35,3456748.06,-18655.16,-0.27
NPSAR13,2026-03-23,438720.93,171.55,102.60,102.07,17363.96,0.52,3370855.75,421185.42,3456748.06,-10908.09,0.00
NPSAR2,2026-03-23,191134.02,-4333.04,101.47,101.21,3864.25,0.26,1498158.12,191602.81,1536332.48,-438.75,0.00
NPSAR3,2026-03-23,201615.27,-2971.29,101.32,100.36,14345.50,0.96,1498158.12,190241.06,1536332.48,-1800.50,-2.12
NPSAR4,2026-03-23,198839.77,-3143.54,100.30,99.53,11570.00,0.77,1498158.12,190413.31,1536332.48,-1628.25,-0.99
NPSAR5,2026-03-23,197526.77,-3481.54,98.21,97.54,10257.00,0.68,1498158.12,190751.31,1536332.48,-1290.25,-2.91
NPSAR6,2026-03-23,195183.52,-3832.54,100.50,99.97,7913.75,0.53,1498158.12,191102.31,1536332.48,-939.25,-0.93
NPSAR7,2026-03-23,195183.52,-3832.54,100.58,100.05,7913.75,0.53,1498158.12,191102.31,1536332.48,-939.25,-0.28
NPSAR8,2026-03-23,195183.52,-3832.54,98.53,98.01,7913.75,0.53,1498158.12,191102.31,1536332.48,-939.25,-2.20
NPSAR9,2026-03-23,195183.52,-3832.54,101.70,101.17,7913.75,0.53,1498158.12,191102.31,1536332.48,-939.25,-0.18
SPSAR1,2026-03-23,201971.77,-4472.79,105.84,104.81,14702.00,0.98,1498158.12,191742.56,1536332.48,-299.00,0.00
SPSAR10,2026-03-23,383041.27,12888.51,102.91,104.09,-38315.70,-1.14,3370855.75,408468.46,3456748.06,-23625.05,-2.10
SPSAR11,2026-03-23,447896.97,9112.62,104.05,103.24,26540.00,0.79,3370855.75,412244.35,3456748.06,-19849.16,0.00
SPSAR12,2026-03-23,446688.97,12117.46,103.62,102.85,25332.00,0.75,3370855.75,409239.51,3456748.06,-22854.00,0.00
SPSAR13,2026-03-23,435395.84,14343.83,100.51,100.09,14038.87,0.42,3370855.75,407013.14,3456748.06,-25080.37,-0.53
SPSAR2,2026-03-23,201971.77,-4472.79,102.25,101.26,14702.00,0.98,1498158.12,191742.56,1536332.48,-299.00,0.00
SPSAR3,2026-03-23,202705.77,-4109.79,101.06,100.03,15436.00,1.03,1498158.12,191379.56,1536332.48,-662.00,-2.23
SPSAR4,2026-03-23,202705.77,-4109.79,100.55,99.52,15436.00,1.03,1498158.12,191379.56,1536332.48,-662.00,-1.18
SPSAR5,2026-03-23,203484.77,-4635.79,97.21,96.17,16215.00,1.08,1498158.12,191905.56,1536332.48,-136.00,-4.09
SPSAR6,2026-03-23,204376.77,-3920.79,99.88,98.75,17107.00,1.14,1498158.12,191190.56,1536332.48,-851.00,-1.72
SPSAR7,2026-03-23,204376.77,-3920.79,100.29,99.16,17107.00,1.14,1498158.12,191190.56,1536332.48,-851.00,-0.22
SPSAR8,2026-03-23,204376.77,-3920.79,102.90,101.74,17107.00,1.14,1498158.12,191190.56,1536332.48,-851.00,0.00
SPSAR9,2026-03-23,204982.77,-4317.79,103.14,101.93,17713.00,1.18,1498158.12,191587.56,1536332.48,-454.00,0.00
NLONG1,2026-03-23,-3189.26,13344.67,109.04,109.35,-3189.26,-0.28,1123618.58,-13344.67,1152249.35,-13344.67,-2.49
NLONG10,2026-03-23,-8678.70,15748.81,111.92,112.79,-8678.70,-0.77,1123618.58,-15748.81,1152249.35,-15748.81,-2.79
NLONG11,2026-03-23,-10377.09,11527.71,113.12,114.17,-10377.09,-0.92,1123618.58,-11527.71,1152249.35,-11527.71,-3.91
NLONG12,2026-03-23,13363.99,12803.38,114.53,113.18,13363.99,1.19,1123618.58,-12803.38,1152249.35,-12803.38,-0.12
NLONG13,2026-03-23,14792.91,8370.35,112.07,110.61,14792.91,1.32,1123618.58,-8370.35,1152249.35,-8370.35,0.00
NLONG14,2026-03-23,13997.99,8931.36,112.44,111.06,13997.99,1.25,1123618.58,-8931.36,1152249.35,-8931.36,0.00
NLONG15,2026-03-23,16641.50,9203.86,109.76,108.16,16641.50,1.48,1123618.58,-9203.86,1152249.35,-9203.86,0.00
NLONG16,2026-03-23,13286.49,10127.19,111.55,110.25,13286.49,1.18,1123618.58,-10127.19,1152249.35,-10127.19,0.00
NLONG17,2026-03-23,14558.75,8398.53,113.24,111.79,14558.75,1.30,1123618.58,-8398.53,1152249.35,-8398.53,0.00
NLONG18,2026-03-23,13997.99,8313.04,112.81,111.42,13997.99,1.25,1123618.58,-8313.04,1152249.35,-8313.04,0.00
NLONG19,2026-03-23,15214.07,7623.70,107.28,105.85,15214.07,1.35,1123618.58,-7623.70,1152249.35,-7623.70,-0.22
NLONG2,2026-03-23,-8796.27,16416.21,101.68,102.48,-8796.27,-0.78,1123618.58,-16416.21,1152249.35,-16416.21,-3.47
NLONG20,2026-03-23,12123.38,8429.26,108.83,107.67,12123.38,1.08,1123618.58,-8429.26,1152249.35,-8429.26,-0.69
NLONG21,2026-03-23,13131.32,8398.53,112.91,111.61,13131.32,1.17,1123618.58,-8398.53,1152249.35,-8398.53,0.00
NLONG22,2026-03-23,12821.82,8313.04,112.96,111.69,12821.82,1.14,1123618.58,-8313.04,1152249.35,-8313.04,0.00
NLONG23,2026-03-23,16707.72,6371.51,113.07,111.41,16707.72,1.49,1123618.58,-6371.51,1152249.35,-6371.51,0.00
NLONG24,2026-03-23,13103.16,7621.98,114.96,113.63,13103.16,1.17,1123618.58,-7621.98,1152249.35,-7621.98,0.00
NLONG3,2026-03-23,-9483.43,12496.10,107.01,107.92,-9483.43,-0.84,1123618.58,-12496.10,1152249.35,-12496.10,-4.80
NLONG4,2026-03-23,-8592.52,16597.00,106.15,106.97,-8592.52,-0.76,1123618.58,-16597.00,1152249.35,-16597.00,-4.06
NLONG5,2026-03-23,-10144.97,13491.15,109.83,110.83,-10144.97,-0.90,1123618.58,-13491.15,1152249.35,-13491.15,-4.11
NLONG6,2026-03-23,-8472.95,16416.21,107.67,108.49,-8472.95,-0.75,1123618.58,-16416.21,1152249.35,-16416.21,-3.33
NLONG7,2026-03-23,-10073.72,13448.86,111.21,112.22,-10073.72,-0.90,1123618.58,-13448.86,1152249.35,-13448.86,-3.80
NLONG8,2026-03-23,-8935.55,16597.00,106.94,107.80,-8935.55,-0.80,1123618.58,-16597.00,1152249.35,-16597.00,-3.90
NLONG9,2026-03-23,-7838.64,14347.13,112.31,113.10,-7838.64,-0.70,1123618.58,-14347.13,1152249.35,-14347.13,-2.93
SLONG1,2026-03-23,-3752.97,2282.67,109.73,110.10,-3752.97,-0.33,1123618.58,-2282.67,1152249.35,-2282.67,-3.03
SLONG10,2026-03-23,14471.89,8838.07,109.10,107.71,14471.89,1.29,1123618.58,-8838.07,1152249.35,-8838.07,0.00
SLONG11,2026-03-23,-814.47,0.00,115.16,115.24,-814.47,-0.07,1123618.58,0.00,1152249.35,0.00,-0.07
SLONG12,2026-03-23,13716.61,7921.79,115.06,113.67,13716.61,1.22,1123618.58,-7921.79,1152249.35,-7921.79,0.00
SLONG13,2026-03-23,14666.17,6741.13,111.73,110.29,14666.17,1.31,1123618.58,-6741.13,1152249.35,-6741.13,0.00
SLONG14,2026-03-23,13685.75,6885.17,111.68,110.34,13685.75,1.22,1123618.58,-6885.17,1152249.35,-6885.17,0.00
SLONG15,2026-03-23,15256.10,843.83,119.28,117.68,15256.10,1.36,1123618.58,-843.83,1152249.35,-843.83,0.00
SLONG16,2026-03-23,12471.80,6744.80,114.45,113.19,12471.80,1.11,1123618.58,-6744.80,1152249.35,-6744.80,0.00
SLONG17,2026-03-23,14178.32,5710.34,113.12,111.71,14178.32,1.26,1123618.58,-5710.34,1152249.35,-5710.34,0.00
SLONG18,2026-03-23,13685.75,6054.70,112.37,111.02,13685.75,1.22,1123618.58,-6054.70,1152249.35,-6054.70,0.00
SLONG19,2026-03-23,16087.93,-1292.79,123.23,121.49,16087.93,1.43,1123618.58,1292.79,1152249.35,1292.79,0.00
SLONG2,2026-03-23,-10236.10,13845.67,97.39,98.29,-10236.10,-0.91,1123618.58,-13845.67,1152249.35,-13845.67,-3.95
SLONG20,2026-03-23,13036.94,4808.50,118.42,117.06,13036.94,1.16,1123618.58,-4808.50,1152249.35,-4808.50,0.00
SLONG21,2026-03-23,14206.46,5710.34,112.85,111.44,14206.46,1.26,1123618.58,-5710.34,1152249.35,-5710.34,0.00
SLONG22,2026-03-23,13713.89,6054.70,111.03,109.69,13713.89,1.22,1123618.58,-6054.70,1152249.35,-6054.70,0.00
SLONG23,2026-03-23,16491.99,-1178.03,123.87,122.08,16491.99,1.47,1123618.58,1178.03,1152249.35,1178.03,0.00
SLONG24,2026-03-23,13441.00,5046.07,119.08,117.67,13441.00,1.20,1123618.58,-5046.07,1152249.35,-5046.07,0.00
SLONG3,2026-03-23,-9314.61,5414.19,107.35,108.25,-9314.61,-0.83,1123618.58,-5414.19,1152249.35,-5414.19,-5.43
SLONG4,2026-03-23,-10064.94,6249.82,106.59,107.55,-10064.94,-0.90,1123618.58,-6249.82,1152249.35,-6249.82,-3.47
SLONG5,2026-03-23,-10150.88,1797.48,109.10,110.09,-10150.88,-0.90,1123618.58,-1797.48,1152249.35,-1797.48,-4.51
SLONG6,2026-03-23,-10236.10,13845.67,104.70,105.66,-10236.10,-0.91,1123618.58,-13845.67,1152249.35,-13845.67,-3.21
SLONG7,2026-03-23,-10477.19,5373.92,115.28,116.37,-10477.19,-0.93,1123618.58,-5373.92,1152249.35,-5373.92,-1.40
SLONG8,2026-03-23,-9926.26,6249.82,110.83,111.82,-9926.26,-0.88,1123618.58,-6249.82,1152249.35,-6249.82,-3.46
SLONG9,2026-03-23,-9102.98,12240.07,111.13,112.04,-9102.98,-0.81,1123618.58,-12240.07,1152249.35,-12240.07,-3.87
Large Cap Stock Holdings,2026-03-23,25278745.00,0.00,91.76,93.71,-537757.50,-2.08,25816502.50,25816502.50,25486227.50,330275.00,-9.45
Liquidcase Stock Holdings,2026-03-23,12630755.20,0.00,100.84,100.83,1115.20,0.01,12629640.00,12629640.00,12622948.80,6691.20,0.00
Small Cap Stock Holdings,2026-03-23,12243200.00,0.00,101.45,106.59,-620500.00,-4.82,12863700.00,12863700.00,12501625.00,362075.00,-9.82
Debt Stock Holdings,2026-03-23,12630755.20,0.00,100.84,100.83,1115.20,0.01,12629640.00,12629640.00,12622948.80,6691.20,0.00
Equity Stock Holdings,2026-03-23,37521945.00,0.00,94.65,97.57,-1158257.50,-2.99,38680202.50,38680202.50,37987852.50,692350.00,-9.11
Stock Holdings,2026-03-23,50152700.20,0.00,95.59,97.80,-1157142.30,-2.26,51309842.50,51309842.50,50610801.30,699041.20,-7.71
Miscellaneous P&L,2026-03-23,0.00,0.00,100.00,100.00,0.00,0.00,0.00,0.00,0.00,0.00,0.00
Total Tax,2026-03-23,-3797.14,3620.72,100.00,100.00,-3797.14,0.00,0.00,-3620.72,0.00,0.00,0.00
Equity Holdings Tax,2026-03-23,0.00,0.00,100.00,100.00,0.00,0.00,0.00,0.00,0.00,0.00,0.00
Equity Intraday Tax,2026-03-23,0.00,0.00,100.00,100.00,0.00,0.00,0.00,0.00,0.00,0.00,0.00
F&O Tax,2026-03-23,-3797.14,3620.72,100.00,100.00,-3797.14,0.00,0.00,-3620.72,0.00,0.00,0.00
MCX Tax,2026-03-23,0.00,0.00,100.00,100.00,0.00,0.00,0.00,0.00,0.00,0.00,0.00
Total Other Debits and Credits,2026-03-23,0.00,588.50,100.00,100.00,0.00,0.00,0.00,-588.50,0.00,0.00,0.00
Equity Other Debits and Credits,2026-03-23,0.00,588.50,100.00,100.00,0.00,0.00,0.00,-588.50,0.00,0.00,0.00
NPSAR,2026-03-23,3483995.74,-12744.70,101.41,100.99,113139.98,0.42,26966846.08,3383600.45,27653984.56,-73147.62,-0.27
SPSAR,2026-03-23,3543975.93,10581.26,102.13,101.47,173120.17,0.64,26966846.08,3360274.49,27653984.56,-96473.58,-0.14
NLONG,2026-03-23,89157.99,273336.58,110.56,110.20,89157.99,0.33,26966845.92,-273336.58,27653984.40,-273336.58,-1.23
SLONG,2026-03-23,115034.10,136187.93,112.55,112.07,115034.10,0.43,26966845.92,-136187.93,27653984.40,-136187.93,-0.07
PSAR,2026-03-23,7027971.67,-2163.44,101.77,101.23,286260.15,0.53,53933692.16,6743874.94,55307969.12,-169621.20,-0.21
LONG,2026-03-23,204192.09,409524.51,111.56,111.14,204192.09,0.38,53933691.84,-409524.51,55307968.80,-409524.51,-0.39
Total Portfolio Value,2026-03-23,7228366.62,410981.79,113.21,112.20,486655.10,0.90,53933692.00,6330729.71,55307969.00,-582766.43,-0.16
Zerodha Total Portfolio,2026-03-23,53963908.07,0.00,108.82,110.18,-670487.20,-1.23,54634395.27,54634395.27,54518709.00,115686.27,-2.54
NPSAR1,2026-03-24,191485.51,324.03,103.81,103.81,27.46,0.00,1531664.40,191134.02,1498158.12,3864.25,0.00
NPSAR10,2026-03-24,431951.41,41333.62,104.45,104.41,1170.80,0.03,3446244.88,389446.99,3370855.75,-31909.98,-1.92
NPSAR11,2026-03-24,446586.60,-16641.36,101.33,100.87,15805.99,0.46,3446244.88,447421.97,3370855.75,26065.00,0.00
NPSAR12,2026-03-24,445635.55,-16641.36,100.88,100.45,14854.94,0.43,3446244.88,447421.97,3370855.75,26065.00,0.00
NPSAR13,2026-03-24,386747.54,-7940.32,101.29,102.60,-44033.07,-1.28,3446244.88,438720.93,3370855.75,17363.96,-1.28
NPSAR2,2026-03-24,191859.99,324.03,101.50,101.47,401.94,0.03,1531664.40,191134.02,1498158.12,3864.25,0.00
NPSAR3,2026-03-24,192559.84,-10157.21,101.39,101.32,1101.79,0.07,1531664.40,201615.26,1498158.12,14345.50,-2.05
NPSAR4,2026-03-24,192285.71,-7381.71,100.35,100.30,827.66,0.05,1531664.40,198839.76,1498158.12,11570.00,-0.94
NPSAR5,2026-03-24,192139.15,-6068.71,98.25,98.21,681.10,0.04,1531664.40,197526.76,1498158.12,10257.00,-2.87
NPSAR6,2026-03-24,191682.12,-3725.47,100.51,100.50,224.07,0.01,1531664.40,195183.52,1498158.12,7913.75,-0.92
NPSAR7,2026-03-24,192092.03,-3725.47,100.62,100.58,633.98,0.04,1531664.40,195183.52,1498158.12,7913.75,-0.24
NPSAR8,2026-03-24,189228.87,-3725.47,98.39,98.53,-2229.18,-0.15,1531664.40,195183.52,1498158.12,7913.75,-2.34
NPSAR9,2026-03-24,192299.97,-3725.47,101.76,101.70,841.92,0.05,1531664.40,195183.52,1498158.12,7913.75,-0.12
SPSAR1,2026-03-24,189389.05,-10513.71,105.70,105.84,-2069.00,-0.14,1531664.40,201971.76,1498158.12,14702.00,-0.13
SPSAR10,2026-03-24,422965.90,47739.34,102.68,102.91,-7814.71,-0.23,3446244.88,383041.27,3370855.75,-38315.70,-2.32
SPSAR11,2026-03-24,435237.77,-17116.36,104.18,104.05,4457.16,0.13,3446244.88,447896.97,3370855.75,26540.00,0.00
SPSAR12,2026-03-24,402386.93,-15908.36,102.77,103.62,-28393.68,-0.82,3446244.88,446688.97,3370855.75,25332.00,-0.82
SPSAR13,2026-03-24,385517.91,-4615.23,99.19,100.51,-45262.70,-1.31,3446244.88,435395.84,3370855.75,14038.87,-1.84
SPSAR2,2026-03-24,189389.05,-10513.71,102.11,102.25,-2069.00,-0.14,1531664.40,201971.76,1498158.12,14702.00,-0.14
SPSAR3,2026-03-24,189016.05,-11247.71,100.90,101.06,-2442.00,-0.16,1531664.40,202705.76,1498158.12,15436.00,-2.38
SPSAR4,2026-03-24,189016.05,-11247.71,100.39,100.55,-2442.00,-0.16,1531664.40,202705.76,1498158.12,15436.00,-1.34
SPSAR5,2026-03-24,188576.05,-12026.71,97.03,97.21,-2882.00,-0.19,1531664.40,203484.76,1498158.12,16215.00,-4.27
SPSAR6,2026-03-24,188178.05,-12918.71,99.67,99.88,-3280.00,-0.21,1531664.40,204376.76,1498158.12,17107.00,-1.93
SPSAR7,2026-03-24,181453.60,-12918.71,99.63,100.29,-10004.45,-0.65,1531664.40,204376.76,1498158.12,17107.00,-0.88
SPSAR8,2026-03-24,183928.68,-12918.71,102.39,102.90,-7529.37,-0.49,1531664.40,204376.76,1498158.12,17107.00,-0.50
SPSAR9,2026-03-24,186870.66,-13524.71,102.83,103.14,-4587.39,-0.30,1531664.40,204982.76,1498158.12,17713.00,-0.30
NLONG1,2026-03-24,-22234.75,3189.26,106.93,109.04,-22234.75,-1.94,1148748.29,-3189.26,1123618.58,-3189.26,-4.38
NLONG10,2026-03-24,-19546.68,8678.70,110.02,111.92,-19546.68,-1.70,1148748.29,-8678.70,1123618.58,-8678.70,-4.44
NLONG11,2026-03-24,-24240.90,10377.09,110.73,113.12,-24240.90,-2.11,1148748.29,-10377.09,1123618.58,-10377.09,-5.94
NLONG12,2026-03-24,-19618.49,-13363.99,112.57,114.53,-19618.49,-1.71,1148748.29,13363.99,1123618.58,13363.99,-1.83
NLONG13,2026-03-24,-10306.46,-14792.91,111.06,112.07,-10306.46,-0.90,1148748.29,14792.91,1123618.58,14792.91,-0.90
NLONG14,2026-03-24,-10335.52,-13997.99,111.43,112.44,-10335.52,-0.90,1148748.29,13997.99,1123618.58,13997.99,-0.90
NLONG15,2026-03-24,-18299.46,-16641.50,108.01,109.76,-18299.46,-1.59,1148748.29,16641.50,1123618.58,16641.50,-1.59
NLONG16,2026-03-24,-16378.83,-13286.49,109.96,111.55,-16378.83,-1.43,1148748.29,13286.49,1123618.58,13286.49,-1.43
NLONG17,2026-03-24,-13407.38,-14558.75,111.92,113.24,-13407.38,-1.17,1148748.29,14558.75,1123618.58,14558.75,-1.17
NLONG18,2026-03-24,-13436.44,-13997.99,111.49,112.81,-13436.44,-1.17,1148748.29,13997.99,1123618.58,13997.99,-1.17
NLONG19,2026-03-24,-5641.54,-15214.07,106.75,107.28,-5641.54,-0.49,1148748.29,15214.07,1123618.58,15214.07,-0.72
NLONG2,2026-03-24,-19340.54,8796.27,99.97,101.68,-19340.54,-1.68,1148748.29,-8796.27,1123618.58,-8796.27,-5.09
NLONG20,2026-03-24,-521.70,-12123.38,108.78,108.83,-521.70,-0.05,1148748.29,12123.38,1123618.58,12123.38,-0.74
NLONG21,2026-03-24,1891.98,-13131.32,113.10,112.91,1891.98,0.16,1148748.29,13131.32,1123618.58,13131.32,0.00
NLONG22,2026-03-24,3386.85,-12821.82,113.29,112.96,3386.85,0.29,1148748.29,12821.82,1123618.58,12821.82,0.00
NLONG23,2026-03-24,-2928.66,-16707.72,112.78,113.07,-2928.66,-0.25,1148748.29,16707.72,1123618.58,16707.72,-0.26
NLONG24,2026-03-24,222.14,-13103.16,114.98,114.96,222.14,0.02,1148748.29,13103.16,1123618.58,13103.16,0.00
NLONG3,2026-03-24,-25487.13,9483.43,104.64,107.01,-25487.13,-2.22,1148748.29,-9483.43,1123618.58,-9483.43,-6.90
NLONG4,2026-03-24,-18539.57,8592.52,104.44,106.15,-18539.57,-1.61,1148748.29,-8592.52,1123618.58,-8592.52,-5.60
NLONG5,2026-03-24,-18916.20,10144.97,108.02,109.83,-18916.20,-1.65,1148748.29,-10144.97,1123618.58,-10144.97,-5.69
NLONG6,2026-03-24,-18958.16,8472.95,105.89,107.67,-18958.16,-1.65,1148748.29,-8472.95,1123618.58,-8472.95,-4.93
NLONG7,2026-03-24,-22324.09,10073.72,109.05,111.21,-22324.09,-1.94,1148748.29,-10073.72,1123618.58,-10073.72,-5.67
NLONG8,2026-03-24,-17072.23,8935.55,105.35,106.94,-17072.23,-1.49,1148748.29,-8935.55,1123618.58,-8935.55,-5.33
NLONG9,2026-03-24,-19504.72,7838.64,110.40,112.31,-19504.72,-1.70,1148748.29,-7838.64,1123618.58,-7838.64,-4.58
SLONG1,2026-03-24,-18826.07,3752.97,107.93,109.73,-18826.07,-1.64,1148748.29,-3752.97,1123618.58,-3752.97,-4.62
SLONG10,2026-03-24,-11797.03,-14471.89,107.98,109.10,-11797.03,-1.03,1148748.29,14471.89,1123618.58,14471.89,-1.03
SLONG11,2026-03-24,-14197.47,814.47,113.74,115.16,-14197.47,-1.24,1148748.29,-814.47,1123618.58,-814.47,-1.30
SLONG12,2026-03-24,-12449.57,-13716.61,113.81,115.06,-12449.57,-1.08,1148748.29,13716.61,1123618.58,13716.61,-1.09
SLONG13,2026-03-24,-9427.96,-14666.17,110.81,111.73,-9427.96,-0.82,1148748.29,14666.17,1123618.58,14666.17,-0.82
SLONG14,2026-03-24,5109.84,-13685.75,112.18,111.68,5109.84,0.44,1148748.29,13685.75,1123618.58,13685.75,0.00
SLONG15,2026-03-24,9028.63,-15256.10,120.22,119.28,9028.63,0.79,1148748.29,15256.10,1123618.58,15256.10,0.00
SLONG16,2026-03-24,6819.73,-12471.80,115.13,114.45,6819.73,0.59,1148748.29,12471.80,1123618.58,12471.80,0.00
SLONG17,2026-03-24,4032.96,-14178.32,113.52,113.12,4032.96,0.35,1148748.29,14178.32,1123618.58,14178.32,0.00
SLONG18,2026-03-24,3813.47,-13685.75,112.74,112.37,3813.47,0.33,1148748.29,13685.75,1123618.58,13685.75,0.00
SLONG19,2026-03-24,5010.33,-16087.93,123.77,123.23,5010.33,0.44,1148748.29,16087.93,1123618.58,16087.93,0.00
SLONG2,2026-03-24,-16727.05,10236.10,95.97,97.39,-16727.05,-1.46,1148748.29,-10236.10,1123618.58,-10236.10,-5.35
SLONG20,2026-03-24,2801.43,-13036.94,118.71,118.42,2801.43,0.24,1148748.29,13036.94,1123618.58,13036.94,0.00
SLONG21,2026-03-24,4205.12,-14206.46,113.26,112.85,4205.12,0.37,1148748.29,14206.46,1123618.58,14206.46,0.00
SLONG22,2026-03-24,3985.63,-13713.89,111.42,111.03,3985.63,0.35,1148748.29,13713.89,1123618.58,13713.89,0.00
SLONG23,2026-03-24,8328.66,-16491.99,124.77,123.87,8328.66,0.73,1148748.29,16491.99,1123618.58,16491.99,0.00
SLONG24,2026-03-24,5861.52,-13441.00,119.69,119.08,5861.52,0.51,1148748.29,13441.00,1123618.58,13441.00,0.00
SLONG3,2026-03-24,-19831.01,9314.61,105.50,107.35,-19831.01,-1.73,1148748.29,-9314.61,1123618.58,-9314.61,-7.06
SLONG4,2026-03-24,-17137.96,10064.94,105.00,106.59,-17137.96,-1.49,1148748.29,-10064.94,1123618.58,-10064.94,-4.91
SLONG5,2026-03-24,-16877.71,10150.88,107.50,109.10,-16877.71,-1.47,1148748.29,-10150.88,1123618.58,-10150.88,-5.91
SLONG6,2026-03-24,-16466.56,10236.10,103.20,104.70,-16466.56,-1.43,1148748.29,-10236.10,1123618.58,-10236.10,-4.59
SLONG7,2026-03-24,-20228.14,10477.19,113.25,115.28,-20228.14,-1.76,1148748.29,-10477.19,1123618.58,-10477.19,-3.14
SLONG8,2026-03-24,-16934.39,9926.26,109.20,110.83,-16934.39,-1.47,1148748.29,-9926.26,1123618.58,-9926.26,-4.88
SLONG9,2026-03-24,-16360.23,9102.98,109.55,111.13,-16360.23,-1.42,1148748.29,-9102.98,1123618.58,-9102.98,-5.23
Large Cap Stock Holdings,2026-03-24,25577607.50,0.00,92.84,91.76,298862.50,1.18,25278745.00,25278745.00,25816502.50,-537757.50,-8.39
Liquidcase Stock Holdings,2026-03-24,12631870.40,0.00,100.85,100.84,1115.20,0.01,12630755.20,12630755.20,12629640.00,1115.20,0.00
Small Cap Stock Holdings,2026-03-24,12955825.00,0.00,107.35,101.45,712625.00,5.82,12243200.00,12243200.00,12863700.00,-620500.00,-4.58
Debt Stock Holdings,2026-03-24,12631870.40,0.00,100.85,100.84,1115.20,0.01,12630755.20,12630755.20,12629640.00,1115.20,0.00
Equity Stock Holdings,2026-03-24,38533432.50,0.00,97.21,94.65,1011487.50,2.70,37521945.00,37521945.00,38680202.50,-1158257.50,-6.65
Stock Holdings,2026-03-24,51165302.90,0.00,97.52,95.59,1012602.70,2.02,50152700.20,50152700.20,51309842.50,-1157142.30,-5.85
Miscellaneous P&L,2026-03-24,0.00,0.00,100.00,100.00,0.00,0.00,0.00,0.00,0.00,0.00,0.00
Total Tax,2026-03-24,-5100.41,3797.14,100.00,100.00,-5100.41,0.00,0.00,-3797.14,0.00,0.00,0.00
Equity Holdings Tax,2026-03-24,0.00,0.00,100.00,100.00,0.00,0.00,0.00,0.00,0.00,0.00,0.00
Equity Intraday Tax,2026-03-24,0.00,0.00,100.00,100.00,0.00,0.00,0.00,0.00,0.00,0.00,0.00
F&O Tax,2026-03-24,-5100.41,3797.14,100.00,100.00,-5100.41,0.00,0.00,-3797.14,0.00,0.00,0.00
MCX Tax,2026-03-24,0.00,0.00,100.00,100.00,0.00,0.00,0.00,0.00,0.00,0.00,0.00
Total Other Debits and Credits,2026-03-24,0.00,0.00,100.00,100.00,0.00,0.00,0.00,0.00,0.00,0.00,0.00
Equity Other Debits and Credits,2026-03-24,0.00,0.00,100.00,100.00,0.00,0.00,0.00,0.00,0.00,0.00,0.00
NPSAR,2026-03-24,3436554.29,-37750.87,101.38,101.41,-9690.60,-0.04,27569959.12,3483995.74,26966846.08,113139.98,-0.31
SPSAR,2026-03-24,3331925.75,-97731.00,101.70,102.13,-114319.14,-0.41,27569959.12,3543975.93,26966846.08,173120.17,-0.56
NLONG,2026-03-24,-331538.48,-89157.99,109.23,110.56,-331538.48,-1.20,27569958.96,89157.99,26966845.92,89157.99,-2.42
SLONG,2026-03-24,-148263.83,-115034.10,111.94,112.55,-148263.83,-0.54,27569958.96,115034.10,26966845.92,115034.10,-0.61
PSAR,2026-03-24,6768480.04,-135481.87,101.54,101.77,-124009.74,-0.22,55139918.24,7027971.67,53933692.16,286260.15,-0.43
LONG,2026-03-24,-479802.31,-204192.09,110.59,111.56,-479802.31,-0.87,55139917.92,204192.09,53933691.84,204192.09,-1.26
Total Portfolio Value,2026-03-24,6283577.32,-335876.82,111.96,113.21,-608912.46,-1.10,55139918.00,7228366.62,53933692.00,486655.10,-1.26
Zerodha Total Portfolio,2026-03-24,54367598.31,0.00,109.64,108.82,403690.24,0.75,53963908.07,53963908.07,54634395.27,-670487.20,-1.81
NPSAR1,2026-03-25,172309.30,-6091.71,102.89,103.81,-13084.50,-0.88,1483150.43,191485.51,1531664.40,27.46,-0.89
NPSAR10,2026-03-25,439281.56,-14815.36,105.14,104.45,22145.50,0.66,3337088.44,431951.41,3446244.88,1170.80,-1.28
NPSAR11,2026-03-25,439281.56,-29450.55,102.00,101.33,22145.50,0.66,3337088.44,446586.60,3446244.88,15805.99,0.00
NPSAR12,2026-03-25,440473.43,-28499.50,101.59,100.88,23337.37,0.70,3337088.44,445635.55,3446244.88,14854.94,0.00
NPSAR13,2026-03-25,441364.78,30388.52,102.03,101.29,24228.72,0.73,3337088.44,386747.54,3446244.88,-44033.07,-0.56
NPSAR2,2026-03-25,161220.72,-6466.19,99.85,101.50,-24173.08,-1.63,1483150.43,191859.99,1531664.40,401.94,-1.63
NPSAR3,2026-03-25,166816.53,-7166.04,100.12,101.39,-18577.27,-1.25,1483150.43,192559.84,1531664.40,1101.79,-3.28
NPSAR4,2026-03-25,174222.26,-6891.91,99.59,100.35,-11171.54,-0.75,1483150.43,192285.71,1531664.40,827.66,-1.69
NPSAR5,2026-03-25,180630.94,-6745.35,97.93,98.25,-4762.86,-0.32,1483150.43,192139.15,1531664.40,681.10,-3.18
NPSAR6,2026-03-25,182394.36,-6288.32,100.31,100.51,-2999.44,-0.20,1483150.43,191682.12,1531664.40,224.07,-1.11
NPSAR7,2026-03-25,184945.46,-6698.23,100.59,100.62,-448.34,-0.03,1483150.43,192092.03,1531664.40,633.98,-0.27
NPSAR8,2026-03-25,196466.55,-3835.07,99.12,98.39,11072.75,0.75,1483150.43,189228.87,1531664.40,-2229.18,-1.62
NPSAR9,2026-03-25,196466.55,-6906.17,102.52,101.76,11072.75,0.75,1483150.43,192299.97,1531664.40,841.92,0.00
SPSAR1,2026-03-25,175292.71,-3995.25,104.98,105.70,-10101.09,-0.68,1483150.43,189389.05,1531664.40,-2069.00,-0.81
SPSAR10,2026-03-25,432845.30,-5829.85,103.16,102.68,15709.24,0.47,3337088.44,422965.90,3446244.88,-7814.71,-1.86
SPSAR11,2026-03-25,432557.09,-18101.72,104.66,104.18,15421.03,0.46,3337088.44,435237.77,3446244.88,4457.16,0.00
SPSAR12,2026-03-25,431003.38,14749.13,103.20,102.77,13867.32,0.42,3337088.44,402386.93,3446244.88,-28393.68,-0.41
SPSAR13,2026-03-25,436486.77,31618.15,99.77,99.19,19350.71,0.58,3337088.44,385517.91,3446244.88,-45262.70,-1.27
SPSAR2,2026-03-25,162982.22,-3995.25,100.57,102.11,-22411.58,-1.51,1483150.43,189389.05,1531664.40,-2069.00,-1.64
SPSAR3,2026-03-25,172305.00,-3622.25,100.01,100.90,-13088.80,-0.88,1483150.43,189016.05,1531664.40,-2442.00,-3.24
SPSAR4,2026-03-25,181895.12,-3622.25,100.15,100.39,-3498.68,-0.24,1483150.43,189016.05,1531664.40,-2442.00,-1.57
SPSAR5,2026-03-25,185638.15,-3182.25,97.05,97.03,244.35,0.02,1483150.43,188576.05,1531664.40,-2882.00,-4.25
SPSAR6,2026-03-25,187517.24,-2784.25,99.81,99.67,2123.44,0.14,1483150.43,188178.05,1531664.40,-3280.00,-1.79
SPSAR7,2026-03-25,199265.10,3940.20,100.56,99.63,13871.30,0.94,1483150.43,181453.60,1531664.40,-10004.45,0.00
SPSAR8,2026-03-25,197736.92,1465.12,103.24,102.39,12343.12,0.83,1483150.43,183928.68,1531664.40,-7529.37,0.00
SPSAR9,2026-03-25,195551.25,-1476.86,103.53,102.83,10157.45,0.68,1483150.43,186870.66,1531664.40,-4587.39,0.00
NLONG1,2026-03-25,-4672.36,22234.75,106.48,106.93,-4672.36,-0.42,1112362.81,-22234.75,1148748.29,-22234.75,-4.78
NLONG10,2026-03-25,-10601.63,19546.68,108.97,110.02,-10601.63,-0.95,1112362.81,-19546.68,1148748.29,-19546.68,-5.35
NLONG11,2026-03-25,-4473.36,24240.90,110.28,110.73,-4473.36,-0.40,1112362.81,-24240.90,1148748.29,-24240.90,-6.32
NLONG12,2026-03-25,-4473.36,19618.49,112.12,112.57,-4473.36,-0.40,1112362.81,-19618.49,1148748.29,-19618.49,-2.22
NLONG13,2026-03-25,7044.64,10306.46,111.76,111.06,7044.64,0.63,1112362.81,-10306.46,1148748.29,-10306.46,-0.28
NLONG14,2026-03-25,7168.18,10335.52,112.15,111.43,7168.18,0.64,1112362.81,-10335.52,1148748.29,-10335.52,-0.26
NLONG15,2026-03-25,296.30,18299.46,108.04,108.01,296.30,0.03,1112362.81,-18299.46,1148748.29,-18299.46,-1.57
NLONG16,2026-03-25,607.00,16378.83,110.02,109.96,607.00,0.05,1112362.81,-16378.83,1148748.29,-16378.83,-1.37
NLONG17,2026-03-25,6546.11,13407.38,112.58,111.92,6546.11,0.59,1112362.81,-13407.38,1148748.29,-13407.38,-0.58
NLONG18,2026-03-25,6482.49,13436.44,112.14,111.49,6482.49,0.58,1112362.81,-13436.44,1148748.29,-13436.44,-0.59
NLONG19,2026-03-25,296.30,5641.54,106.78,106.75,296.30,0.03,1112362.81,-5641.54,1148748.29,-5641.54,-0.69
NLONG2,2026-03-25,-6436.12,19340.54,99.39,99.97,-6436.12,-0.58,1112362.81,-19340.54,1148748.29,-19340.54,-5.64
NLONG20,2026-03-25,607.00,521.70,108.84,108.78,607.00,0.05,1112362.81,-521.70,1148748.29,-521.70,-0.68
NLONG21,2026-03-25,6151.96,-1891.98,113.73,113.10,6151.96,0.55,1112362.81,1891.98,1148748.29,1891.98,0.00
NLONG22,2026-03-25,6285.18,-3386.85,113.93,113.29,6285.18,0.57,1112362.81,3386.85,1148748.29,3386.85,0.00
NLONG23,2026-03-25,-119.38,2928.66,112.77,112.78,-119.38,-0.01,1112362.81,-2928.66,1148748.29,-2928.66,-0.27
NLONG24,2026-03-25,-119.38,-222.14,114.97,114.98,-119.38,-0.01,1112362.81,222.14,1148748.29,222.14,-0.01
NLONG3,2026-03-25,-949.69,25487.13,104.55,104.64,-949.69,-0.09,1112362.81,-25487.13,1148748.29,-25487.13,-6.98
NLONG4,2026-03-25,-949.69,18539.57,104.35,104.44,-949.69,-0.09,1112362.81,-18539.57,1148748.29,-18539.57,-5.69
NLONG5,2026-03-25,-7590.45,18916.20,107.28,108.02,-7590.45,-0.68,1112362.81,-18916.20,1148748.29,-18916.20,-6.34
NLONG6,2026-03-25,-7561.40,18958.16,105.17,105.89,-7561.40,-0.68,1112362.81,-18958.16,1148748.29,-18958.16,-5.58
NLONG7,2026-03-25,-3772.92,22324.09,108.68,109.05,-3772.92,-0.34,1112362.81,-22324.09,1148748.29,-22324.09,-5.99
NLONG8,2026-03-25,-3772.92,17072.23,104.99,105.35,-3772.92,-0.34,1112362.81,-17072.23,1148748.29,-17072.23,-5.65
NLONG9,2026-03-25,-10620.99,19504.72,109.35,110.40,-10620.99,-0.95,1112362.81,-19504.72,1148748.29,-19504.72,-5.49
SLONG1,2026-03-25,-3522.44,18826.07,107.59,107.93,-3522.44,-0.32,1112362.81,-18826.07,1148748.29,-18826.07,-4.92
SLONG10,2026-03-25,-2184.96,11797.03,107.77,107.98,-2184.96,-0.20,1112362.81,-11797.03,1148748.29,-11797.03,-1.22
SLONG11,2026-03-25,-6503.60,14197.47,113.08,113.74,-6503.60,-0.58,1112362.81,-14197.47,1148748.29,-14197.47,-1.87
SLONG12,2026-03-25,-372.47,12449.57,113.77,113.81,-372.47,-0.03,1112362.81,-12449.57,1148748.29,-12449.57,-1.12
SLONG13,2026-03-25,6334.65,9427.96,111.44,110.81,6334.65,0.57,1112362.81,-9427.96,1148748.29,-9427.96,-0.26
SLONG14,2026-03-25,5911.68,-5109.84,112.78,112.18,5911.68,0.53,1112362.81,5109.84,1148748.29,5109.84,0.00
SLONG15,2026-03-25,-1136.29,-9028.63,120.10,120.22,-1136.29,-0.10,1112362.81,9028.63,1148748.29,9028.63,-0.10
SLONG16,2026-03-25,1126.52,-6819.73,115.25,115.13,1126.52,0.10,1112362.81,6819.73,1148748.29,6819.73,0.00
SLONG17,2026-03-25,3977.07,-4032.96,113.93,113.52,3977.07,0.36,1112362.81,4032.96,1148748.29,4032.96,0.00
SLONG18,2026-03-25,3750.69,-3813.47,113.12,112.74,3750.69,0.34,1112362.81,3813.47,1148748.29,3813.47,0.00
SLONG19,2026-03-25,-4931.44,-5010.33,123.22,123.77,-4931.44,-0.44,1112362.81,5010.33,1148748.29,5010.33,-0.44
SLONG2,2026-03-25,-579.23,16727.05,95.92,95.97,-579.23,-0.05,1112362.81,-16727.05,1148748.29,-16727.05,-5.40
SLONG20,2026-03-25,-2475.02,-2801.43,118.45,118.71,-2475.02,-0.22,1112362.81,2801.43,1148748.29,2801.43,-0.22
SLONG21,2026-03-25,3977.07,-4205.12,113.66,113.26,3977.07,0.36,1112362.81,4205.12,1148748.29,4205.12,0.00
SLONG22,2026-03-25,3750.69,-3985.63,111.80,111.42,3750.69,0.34,1112362.81,3985.63,1148748.29,3985.63,0.00
SLONG23,2026-03-25,-5294.76,-8328.66,124.18,124.77,-5294.76,-0.48,1112362.81,8328.66,1148748.29,8328.66,-0.47
SLONG24,2026-03-25,-382.91,-5861.52,119.65,119.69,-382.91,-0.03,1112362.81,5861.52,1148748.29,5861.52,-0.03
SLONG3,2026-03-25,-11979.65,19831.01,104.36,105.50,-11979.65,-1.08,1112362.81,-19831.01,1148748.29,-19831.01,-8.06
SLONG4,2026-03-25,-5326.46,17137.96,104.50,105.00,-5326.46,-0.48,1112362.81,-17137.96,1148748.29,-17137.96,-5.36
SLONG5,2026-03-25,-6744.64,16877.71,106.85,107.50,-6744.64,-0.61,1112362.81,-16877.71,1148748.29,-16877.71,-6.48
SLONG6,2026-03-25,-1967.04,16466.56,103.02,103.20,-1967.04,-0.18,1112362.81,-16466.56,1148748.29,-16466.56,-4.76
SLONG7,2026-03-25,-14099.91,20228.14,111.81,113.25,-14099.91,-1.27,1112362.81,-20228.14,1148748.29,-20228.14,-4.37
SLONG8,2026-03-25,-6006.78,16934.39,108.61,109.20,-6006.78,-0.54,1112362.81,-16934.39,1148748.29,-16934.39,-5.39
SLONG9,2026-03-25,-10716.70,16360.23,108.49,109.55,-10716.70,-0.96,1112362.81,-16360.23,1148748.29,-16360.23,-6.15
Large Cap Stock Holdings,2026-03-25,25956022.50,0.00,94.21,92.84,378415.00,1.48,25577607.50,25577607.50,25278745.00,298862.50,-7.04
Liquidcase Stock Holdings,2026-03-25,12636331.20,0.00,100.89,100.85,4460.80,0.04,12631870.40,12631870.40,12630755.20,1115.20,0.00
Small Cap Stock Holdings,2026-03-25,13155075.00,0.00,109.00,107.35,199250.00,1.54,12955825.00,12955825.00,12243200.00,712625.00,-3.11
Debt Stock Holdings,2026-03-25,12636331.20,0.00,100.89,100.85,4460.80,0.04,12631870.40,12631870.40,12630755.20,1115.20,0.00
Equity Stock Holdings,2026-03-25,39111097.50,0.00,98.67,97.21,577665.00,1.50,38533432.50,38533432.50,37521945.00,1011487.50,-5.25
Stock Holdings,2026-03-25,51747428.70,0.00,98.63,97.52,582125.80,1.14,51165302.90,51165302.90,50152700.20,1012602.70,-4.78
Miscellaneous P&L,2026-03-25,0.00,0.00,100.00,100.00,0.00,0.00,0.00,0.00,0.00,0.00,0.00
Total Tax,2026-03-25,-4628.38,5100.41,100.00,100.00,-4628.38,0.00,0.00,-5100.41,0.00,0.00,0.00
Equity Holdings Tax,2026-03-25,0.00,0.00,100.00,100.00,0.00,0.00,0.00,0.00,0.00,0.00,0.00
Equity Intraday Tax,2026-03-25,0.00,0.00,100.00,100.00,0.00,0.00,0.00,0.00,0.00,0.00,0.00
F&O Tax,2026-03-25,-4628.38,5100.41,100.00,100.00,-4628.38,0.00,0.00,-5100.41,0.00,0.00,0.00
MCX Tax,2026-03-25,0.00,0.00,100.00,100.00,0.00,0.00,0.00,0.00,0.00,0.00,0.00
Total Other Debits and Credits,2026-03-25,0.00,0.00,100.00,100.00,0.00,0.00,0.00,0.00,0.00,0.00,0.00
Equity Other Debits and Credits,2026-03-25,0.00,0.00,100.00,100.00,0.00,0.00,0.00,0.00,0.00,0.00,0.00
NPSAR,2026-03-25,3375874.01,-99465.84,101.52,101.38,38785.56,0.15,26696707.63,3436554.29,27569959.12,-9690.60,-0.16
SPSAR,2026-03-25,3391076.26,5162.70,101.91,101.70,53987.81,0.20,26696707.63,3331925.75,27569959.12,-114319.14,-0.36
NLONG,2026-03-25,-24628.49,331538.48,109.13,109.23,-24628.49,-0.09,26696707.44,-331538.48,27569958.96,-331538.48,-2.51
SLONG,2026-03-25,-55395.93,148263.83,111.71,111.94,-55395.93,-0.21,26696707.44,-148263.83,27569958.96,-148263.83,-0.81
PSAR,2026-03-25,6766950.28,-94303.13,101.72,101.54,92773.37,0.17,53393415.26,6768480.04,55139918.24,-124009.74,-0.26
LONG,2026-03-25,-80024.42,479802.31,110.42,110.59,-80024.42,-0.15,53393414.88,-479802.31,55139917.92,-479802.31,-1.41
Total Portfolio Value,2026-03-25,6682297.48,390599.59,111.98,111.96,8120.57,0.02,53393415.00,6283577.32,55139918.00,-608912.46,-1.24
Zerodha Total Portfolio,2026-03-25,54957844.68,0.00,110.83,109.64,590246.37,1.09,54367598.31,54367598.31,53963908.07,403690.24,-0.74
NPSAR1,2026-03-27,212671.32,16487.52,104.52,102.89,23874.50,1.58,1510374.57,172309.30,1483150.43,-13084.50,0.00
NPSAR10,2026-03-27,438132.20,-14488.72,105.55,105.14,13339.36,0.39,3398342.75,439281.56,3337088.44,22145.50,-0.89
NPSAR11,2026-03-27,440468.01,-14488.72,102.47,102.00,15675.17,0.46,3398342.75,439281.56,3337088.44,22145.50,0.00
NPSAR12,2026-03-27,451215.34,-15680.58,102.38,101.59,26422.50,0.78,3398342.75,440473.42,3337088.44,23337.37,0.00
NPSAR13,2026-03-27,451215.34,-16571.94,102.82,102.03,26422.50,0.78,3398342.75,441364.78,3337088.44,24228.72,0.00
NPSAR2,2026-03-27,167996.82,27576.10,98.47,99.85,-20800.00,-1.38,1510374.57,161220.72,1483150.43,-24173.08,-2.99
NPSAR3,2026-03-27,170359.57,21980.29,98.90,100.12,-18437.25,-1.22,1510374.57,166816.53,1483150.43,-18577.27,-4.45
NPSAR4,2026-03-27,173177.32,14574.56,98.56,99.59,-15619.50,-1.03,1510374.57,174222.26,1483150.43,-11171.54,-2.70
NPSAR5,2026-03-27,174921.56,8165.88,97.03,97.93,-13875.26,-0.92,1510374.57,180630.94,1483150.43,-4762.86,-4.07
NPSAR6,2026-03-27,176628.29,6402.46,99.50,100.31,-12168.53,-0.81,1510374.57,182394.36,1483150.43,-2999.44,-1.91
NPSAR7,2026-03-27,180367.91,3851.36,100.03,100.59,-8428.91,-0.56,1510374.57,184945.46,1483150.43,-448.34,-0.82
NPSAR8,2026-03-27,188042.29,-7669.73,99.07,99.12,-754.53,-0.05,1510374.57,196466.55,1483150.43,11072.75,-1.67
NPSAR9,2026-03-27,189111.38,-7669.73,102.54,102.52,314.56,0.02,1510374.57,196466.55,1483150.43,11072.75,0.00
SPSAR1,2026-03-27,201523.82,13504.11,105.86,104.98,12727.00,0.84,1510374.57,175292.71,1483150.43,-10101.09,0.00
SPSAR10,2026-03-27,425042.98,-8052.46,103.17,103.16,250.14,0.01,3398342.75,432845.30,3337088.44,15709.24,-1.86
SPSAR11,2026-03-27,427690.15,-7764.24,104.75,104.66,2897.31,0.09,3398342.75,432557.08,3337088.44,15421.03,0.00
SPSAR12,2026-03-27,451088.84,-6210.54,104.00,103.20,26296.00,0.77,3398342.75,431003.38,3337088.44,13867.32,0.00
SPSAR13,2026-03-27,450246.84,-11693.92,100.52,99.77,25454.00,0.75,3398342.75,436486.76,3337088.44,19350.71,-0.52
SPSAR2,2026-03-27,166922.82,25814.60,99.11,100.57,-21874.00,-1.45,1510374.57,162982.22,1483150.43,-22411.58,-3.07
SPSAR3,2026-03-27,167415.82,16491.82,98.59,100.01,-21381.00,-1.42,1510374.57,172305.00,1483150.43,-13088.80,-4.61
SPSAR4,2026-03-27,167415.82,6901.70,98.73,100.15,-21381.00,-1.42,1510374.57,181895.12,1483150.43,-3498.68,-2.97
SPSAR5,2026-03-27,167885.97,3158.67,95.71,97.05,-20910.85,-1.38,1510374.57,185638.15,1483150.43,244.35,-5.57
SPSAR6,2026-03-27,170944.80,1279.58,98.63,99.81,-17852.02,-1.18,1510374.57,187517.24,1483150.43,2123.44,-2.95
SPSAR7,2026-03-27,175244.31,-10468.28,99.66,100.56,-13552.51,-0.90,1510374.57,199265.10,1483150.43,13871.30,-0.89
SPSAR8,2026-03-27,175770.04,-8940.10,102.35,103.24,-13026.78,-0.86,1510374.57,197736.92,1483150.43,12343.12,-0.86
SPSAR9,2026-03-27,177524.54,-6754.43,102.76,103.53,-11272.28,-0.75,1510374.57,195551.25,1483150.43,10157.45,-0.74
NLONG1,2026-03-27,-3176.57,4672.36,106.18,106.48,-3176.57,-0.28,1132780.92,-4672.36,1112362.81,-4672.36,-5.05
NLONG10,2026-03-27,-5501.19,10601.63,108.44,108.97,-5501.19,-0.49,1132780.92,-10601.63,1112362.81,-10601.63,-5.81
NLONG11,2026-03-27,-4509.81,4473.36,109.84,110.28,-4509.81,-0.40,1132780.92,-4473.36,1112362.81,-4473.36,-6.69
NLONG12,2026-03-27,-4839.74,4473.36,111.64,112.12,-4839.74,-0.43,1132780.92,-4473.36,1112362.81,-4473.36,-2.64
NLONG13,2026-03-27,6260.81,-7044.64,112.38,111.76,6260.81,0.55,1132780.92,7044.64,1112362.81,7044.64,0.00
NLONG14,2026-03-27,8232.72,-7168.18,112.97,112.15,8232.72,0.73,1132780.92,7168.18,1112362.81,7168.18,0.00
NLONG15,2026-03-27,7046.81,-296.30,108.71,108.04,7046.81,0.62,1132780.92,296.30,1112362.81,296.30,-0.96
NLONG16,2026-03-27,7100.61,-607.00,110.71,110.02,7100.61,0.63,1132780.92,607.00,1112362.81,607.00,-0.75
NLONG17,2026-03-27,6260.81,-6546.11,113.20,112.58,6260.81,0.55,1132780.92,6546.11,1112362.81,6546.11,-0.04
NLONG18,2026-03-27,8232.72,-6482.49,112.96,112.14,8232.72,0.73,1132780.92,6482.49,1112362.81,6482.49,0.00
NLONG19,2026-03-27,7046.81,-296.30,107.44,106.78,7046.81,0.62,1132780.92,296.30,1112362.81,296.30,-0.07
NLONG2,2026-03-27,-7012.41,6436.12,98.77,99.39,-7012.41,-0.62,1132780.92,-6436.12,1112362.81,-6436.12,-6.23
NLONG20,2026-03-27,7100.61,-607.00,109.52,108.84,7100.61,0.63,1132780.92,607.00,1112362.81,607.00,-0.06
NLONG21,2026-03-27,6260.81,-6151.96,114.36,113.73,6260.81,0.55,1132780.92,6151.96,1112362.81,6151.96,0.00
NLONG22,2026-03-27,8232.72,-6285.18,114.76,113.93,8232.72,0.73,1132780.92,6285.18,1112362.81,6285.18,0.00
NLONG23,2026-03-27,7046.81,119.38,113.47,112.77,7046.81,0.62,1132780.92,-119.38,1112362.81,-119.38,0.00
NLONG24,2026-03-27,6518.64,119.38,115.63,114.97,6518.64,0.58,1132780.92,-119.38,1112362.81,-119.38,0.00
NLONG3,2026-03-27,-4154.70,949.69,104.17,104.55,-4154.70,-0.37,1132780.92,-949.69,1112362.81,-949.69,-7.32
NLONG4,2026-03-27,-5858.84,949.69,103.81,104.35,-5858.84,-0.52,1132780.92,-949.69,1112362.81,-949.69,-6.17
NLONG5,2026-03-27,-2800.57,7590.45,107.01,107.28,-2800.57,-0.25,1132780.92,-7590.45,1112362.81,-7590.45,-6.57
NLONG6,2026-03-27,-6486.35,7561.40,104.57,105.17,-6486.35,-0.57,1132780.92,-7561.40,1112362.81,-7561.40,-6.11
NLONG7,2026-03-27,-2599.05,3772.92,108.43,108.68,-2599.05,-0.23,1132780.92,-3772.92,1112362.81,-3772.92,-6.20
NLONG8,2026-03-27,-4340.13,3772.92,104.59,104.99,-4340.13,-0.38,1132780.92,-3772.92,1112362.81,-3772.92,-6.01
NLONG9,2026-03-27,-4475.83,10620.99,108.92,109.35,-4475.83,-0.40,1132780.92,-10620.99,1112362.81,-10620.99,-5.86
SLONG1,2026-03-27,563.00,3522.44,107.64,107.59,563.00,0.05,1132780.92,-3522.44,1112362.81,-3522.44,-4.88
SLONG10,2026-03-27,-3180.67,2184.96,107.47,107.77,-3180.67,-0.28,1132780.92,-2184.96,1112362.81,-2184.96,-1.49
SLONG11,2026-03-27,3960.84,6503.60,113.48,113.08,3960.84,0.35,1132780.92,-6503.60,1112362.81,-6503.60,-1.53
SLONG12,2026-03-27,3960.84,372.47,114.17,113.77,3960.84,0.35,1132780.92,-372.47,1112362.81,-372.47,-0.77
SLONG13,2026-03-27,9660.70,-6334.65,112.39,111.44,9660.70,0.85,1132780.92,6334.65,1112362.81,6334.65,0.00
SLONG14,2026-03-27,11351.32,-5911.68,113.91,112.78,11351.32,1.00,1132780.92,5911.68,1112362.81,5911.68,0.00
SLONG15,2026-03-27,2229.12,1136.29,120.34,120.10,2229.12,0.20,1132780.92,-1136.29,1112362.81,-1136.29,0.00
SLONG16,2026-03-27,1984.96,-1126.52,115.45,115.25,1984.96,0.18,1132780.92,1126.52,1112362.81,1126.52,0.00
SLONG17,2026-03-27,9660.70,-3977.07,114.90,113.93,9660.70,0.85,1132780.92,3977.07,1112362.81,3977.07,0.00
SLONG18,2026-03-27,11351.32,-3750.69,114.25,113.12,11351.32,1.00,1132780.92,3750.69,1112362.81,3750.69,0.00
SLONG19,2026-03-27,2229.12,4931.44,123.46,123.22,2229.12,0.20,1132780.92,-4931.44,1112362.81,-4931.44,-0.25
SLONG2,2026-03-27,-2474.60,579.23,95.71,95.92,-2474.60,-0.22,1132780.92,-579.23,1112362.81,-579.23,-5.60
SLONG20,2026-03-27,1984.96,2475.02,118.66,118.45,1984.96,0.18,1132780.92,-2475.02,1112362.81,-2475.02,-0.04
SLONG21,2026-03-27,9660.70,-3977.07,114.63,113.66,9660.70,0.85,1132780.92,3977.07,1112362.81,3977.07,0.00
SLONG22,2026-03-27,11351.32,-3750.69,112.92,111.80,11351.32,1.00,1132780.92,3750.69,1112362.81,3750.69,0.00
SLONG23,2026-03-27,2058.31,5294.76,124.41,124.18,2058.31,0.18,1132780.92,-5294.76,1112362.81,-5294.76,-0.29
SLONG24,2026-03-27,1706.65,382.91,119.83,119.65,1706.65,0.15,1132780.92,-382.91,1112362.81,-382.91,0.00
SLONG3,2026-03-27,6950.01,11979.65,105.00,104.36,6950.01,0.61,1132780.92,-11979.65,1112362.81,-11979.65,-7.50
SLONG4,2026-03-27,5496.98,5326.46,105.01,104.50,5496.98,0.49,1132780.92,-5326.46,1112362.81,-5326.46,-4.90
SLONG5,2026-03-27,1135.73,6744.64,106.96,106.85,1135.73,0.10,1132780.92,-6744.64,1112362.81,-6744.64,-6.38
SLONG6,2026-03-27,-2553.19,1967.04,102.79,103.02,-2553.19,-0.23,1132780.92,-1967.04,1112362.81,-1967.04,-4.97
SLONG7,2026-03-27,6635.18,14099.91,112.46,111.81,6635.18,0.59,1132780.92,-14099.91,1112362.81,-14099.91,-3.81
SLONG8,2026-03-27,5513.06,6006.78,109.14,108.61,5513.06,0.49,1132780.92,-6006.78,1112362.81,-6006.78,-4.93
SLONG9,2026-03-27,-2231.19,10716.70,108.28,108.49,-2231.19,-0.20,1132780.92,-10716.70,1112362.81,-10716.70,-6.33
Large Cap Stock Holdings,2026-03-27,24815850.00,0.00,90.07,94.21,-1140172.50,-4.39,25956022.50,25956022.50,25577607.50,378415.00,-11.12
Liquidcase Stock Holdings,2026-03-27,12641907.20,0.00,100.93,100.89,5576.00,0.04,12636331.20,12636331.20,12631870.40,4460.80,0.00
Small Cap Stock Holdings,2026-03-27,13087700.00,0.00,108.44,109.00,-67375.00,-0.51,13155075.00,13155075.00,12955825.00,199250.00,-3.61
Debt Stock Holdings,2026-03-27,12641907.20,0.00,100.93,100.89,5576.00,0.04,12636331.20,12636331.20,12631870.40,4460.80,0.00
Equity Stock Holdings,2026-03-27,37903550.00,0.00,95.62,98.67,-1207547.50,-3.09,39111097.50,39111097.50,38533432.50,577665.00,-8.18
Stock Holdings,2026-03-27,50545457.20,0.00,96.34,98.63,-1201971.50,-2.32,51747428.70,51747428.70,51165302.90,582125.80,-6.99
Miscellaneous P&L,2026-03-27,0.00,0.00,100.00,100.00,0.00,0.00,0.00,0.00,0.00,0.00,0.00
Total Tax,2026-03-27,-3748.15,4628.38,100.00,100.00,-3748.15,0.00,0.00,-4628.38,0.00,0.00,0.00
Equity Holdings Tax,2026-03-27,0.00,0.00,100.00,100.00,0.00,0.00,0.00,0.00,0.00,0.00,0.00
Equity Intraday Tax,2026-03-27,0.00,0.00,100.00,100.00,0.00,0.00,0.00,0.00,0.00,0.00,0.00
F&O Tax,2026-03-27,-3748.15,4628.38,100.00,100.00,-3748.15,0.00,0.00,-4628.38,0.00,0.00,0.00
MCX Tax,2026-03-27,0.00,0.00,100.00,100.00,0.00,0.00,0.00,0.00,0.00,0.00,0.00
Total Other Debits and Credits,2026-03-27,0.00,0.00,100.00,100.00,0.00,0.00,0.00,0.00,0.00,0.00,0.00
Equity Other Debits and Credits,2026-03-27,0.00,0.00,100.00,100.00,0.00,0.00,0.00,0.00,0.00,0.00,0.00
NPSAR,2026-03-27,3414307.38,22468.78,101.58,101.52,15964.61,0.06,27186742.13,3375874.01,26696707.63,38785.56,-0.10
SPSAR,2026-03-27,3324716.78,7266.54,101.63,101.91,-73625.99,-0.27,27186742.13,3391076.26,26696707.63,53987.81,-0.63
NLONG,2026-03-27,29585.69,24628.49,109.25,109.13,29585.69,0.11,27186742.08,-24628.49,26696707.44,-24628.49,-2.40
SLONG,2026-03-27,99005.17,55395.93,112.12,111.71,99005.17,0.36,27186742.08,-55395.93,26696707.44,-55395.93,-0.45
PSAR,2026-03-27,6739024.15,29735.31,101.61,101.72,-57661.38,-0.11,54373484.26,6766950.28,53393415.26,92773.37,-0.36
LONG,2026-03-27,128590.86,80024.42,110.69,110.42,128590.86,0.24,54373484.16,-80024.42,53393414.88,-80024.42,-1.18
Total Portfolio Value,2026-03-27,6863866.86,114388.11,112.11,111.98,67181.33,0.12,54373484.00,6682297.48,53393415.00,8120.57,-1.13
Zerodha Total Portfolio,2026-03-27,53823054.51,0.00,108.55,110.83,-1134790.17,-2.06,54957844.68,54957844.68,54367598.31,590246.37,-2.78
NPSAR1,2026-03-30,202904.71,-21845.47,105.35,104.52,12078.86,0.79,1526606.79,212671.32,1510374.57,23874.50,0.00
NPSAR10,2026-03-30,442432.91,-8774.04,105.95,105.55,13074.75,0.38,3434865.25,438132.20,3398342.75,13339.36,-0.52
NPSAR11,2026-03-30,442379.48,-11109.85,102.86,102.47,13021.32,0.38,3434865.25,440468.01,3398342.75,15675.17,0.00
NPSAR12,2026-03-30,432611.27,-21857.18,102.48,102.38,3253.11,0.09,3434865.25,451215.34,3398342.75,26422.50,0.00
NPSAR13,2026-03-30,431703.29,-21857.18,102.89,102.82,2345.13,0.07,3434865.25,451215.34,3398342.75,26422.50,0.00
NPSAR2,2026-03-30,198130.93,22829.03,98.94,98.47,7305.08,0.48,1526606.79,167996.82,1510374.57,-20800.00,-2.52
NPSAR3,2026-03-30,178082.21,20466.28,98.07,98.90,-12743.64,-0.83,1526606.79,170359.57,1510374.57,-18437.25,-5.26
NPSAR4,2026-03-30,178850.01,17648.53,97.79,98.56,-11975.84,-0.78,1526606.79,173177.32,1510374.57,-15619.50,-3.46
NPSAR5,2026-03-30,205094.77,15904.29,97.94,97.03,14268.92,0.93,1526606.79,174921.56,1510374.57,-13875.26,-3.17
NPSAR6,2026-03-30,203380.83,14197.56,100.32,99.50,12554.98,0.82,1526606.79,176628.29,1510374.57,-12168.53,-1.10
NPSAR7,2026-03-30,201689.92,10457.94,100.74,100.03,10864.07,0.71,1526606.79,180367.91,1510374.57,-8428.91,-0.12
NPSAR8,2026-03-30,201594.11,2783.56,99.77,99.07,10768.26,0.71,1526606.79,188042.29,1510374.57,-754.53,-0.97
NPSAR9,2026-03-30,200112.27,1714.47,103.16,102.54,9286.42,0.61,1526606.79,189111.38,1510374.57,314.56,0.00
SPSAR1,2026-03-30,198676.85,-10697.97,106.40,105.86,7851.00,0.51,1526606.79,201523.82,1510374.57,12727.00,0.00
SPSAR10,2026-03-30,453472.16,4315.18,103.89,103.17,24114.00,0.70,3434865.25,425042.98,3398342.75,250.14,-1.17
SPSAR11,2026-03-30,452570.16,1668.01,105.46,104.75,23212.00,0.68,3434865.25,427690.15,3398342.75,2897.31,0.00
SPSAR12,2026-03-30,445812.16,-21730.68,104.50,104.00,16454.00,0.48,3434865.25,451088.84,3398342.75,26296.00,0.00
SPSAR13,2026-03-30,445060.16,-20888.68,100.98,100.52,15702.00,0.46,3434865.25,450246.84,3398342.75,25454.00,-0.07
SPSAR2,2026-03-30,200128.34,23903.03,99.71,99.11,9302.49,0.61,1526606.79,166922.82,1510374.57,-21874.00,-2.48
SPSAR3,2026-03-30,184248.16,23410.03,98.17,98.59,-6577.69,-0.43,1526606.79,167415.82,1510374.57,-21381.00,-5.02
SPSAR4,2026-03-30,184248.16,23410.03,98.30,98.73,-6577.69,-0.43,1526606.79,167415.82,1510374.57,-21381.00,-3.39
SPSAR5,2026-03-30,207960.85,22939.88,96.78,95.71,17135.00,1.12,1526606.79,167885.97,1510374.57,-20910.85,-4.52
SPSAR6,2026-03-30,206629.85,19881.05,99.65,98.63,15804.00,1.04,1526606.79,170944.80,1510374.57,-17852.02,-1.95
SPSAR7,2026-03-30,205909.85,15581.54,100.64,99.66,15084.00,0.99,1526606.79,175244.31,1510374.57,-13552.51,0.00
SPSAR8,2026-03-30,205909.85,15055.81,103.36,102.35,15084.00,0.99,1526606.79,175770.04,1510374.57,-13026.78,0.00
SPSAR9,2026-03-30,205342.85,13301.31,103.74,102.76,14517.00,0.95,1526606.79,177524.54,1510374.57,-11272.28,0.00
NLONG1,2026-03-30,-122.79,3176.57,106.17,106.18,-122.79,-0.01,1144955.08,-3176.57,1132780.92,-3176.57,-5.06
NLONG10,2026-03-30,10825.35,5501.19,109.47,108.44,10825.35,0.95,1144955.08,-5501.19,1132780.92,-5501.19,-4.92
NLONG11,2026-03-30,27385.16,4509.81,112.47,109.84,27385.16,2.39,1144955.08,-4509.81,1132780.92,-4509.81,-4.46
NLONG12,2026-03-30,19664.01,4839.74,113.56,111.64,19664.01,1.72,1144955.08,-4839.74,1132780.92,-4839.74,-0.97
NLONG13,2026-03-30,32.49,-6260.81,112.38,112.38,32.49,0.00,1144955.08,6260.81,1132780.92,6260.81,0.00
NLONG14,2026-03-30,-1693.94,-8232.72,112.80,112.97,-1693.94,-0.15,1144955.08,8232.72,1132780.92,8232.72,-0.15
NLONG15,2026-03-30,-1725.61,-7046.81,108.55,108.71,-1725.61,-0.15,1144955.08,7046.81,1132780.92,7046.81,-1.10
NLONG16,2026-03-30,2421.04,-7100.61,110.94,110.71,2421.04,0.21,1144955.08,7100.61,1132780.92,7100.61,-0.55
NLONG17,2026-03-30,11929.12,-6260.81,114.38,113.20,11929.12,1.04,1144955.08,6260.81,1132780.92,6260.81,0.00
NLONG18,2026-03-30,10354.63,-8232.72,113.98,112.96,10354.63,0.90,1144955.08,8232.72,1132780.92,8232.72,0.00
NLONG19,2026-03-30,25549.70,-7046.81,109.84,107.44,25549.70,2.23,1144955.08,7046.81,1132780.92,7046.81,0.00
NLONG2,2026-03-30,-3152.29,7012.41,98.50,98.77,-3152.29,-0.28,1144955.08,-7012.41,1132780.92,-7012.41,-6.48
NLONG20,2026-03-30,1862.25,-7100.61,109.70,109.52,1862.25,0.16,1144955.08,7100.61,1132780.92,7100.61,0.00
NLONG21,2026-03-30,11929.12,-6260.81,115.55,114.36,11929.12,1.04,1144955.08,6260.81,1132780.92,6260.81,0.00
NLONG22,2026-03-30,10575.92,-8232.72,115.82,114.76,10575.92,0.92,1144955.08,8232.72,1132780.92,8232.72,0.00
NLONG23,2026-03-30,19707.92,-7046.81,115.42,113.47,19707.92,1.72,1144955.08,7046.81,1132780.92,7046.81,0.00
NLONG24,2026-03-30,21747.68,-6518.64,117.83,115.63,21747.68,1.90,1144955.08,6518.64,1132780.92,6518.64,0.00
NLONG3,2026-03-30,5291.59,4154.70,104.65,104.17,5291.59,0.46,1144955.08,-4154.70,1132780.92,-4154.70,-6.90
NLONG4,2026-03-30,2703.02,5858.84,104.06,103.81,2703.02,0.24,1144955.08,-5858.84,1132780.92,-5858.84,-5.95
NLONG5,2026-03-30,16053.99,2800.57,108.51,107.01,16053.99,1.40,1144955.08,-2800.57,1132780.92,-2800.57,-5.26
NLONG6,2026-03-30,10825.35,6486.35,105.56,104.57,10825.35,0.95,1144955.08,-6486.35,1132780.92,-6486.35,-5.23
NLONG7,2026-03-30,28606.48,2599.05,111.14,108.43,28606.48,2.50,1144955.08,-2599.05,1132780.92,-2599.05,-3.86
NLONG8,2026-03-30,19664.01,4340.13,106.39,104.59,19664.01,1.72,1144955.08,-4340.13,1132780.92,-4340.13,-4.39
NLONG9,2026-03-30,15046.88,4475.83,110.35,108.92,15046.88,1.31,1144955.08,-4475.83,1132780.92,-4475.83,-4.62
SLONG1,2026-03-30,15383.71,-563.00,109.09,107.64,15383.71,1.34,1144955.08,563.00,1132780.92,563.00,-3.60
SLONG10,2026-03-30,10659.18,3180.67,108.47,107.47,10659.18,0.93,1144955.08,-3180.67,1132780.92,-3180.67,-0.58
SLONG11,2026-03-30,14973.56,-3960.84,114.96,113.48,14973.56,1.31,1144955.08,3960.84,1132780.92,3960.84,-0.24
SLONG12,2026-03-30,11095.95,-3960.84,115.28,114.17,11095.95,0.97,1144955.08,3960.84,1132780.92,3960.84,0.00
SLONG13,2026-03-30,3741.98,-9660.70,112.76,112.39,3741.98,0.33,1144955.08,9660.70,1132780.92,9660.70,0.00
SLONG14,2026-03-30,1010.18,-11351.32,114.01,113.91,1010.18,0.09,1144955.08,11351.32,1132780.92,11351.32,0.00
SLONG15,2026-03-30,3979.16,-2229.12,120.76,120.34,3979.16,0.35,1144955.08,2229.12,1132780.92,2229.12,0.00
SLONG16,2026-03-30,2286.17,-1984.96,115.68,115.45,2286.17,0.20,1144955.08,1984.96,1132780.92,1984.96,0.00
SLONG17,2026-03-30,13865.60,-9660.70,116.29,114.90,13865.60,1.21,1144955.08,9660.70,1132780.92,9660.70,0.00
SLONG18,2026-03-30,11234.41,-11351.32,115.37,114.25,11234.41,0.98,1144955.08,11351.32,1132780.92,11351.32,0.00
SLONG19,2026-03-30,13546.88,-2229.12,124.92,123.46,13546.88,1.18,1144955.08,2229.12,1132780.92,2229.12,0.00
SLONG2,2026-03-30,-1593.40,2474.60,95.58,95.71,-1593.40,-0.14,1144955.08,-2474.60,1132780.92,-2474.60,-5.73
SLONG20,2026-03-30,11954.50,-1984.96,119.90,118.66,11954.50,1.04,1144955.08,1984.96,1132780.92,1984.96,0.00
SLONG21,2026-03-30,13865.60,-9660.70,116.02,114.63,13865.60,1.21,1144955.08,9660.70,1132780.92,9660.70,0.00
SLONG22,2026-03-30,11234.41,-11351.32,114.03,112.92,11234.41,0.98,1144955.08,11351.32,1132780.92,11351.32,0.00
SLONG23,2026-03-30,11998.93,-2058.31,125.71,124.41,11998.93,1.05,1144955.08,2058.31,1132780.92,2058.31,0.00
SLONG24,2026-03-30,10305.94,-1706.65,120.91,119.83,10305.94,0.90,1144955.08,1706.65,1132780.92,1706.65,0.00
SLONG3,2026-03-30,15018.75,-6950.01,106.38,105.00,15018.75,1.31,1144955.08,6950.01,1132780.92,6950.01,-6.28
SLONG4,2026-03-30,-423.23,-5496.98,104.97,105.01,-423.23,-0.04,1144955.08,5496.98,1132780.92,5496.98,-4.94
SLONG5,2026-03-30,15383.71,-1135.73,108.40,106.96,15383.71,1.34,1144955.08,1135.73,1132780.92,1135.73,-5.12
SLONG6,2026-03-30,10737.97,2553.19,103.75,102.79,10737.97,0.94,1144955.08,-2553.19,1132780.92,-2553.19,-4.09
SLONG7,2026-03-30,14594.60,-6635.18,113.89,112.46,14594.60,1.27,1144955.08,6635.18,1132780.92,6635.18,-2.59
SLONG8,2026-03-30,11375.42,-5513.06,110.22,109.14,11375.42,0.99,1144955.08,5513.06,1132780.92,5513.06,-3.99
SLONG9,2026-03-30,13981.92,2231.19,109.60,108.28,13981.92,1.22,1144955.08,-2231.19,1132780.92,-2231.19,-5.19
Large Cap Stock Holdings,2026-03-30,24568760.00,0.00,89.17,90.07,-247090.00,-1.00,24815850.00,24815850.00,25956022.50,-1140172.50,-12.01
Liquidcase Stock Holdings,2026-03-30,12647483.20,0.00,100.97,100.93,5576.00,0.04,12641907.20,12641907.20,12636331.20,5576.00,0.00
Small Cap Stock Holdings,2026-03-30,12749475.00,0.00,105.64,108.44,-338225.00,-2.58,13087700.00,13087700.00,13155075.00,-67375.00,-6.10
Debt Stock Holdings,2026-03-30,12647483.20,0.00,100.97,100.93,5576.00,0.04,12641907.20,12641907.20,12636331.20,5576.00,0.00
Equity Stock Holdings,2026-03-30,37318235.00,0.00,94.15,95.62,-585315.00,-1.54,37903550.00,37903550.00,39111097.50,-1207547.50,-9.59
Stock Holdings,2026-03-30,49965718.20,0.00,95.23,96.34,-579739.00,-1.15,50545457.20,50545457.20,51747428.70,-1201971.50,-8.06
Miscellaneous P&L,2026-03-30,0.00,0.00,100.00,100.00,0.00,0.00,0.00,0.00,0.00,0.00,0.00
Total Tax,2026-03-30,-6080.20,3748.15,100.00,100.00,-6080.20,0.00,0.00,-3748.15,0.00,0.00,0.00
Equity Holdings Tax,2026-03-30,0.00,0.00,100.00,100.00,0.00,0.00,0.00,0.00,0.00,0.00,0.00
Equity Intraday Tax,2026-03-30,0.00,0.00,100.00,100.00,0.00,0.00,0.00,0.00,0.00,0.00,0.00
F&O Tax,2026-03-30,-6080.20,3748.15,100.00,100.00,-6080.20,0.00,0.00,-3748.15,0.00,0.00,0.00
MCX Tax,2026-03-30,0.00,0.00,100.00,100.00,0.00,0.00,0.00,0.00,0.00,0.00,0.00
Total Other Debits and Credits,2026-03-30,-81.90,0.00,100.00,100.00,-81.90,0.00,0.00,0.00,0.00,0.00,0.00
Equity Other Debits and Credits,2026-03-30,-81.90,0.00,100.00,100.00,-81.90,0.00,0.00,0.00,0.00,0.00,0.00
NPSAR,2026-03-30,3518966.68,20557.91,101.90,101.58,84101.42,0.31,27478922.11,3414307.38,27186742.13,15964.61,0.00
SPSAR,2026-03-30,3595969.37,110148.51,102.23,101.63,161104.11,0.59,27478922.11,3324716.78,27186742.13,-73625.99,-0.04
NLONG,2026-03-30,265481.08,-29585.69,110.31,109.25,265481.08,0.97,27478921.92,29585.69,27186742.08,29585.69,-1.46
SLONG,2026-03-30,240211.90,-99005.17,113.10,112.12,240211.90,0.87,27478921.92,99005.17,27186742.08,99005.17,0.00
PSAR,2026-03-30,7114936.06,130706.43,102.06,101.61,245205.53,0.45,54957844.22,6739024.15,54373484.26,-57661.38,0.00
LONG,2026-03-30,505692.98,-128590.86,111.70,110.69,505692.98,0.92,54957843.84,128590.86,54373484.16,128590.86,-0.27
Total Portfolio Value,2026-03-30,7614548.84,5863.72,113.63,112.11,744818.31,1.36,54957844.00,6863866.86,54373484.00,67181.33,0.00
Zerodha Total Portfolio,2026-03-30,53988051.92,0.00,108.89,108.55,164997.41,0.31,53823054.51,53823054.51,54957844.68,-1134790.17,-2.48
NPSAR1,2026-04-01,369012.99,175367.53,104.71,105.35,-9259.25,-0.61,1513088.96,202904.71,1526606.79,12078.86,-0.61
NPSAR10,2026-04-01,796890.15,408679.62,104.26,105.95,-54222.38,-1.59,3404450.12,442432.91,3434865.25,13074.75,-2.10
NPSAR11,2026-04-01,790280.39,408733.05,101.02,102.86,-60832.14,-1.79,3404450.12,442379.48,3434865.25,13021.32,-1.79
NPSAR12,2026-04-01,788206.38,418501.26,100.59,102.48,-62906.15,-1.85,3404450.12,432611.27,3434865.25,3253.11,-1.84
NPSAR13,2026-04-01,824885.20,419409.24,102.10,102.89,-26227.33,-0.77,3404450.12,431703.29,3434865.25,2345.13,-0.77
NPSAR2,2026-04-01,369012.99,180141.31,98.33,98.94,-9259.25,-0.61,1513088.96,198130.93,1526606.79,7305.08,-3.12
NPSAR3,2026-04-01,369012.99,200190.03,97.47,98.07,-9259.25,-0.61,1513088.96,178082.21,1526606.79,-12743.64,-5.84
NPSAR4,2026-04-01,369012.99,199422.23,97.19,97.79,-9259.25,-0.61,1513088.96,178850.01,1526606.79,-11975.84,-4.06
NPSAR5,2026-04-01,369012.99,173177.47,97.34,97.94,-9259.25,-0.61,1513088.96,205094.77,1526606.79,14268.92,-3.77
NPSAR6,2026-04-01,369012.99,174891.41,99.71,100.32,-9259.25,-0.61,1513088.96,203380.83,1526606.79,12554.98,-1.71
NPSAR7,2026-04-01,369012.99,176582.32,100.12,100.74,-9259.25,-0.61,1513088.96,201689.92,1526606.79,10864.07,-0.73
NPSAR8,2026-04-01,369012.99,176678.13,99.16,99.77,-9259.25,-0.61,1513088.96,201594.11,1526606.79,10768.26,-1.58
NPSAR9,2026-04-01,349336.18,178159.97,101.19,103.16,-28936.06,-1.91,1513088.96,200112.27,1526606.79,9286.42,-1.91
SPSAR1,2026-04-01,379017.24,179595.39,106.45,106.40,745.00,0.05,1513088.96,198676.85,1526606.79,7851.00,0.00
SPSAR10,2026-04-01,822011.71,397640.37,103.00,103.89,-29100.82,-0.85,3404450.12,453472.16,3434865.25,24114.00,-2.02
SPSAR11,2026-04-01,822228.55,398542.37,104.57,105.46,-28883.98,-0.85,3404450.12,452570.16,3434865.25,23212.00,-0.84
SPSAR12,2026-04-01,821848.37,405300.37,103.60,104.50,-29264.16,-0.86,3404450.12,445812.16,3434865.25,16454.00,-0.86
SPSAR13,2026-04-01,822142.42,406052.37,100.12,100.98,-28970.11,-0.85,3404450.12,445060.16,3434865.25,15702.00,-0.92
SPSAR2,2026-04-01,371932.24,178143.90,99.29,99.71,-6340.00,-0.42,1513088.96,200128.34,1526606.79,9302.49,-2.89
SPSAR3,2026-04-01,371932.24,194024.08,97.76,98.17,-6340.00,-0.42,1513088.96,184248.16,1526606.79,-6577.69,-5.42
SPSAR4,2026-04-01,371932.24,194024.08,97.89,98.30,-6340.00,-0.42,1513088.96,184248.16,1526606.79,-6577.69,-3.79
SPSAR5,2026-04-01,378071.24,170311.39,96.77,96.78,-201.00,-0.01,1513088.96,207960.85,1526606.79,17135.00,-4.53
SPSAR6,2026-04-01,378524.24,171642.39,99.67,99.65,252.00,0.02,1513088.96,206629.85,1526606.79,15804.00,-1.93
SPSAR7,2026-04-01,378768.24,172362.39,100.67,100.64,496.00,0.03,1513088.96,205909.85,1526606.79,15084.00,0.00
SPSAR8,2026-04-01,378768.24,172362.39,103.39,103.36,496.00,0.03,1513088.96,205909.85,1526606.79,15084.00,0.00
SPSAR9,2026-04-01,361266.88,172929.39,102.57,103.74,-17005.36,-1.12,1513088.96,205342.85,1526606.79,14517.00,-1.13
NLONG1,2026-04-01,11812.54,122.79,107.28,106.17,11812.54,1.04,1134816.71,-122.79,1144955.08,-122.79,-4.07
NLONG10,2026-04-01,-15355.68,-10825.35,107.99,109.47,-15355.68,-1.35,1134816.71,10825.35,1144955.08,10825.35,-6.20
NLONG11,2026-04-01,2396.68,-27385.16,112.71,112.47,2396.68,0.21,1134816.71,27385.16,1144955.08,27385.16,-4.26
NLONG12,2026-04-01,-14731.63,-19664.01,112.09,113.56,-14731.63,-1.30,1134816.71,19664.01,1144955.08,19664.01,-2.25
NLONG13,2026-04-01,7151.23,-32.49,113.09,112.38,7151.23,0.63,1134816.71,32.49,1144955.08,32.49,0.00
NLONG14,2026-04-01,9702.13,1693.94,113.76,112.80,9702.13,0.85,1134816.71,-1693.94,1144955.08,-1693.94,0.00
NLONG15,2026-04-01,-4961.58,1725.61,108.08,108.55,-4961.58,-0.44,1134816.71,-1725.61,1144955.08,-1725.61,-1.53
NLONG16,2026-04-01,-5663.65,-2421.04,110.39,110.94,-5663.65,-0.50,1134816.71,2421.04,1144955.08,2421.04,-1.04
NLONG17,2026-04-01,-21765.18,-11929.12,112.19,114.38,-21765.18,-1.92,1134816.71,11929.12,1144955.08,11929.12,-1.91
NLONG18,2026-04-01,-22850.57,-10354.63,111.68,113.98,-22850.57,-2.01,1134816.71,10354.63,1144955.08,10354.63,-2.02
NLONG19,2026-04-01,-934.61,-25549.70,109.75,109.84,-934.61,-0.08,1134816.71,25549.70,1144955.08,25549.70,-0.08
NLONG2,2026-04-01,15461.69,3152.29,99.84,98.50,15461.69,1.36,1134816.71,-3152.29,1144955.08,-3152.29,-5.21
NLONG20,2026-04-01,895.18,-1862.25,109.79,109.70,895.18,0.08,1134816.71,1862.25,1144955.08,1862.25,0.00
NLONG21,2026-04-01,-15833.67,-11929.12,113.94,115.55,-15833.67,-1.40,1134816.71,11929.12,1144955.08,11929.12,-1.39
NLONG22,2026-04-01,-16919.06,-10575.92,114.09,115.82,-16919.06,-1.49,1134816.71,10575.92,1144955.08,10575.92,-1.49
NLONG23,2026-04-01,937.43,-19707.92,115.52,115.42,937.43,0.08,1134816.71,19707.92,1144955.08,19707.92,0.00
NLONG24,2026-04-01,-14081.57,-21747.68,116.37,117.83,-14081.57,-1.24,1134816.71,21747.68,1144955.08,21747.68,-1.24
NLONG3,2026-04-01,1532.09,-5291.59,104.79,104.65,1532.09,0.14,1134816.71,5291.59,1144955.08,5291.59,-6.77
NLONG4,2026-04-01,895.18,-2703.02,104.14,104.06,895.18,0.08,1134816.71,2703.02,1144955.08,2703.02,-5.87
NLONG5,2026-04-01,-15261.79,-16053.99,107.05,108.51,-15261.79,-1.34,1134816.71,16053.99,1144955.08,16053.99,-6.54
NLONG6,2026-04-01,-15355.68,-10825.35,104.13,105.56,-15355.68,-1.35,1134816.71,10825.35,1144955.08,10825.35,-6.51
NLONG7,2026-04-01,1532.09,-28606.48,111.29,111.14,1532.09,0.14,1134816.71,28606.48,1144955.08,28606.48,-3.73
NLONG8,2026-04-01,-14731.63,-19664.01,105.01,106.39,-14731.63,-1.30,1134816.71,19664.01,1144955.08,19664.01,-5.63
NLONG9,2026-04-01,-14914.00,-15046.88,108.90,110.35,-14914.00,-1.31,1134816.71,15046.88,1144955.08,15046.88,-5.88
SLONG1,2026-04-01,-13667.13,-15383.71,107.78,109.09,-13667.13,-1.20,1134816.71,15383.71,1144955.08,15383.71,-4.75
SLONG10,2026-04-01,-17989.14,-10659.18,106.75,108.47,-17989.14,-1.59,1134816.71,10659.18,1144955.08,10659.18,-2.15
SLONG11,2026-04-01,-12119.92,-14973.56,113.73,114.96,-12119.92,-1.07,1134816.71,14973.56,1144955.08,14973.56,-1.31
SLONG12,2026-04-01,-17968.15,-11095.95,113.45,115.28,-17968.15,-1.58,1134816.71,11095.95,1144955.08,11095.95,-1.59
SLONG13,2026-04-01,1663.74,-3741.98,112.93,112.76,1663.74,0.15,1134816.71,3741.98,1144955.08,3741.98,0.00
SLONG14,2026-04-01,4105.44,-1010.18,114.42,114.01,4105.44,0.36,1134816.71,1010.18,1144955.08,1010.18,0.00
SLONG15,2026-04-01,4444.57,-3979.16,121.23,120.76,4444.57,0.39,1134816.71,3979.16,1144955.08,3979.16,0.00
SLONG16,2026-04-01,3184.53,-2286.17,116.00,115.68,3184.53,0.28,1134816.71,2286.17,1144955.08,2286.17,0.00
SLONG17,2026-04-01,-26197.14,-13865.60,113.61,116.29,-26197.14,-2.31,1134816.71,13865.60,1144955.08,13865.60,-2.30
SLONG18,2026-04-01,-26392.13,-11234.41,112.69,115.37,-26392.13,-2.33,1134816.71,11234.41,1144955.08,11234.41,-2.32
SLONG19,2026-04-01,-19135.16,-13546.88,122.81,124.92,-19135.16,-1.69,1134816.71,13546.88,1144955.08,13546.88,-1.69
SLONG2,2026-04-01,-2706.00,1593.40,95.35,95.58,-2706.00,-0.24,1134816.71,-1593.40,1144955.08,-1593.40,-5.96
SLONG20,2026-04-01,-14301.08,-11954.50,118.39,119.90,-14301.08,-1.26,1134816.71,11954.50,1144955.08,11954.50,-1.26
SLONG21,2026-04-01,-15569.04,-13865.60,114.43,116.02,-15569.04,-1.37,1134816.71,13865.60,1144955.08,13865.60,-1.37
SLONG22,2026-04-01,-15735.03,-11234.41,112.45,114.03,-15735.03,-1.39,1134816.71,11234.41,1144955.08,11234.41,-1.39
SLONG23,2026-04-01,-13610.89,-11998.93,124.20,125.71,-13610.89,-1.20,1134816.71,11998.93,1144955.08,11998.93,-1.20
SLONG24,2026-04-01,-12003.94,-10305.94,119.63,120.91,-12003.94,-1.06,1134816.71,10305.94,1144955.08,10305.94,-1.06
SLONG3,2026-04-01,-13946.10,-15018.75,105.07,106.38,-13946.10,-1.23,1134816.71,15018.75,1144955.08,15018.75,-7.44
SLONG4,2026-04-01,-2706.00,423.23,104.72,104.97,-2706.00,-0.24,1134816.71,-423.23,1144955.08,-423.23,-5.16
SLONG5,2026-04-01,-13667.13,-15383.71,107.09,108.40,-13667.13,-1.20,1134816.71,15383.71,1144955.08,15383.71,-6.27
SLONG6,2026-04-01,-17989.14,-10737.97,102.11,103.75,-17989.14,-1.59,1134816.71,10737.97,1144955.08,10737.97,-5.60
SLONG7,2026-04-01,-14432.15,-14594.60,112.44,113.89,-14432.15,-1.27,1134816.71,14594.60,1144955.08,14594.60,-3.83
SLONG8,2026-04-01,-17968.15,-11375.42,108.47,110.22,-17968.15,-1.58,1134816.71,11375.42,1144955.08,11375.42,-5.51
SLONG9,2026-04-01,-13463.11,-13981.92,108.30,109.60,-13463.11,-1.19,1134816.71,13981.92,1144955.08,13981.92,-6.31
Large Cap Stock Holdings,2026-04-01,25088002.50,0.00,91.05,89.17,519242.50,2.11,24568760.00,24568760.00,24815850.00,-247090.00,-10.15
Liquidcase Stock Holdings,2026-04-01,12648598.40,0.00,100.98,100.97,1115.20,0.01,12647483.20,12647483.20,12641907.20,5576.00,0.00
Small Cap Stock Holdings,2026-04-01,13341375.00,0.00,110.54,105.64,591900.00,4.64,12749475.00,12749475.00,13087700.00,-338225.00,-1.74
Debt Stock Holdings,2026-04-01,12648598.40,0.00,100.98,100.97,1115.20,0.01,12647483.20,12647483.20,12641907.20,5576.00,0.00
Equity Stock Holdings,2026-04-01,38429377.50,0.00,96.96,94.15,1111142.50,2.98,37318235.00,37318235.00,37903550.00,-585315.00,-6.89
Stock Holdings,2026-04-01,51077975.90,0.00,97.35,95.23,1112257.70,2.23,49965718.20,49965718.20,50545457.20,-579739.00,-6.01
Miscellaneous P&L,2026-04-01,0.00,0.00,100.00,100.00,0.00,0.00,0.00,0.00,0.00,0.00,0.00
Total Tax,2026-04-01,-5335.13,6080.20,100.00,100.00,-5335.13,0.00,0.00,-6080.20,0.00,0.00,0.00
Equity Holdings Tax,2026-04-01,0.00,0.00,100.00,100.00,0.00,0.00,0.00,0.00,0.00,0.00,0.00
Equity Intraday Tax,2026-04-01,0.00,0.00,100.00,100.00,0.00,0.00,0.00,0.00,0.00,0.00,0.00
F&O Tax,2026-04-01,-5335.13,6080.20,100.00,100.00,-5335.13,0.00,0.00,-6080.20,0.00,0.00,0.00
MCX Tax,2026-04-01,0.00,0.00,100.00,100.00,0.00,0.00,0.00,0.00,0.00,0.00,0.00
Total Other Debits and Credits,2026-04-01,0.00,81.90,100.00,100.00,0.00,0.00,0.00,-81.90,0.00,0.00,0.00
Equity Other Debits and Credits,2026-04-01,0.00,81.90,100.00,100.00,0.00,0.00,0.00,-81.90,0.00,0.00,0.00
NPSAR,2026-04-01,6501702.22,3289933.57,100.75,101.90,-307198.06,-1.13,27235601.12,3518966.68,27478922.11,84101.42,-1.13
SPSAR,2026-04-01,6658443.85,3212930.88,101.66,102.23,-150456.43,-0.55,27235601.12,3595969.37,27478922.11,161104.11,-0.60
NLONG,2026-04-01,-141044.06,-265481.08,109.73,110.31,-141044.06,-0.52,27235601.04,265481.08,27478921.92,265481.08,-1.97
SLONG,2026-04-01,-288168.25,-240211.90,111.90,113.10,-288168.25,-1.06,27235601.04,240211.90,27478921.92,240211.90,-1.06
PSAR,2026-04-01,13160146.07,6502864.45,101.21,102.06,-457654.49,-0.84,54471202.24,7114936.06,54957844.22,245205.53,-0.84
LONG,2026-04-01,-429212.31,-505692.98,110.82,111.70,-429212.31,-0.79,54471202.08,505692.98,54957843.84,505692.98,-1.05
Total Portfolio Value,2026-04-01,12725598.63,6003251.67,111.77,113.63,-892201.93,-1.64,54471202.00,7614548.84,54957844.00,744818.31,-1.64
Zerodha Total Portfolio,2026-04-01,54208107.69,0.00,109.33,108.89,220055.77,0.41,53988051.92,53988051.92,53823054.51,164997.41,-2.08